# SirAldric Blender mid-poly — bind pose world (Unity Y-up)
mtllib sir_aldric.mtl
v 0.02992 1.60330 0.00457
v 0.01763 1.86832 0.00000
v 0.01527 1.86452 -0.01500
v 0.03731 1.61404 0.00457
v 0.06894 1.60899 0.01757
v 0.09007 1.60561 0.03704
v 0.09749 1.60442 0.06000
v 0.09007 1.60561 0.08296
v 0.06894 1.60899 0.10243
v 0.03731 1.61404 0.11543
v 0.00882 1.85416 -0.02598
v 0.03731 1.62596 0.11543
v 0.06894 1.63101 0.10243
v 0.01018 1.73283 0.13074
v 0.01967 1.76343 0.11825
v 0.02781 1.78970 0.09839
v 0.03406 1.80986 0.07250
v 0.03799 1.82254 0.04235
v 0.03933 1.82686 0.01000
v 0.03799 1.82254 -0.02235
v 0.03406 1.80986 -0.05250
v 0.02781 1.78970 -0.07839
v 0.01967 1.76343 -0.09825
v 0.01018 1.73283 -0.11074
v 0.09007 1.63439 0.08296
v 0.00000 1.70000 0.13500
v 0.01913 1.72677 0.13074
v 0.03696 1.75171 0.11825
v 0.05227 1.77313 0.09839
v 0.06402 1.78956 0.07250
v 0.07140 1.79989 0.04235
v 0.07392 1.80342 0.01000
v 0.07140 1.79989 -0.02235
v 0.06402 1.78956 -0.05250
v 0.05227 1.77313 -0.07839
v 0.03696 1.75171 -0.09825
v 0.01913 1.72677 -0.11074
v 0.09749 1.63558 0.06000
v 0.09007 1.63439 0.03704
v 0.02578 1.71747 0.13074
v 0.04980 1.73375 0.11825
v 0.07042 1.74773 0.09839
v 0.08625 1.75846 0.07250
v 0.09620 1.76520 0.04235
v 0.09959 1.76750 0.01000
v 0.09620 1.76520 -0.02235
v 0.08625 1.75846 -0.05250
v 0.07042 1.74773 -0.07839
v 0.04980 1.73375 -0.09825
v 0.02578 1.71747 -0.11074
v 0.06894 1.63101 0.01757
v 0.03731 1.62596 0.00457
v 0.02931 1.70607 0.13074
v 0.05663 1.71172 0.11825
v 0.08008 1.71658 0.09839
v 0.09808 1.72030 0.07250
v 0.10939 1.72264 0.04235
v 0.11325 1.72344 0.01000
v 0.10939 1.72264 -0.02235
v 0.09808 1.72030 -0.05250
v 0.08008 1.71658 -0.07839
v 0.05663 1.71172 -0.09825
v 0.02931 1.70607 -0.11074
v 0.00000 1.84000 -0.03000
v 0.02931 1.69393 0.13074
v 0.05663 1.68828 0.11825
v 0.08008 1.68342 0.09839
v 0.09808 1.67970 0.07250
v 0.10939 1.67736 0.04235
v 0.11325 1.67656 0.01000
v 0.10939 1.67736 -0.02235
v 0.09808 1.67970 -0.05250
v 0.08008 1.68342 -0.07839
v 0.05663 1.68828 -0.09825
v 0.02931 1.69393 -0.11074
v 0.02992 1.63670 0.00457
v 0.05528 1.65086 0.01757
v 0.02578 1.68253 0.13074
v 0.04980 1.66625 0.11825
v 0.07042 1.65227 0.09839
v 0.08625 1.64154 0.07250
v 0.09620 1.63480 0.04235
v 0.09959 1.63250 0.01000
v 0.09620 1.63480 -0.02235
v 0.08625 1.64154 -0.05250
v 0.07042 1.65227 -0.07839
v 0.04980 1.66625 -0.09825
v 0.02578 1.68253 -0.11074
v 0.07223 1.66032 0.03704
v 0.07818 1.66364 0.06000
v 0.01913 1.67323 0.13074
v 0.03696 1.64829 0.11825
v 0.05227 1.62687 0.09839
v 0.06402 1.61044 0.07250
v 0.07140 1.60011 0.04235
v 0.07392 1.59658 0.01000
v 0.07140 1.60011 -0.02235
v 0.06402 1.61044 -0.05250
v 0.05227 1.62687 -0.07839
v 0.03696 1.64829 -0.09825
v 0.01913 1.67323 -0.11074
v 0.07223 1.66032 0.08296
v 0.05528 1.65086 0.10243
v 0.01018 1.66717 0.13074
v 0.01967 1.63657 0.11825
v 0.02781 1.61030 0.09839
v 0.03406 1.59014 0.07250
v 0.03799 1.57746 0.04235
v 0.03933 1.57314 0.01000
v 0.03799 1.57746 -0.02235
v 0.03406 1.59014 -0.05250
v 0.02781 1.61030 -0.07839
v 0.01967 1.63657 -0.09825
v 0.01018 1.66717 -0.11074
v 0.02992 1.63670 0.11543
v 0.00000 1.66506 0.13074
v 0.00000 1.63250 0.11825
v 0.00000 1.60454 0.09839
v 0.00000 1.58309 0.07250
v 0.00000 1.56960 0.04235
v 0.00000 1.56500 0.01000
v 0.00000 1.56960 -0.02235
v 0.00000 1.58309 -0.05250
v 0.00000 1.60454 -0.07839
v 0.00000 1.63250 -0.09825
v 0.00000 1.66506 -0.11074
v 0.00000 1.87500 0.00000
v 0.01660 1.64413 0.11543
v -0.01018 1.66717 0.13074
v -0.01967 1.63657 0.11825
v -0.02781 1.61030 0.09839
v -0.03406 1.59014 0.07250
v -0.03799 1.57746 0.04235
v -0.03933 1.57314 0.01000
v -0.03799 1.57746 -0.02235
v -0.03406 1.59014 -0.05250
v -0.02781 1.61030 -0.07839
v -0.01967 1.63657 -0.09825
v -0.01018 1.66717 -0.11074
v 0.03068 1.66460 0.10243
v 0.04009 1.67827 0.08296
v -0.01913 1.67323 0.13074
v -0.03696 1.64829 0.11825
v -0.05227 1.62687 0.09839
v -0.06402 1.61044 0.07250
v -0.07140 1.60011 0.04235
v -0.07392 1.59658 0.01000
v -0.07140 1.60011 -0.02235
v -0.06402 1.61044 -0.05250
v -0.05227 1.62687 -0.07839
v -0.03696 1.64829 -0.09825
v -0.01913 1.67323 -0.11074
v 0.04339 1.68307 0.06000
v 0.04009 1.67827 0.03704
v -0.02578 1.68253 0.13074
v -0.04980 1.66625 0.11825
v -0.07042 1.65227 0.09839
v -0.08625 1.64154 0.07250
v -0.09620 1.63480 0.04235
v -0.09959 1.63250 0.01000
v -0.09620 1.63480 -0.02235
v -0.08625 1.64154 -0.05250
v -0.07042 1.65227 -0.07839
v -0.04980 1.66625 -0.09825
v -0.02578 1.68253 -0.11074
v 0.03068 1.66460 0.01757
v 0.01660 1.64413 0.00457
v -0.02931 1.69393 0.13074
v -0.05663 1.68828 0.11825
v -0.08008 1.68342 0.09839
v -0.09808 1.67970 0.07250
v -0.10939 1.67736 0.04235
v -0.11325 1.67656 0.01000
v -0.10939 1.67736 -0.02235
v -0.09808 1.67970 -0.05250
v -0.08008 1.68342 -0.07839
v -0.05663 1.68828 -0.09825
v -0.02931 1.69393 -0.11074
v -0.02000 1.59549 0.16098
v -0.02931 1.70607 0.13074
v -0.05663 1.71172 0.11825
v -0.08008 1.71658 0.09839
v -0.09808 1.72030 0.07250
v -0.10939 1.72264 0.04235
v -0.11325 1.72344 0.01000
v -0.10939 1.72264 -0.02235
v -0.09808 1.72030 -0.05250
v -0.08008 1.71658 -0.07839
v -0.05663 1.71172 -0.09825
v -0.02931 1.70607 -0.11074
v 0.00000 1.70000 -0.11500
v 0.00000 1.64679 0.00457
v -0.02578 1.71747 0.13074
v -0.04980 1.73375 0.11825
v -0.07042 1.74773 0.09839
v -0.08625 1.75846 0.07250
v -0.09620 1.76520 0.04235
v -0.09959 1.76750 0.01000
v -0.09620 1.76520 -0.02235
v -0.08625 1.75846 -0.05250
v -0.07042 1.74773 -0.07839
v -0.04980 1.73375 -0.09825
v -0.02578 1.71747 -0.11074
v 0.00000 1.66950 0.01757
v 0.00000 1.68467 0.03704
v -0.01913 1.72677 0.13074
v -0.03696 1.75171 0.11825
v -0.05227 1.77313 0.09839
v -0.06402 1.78956 0.07250
v -0.07140 1.79989 0.04235
v -0.07392 1.80342 0.01000
v -0.07140 1.79989 -0.02235
v -0.06402 1.78956 -0.05250
v -0.05227 1.77313 -0.07839
v -0.03696 1.75171 -0.09825
v -0.01913 1.72677 -0.11074
v 0.00000 1.69000 0.06000
v -0.02750 1.64130 0.15260
v -0.01018 1.73283 0.13074
v -0.01967 1.76343 0.11825
v -0.02781 1.78970 0.09839
v -0.03406 1.80986 0.07250
v -0.03799 1.82254 0.04235
v -0.03933 1.82686 0.01000
v -0.03799 1.82254 -0.02235
v -0.03406 1.80986 -0.05250
v -0.02781 1.78970 -0.07839
v -0.01967 1.76343 -0.09825
v -0.01018 1.73283 -0.11074
v -0.03464 1.58894 0.14789
v -0.04763 1.63230 0.13460
v -0.00000 1.73494 0.13074
v -0.00000 1.76750 0.11825
v -0.00000 1.79546 0.09839
v -0.00000 1.81691 0.07250
v -0.00000 1.83040 0.04235
v -0.00000 1.83500 0.01000
v -0.00000 1.83040 -0.02235
v -0.00000 1.81691 -0.05250
v -0.00000 1.79546 -0.07839
v -0.00000 1.76750 -0.09825
v -0.00000 1.73494 -0.11074
v -0.04000 1.58000 0.13000
v 0.05528 1.58914 0.01757
v 0.07223 1.57968 0.03704
v 0.07818 1.57636 0.06000
v 0.07223 1.57968 0.08296
v 0.05528 1.58914 0.10243
v 0.02992 1.60330 0.11543
v -0.05500 1.62000 0.11000
v 0.01660 1.59587 0.00457
v -0.03464 1.57106 0.11211
v 0.03068 1.57540 0.01757
v 0.04009 1.56173 0.03704
v 0.04339 1.55693 0.06000
v 0.04009 1.56173 0.08296
v 0.03068 1.57540 0.10243
v 0.01660 1.59587 0.11543
v -0.04763 1.60770 0.08540
v -0.00000 1.59321 0.00457
v -0.02000 1.56451 0.09902
v -0.00000 1.57050 0.01757
v -0.00000 1.55533 0.03704
v -0.00000 1.55000 0.06000
v -0.00000 1.55533 0.08296
v -0.00000 1.57050 0.10243
v -0.00000 1.59321 0.11543
v -0.02750 1.59870 0.06740
v -0.01660 1.59587 0.00457
v 0.00000 1.56211 0.09422
v -0.03068 1.57540 0.01757
v -0.04009 1.56173 0.03704
v -0.04339 1.55693 0.06000
v -0.04009 1.56173 0.08296
v -0.03068 1.57540 0.10243
v -0.01660 1.59587 0.11543
v 0.00000 1.62000 0.12000
v -0.02992 1.60330 0.00457
v 0.00000 1.62000 0.00000
v -0.05528 1.58914 0.01757
v -0.07223 1.57968 0.03704
v -0.07818 1.57636 0.06000
v -0.07223 1.57968 0.08296
v -0.05528 1.58914 0.10243
v -0.02992 1.60330 0.11543
v 0.00000 1.59540 0.06081
v -0.03731 1.61404 0.00457
v 0.02000 1.56451 0.09902
v -0.06894 1.60899 0.01757
v -0.09007 1.60561 0.03704
v -0.09749 1.60442 0.06000
v -0.09007 1.60561 0.08296
v -0.06894 1.60899 0.10243
v -0.03731 1.61404 0.11543
v 0.02750 1.59870 0.06740
v -0.03731 1.62596 0.00457
v 0.03464 1.57106 0.11211
v -0.06894 1.63101 0.01757
v -0.09007 1.63439 0.03704
v -0.09749 1.63558 0.06000
v -0.09007 1.63439 0.08296
v -0.06894 1.63101 0.10243
v -0.03731 1.62596 0.11543
v 0.04763 1.60770 0.08540
v -0.02992 1.63670 0.00457
v 0.04000 1.58000 0.13000
v -0.05528 1.65086 0.01757
v -0.07223 1.66032 0.03704
v -0.07818 1.66364 0.06000
v -0.07223 1.66032 0.08296
v -0.05528 1.65086 0.10243
v -0.02992 1.63670 0.11543
v 0.05500 1.62000 0.11000
v -0.01660 1.64413 0.00457
v 0.03464 1.58894 0.14789
v -0.03068 1.66460 0.01757
v -0.04009 1.67827 0.03704
v -0.04339 1.68307 0.06000
v -0.04009 1.67827 0.08296
v -0.03068 1.66460 0.10243
v -0.01660 1.64413 0.11543
v 0.04763 1.63230 0.13460
v 0.02000 1.59549 0.16098
v 0.02750 1.64130 0.15260
v 0.00000 1.59789 0.16578
v 0.00000 1.64460 0.15919
v 0.00000 1.68467 0.08296
v 0.00000 1.66950 0.10243
v 0.00000 1.64679 0.11543
v 0.01527 1.86452 0.01500
v 0.00882 1.85416 0.02598
v 0.02853 1.85082 0.00000
v 0.02471 1.84937 -0.01500
v 0.01427 1.84541 -0.02598
v -0.01273 1.84000 -0.01273
v 0.02471 1.84937 0.01500
v -0.00849 1.68000 -0.00849
v 0.01427 1.84541 0.02598
v 0.02853 1.82918 0.00000
v 0.02471 1.83063 -0.01500
v 0.01427 1.83459 -0.02598
v -0.01800 1.84000 0.00000
v 0.02471 1.83063 0.01500
v -0.01200 1.68000 -0.00000
v 0.01427 1.83459 0.02598
v 0.01763 1.81168 0.00000
v 0.01527 1.81548 -0.01500
v 0.00882 1.82584 -0.02598
v -0.01273 1.84000 0.01273
v 0.01527 1.81548 0.01500
v -0.00849 1.68000 0.00849
v 0.00882 1.82584 0.02598
v 0.00000 1.80500 0.00000
v 0.00000 1.80969 -0.01500
v 0.00000 1.82250 -0.02598
v 0.00000 1.84000 0.01800
v 0.00000 1.80969 0.01500
v 0.00000 1.68000 0.01200
v 0.00000 1.82250 0.02598
v -0.01763 1.81168 0.00000
v -0.01527 1.81548 -0.01500
v -0.00882 1.82584 -0.02598
v 0.01273 1.84000 0.01273
v -0.01527 1.81548 0.01500
v 0.00000 1.84000 0.03000
v -0.00882 1.82584 0.02598
v -0.02853 1.82918 0.00000
v -0.02471 1.83063 -0.01500
v -0.01427 1.83459 -0.02598
v 0.00849 1.68000 0.00849
v -0.02471 1.83063 0.01500
v 0.01800 1.84000 0.00000
v -0.01427 1.83459 0.02598
v -0.02853 1.85082 0.00000
v -0.02471 1.84937 -0.01500
v -0.01427 1.84541 -0.02598
v 0.01200 1.68000 -0.00000
v -0.02471 1.84937 0.01500
v 0.01273 1.84000 -0.01273
v -0.01427 1.84541 0.02598
v -0.01763 1.86832 0.00000
v -0.01527 1.86452 -0.01500
v -0.00882 1.85416 -0.02598
v 0.00849 1.68000 -0.00849
v -0.01527 1.86452 0.01500
v 0.00000 1.84000 -0.01800
v -0.00882 1.85416 0.02598
v 0.00000 1.68000 -0.01200
v -0.00000 1.87031 -0.01500
v -0.00000 1.85750 -0.02598
v -0.00000 1.87031 0.01500
v -0.00000 1.85750 0.02598
v 0.00000 1.50682 -0.05458
v 0.00000 1.58682 -0.04458
v 0.02750 1.50591 -0.04726
v 0.02750 1.58591 -0.03726
v 0.04763 1.50341 -0.02729
v 0.04763 1.58341 -0.01729
v 0.05500 1.50000 0.00000
v 0.05500 1.58000 0.01000
v 0.04763 1.49659 0.02729
v 0.04763 1.57659 0.03729
v 0.02750 1.49409 0.04726
v 0.02750 1.57409 0.05726
v 0.00000 1.49318 0.05458
v 0.00000 1.57318 0.06458
v -0.02750 1.49409 0.04726
v -0.02750 1.57409 0.05726
v -0.04763 1.49659 0.02729
v -0.04763 1.57659 0.03729
v -0.05500 1.50000 0.00000
v -0.05500 1.58000 0.01000
v -0.04763 1.50341 -0.02729
v -0.04763 1.58341 -0.01729
v -0.02750 1.50591 -0.04726
v -0.02750 1.58591 -0.03726
v 0.02750 1.58000 0.05763
v 0.04763 1.58000 0.03750
v 0.00000 1.54763 -0.02750
v 0.05500 1.58000 0.01000
v 0.04763 1.58000 -0.01750
v 0.01375 1.52382 0.04763
v 0.02750 1.58000 -0.03763
v 0.02382 1.54125 0.02750
v 0.02750 1.54763 0.00000
v 0.02382 1.54125 -0.02750
v 0.01375 1.52382 -0.04763
v 0.04000 1.50000 0.06062
v 0.02382 1.51375 0.04763
v 0.06928 1.50000 0.03500
v 0.04125 1.52382 0.02750
v 0.04763 1.52750 0.00000
v 0.04125 1.52382 -0.02750
v 0.02382 1.51375 -0.04763
v 0.02382 1.59375 -0.03763
v 0.02750 1.50000 0.04763
v 0.04125 1.60382 -0.01750
v 0.04763 1.50000 0.02750
v 0.05500 1.50000 0.00000
v 0.04763 1.50000 -0.02750
v 0.02750 1.50000 -0.04763
v 0.04763 1.60750 0.01000
v 0.02382 1.48625 0.04763
v 0.04125 1.60382 0.03750
v 0.04125 1.47618 0.02750
v 0.04763 1.47250 0.00000
v 0.04125 1.47618 -0.02750
v 0.02382 1.48625 -0.04763
v 0.02382 1.59375 0.05763
v 0.01375 1.47618 0.04763
v 0.08000 1.50000 0.00000
v 0.02382 1.45875 0.02750
v 0.02750 1.45237 0.00000
v 0.02382 1.45875 -0.02750
v 0.01375 1.47618 -0.04763
v 0.06928 1.50000 -0.03500
v 0.00000 1.47250 0.04763
v 0.01375 1.60382 0.05763
v -0.00000 1.45237 0.02750
v 0.00000 1.44500 0.00000
v -0.00000 1.45237 -0.02750
v 0.00000 1.47250 -0.04763
v 0.02382 1.62125 0.03750
v -0.01375 1.47618 0.04763
v 0.02750 1.62763 0.01000
v -0.02382 1.45875 0.02750
v -0.02750 1.45237 0.00000
v -0.02382 1.45875 -0.02750
v -0.01375 1.47618 -0.04763
v 0.02382 1.62125 -0.01750
v -0.02382 1.48625 0.04763
v 0.00000 1.50000 0.05500
v -0.04125 1.47618 0.02750
v -0.04763 1.47250 0.00000
v -0.04125 1.47618 -0.02750
v -0.02382 1.48625 -0.04763
v 0.00000 1.50000 -0.05500
v -0.02750 1.50000 0.04763
v 0.01375 1.60382 -0.03763
v -0.04763 1.50000 0.02750
v -0.05500 1.50000 0.00000
v -0.04763 1.50000 -0.02750
v -0.02750 1.50000 -0.04763
v 0.04000 1.50000 -0.06062
v -0.02382 1.51375 0.04763
v -0.04125 1.52382 0.02750
v -0.04763 1.52750 0.00000
v -0.04125 1.52382 -0.02750
v -0.02382 1.51375 -0.04763
v -0.01375 1.52382 0.04763
v 0.00000 1.62763 -0.01750
v -0.02382 1.54125 0.02750
v -0.02750 1.54763 0.00000
v -0.02382 1.54125 -0.02750
v -0.01375 1.52382 -0.04763
v 0.03464 1.50750 -0.06062
v 0.00000 1.52750 0.04763
v 0.00000 1.62763 0.03750
v 0.00000 1.54763 0.02750
v 0.00000 1.55500 0.00000
v 0.06000 1.51299 -0.03500
v 0.00000 1.52750 -0.04763
v 0.06928 1.51500 0.00000
v 0.02382 1.56625 0.05763
v 0.04125 1.55618 0.03750
v 0.04763 1.55250 0.01000
v 0.04125 1.55618 -0.01750
v 0.02382 1.56625 -0.03763
v 0.06000 1.51299 0.03500
v 0.03464 1.50750 0.06062
v 0.01375 1.55618 0.05763
v 0.02382 1.53875 0.03750
v 0.02750 1.53237 0.01000
v 0.02382 1.53875 -0.01750
v 0.01375 1.55618 -0.03763
v 0.00000 1.55250 0.05763
v -0.00000 1.53237 0.03750
v 0.00000 1.52500 0.01000
v -0.00000 1.53237 -0.01750
v 0.00000 1.55250 -0.03763
v 0.02000 1.51299 0.06062
v 0.00000 1.58000 0.06500
v -0.01375 1.55618 0.05763
v -0.02382 1.53875 0.03750
v -0.02750 1.53237 0.01000
v -0.02382 1.53875 -0.01750
v -0.01375 1.55618 -0.03763
v 0.00000 1.58000 -0.04500
v 0.03464 1.52250 0.03500
v -0.02382 1.56625 0.05763
v -0.04125 1.55618 0.03750
v -0.04763 1.55250 0.01000
v -0.04125 1.55618 -0.01750
v -0.02382 1.56625 -0.03763
v 0.04000 1.52598 0.00000
v 0.03464 1.52250 -0.03500
v -0.02750 1.58000 0.05763
v -0.04763 1.58000 0.03750
v -0.05500 1.58000 0.01000
v -0.04763 1.58000 -0.01750
v -0.02750 1.58000 -0.03763
v 0.02000 1.51299 -0.06062
v -0.02382 1.59375 0.05763
v -0.04125 1.60382 0.03750
v -0.04763 1.60750 0.01000
v -0.04125 1.60382 -0.01750
v -0.02382 1.59375 -0.03763
v -0.01375 1.60382 0.05763
v -0.02382 1.62125 0.03750
v -0.02750 1.62763 0.01000
v -0.02382 1.62125 -0.01750
v -0.01375 1.60382 -0.03763
v 0.00000 1.52598 -0.03500
v 0.00000 1.60750 0.05763
v 0.00000 1.52598 0.03500
v 0.00000 1.63500 0.01000
v 0.00000 1.60750 -0.03763
v 0.03464 1.49250 0.06062
v 0.06000 1.48701 0.03500
v 0.06928 1.48500 0.00000
v 0.06000 1.48701 -0.03500
v 0.03464 1.49250 -0.06062
v 0.02000 1.48701 0.06062
v 0.03464 1.47750 0.03500
v 0.04000 1.47402 0.00000
v 0.03464 1.47750 -0.03500
v 0.02000 1.48701 -0.06062
v 0.00000 1.48500 0.06062
v -0.00000 1.47402 0.03500
v 0.00000 1.47000 0.00000
v -0.00000 1.47402 -0.03500
v 0.00000 1.48500 -0.06062
v 0.00000 1.50000 0.07000
v -0.02000 1.48701 0.06062
v -0.03464 1.47750 0.03500
v -0.04000 1.47402 0.00000
v -0.03464 1.47750 -0.03500
v -0.02000 1.48701 -0.06062
v 0.00000 1.50000 -0.07000
v -0.03464 1.49250 0.06062
v -0.06000 1.48701 0.03500
v -0.06928 1.48500 0.00000
v -0.06000 1.48701 -0.03500
v -0.03464 1.49250 -0.06062
v -0.04000 1.50000 0.06062
v -0.06928 1.50000 0.03500
v -0.08000 1.50000 0.00000
v -0.06928 1.50000 -0.03500
v -0.04000 1.50000 -0.06062
v -0.03464 1.50750 0.06062
v -0.06000 1.51299 0.03500
v -0.06928 1.51500 0.00000
v -0.06000 1.51299 -0.03500
v -0.03464 1.50750 -0.06062
v -0.02000 1.51299 0.06062
v -0.03464 1.52250 0.03500
v -0.04000 1.52598 0.00000
v -0.03464 1.52250 -0.03500
v -0.02000 1.51299 -0.06062
v 0.00000 1.51500 0.06062
v 0.00000 1.53000 0.00000
v 0.00000 1.51500 -0.06062
v 0.17500 1.50000 0.00000
v 0.16791 1.50000 0.02958
v 0.14722 1.50000 0.05677
v 0.11460 1.50000 0.07935
v 0.07270 1.50000 0.09551
v 0.02491 1.50000 0.10393
v -0.02491 1.50000 0.10393
v -0.07270 1.50000 0.09551
v -0.11460 1.50000 0.07935
v -0.14722 1.50000 0.05677
v -0.16791 1.50000 0.02958
v -0.17500 1.50000 0.00000
v -0.16791 1.50000 -0.02958
v -0.14722 1.50000 -0.05677
v -0.11460 1.50000 -0.07935
v -0.07270 1.50000 -0.09551
v -0.02491 1.50000 -0.10393
v 0.02491 1.50000 -0.10393
v 0.07270 1.50000 -0.09551
v 0.11460 1.50000 -0.07935
v 0.14722 1.50000 -0.05677
v 0.16791 1.50000 -0.02958
v 0.19500 1.38000 -0.01000
v 0.18710 1.38000 0.02381
v 0.16404 1.38000 0.05488
v 0.12770 1.38000 0.08069
v 0.08101 1.38000 0.09916
v 0.02775 1.38000 0.10878
v -0.02775 1.38000 0.10878
v -0.08101 1.38000 0.09916
v -0.12770 1.38000 0.08069
v -0.16404 1.38000 0.05488
v -0.18710 1.38000 0.02381
v -0.19500 1.38000 -0.01000
v -0.18710 1.38000 -0.04381
v -0.16404 1.38000 -0.07488
v -0.12770 1.38000 -0.10069
v -0.08101 1.38000 -0.11916
v -0.02775 1.38000 -0.12878
v 0.02775 1.38000 -0.12878
v 0.08101 1.38000 -0.11916
v 0.12770 1.38000 -0.10069
v 0.16404 1.38000 -0.07488
v 0.18710 1.38000 -0.04381
v 0.18500 1.22000 -0.01000
v 0.17751 1.22000 0.02240
v 0.15563 1.22000 0.05217
v 0.12115 1.22000 0.07691
v 0.07685 1.22000 0.09461
v 0.02633 1.22000 0.10383
v -0.02633 1.22000 0.10383
v -0.07685 1.22000 0.09461
v -0.12115 1.22000 0.07691
v -0.15563 1.22000 0.05217
v -0.17751 1.22000 0.02240
v -0.18500 1.22000 -0.01000
v -0.17751 1.22000 -0.04240
v -0.15563 1.22000 -0.07217
v -0.12115 1.22000 -0.09691
v -0.07685 1.22000 -0.11461
v -0.02633 1.22000 -0.12383
v 0.02633 1.22000 -0.12383
v 0.07685 1.22000 -0.11461
v 0.12115 1.22000 -0.09691
v 0.15563 1.22000 -0.07217
v 0.17751 1.22000 -0.04240
v 0.17000 1.08000 0.00000
v 0.16311 1.08000 0.03043
v 0.14301 1.08000 0.05839
v 0.11133 1.08000 0.08162
v 0.07062 1.08000 0.09824
v 0.02419 1.08000 0.10690
v -0.02419 1.08000 0.10690
v -0.07062 1.08000 0.09824
v -0.11133 1.08000 0.08162
v -0.14301 1.08000 0.05839
v -0.16311 1.08000 0.03043
v -0.17000 1.08000 0.00000
v -0.16311 1.08000 -0.03043
v -0.14301 1.08000 -0.05839
v -0.11133 1.08000 -0.08162
v -0.07062 1.08000 -0.09824
v -0.02419 1.08000 -0.10690
v 0.02419 1.08000 -0.10690
v 0.07062 1.08000 -0.09824
v 0.11133 1.08000 -0.08162
v 0.14301 1.08000 -0.05839
v 0.16311 1.08000 -0.03043
v 0.20000 0.96000 0.01000
v 0.19190 0.96000 0.04522
v 0.16825 0.96000 0.07758
v 0.13097 0.96000 0.10447
v 0.08308 0.96000 0.12370
v 0.02846 0.96000 0.13373
v -0.02846 0.96000 0.13373
v -0.08308 0.96000 0.12370
v -0.13097 0.96000 0.10447
v -0.16825 0.96000 0.07758
v -0.19190 0.96000 0.04522
v -0.20000 0.96000 0.01000
v -0.19190 0.96000 -0.02522
v -0.16825 0.96000 -0.05758
v -0.13097 0.96000 -0.08447
v -0.08308 0.96000 -0.10370
v -0.02846 0.96000 -0.11373
v 0.02846 0.96000 -0.11373
v 0.08308 0.96000 -0.10370
v 0.13097 0.96000 -0.08447
v 0.16825 0.96000 -0.05758
v 0.19190 0.96000 -0.02522
v 0.23500 0.88000 0.02000
v 0.22548 0.88000 0.05944
v 0.19769 0.88000 0.09569
v 0.15389 0.88000 0.12580
v 0.09762 0.88000 0.14735
v 0.03344 0.88000 0.15857
v -0.03344 0.88000 0.15857
v -0.09762 0.88000 0.14735
v -0.15389 0.88000 0.12580
v -0.19769 0.88000 0.09569
v -0.22548 0.88000 0.05944
v -0.23500 0.88000 0.02000
v -0.22548 0.88000 -0.01944
v -0.19769 0.88000 -0.05569
v -0.15389 0.88000 -0.08580
v -0.09762 0.88000 -0.10735
v -0.03344 0.88000 -0.11857
v 0.03344 0.88000 -0.11857
v 0.09762 0.88000 -0.10735
v 0.15389 0.88000 -0.08580
v 0.19769 0.88000 -0.05569
v 0.22548 0.88000 -0.01944
v 0.25000 0.82000 0.02000
v 0.23987 0.82000 0.06085
v 0.21031 0.82000 0.09839
v 0.16372 0.82000 0.12958
v 0.10385 0.82000 0.15190
v 0.03558 0.82000 0.16352
v -0.03558 0.82000 0.16352
v -0.10385 0.82000 0.15190
v -0.16372 0.82000 0.12958
v -0.21031 0.82000 0.09839
v -0.23987 0.82000 0.06085
v -0.25000 0.82000 0.02000
v -0.23987 0.82000 -0.02085
v -0.21031 0.82000 -0.05839
v -0.16372 0.82000 -0.08958
v -0.10385 0.82000 -0.11190
v -0.03558 0.82000 -0.12352
v 0.03558 0.82000 -0.12352
v 0.10385 0.82000 -0.11190
v 0.16372 0.82000 -0.08958
v 0.21031 0.82000 -0.05839
v 0.23987 0.82000 -0.02085
v 0.00000 1.39827 0.11391
v 0.00000 1.45239 0.07061
v 0.00000 1.46000 0.04000
v 0.00000 1.45239 0.00939
v 0.00000 1.39827 -0.03391
v 0.00000 1.36000 0.12000
v 0.02325 1.39448 0.11391
v 0.04295 1.42371 0.09657
v 0.05612 1.44324 0.07061
v 0.06074 1.45010 0.04000
v 0.05612 1.44324 0.00939
v 0.04295 1.42371 -0.01657
v 0.02325 1.39448 -0.03391
v 0.04189 1.38386 0.11391
v 0.07740 1.40409 0.09657
v 0.10112 1.41760 0.07061
v 0.10946 1.42235 0.04000
v 0.10112 1.41760 0.00939
v 0.07740 1.40409 -0.01657
v 0.04189 1.38386 -0.03391
v 0.05223 1.36852 0.11391
v 0.09651 1.37573 0.09657
v 0.12610 1.38056 0.07061
v 0.13649 1.38225 0.04000
v 0.12610 1.38056 0.00939
v 0.09651 1.37573 -0.01657
v 0.05223 1.36852 -0.03391
v 0.05223 1.35148 0.11391
v 0.09651 1.34427 0.09657
v 0.12610 1.33944 0.07061
v 0.13649 1.33775 0.04000
v 0.12610 1.33944 0.00939
v 0.09651 1.34427 -0.01657
v 0.05223 1.35148 -0.03391
v 0.04189 1.33614 0.11391
v 0.07740 1.31591 0.09657
v 0.10112 1.30240 0.07061
v 0.10946 1.29765 0.04000
v 0.10112 1.30240 0.00939
v 0.07740 1.31591 -0.01657
v 0.04189 1.33614 -0.03391
v 0.02325 1.32552 0.11391
v 0.04295 1.29629 0.09657
v 0.05612 1.27676 0.07061
v 0.06074 1.26990 0.04000
v 0.05612 1.27676 0.00939
v 0.04295 1.29629 -0.01657
v 0.02325 1.32552 -0.03391
v -0.00000 1.32173 0.11391
v -0.00000 1.28929 0.09657
v -0.00000 1.26761 0.07061
v -0.00000 1.26000 0.04000
v -0.00000 1.26761 0.00939
v -0.00000 1.28929 -0.01657
v -0.00000 1.32173 -0.03391
v -0.02325 1.32552 0.11391
v -0.04295 1.29629 0.09657
v -0.05612 1.27676 0.07061
v -0.06074 1.26990 0.04000
v -0.05612 1.27676 0.00939
v -0.04295 1.29629 -0.01657
v -0.02325 1.32552 -0.03391
v -0.04189 1.33614 0.11391
v -0.07740 1.31591 0.09657
v -0.10112 1.30240 0.07061
v -0.10946 1.29765 0.04000
v -0.10112 1.30240 0.00939
v -0.07740 1.31591 -0.01657
v -0.04189 1.33614 -0.03391
v -0.05223 1.35148 0.11391
v -0.09651 1.34427 0.09657
v -0.12610 1.33944 0.07061
v -0.13649 1.33775 0.04000
v -0.12610 1.33944 0.00939
v -0.09651 1.34427 -0.01657
v -0.05223 1.35148 -0.03391
v -0.05223 1.36852 0.11391
v -0.09651 1.37573 0.09657
v -0.12610 1.38056 0.07061
v -0.13649 1.38225 0.04000
v -0.12610 1.38056 0.00939
v -0.09651 1.37573 -0.01657
v -0.05223 1.36852 -0.03391
v -0.04189 1.38386 0.11391
v -0.07740 1.40409 0.09657
v -0.10112 1.41760 0.07061
v -0.10946 1.42235 0.04000
v -0.10112 1.41760 0.00939
v -0.07740 1.40409 -0.01657
v -0.04189 1.38386 -0.03391
v -0.02325 1.39448 0.11391
v -0.04295 1.42371 0.09657
v -0.05612 1.44324 0.07061
v -0.06074 1.45010 0.04000
v -0.05612 1.44324 0.00939
v -0.04295 1.42371 -0.01657
v -0.02325 1.39448 -0.03391
v 0.00000 1.43071 0.09657
v 0.00000 1.43071 -0.01657
v 0.00000 1.36000 -0.04000
v 0.18663 0.98135 0.00000
v 0.18306 0.98251 -0.01400
v -0.16000 1.01800 -0.00000
v 0.16000 1.01800 0.00000
v -0.16000 1.01265 -0.01646
v 0.16000 1.01265 -0.01646
v -0.16000 0.99865 -0.02663
v 0.16000 0.99865 -0.02663
v -0.16000 0.98135 -0.02663
v 0.16000 0.98135 -0.02663
v -0.16000 0.96735 -0.01646
v 0.16000 0.96735 -0.01646
v -0.16000 0.96200 -0.00000
v 0.16000 0.96200 0.00000
v -0.16000 0.96735 0.01646
v 0.16000 0.96735 0.01646
v -0.16000 0.98135 0.02663
v 0.16000 0.98135 0.02663
v -0.16000 0.99865 0.02663
v 0.16000 0.99865 0.02663
v -0.16000 1.01265 0.01646
v 0.16000 1.01265 0.01646
v 0.17331 0.98567 -0.02425
v 0.17331 0.99433 -0.02425
v 0.18306 0.99749 -0.01400
v -0.15177 1.00133 0.02425
v 0.18663 0.99865 0.00000
v -0.14575 1.00962 0.01400
v -0.14354 1.01265 0.00000
v -0.14575 1.00962 -0.01400
v -0.15177 1.00133 -0.02425
v 0.18306 0.99749 0.01400
v -0.14669 0.99433 0.02425
v 0.17331 0.99433 0.02425
v -0.13694 0.99749 0.01400
v -0.13337 0.99865 0.00000
v -0.13694 0.99749 -0.01400
v -0.14669 0.99433 -0.02425
v 0.01455 0.97753 0.11618
v -0.14669 0.98567 0.02425
v 0.02354 0.96983 0.10618
v -0.13694 0.98251 0.01400
v -0.13337 0.98135 0.00000
v -0.13694 0.98251 -0.01400
v -0.14669 0.98567 -0.02425
v 0.16823 1.00133 0.02425
v -0.15177 0.97867 0.02425
v 0.17425 1.00962 0.01400
v -0.14575 0.97038 0.01400
v -0.14354 0.96735 0.00000
v -0.14575 0.97038 -0.01400
v -0.15177 0.97867 -0.02425
v 0.17646 1.01265 0.00000
v -0.16000 0.97600 0.02425
v 0.17425 1.00962 -0.01400
v -0.16000 0.96575 0.01400
v -0.16000 0.96200 0.00000
v -0.16000 0.96575 -0.01400
v -0.16000 0.97600 -0.02425
v 0.16823 1.00133 -0.02425
v -0.16823 0.97867 0.02425
v -0.16000 0.99000 0.02800
v -0.17425 0.97038 0.01400
v -0.17646 0.96735 0.00000
v -0.17425 0.97038 -0.01400
v -0.16823 0.97867 -0.02425
v 0.02354 0.96983 0.09382
v -0.17331 0.98567 0.02425
v 0.01455 0.97753 0.08382
v -0.18306 0.98251 0.01400
v -0.18663 0.98135 0.00000
v -0.18306 0.98251 -0.01400
v -0.17331 0.98567 -0.02425
v -0.16000 0.99000 -0.02800
v -0.17331 0.99433 0.02425
v -0.18306 0.99749 0.01400
v -0.18663 0.99865 0.00000
v -0.18306 0.99749 -0.01400
v -0.17331 0.99433 -0.02425
v -0.16823 1.00133 0.02425
v 0.02057 0.99000 0.08382
v -0.17425 1.00962 0.01400
v -0.17646 1.01265 0.00000
v -0.17425 1.00962 -0.01400
v -0.16823 1.00133 -0.02425
v 0.03329 0.99000 0.09382
v -0.16000 1.00400 0.02425
v 0.03329 0.99000 0.10618
v -0.16000 1.01425 0.01400
v -0.16000 1.01800 0.00000
v -0.16000 1.01425 -0.01400
v -0.16000 1.00400 -0.02425
v 0.02057 0.99000 0.11618
v 0.18306 0.98251 0.01400
v 0.17331 0.98567 0.02425
v 0.17646 0.96735 0.00000
v 0.17425 0.97038 -0.01400
v 0.16823 0.97867 -0.02425
v 0.17425 0.97038 0.01400
v 0.16823 0.97867 0.02425
v 0.01455 1.00247 0.11618
v 0.16000 0.96200 0.00000
v 0.16000 0.96575 -0.01400
v 0.16000 0.97600 -0.02425
v 0.02354 1.01017 0.10618
v 0.16000 0.96575 0.01400
v 0.16000 0.97600 0.02425
v 0.02354 1.01017 0.09382
v 0.14354 0.96735 0.00000
v 0.14575 0.97038 -0.01400
v 0.15177 0.97867 -0.02425
v 0.01455 1.00247 0.08382
v 0.14575 0.97038 0.01400
v 0.15177 0.97867 0.02425
v 0.16000 0.99000 0.02800
v 0.13337 0.98135 0.00000
v 0.13694 0.98251 -0.01400
v 0.14669 0.98567 -0.02425
v 0.13694 0.98251 0.01400
v 0.14669 0.98567 0.02425
v 0.13337 0.99865 0.00000
v 0.13694 0.99749 -0.01400
v 0.14669 0.99433 -0.02425
v 0.16000 0.99000 -0.02800
v 0.13694 0.99749 0.01400
v 0.14669 0.99433 0.02425
v 0.14354 1.01265 0.00000
v 0.14575 1.00962 -0.01400
v 0.15177 1.00133 -0.02425
v 0.14575 1.00962 0.01400
v 0.15177 1.00133 0.02425
v 0.16000 1.01800 0.00000
v 0.16000 1.01425 -0.01400
v 0.16000 1.00400 -0.02425
v 0.16000 1.01425 0.01400
v 0.16000 1.00400 0.02425
v 0.00000 0.97237 0.11618
v 0.00000 0.96147 0.10618
v 0.00000 0.96147 0.09382
v 0.00000 0.97237 0.08382
v -0.01455 0.97753 0.11618
v -0.02354 0.96983 0.10618
v -0.02354 0.96983 0.09382
v -0.01455 0.97753 0.08382
v 0.00000 0.99000 0.08000
v 0.00000 0.99000 0.12000
v -0.02057 0.99000 0.11618
v -0.03329 0.99000 0.10618
v -0.03329 0.99000 0.09382
v -0.02057 0.99000 0.08382
v -0.01455 1.00247 0.11618
v -0.02354 1.01017 0.10618
v -0.02354 1.01017 0.09382
v -0.01455 1.00247 0.08382
v 0.00000 1.00763 0.11618
v 0.00000 1.01853 0.10618
v 0.00000 1.01853 0.09382
v 0.00000 1.00763 0.08382
v -0.24000 1.47142 0.08426
v -0.19237 1.35250 -0.10392
v -0.15750 1.34701 -0.06000
v -0.24000 1.49878 -0.01910
v -0.24000 1.48928 -0.05500
v -0.24000 1.47142 -0.08426
v -0.24000 1.44736 -0.10337
v -0.14474 1.34500 0.00000
v -0.24000 1.42000 0.11000
v -0.22516 1.44465 0.10337
v -0.21211 1.46633 0.08426
v -0.20242 1.48242 0.05500
v -0.19727 1.49098 0.01910
v -0.19727 1.49098 -0.01910
v -0.20242 1.48242 -0.05500
v -0.21211 1.46633 -0.08426
v -0.22516 1.44465 -0.10337
v -0.24000 1.42000 -0.11000
v -0.15750 1.34701 0.06000
v -0.21326 1.43706 0.10337
v -0.18974 1.45206 0.08426
v -0.17229 1.46320 0.05500
v -0.16300 1.46912 0.01910
v -0.16300 1.46912 -0.01910
v -0.17229 1.46320 -0.05500
v -0.18974 1.45206 -0.08426
v -0.21326 1.43706 -0.10337
v -0.19237 1.35250 0.10392
v -0.20666 1.42609 0.10337
v -0.17733 1.43144 0.08426
v -0.15557 1.43542 0.05500
v -0.14399 1.43753 0.01910
v -0.14399 1.43753 -0.01910
v -0.15557 1.43542 -0.05500
v -0.17733 1.43144 -0.08426
v -0.20666 1.42609 -0.10337
v -0.18500 1.36000 0.10392
v -0.20666 1.41391 0.10337
v -0.17733 1.40856 0.08426
v -0.15557 1.40458 0.05500
v -0.14399 1.40247 0.01910
v -0.14399 1.40247 -0.01910
v -0.15557 1.40458 -0.05500
v -0.17733 1.40856 -0.08426
v -0.20666 1.41391 -0.10337
v -0.14474 1.36000 0.06000
v -0.13000 1.36000 0.00000
v -0.21326 1.40294 0.10337
v -0.18974 1.38794 0.08426
v -0.17229 1.37680 0.05500
v -0.16300 1.37088 0.01910
v -0.16300 1.37088 -0.01910
v -0.17229 1.37680 -0.05500
v -0.18974 1.38794 -0.08426
v -0.21326 1.40294 -0.10337
v -0.14474 1.36000 -0.06000
v -0.18500 1.36000 -0.10392
v -0.22516 1.39535 0.10337
v -0.21211 1.37367 0.08426
v -0.20242 1.35758 0.05500
v -0.19727 1.34902 0.01910
v -0.19727 1.34902 -0.01910
v -0.20242 1.35758 -0.05500
v -0.21211 1.37367 -0.08426
v -0.22516 1.39535 -0.10337
v -0.24000 1.39264 0.10337
v -0.24000 1.36858 0.08426
v -0.24000 1.35072 0.05500
v -0.24000 1.34122 0.01910
v -0.24000 1.34122 -0.01910
v -0.24000 1.35072 -0.05500
v -0.24000 1.36858 -0.08426
v -0.24000 1.39264 -0.10337
v -0.19237 1.36750 -0.10392
v -0.15750 1.37299 -0.06000
v -0.25484 1.39535 0.10337
v -0.26789 1.37367 0.08426
v -0.27758 1.35758 0.05500
v -0.28273 1.34902 0.01910
v -0.28273 1.34902 -0.01910
v -0.27758 1.35758 -0.05500
v -0.26789 1.37367 -0.08426
v -0.25484 1.39535 -0.10337
v -0.14474 1.37500 0.00000
v -0.15750 1.37299 0.06000
v -0.26674 1.40294 0.10337
v -0.29026 1.38794 0.08426
v -0.30771 1.37680 0.05500
v -0.31700 1.37088 0.01910
v -0.31700 1.37088 -0.01910
v -0.30771 1.37680 -0.05500
v -0.29026 1.38794 -0.08426
v -0.26674 1.40294 -0.10337
v -0.19237 1.36750 0.10392
v -0.27334 1.41391 0.10337
v -0.30267 1.40856 0.08426
v -0.32443 1.40458 0.05500
v -0.33601 1.40247 0.01910
v -0.33601 1.40247 -0.01910
v -0.32443 1.40458 -0.05500
v -0.30267 1.40856 -0.08426
v -0.27334 1.41391 -0.10337
v -0.21250 1.37299 0.10392
v -0.27334 1.42609 0.10337
v -0.30267 1.43144 0.08426
v -0.32443 1.43542 0.05500
v -0.33601 1.43753 0.01910
v -0.33601 1.43753 -0.01910
v -0.32443 1.43542 -0.05500
v -0.30267 1.43144 -0.08426
v -0.27334 1.42609 -0.10337
v -0.19237 1.38250 0.06000
v -0.18500 1.38598 0.00000
v -0.26674 1.43706 0.10337
v -0.29026 1.45206 0.08426
v -0.30771 1.46320 0.05500
v -0.31700 1.46912 0.01910
v -0.31700 1.46912 -0.01910
v -0.30771 1.46320 -0.05500
v -0.29026 1.45206 -0.08426
v -0.26674 1.43706 -0.10337
v -0.19237 1.38250 -0.06000
v -0.21250 1.37299 -0.10392
v -0.25484 1.44465 0.10337
v -0.26789 1.46633 0.08426
v -0.27758 1.48242 0.05500
v -0.28273 1.49098 0.01910
v -0.28273 1.49098 -0.01910
v -0.27758 1.48242 -0.05500
v -0.26789 1.46633 -0.08426
v -0.25484 1.44465 -0.10337
v -0.24000 1.44736 0.10337
v -0.24000 1.48928 0.05500
v -0.24000 1.49878 0.01910
v -0.24000 1.38598 -0.06000
v -0.24000 1.38598 0.06000
v -0.21250 1.34701 -0.10392
v -0.19237 1.33750 -0.06000
v -0.18500 1.33402 0.00000
v -0.19237 1.33750 0.06000
v -0.21250 1.34701 0.10392
v -0.24000 1.34500 -0.10392
v -0.24000 1.33402 -0.06000
v -0.24000 1.33000 0.00000
v -0.24000 1.33402 0.06000
v -0.24000 1.34500 0.10392
v -0.26750 1.34701 -0.10392
v -0.28763 1.33750 -0.06000
v -0.29500 1.33402 0.00000
v -0.28763 1.33750 0.06000
v -0.26750 1.34701 0.10392
v -0.24000 1.36000 0.12000
v -0.24000 1.36000 -0.12000
v -0.28763 1.35250 -0.10392
v -0.32250 1.34701 -0.06000
v -0.33526 1.34500 0.00000
v -0.32250 1.34701 0.06000
v -0.28763 1.35250 0.10392
v -0.29500 1.36000 -0.10392
v -0.33526 1.36000 -0.06000
v -0.35000 1.36000 0.00000
v -0.33526 1.36000 0.06000
v -0.29500 1.36000 0.10392
v -0.28763 1.36750 -0.10392
v -0.32250 1.37299 -0.06000
v -0.33526 1.37500 0.00000
v -0.32250 1.37299 0.06000
v -0.28763 1.36750 0.10392
v -0.26750 1.37299 -0.10392
v -0.28763 1.38250 -0.06000
v -0.29500 1.38598 0.00000
v -0.28763 1.38250 0.06000
v -0.26750 1.37299 0.10392
v -0.24000 1.37500 -0.10392
v -0.24000 1.39000 0.00000
v -0.24000 1.37500 0.10392
v 0.24000 1.47142 0.08426
v 0.28763 1.35250 -0.10392
v 0.32250 1.34701 -0.06000
v 0.24000 1.49878 -0.01910
v 0.24000 1.48928 -0.05500
v 0.24000 1.47142 -0.08426
v 0.24000 1.44736 -0.10337
v 0.33526 1.34500 0.00000
v 0.24000 1.42000 0.11000
v 0.25484 1.44465 0.10337
v 0.26789 1.46633 0.08426
v 0.27758 1.48242 0.05500
v 0.28273 1.49098 0.01910
v 0.28273 1.49098 -0.01910
v 0.27758 1.48242 -0.05500
v 0.26789 1.46633 -0.08426
v 0.25484 1.44465 -0.10337
v 0.24000 1.42000 -0.11000
v 0.32250 1.34701 0.06000
v 0.26674 1.43706 0.10337
v 0.29026 1.45206 0.08426
v 0.30771 1.46320 0.05500
v 0.31700 1.46912 0.01910
v 0.31700 1.46912 -0.01910
v 0.30771 1.46320 -0.05500
v 0.29026 1.45206 -0.08426
v 0.26674 1.43706 -0.10337
v 0.28763 1.35250 0.10392
v 0.27334 1.42609 0.10337
v 0.30267 1.43144 0.08426
v 0.32443 1.43542 0.05500
v 0.33601 1.43753 0.01910
v 0.33601 1.43753 -0.01910
v 0.32443 1.43542 -0.05500
v 0.30267 1.43144 -0.08426
v 0.27334 1.42609 -0.10337
v 0.29500 1.36000 0.10392
v 0.27334 1.41391 0.10337
v 0.30267 1.40856 0.08426
v 0.32443 1.40458 0.05500
v 0.33601 1.40247 0.01910
v 0.33601 1.40247 -0.01910
v 0.32443 1.40458 -0.05500
v 0.30267 1.40856 -0.08426
v 0.27334 1.41391 -0.10337
v 0.33526 1.36000 0.06000
v 0.35000 1.36000 0.00000
v 0.26674 1.40294 0.10337
v 0.29026 1.38794 0.08426
v 0.30771 1.37680 0.05500
v 0.31700 1.37088 0.01910
v 0.31700 1.37088 -0.01910
v 0.30771 1.37680 -0.05500
v 0.29026 1.38794 -0.08426
v 0.26674 1.40294 -0.10337
v 0.33526 1.36000 -0.06000
v 0.29500 1.36000 -0.10392
v 0.25484 1.39535 0.10337
v 0.26789 1.37367 0.08426
v 0.27758 1.35758 0.05500
v 0.28273 1.34902 0.01910
v 0.28273 1.34902 -0.01910
v 0.27758 1.35758 -0.05500
v 0.26789 1.37367 -0.08426
v 0.25484 1.39535 -0.10337
v 0.24000 1.39264 0.10337
v 0.24000 1.36858 0.08426
v 0.24000 1.35072 0.05500
v 0.24000 1.34122 0.01910
v 0.24000 1.34122 -0.01910
v 0.24000 1.35072 -0.05500
v 0.24000 1.36858 -0.08426
v 0.24000 1.39264 -0.10337
v 0.28763 1.36750 -0.10392
v 0.32250 1.37299 -0.06000
v 0.22516 1.39535 0.10337
v 0.21211 1.37367 0.08426
v 0.20242 1.35758 0.05500
v 0.19727 1.34902 0.01910
v 0.19727 1.34902 -0.01910
v 0.20242 1.35758 -0.05500
v 0.21211 1.37367 -0.08426
v 0.22516 1.39535 -0.10337
v 0.33526 1.37500 0.00000
v 0.32250 1.37299 0.06000
v 0.21326 1.40294 0.10337
v 0.18974 1.38794 0.08426
v 0.17229 1.37680 0.05500
v 0.16300 1.37088 0.01910
v 0.16300 1.37088 -0.01910
v 0.17229 1.37680 -0.05500
v 0.18974 1.38794 -0.08426
v 0.21326 1.40294 -0.10337
v 0.28763 1.36750 0.10392
v 0.20666 1.41391 0.10337
v 0.17733 1.40856 0.08426
v 0.15557 1.40458 0.05500
v 0.14399 1.40247 0.01910
v 0.14399 1.40247 -0.01910
v 0.15557 1.40458 -0.05500
v 0.17733 1.40856 -0.08426
v 0.20666 1.41391 -0.10337
v 0.26750 1.37299 0.10392
v 0.20666 1.42609 0.10337
v 0.17733 1.43144 0.08426
v 0.15557 1.43542 0.05500
v 0.14399 1.43753 0.01910
v 0.14399 1.43753 -0.01910
v 0.15557 1.43542 -0.05500
v 0.17733 1.43144 -0.08426
v 0.20666 1.42609 -0.10337
v 0.28763 1.38250 0.06000
v 0.29500 1.38598 0.00000
v 0.21326 1.43706 0.10337
v 0.18974 1.45206 0.08426
v 0.17229 1.46320 0.05500
v 0.16300 1.46912 0.01910
v 0.16300 1.46912 -0.01910
v 0.17229 1.46320 -0.05500
v 0.18974 1.45206 -0.08426
v 0.21326 1.43706 -0.10337
v 0.28763 1.38250 -0.06000
v 0.26750 1.37299 -0.10392
v 0.22516 1.44465 0.10337
v 0.21211 1.46633 0.08426
v 0.20242 1.48242 0.05500
v 0.19727 1.49098 0.01910
v 0.19727 1.49098 -0.01910
v 0.20242 1.48242 -0.05500
v 0.21211 1.46633 -0.08426
v 0.22516 1.44465 -0.10337
v 0.24000 1.44736 0.10337
v 0.24000 1.48928 0.05500
v 0.24000 1.49878 0.01910
v 0.24000 1.38598 -0.06000
v 0.24000 1.38598 0.06000
v 0.26750 1.34701 -0.10392
v 0.28763 1.33750 -0.06000
v 0.29500 1.33402 0.00000
v 0.28763 1.33750 0.06000
v 0.26750 1.34701 0.10392
v 0.24000 1.34500 -0.10392
v 0.24000 1.33402 -0.06000
v 0.24000 1.33000 0.00000
v 0.24000 1.33402 0.06000
v 0.24000 1.34500 0.10392
v 0.21250 1.34701 -0.10392
v 0.19237 1.33750 -0.06000
v 0.18500 1.33402 0.00000
v 0.19237 1.33750 0.06000
v 0.21250 1.34701 0.10392
v 0.24000 1.36000 0.12000
v 0.24000 1.36000 -0.12000
v 0.19237 1.35250 -0.10392
v 0.15750 1.34701 -0.06000
v 0.14474 1.34500 0.00000
v 0.15750 1.34701 0.06000
v 0.19237 1.35250 0.10392
v 0.18500 1.36000 -0.10392
v 0.14474 1.36000 -0.06000
v 0.13000 1.36000 0.00000
v 0.14474 1.36000 0.06000
v 0.18500 1.36000 0.10392
v 0.19237 1.36750 -0.10392
v 0.15750 1.37299 -0.06000
v 0.14474 1.37500 0.00000
v 0.15750 1.37299 0.06000
v 0.19237 1.36750 0.10392
v 0.21250 1.37299 -0.10392
v 0.19237 1.38250 -0.06000
v 0.18500 1.38598 0.00000
v 0.19237 1.38250 0.06000
v 0.21250 1.37299 0.10392
v 0.24000 1.37500 -0.10392
v 0.24000 1.39000 0.00000
v 0.24000 1.37500 0.10392
v -0.22000 1.34000 0.05500
v -0.22000 1.10000 0.05500
v -0.19250 1.34000 0.04763
v -0.19250 1.10000 0.04763
v -0.17237 1.34000 0.02750
v -0.17237 1.10000 0.02750
v -0.16500 1.34000 -0.00000
v -0.16500 1.10000 0.00000
v -0.17237 1.34000 -0.02750
v -0.17237 1.10000 -0.02750
v -0.19250 1.34000 -0.04763
v -0.19250 1.10000 -0.04763
v -0.22000 1.34000 -0.05500
v -0.22000 1.10000 -0.05500
v -0.24750 1.34000 -0.04763
v -0.24750 1.10000 -0.04763
v -0.26763 1.34000 -0.02750
v -0.26763 1.10000 -0.02750
v -0.27500 1.34000 -0.00000
v -0.27500 1.10000 0.00000
v -0.26763 1.34000 0.02750
v -0.26763 1.10000 0.02750
v -0.24750 1.34000 0.04763
v -0.24750 1.10000 0.04763
v -0.19250 1.10000 0.04763
v -0.17237 1.10000 0.02750
v -0.22000 1.38763 -0.02750
v -0.16500 1.10000 0.00000
v -0.17237 1.10000 -0.02750
v -0.20625 1.36382 0.04763
v -0.19250 1.10000 -0.04763
v -0.19618 1.38125 0.02750
v -0.19250 1.38763 0.00000
v -0.19618 1.38125 -0.02750
v -0.20625 1.36382 -0.04763
v -0.19618 1.35375 0.04763
v -0.17875 1.36382 0.02750
v -0.17237 1.36750 0.00000
v -0.17875 1.36382 -0.02750
v -0.19618 1.35375 -0.04763
v -0.19618 1.11375 -0.04763
v -0.19250 1.34000 0.04763
v -0.17875 1.12382 -0.02750
v -0.17237 1.34000 0.02750
v -0.16500 1.34000 0.00000
v -0.17237 1.34000 -0.02750
v -0.19250 1.34000 -0.04763
v -0.17237 1.12750 0.00000
v -0.19618 1.32625 0.04763
v -0.17875 1.12382 0.02750
v -0.17875 1.31618 0.02750
v -0.17237 1.31250 0.00000
v -0.17875 1.31618 -0.02750
v -0.19618 1.32625 -0.04763
v -0.19618 1.11375 0.04763
v -0.20625 1.31618 0.04763
v -0.19618 1.29875 0.02750
v -0.19250 1.29237 0.00000
v -0.19618 1.29875 -0.02750
v -0.20625 1.31618 -0.04763
v -0.22000 1.31250 0.04763
v -0.20625 1.12382 0.04763
v -0.22000 1.29237 0.02750
v -0.22000 1.28500 0.00000
v -0.22000 1.29237 -0.02750
v -0.22000 1.31250 -0.04763
v -0.19618 1.14125 0.02750
v -0.23375 1.31618 0.04763
v -0.19250 1.14763 0.00000
v -0.24382 1.29875 0.02750
v -0.24750 1.29237 0.00000
v -0.24382 1.29875 -0.02750
v -0.23375 1.31618 -0.04763
v -0.19618 1.14125 -0.02750
v -0.24382 1.32625 0.04763
v -0.22000 1.34000 0.05500
v -0.26125 1.31618 0.02750
v -0.26763 1.31250 0.00000
v -0.26125 1.31618 -0.02750
v -0.24382 1.32625 -0.04763
v -0.22000 1.34000 -0.05500
v -0.24750 1.34000 0.04763
v -0.20625 1.12382 -0.04763
v -0.26763 1.34000 0.02750
v -0.27500 1.34000 0.00000
v -0.26763 1.34000 -0.02750
v -0.24750 1.34000 -0.04763
v -0.24382 1.35375 0.04763
v -0.26125 1.36382 0.02750
v -0.26763 1.36750 0.00000
v -0.26125 1.36382 -0.02750
v -0.24382 1.35375 -0.04763
v -0.23375 1.36382 0.04763
v -0.22000 1.14763 -0.02750
v -0.24382 1.38125 0.02750
v -0.24750 1.38763 0.00000
v -0.24382 1.38125 -0.02750
v -0.23375 1.36382 -0.04763
v -0.22000 1.36750 0.04763
v -0.22000 1.14763 0.02750
v -0.22000 1.38763 0.02750
v -0.22000 1.39500 0.00000
v -0.22000 1.36750 -0.04763
v -0.19618 1.08625 0.04763
v -0.17875 1.07618 0.02750
v -0.17237 1.07250 0.00000
v -0.17875 1.07618 -0.02750
v -0.19618 1.08625 -0.04763
v -0.20625 1.07618 0.04763
v -0.19618 1.05875 0.02750
v -0.19250 1.05237 0.00000
v -0.19618 1.05875 -0.02750
v -0.20625 1.07618 -0.04763
v -0.22000 1.07250 0.04763
v -0.22000 1.05237 0.02750
v -0.22000 1.04500 0.00000
v -0.22000 1.05237 -0.02750
v -0.22000 1.07250 -0.04763
v -0.22000 1.10000 0.05500
v -0.23375 1.07618 0.04763
v -0.24382 1.05875 0.02750
v -0.24750 1.05237 0.00000
v -0.24382 1.05875 -0.02750
v -0.23375 1.07618 -0.04763
v -0.22000 1.10000 -0.05500
v -0.24382 1.08625 0.04763
v -0.26125 1.07618 0.02750
v -0.26763 1.07250 0.00000
v -0.26125 1.07618 -0.02750
v -0.24382 1.08625 -0.04763
v -0.24750 1.10000 0.04763
v -0.26763 1.10000 0.02750
v -0.27500 1.10000 0.00000
v -0.26763 1.10000 -0.02750
v -0.24750 1.10000 -0.04763
v -0.24382 1.11375 0.04763
v -0.26125 1.12382 0.02750
v -0.26763 1.12750 0.00000
v -0.26125 1.12382 -0.02750
v -0.24382 1.11375 -0.04763
v -0.23375 1.12382 0.04763
v -0.24382 1.14125 0.02750
v -0.24750 1.14763 0.00000
v -0.24382 1.14125 -0.02750
v -0.23375 1.12382 -0.04763
v -0.22000 1.12750 0.04763
v -0.22000 1.15500 0.00000
v -0.22000 1.12750 -0.04763
v -0.22000 1.08000 0.04800
v -0.22000 0.86000 0.04800
v -0.19600 1.08000 0.04157
v -0.19600 0.86000 0.04157
v -0.17843 1.08000 0.02400
v -0.17843 0.86000 0.02400
v -0.17200 1.08000 -0.00000
v -0.17200 0.86000 0.00000
v -0.17843 1.08000 -0.02400
v -0.17843 0.86000 -0.02400
v -0.19600 1.08000 -0.04157
v -0.19600 0.86000 -0.04157
v -0.22000 1.08000 -0.04800
v -0.22000 0.86000 -0.04800
v -0.24400 1.08000 -0.04157
v -0.24400 0.86000 -0.04157
v -0.26157 1.08000 -0.02400
v -0.26157 0.86000 -0.02400
v -0.26800 1.08000 -0.00000
v -0.26800 0.86000 0.00000
v -0.26157 1.08000 0.02400
v -0.26157 0.86000 0.02400
v -0.24400 1.08000 0.04157
v -0.24400 0.86000 0.04157
v -0.19600 0.86000 0.04157
v -0.17843 0.86000 0.02400
v -0.22000 1.12157 -0.02400
v -0.17200 0.86000 0.00000
v -0.17843 0.86000 -0.02400
v -0.20800 1.10078 0.04157
v -0.19600 0.86000 -0.04157
v -0.19922 1.11600 0.02400
v -0.19600 1.12157 0.00000
v -0.19922 1.11600 -0.02400
v -0.20800 1.10078 -0.04157
v -0.19147 1.07459 0.05196
v -0.19922 1.09200 0.04157
v -0.17058 1.07063 0.03000
v -0.18400 1.10078 0.02400
v -0.17843 1.10400 0.00000
v -0.18400 1.10078 -0.02400
v -0.19922 1.09200 -0.04157
v -0.19922 0.87200 -0.04157
v -0.19600 1.08000 0.04157
v -0.18400 0.88078 -0.02400
v -0.17843 1.08000 0.02400
v -0.17200 1.08000 0.00000
v -0.17843 1.08000 -0.02400
v -0.19600 1.08000 -0.04157
v -0.17843 0.88400 0.00000
v -0.19922 1.06800 0.04157
v -0.18400 0.88078 0.02400
v -0.18400 1.05922 0.02400
v -0.17843 1.05600 0.00000
v -0.18400 1.05922 -0.02400
v -0.19922 1.06800 -0.04157
v -0.19922 0.87200 0.04157
v -0.20800 1.05922 0.04157
v -0.16294 1.06918 0.00000
v -0.19922 1.04400 0.02400
v -0.19600 1.03843 0.00000
v -0.19922 1.04400 -0.02400
v -0.20800 1.05922 -0.04157
v -0.17058 1.07063 -0.03000
v -0.22000 1.05600 0.04157
v -0.20800 0.88078 0.04157
v -0.22000 1.03843 0.02400
v -0.22000 1.03200 0.00000
v -0.22000 1.03843 -0.02400
v -0.22000 1.05600 -0.04157
v -0.19922 0.89600 0.02400
v -0.23200 1.05922 0.04157
v -0.19600 0.90157 0.00000
v -0.24078 1.04400 0.02400
v -0.24400 1.03843 0.00000
v -0.24078 1.04400 -0.02400
v -0.23200 1.05922 -0.04157
v -0.19922 0.89600 -0.02400
v -0.24078 1.06800 0.04157
v -0.22000 1.08000 0.04800
v -0.25600 1.05922 0.02400
v -0.26157 1.05600 0.00000
v -0.25600 1.05922 -0.02400
v -0.24078 1.06800 -0.04157
v -0.22000 1.08000 -0.04800
v -0.24400 1.08000 0.04157
v -0.20800 0.88078 -0.04157
v -0.26157 1.08000 0.02400
v -0.26800 1.08000 0.00000
v -0.26157 1.08000 -0.02400
v -0.24400 1.08000 -0.04157
v -0.19147 1.07459 -0.05196
v -0.24078 1.09200 0.04157
v -0.25600 1.10078 0.02400
v -0.26157 1.10400 0.00000
v -0.25600 1.10078 -0.02400
v -0.24078 1.09200 -0.04157
v -0.23200 1.10078 0.04157
v -0.22000 0.90157 -0.02400
v -0.24078 1.11600 0.02400
v -0.24400 1.12157 0.00000
v -0.24078 1.11600 -0.02400
v -0.23200 1.10078 -0.04157
v -0.19147 1.08541 -0.05196
v -0.22000 1.10400 0.04157
v -0.22000 0.90157 0.02400
v -0.22000 1.12157 0.02400
v -0.22000 1.12800 0.00000
v -0.17058 1.08937 -0.03000
v -0.22000 1.10400 -0.04157
v -0.16294 1.09082 0.00000
v -0.19922 0.84800 0.04157
v -0.18400 0.83922 0.02400
v -0.17843 0.83600 0.00000
v -0.18400 0.83922 -0.02400
v -0.19922 0.84800 -0.04157
v -0.17058 1.08937 0.03000
v -0.19147 1.08541 0.05196
v -0.20800 0.83922 0.04157
v -0.19922 0.82400 0.02400
v -0.19600 0.81843 0.00000
v -0.19922 0.82400 -0.02400
v -0.20800 0.83922 -0.04157
v -0.22000 0.83600 0.04157
v -0.22000 0.81843 0.02400
v -0.22000 0.81200 0.00000
v -0.22000 0.81843 -0.02400
v -0.22000 0.83600 -0.04157
v -0.20237 1.09416 0.05196
v -0.22000 0.86000 0.04800
v -0.23200 0.83922 0.04157
v -0.24078 0.82400 0.02400
v -0.24400 0.81843 0.00000
v -0.24078 0.82400 -0.02400
v -0.23200 0.83922 -0.04157
v -0.22000 0.86000 -0.04800
v -0.18946 1.10452 0.03000
v -0.24078 0.84800 0.04157
v -0.25600 0.83922 0.02400
v -0.26157 0.83600 0.00000
v -0.25600 0.83922 -0.02400
v -0.24078 0.84800 -0.04157
v -0.18473 1.10832 0.00000
v -0.18946 1.10452 -0.03000
v -0.24400 0.86000 0.04157
v -0.26157 0.86000 0.02400
v -0.26800 0.86000 0.00000
v -0.26157 0.86000 -0.02400
v -0.24400 0.86000 -0.04157
v -0.20237 1.09416 -0.05196
v -0.24078 0.87200 0.04157
v -0.25600 0.88078 0.02400
v -0.26157 0.88400 0.00000
v -0.25600 0.88078 -0.02400
v -0.24078 0.87200 -0.04157
v -0.23200 0.88078 0.04157
v -0.24078 0.89600 0.02400
v -0.24400 0.90157 0.00000
v -0.24078 0.89600 -0.02400
v -0.23200 0.88078 -0.04157
v -0.22000 0.88400 0.04157
v -0.22000 0.90800 0.00000
v -0.22000 0.88400 -0.04157
v -0.20237 1.06584 0.05196
v -0.18946 1.05548 0.03000
v -0.18473 1.05168 0.00000
v -0.18946 1.05548 -0.03000
v -0.20237 1.06584 -0.05196
v -0.22000 1.06250 0.05196
v -0.22000 1.04969 0.03000
v -0.22000 1.04500 0.00000
v -0.22000 1.04969 -0.03000
v -0.22000 1.06250 -0.05196
v -0.22000 1.08000 0.06000
v -0.23763 1.06584 0.05196
v -0.25054 1.05548 0.03000
v -0.25527 1.05168 0.00000
v -0.25054 1.05548 -0.03000
v -0.23763 1.06584 -0.05196
v -0.24853 1.07459 0.05196
v -0.26942 1.07063 0.03000
v -0.27706 1.06918 0.00000
v -0.26942 1.07063 -0.03000
v -0.24853 1.07459 -0.05196
v -0.24853 1.08541 0.05196
v -0.26942 1.08937 0.03000
v -0.27706 1.09082 0.00000
v -0.26942 1.08937 -0.03000
v -0.24853 1.08541 -0.05196
v -0.23763 1.09416 0.05196
v -0.25054 1.10452 0.03000
v -0.25527 1.10832 0.00000
v -0.25054 1.10452 -0.03000
v -0.23763 1.09416 -0.05196
v -0.22000 1.09750 0.05196
v -0.22000 1.11031 0.03000
v -0.22000 1.11500 0.00000
v -0.22000 1.11031 -0.03000
v -0.22000 1.09750 -0.05196
v -0.22000 1.08000 -0.06000
v -0.19922 0.85169 0.03641
v -0.18638 0.84655 0.01391
v -0.18638 0.84655 -0.01391
v -0.19922 0.85169 -0.03641
v -0.20677 0.84225 0.04464
v -0.19709 0.85853 0.03000
v -0.19355 0.86450 0.01000
v -0.19709 0.85853 -0.01000
v -0.20677 0.84225 -0.02464
v -0.19061 0.86000 -0.03641
v -0.17245 0.86000 -0.01391
v -0.19860 0.82850 0.04464
v -0.18294 0.83472 0.03000
v -0.17720 0.83700 0.01000
v -0.18294 0.83472 -0.01000
v -0.19860 0.82850 -0.02464
v -0.17245 0.86000 0.01391
v -0.19061 0.86000 0.03641
v -0.19860 0.81150 0.04464
v -0.18294 0.80528 0.03000
v -0.17720 0.80300 0.01000
v -0.18294 0.80528 -0.01000
v -0.19860 0.81150 -0.02464
v -0.20677 0.79775 0.04464
v -0.19709 0.78147 0.03000
v -0.19355 0.77550 0.01000
v -0.19709 0.78147 -0.01000
v -0.20677 0.79775 -0.02464
v -0.19922 0.86831 0.03641
v -0.18638 0.87345 0.01391
v -0.22000 0.79250 0.04464
v -0.22000 0.77237 0.03000
v -0.22000 0.76500 0.01000
v -0.22000 0.77237 -0.01000
v -0.22000 0.79250 -0.02464
v -0.18638 0.87345 -0.01391
v -0.19922 0.86831 -0.03641
v -0.23323 0.79775 0.04464
v -0.24291 0.78147 0.03000
v -0.24645 0.77550 0.01000
v -0.24291 0.78147 -0.01000
v -0.23323 0.79775 -0.02464
v -0.22000 0.82000 0.05000
v -0.24140 0.81150 0.04464
v -0.25706 0.80528 0.03000
v -0.26280 0.80300 0.01000
v -0.25706 0.80528 -0.01000
v -0.24140 0.81150 -0.02464
v -0.22000 0.82000 -0.03000
v -0.24140 0.82850 0.04464
v -0.25706 0.83472 0.03000
v -0.26280 0.83700 0.01000
v -0.25706 0.83472 -0.01000
v -0.24140 0.82850 -0.02464
v -0.23323 0.84225 0.04464
v -0.24291 0.85853 0.03000
v -0.24645 0.86450 0.01000
v -0.24291 0.85853 -0.01000
v -0.23323 0.84225 -0.02464
v -0.22000 0.84750 0.04464
v -0.22000 0.86763 0.03000
v -0.22000 0.87500 0.01000
v -0.22000 0.86763 -0.01000
v -0.22000 0.84750 -0.02464
v -0.22000 0.84824 0.03641
v -0.22000 0.84098 0.01391
v -0.22000 0.84098 -0.01391
v -0.22000 0.84824 -0.03641
v -0.24078 0.85169 0.03641
v -0.25362 0.84655 0.01391
v -0.25362 0.84655 -0.01391
v -0.24078 0.85169 -0.03641
v -0.22000 0.86000 -0.04500
v -0.22000 0.86000 0.04500
v -0.24939 0.86000 0.03641
v -0.26755 0.86000 0.01391
v -0.26755 0.86000 -0.01391
v -0.24939 0.86000 -0.03641
v -0.24078 0.86831 0.03641
v -0.25362 0.87345 0.01391
v -0.25362 0.87345 -0.01391
v -0.24078 0.86831 -0.03641
v -0.22000 0.87176 0.03641
v -0.22000 0.87902 0.01391
v -0.22000 0.87902 -0.01391
v -0.22000 0.87176 -0.03641
v 0.22000 1.34000 0.05500
v 0.22000 1.10000 0.05500
v 0.24750 1.34000 0.04763
v 0.24750 1.10000 0.04763
v 0.26763 1.34000 0.02750
v 0.26763 1.10000 0.02750
v 0.27500 1.34000 -0.00000
v 0.27500 1.10000 0.00000
v 0.26763 1.34000 -0.02750
v 0.26763 1.10000 -0.02750
v 0.24750 1.34000 -0.04763
v 0.24750 1.10000 -0.04763
v 0.22000 1.34000 -0.05500
v 0.22000 1.10000 -0.05500
v 0.19250 1.34000 -0.04763
v 0.19250 1.10000 -0.04763
v 0.17237 1.34000 -0.02750
v 0.17237 1.10000 -0.02750
v 0.16500 1.34000 -0.00000
v 0.16500 1.10000 0.00000
v 0.17237 1.34000 0.02750
v 0.17237 1.10000 0.02750
v 0.19250 1.34000 0.04763
v 0.19250 1.10000 0.04763
v 0.24750 1.10000 0.04763
v 0.26763 1.10000 0.02750
v 0.22000 1.38763 -0.02750
v 0.27500 1.10000 0.00000
v 0.26763 1.10000 -0.02750
v 0.23375 1.36382 0.04763
v 0.24750 1.10000 -0.04763
v 0.24382 1.38125 0.02750
v 0.24750 1.38763 0.00000
v 0.24382 1.38125 -0.02750
v 0.23375 1.36382 -0.04763
v 0.24382 1.35375 0.04763
v 0.26125 1.36382 0.02750
v 0.26763 1.36750 0.00000
v 0.26125 1.36382 -0.02750
v 0.24382 1.35375 -0.04763
v 0.24382 1.11375 -0.04763
v 0.24750 1.34000 0.04763
v 0.26125 1.12382 -0.02750
v 0.26763 1.34000 0.02750
v 0.27500 1.34000 0.00000
v 0.26763 1.34000 -0.02750
v 0.24750 1.34000 -0.04763
v 0.26763 1.12750 0.00000
v 0.24382 1.32625 0.04763
v 0.26125 1.12382 0.02750
v 0.26125 1.31618 0.02750
v 0.26763 1.31250 0.00000
v 0.26125 1.31618 -0.02750
v 0.24382 1.32625 -0.04763
v 0.24382 1.11375 0.04763
v 0.23375 1.31618 0.04763
v 0.24382 1.29875 0.02750
v 0.24750 1.29237 0.00000
v 0.24382 1.29875 -0.02750
v 0.23375 1.31618 -0.04763
v 0.22000 1.31250 0.04763
v 0.23375 1.12382 0.04763
v 0.22000 1.29237 0.02750
v 0.22000 1.28500 0.00000
v 0.22000 1.29237 -0.02750
v 0.22000 1.31250 -0.04763
v 0.24382 1.14125 0.02750
v 0.20625 1.31618 0.04763
v 0.24750 1.14763 0.00000
v 0.19618 1.29875 0.02750
v 0.19250 1.29237 0.00000
v 0.19618 1.29875 -0.02750
v 0.20625 1.31618 -0.04763
v 0.24382 1.14125 -0.02750
v 0.19618 1.32625 0.04763
v 0.22000 1.34000 0.05500
v 0.17875 1.31618 0.02750
v 0.17237 1.31250 0.00000
v 0.17875 1.31618 -0.02750
v 0.19618 1.32625 -0.04763
v 0.22000 1.34000 -0.05500
v 0.19250 1.34000 0.04763
v 0.23375 1.12382 -0.04763
v 0.17237 1.34000 0.02750
v 0.16500 1.34000 0.00000
v 0.17237 1.34000 -0.02750
v 0.19250 1.34000 -0.04763
v 0.19618 1.35375 0.04763
v 0.17875 1.36382 0.02750
v 0.17237 1.36750 0.00000
v 0.17875 1.36382 -0.02750
v 0.19618 1.35375 -0.04763
v 0.20625 1.36382 0.04763
v 0.22000 1.14763 -0.02750
v 0.19618 1.38125 0.02750
v 0.19250 1.38763 0.00000
v 0.19618 1.38125 -0.02750
v 0.20625 1.36382 -0.04763
v 0.22000 1.36750 0.04763
v 0.22000 1.14763 0.02750
v 0.22000 1.38763 0.02750
v 0.22000 1.39500 0.00000
v 0.22000 1.36750 -0.04763
v 0.24382 1.08625 0.04763
v 0.26125 1.07618 0.02750
v 0.26763 1.07250 0.00000
v 0.26125 1.07618 -0.02750
v 0.24382 1.08625 -0.04763
v 0.23375 1.07618 0.04763
v 0.24382 1.05875 0.02750
v 0.24750 1.05237 0.00000
v 0.24382 1.05875 -0.02750
v 0.23375 1.07618 -0.04763
v 0.22000 1.07250 0.04763
v 0.22000 1.05237 0.02750
v 0.22000 1.04500 0.00000
v 0.22000 1.05237 -0.02750
v 0.22000 1.07250 -0.04763
v 0.22000 1.10000 0.05500
v 0.20625 1.07618 0.04763
v 0.19618 1.05875 0.02750
v 0.19250 1.05237 0.00000
v 0.19618 1.05875 -0.02750
v 0.20625 1.07618 -0.04763
v 0.22000 1.10000 -0.05500
v 0.19618 1.08625 0.04763
v 0.17875 1.07618 0.02750
v 0.17237 1.07250 0.00000
v 0.17875 1.07618 -0.02750
v 0.19618 1.08625 -0.04763
v 0.19250 1.10000 0.04763
v 0.17237 1.10000 0.02750
v 0.16500 1.10000 0.00000
v 0.17237 1.10000 -0.02750
v 0.19250 1.10000 -0.04763
v 0.19618 1.11375 0.04763
v 0.17875 1.12382 0.02750
v 0.17237 1.12750 0.00000
v 0.17875 1.12382 -0.02750
v 0.19618 1.11375 -0.04763
v 0.20625 1.12382 0.04763
v 0.19618 1.14125 0.02750
v 0.19250 1.14763 0.00000
v 0.19618 1.14125 -0.02750
v 0.20625 1.12382 -0.04763
v 0.22000 1.12750 0.04763
v 0.22000 1.15500 0.00000
v 0.22000 1.12750 -0.04763
v 0.22000 1.08000 0.04800
v 0.22000 0.86000 0.04800
v 0.24400 1.08000 0.04157
v 0.24400 0.86000 0.04157
v 0.26157 1.08000 0.02400
v 0.26157 0.86000 0.02400
v 0.26800 1.08000 -0.00000
v 0.26800 0.86000 0.00000
v 0.26157 1.08000 -0.02400
v 0.26157 0.86000 -0.02400
v 0.24400 1.08000 -0.04157
v 0.24400 0.86000 -0.04157
v 0.22000 1.08000 -0.04800
v 0.22000 0.86000 -0.04800
v 0.19600 1.08000 -0.04157
v 0.19600 0.86000 -0.04157
v 0.17843 1.08000 -0.02400
v 0.17843 0.86000 -0.02400
v 0.17200 1.08000 -0.00000
v 0.17200 0.86000 0.00000
v 0.17843 1.08000 0.02400
v 0.17843 0.86000 0.02400
v 0.19600 1.08000 0.04157
v 0.19600 0.86000 0.04157
v 0.24400 0.86000 0.04157
v 0.26157 0.86000 0.02400
v 0.22000 1.12157 -0.02400
v 0.26800 0.86000 0.00000
v 0.26157 0.86000 -0.02400
v 0.23200 1.10078 0.04157
v 0.24400 0.86000 -0.04157
v 0.24078 1.11600 0.02400
v 0.24400 1.12157 0.00000
v 0.24078 1.11600 -0.02400
v 0.23200 1.10078 -0.04157
v 0.24853 1.07459 0.05196
v 0.24078 1.09200 0.04157
v 0.26942 1.07063 0.03000
v 0.25600 1.10078 0.02400
v 0.26157 1.10400 0.00000
v 0.25600 1.10078 -0.02400
v 0.24078 1.09200 -0.04157
v 0.24078 0.87200 -0.04157
v 0.24400 1.08000 0.04157
v 0.25600 0.88078 -0.02400
v 0.26157 1.08000 0.02400
v 0.26800 1.08000 0.00000
v 0.26157 1.08000 -0.02400
v 0.24400 1.08000 -0.04157
v 0.26157 0.88400 0.00000
v 0.24078 1.06800 0.04157
v 0.25600 0.88078 0.02400
v 0.25600 1.05922 0.02400
v 0.26157 1.05600 0.00000
v 0.25600 1.05922 -0.02400
v 0.24078 1.06800 -0.04157
v 0.24078 0.87200 0.04157
v 0.23200 1.05922 0.04157
v 0.27706 1.06918 0.00000
v 0.24078 1.04400 0.02400
v 0.24400 1.03843 0.00000
v 0.24078 1.04400 -0.02400
v 0.23200 1.05922 -0.04157
v 0.26942 1.07063 -0.03000
v 0.22000 1.05600 0.04157
v 0.23200 0.88078 0.04157
v 0.22000 1.03843 0.02400
v 0.22000 1.03200 0.00000
v 0.22000 1.03843 -0.02400
v 0.22000 1.05600 -0.04157
v 0.24078 0.89600 0.02400
v 0.20800 1.05922 0.04157
v 0.24400 0.90157 0.00000
v 0.19922 1.04400 0.02400
v 0.19600 1.03843 0.00000
v 0.19922 1.04400 -0.02400
v 0.20800 1.05922 -0.04157
v 0.24078 0.89600 -0.02400
v 0.19922 1.06800 0.04157
v 0.22000 1.08000 0.04800
v 0.18400 1.05922 0.02400
v 0.17843 1.05600 0.00000
v 0.18400 1.05922 -0.02400
v 0.19922 1.06800 -0.04157
v 0.22000 1.08000 -0.04800
v 0.19600 1.08000 0.04157
v 0.23200 0.88078 -0.04157
v 0.17843 1.08000 0.02400
v 0.17200 1.08000 0.00000
v 0.17843 1.08000 -0.02400
v 0.19600 1.08000 -0.04157
v 0.24853 1.07459 -0.05196
v 0.19922 1.09200 0.04157
v 0.18400 1.10078 0.02400
v 0.17843 1.10400 0.00000
v 0.18400 1.10078 -0.02400
v 0.19922 1.09200 -0.04157
v 0.20800 1.10078 0.04157
v 0.22000 0.90157 -0.02400
v 0.19922 1.11600 0.02400
v 0.19600 1.12157 0.00000
v 0.19922 1.11600 -0.02400
v 0.20800 1.10078 -0.04157
v 0.24853 1.08541 -0.05196
v 0.22000 1.10400 0.04157
v 0.22000 0.90157 0.02400
v 0.22000 1.12157 0.02400
v 0.22000 1.12800 0.00000
v 0.26942 1.08937 -0.03000
v 0.22000 1.10400 -0.04157
v 0.27706 1.09082 0.00000
v 0.24078 0.84800 0.04157
v 0.25600 0.83922 0.02400
v 0.26157 0.83600 0.00000
v 0.25600 0.83922 -0.02400
v 0.24078 0.84800 -0.04157
v 0.26942 1.08937 0.03000
v 0.24853 1.08541 0.05196
v 0.23200 0.83922 0.04157
v 0.24078 0.82400 0.02400
v 0.24400 0.81843 0.00000
v 0.24078 0.82400 -0.02400
v 0.23200 0.83922 -0.04157
v 0.22000 0.83600 0.04157
v 0.22000 0.81843 0.02400
v 0.22000 0.81200 0.00000
v 0.22000 0.81843 -0.02400
v 0.22000 0.83600 -0.04157
v 0.23763 1.09416 0.05196
v 0.22000 0.86000 0.04800
v 0.20800 0.83922 0.04157
v 0.19922 0.82400 0.02400
v 0.19600 0.81843 0.00000
v 0.19922 0.82400 -0.02400
v 0.20800 0.83922 -0.04157
v 0.22000 0.86000 -0.04800
v 0.25054 1.10452 0.03000
v 0.19922 0.84800 0.04157
v 0.18400 0.83922 0.02400
v 0.17843 0.83600 0.00000
v 0.18400 0.83922 -0.02400
v 0.19922 0.84800 -0.04157
v 0.25527 1.10832 0.00000
v 0.25054 1.10452 -0.03000
v 0.19600 0.86000 0.04157
v 0.17843 0.86000 0.02400
v 0.17200 0.86000 0.00000
v 0.17843 0.86000 -0.02400
v 0.19600 0.86000 -0.04157
v 0.23763 1.09416 -0.05196
v 0.19922 0.87200 0.04157
v 0.18400 0.88078 0.02400
v 0.17843 0.88400 0.00000
v 0.18400 0.88078 -0.02400
v 0.19922 0.87200 -0.04157
v 0.20800 0.88078 0.04157
v 0.19922 0.89600 0.02400
v 0.19600 0.90157 0.00000
v 0.19922 0.89600 -0.02400
v 0.20800 0.88078 -0.04157
v 0.22000 0.88400 0.04157
v 0.22000 0.90800 0.00000
v 0.22000 0.88400 -0.04157
v 0.23763 1.06584 0.05196
v 0.25054 1.05548 0.03000
v 0.25527 1.05168 0.00000
v 0.25054 1.05548 -0.03000
v 0.23763 1.06584 -0.05196
v 0.22000 1.06250 0.05196
v 0.22000 1.04969 0.03000
v 0.22000 1.04500 0.00000
v 0.22000 1.04969 -0.03000
v 0.22000 1.06250 -0.05196
v 0.22000 1.08000 0.06000
v 0.20237 1.06584 0.05196
v 0.18946 1.05548 0.03000
v 0.18473 1.05168 0.00000
v 0.18946 1.05548 -0.03000
v 0.20237 1.06584 -0.05196
v 0.19147 1.07459 0.05196
v 0.17058 1.07063 0.03000
v 0.16294 1.06918 0.00000
v 0.17058 1.07063 -0.03000
v 0.19147 1.07459 -0.05196
v 0.19147 1.08541 0.05196
v 0.17058 1.08937 0.03000
v 0.16294 1.09082 0.00000
v 0.17058 1.08937 -0.03000
v 0.19147 1.08541 -0.05196
v 0.20237 1.09416 0.05196
v 0.18946 1.10452 0.03000
v 0.18473 1.10832 0.00000
v 0.18946 1.10452 -0.03000
v 0.20237 1.09416 -0.05196
v 0.22000 1.09750 0.05196
v 0.22000 1.11031 0.03000
v 0.22000 1.11500 0.00000
v 0.22000 1.11031 -0.03000
v 0.22000 1.09750 -0.05196
v 0.22000 1.08000 -0.06000
v 0.24078 0.85169 0.03641
v 0.25362 0.84655 0.01391
v 0.25362 0.84655 -0.01391
v 0.24078 0.85169 -0.03641
v 0.23323 0.84225 0.04464
v 0.24291 0.85853 0.03000
v 0.24645 0.86450 0.01000
v 0.24291 0.85853 -0.01000
v 0.23323 0.84225 -0.02464
v 0.24939 0.86000 -0.03641
v 0.26755 0.86000 -0.01391
v 0.24140 0.82850 0.04464
v 0.25706 0.83472 0.03000
v 0.26280 0.83700 0.01000
v 0.25706 0.83472 -0.01000
v 0.24140 0.82850 -0.02464
v 0.26755 0.86000 0.01391
v 0.24939 0.86000 0.03641
v 0.24140 0.81150 0.04464
v 0.25706 0.80528 0.03000
v 0.26280 0.80300 0.01000
v 0.25706 0.80528 -0.01000
v 0.24140 0.81150 -0.02464
v 0.23323 0.79775 0.04464
v 0.24291 0.78147 0.03000
v 0.24645 0.77550 0.01000
v 0.24291 0.78147 -0.01000
v 0.23323 0.79775 -0.02464
v 0.24078 0.86831 0.03641
v 0.25362 0.87345 0.01391
v 0.22000 0.79250 0.04464
v 0.22000 0.77237 0.03000
v 0.22000 0.76500 0.01000
v 0.22000 0.77237 -0.01000
v 0.22000 0.79250 -0.02464
v 0.25362 0.87345 -0.01391
v 0.24078 0.86831 -0.03641
v 0.20677 0.79775 0.04464
v 0.19709 0.78147 0.03000
v 0.19355 0.77550 0.01000
v 0.19709 0.78147 -0.01000
v 0.20677 0.79775 -0.02464
v 0.22000 0.82000 0.05000
v 0.19860 0.81150 0.04464
v 0.18294 0.80528 0.03000
v 0.17720 0.80300 0.01000
v 0.18294 0.80528 -0.01000
v 0.19860 0.81150 -0.02464
v 0.22000 0.82000 -0.03000
v 0.19860 0.82850 0.04464
v 0.18294 0.83472 0.03000
v 0.17720 0.83700 0.01000
v 0.18294 0.83472 -0.01000
v 0.19860 0.82850 -0.02464
v 0.20677 0.84225 0.04464
v 0.19709 0.85853 0.03000
v 0.19355 0.86450 0.01000
v 0.19709 0.85853 -0.01000
v 0.20677 0.84225 -0.02464
v 0.22000 0.84750 0.04464
v 0.22000 0.86763 0.03000
v 0.22000 0.87500 0.01000
v 0.22000 0.86763 -0.01000
v 0.22000 0.84750 -0.02464
v 0.22000 0.84824 0.03641
v 0.22000 0.84098 0.01391
v 0.22000 0.84098 -0.01391
v 0.22000 0.84824 -0.03641
v 0.19922 0.85169 0.03641
v 0.18638 0.84655 0.01391
v 0.18638 0.84655 -0.01391
v 0.19922 0.85169 -0.03641
v 0.22000 0.86000 -0.04500
v 0.22000 0.86000 0.04500
v 0.19061 0.86000 0.03641
v 0.17245 0.86000 0.01391
v 0.17245 0.86000 -0.01391
v 0.19061 0.86000 -0.03641
v 0.19922 0.86831 0.03641
v 0.18638 0.87345 0.01391
v 0.18638 0.87345 -0.01391
v 0.19922 0.86831 -0.03641
v 0.22000 0.87176 0.03641
v 0.22000 0.87902 0.01391
v 0.22000 0.87902 -0.01391
v 0.22000 0.87176 -0.03641
v 0.25479 0.82319 0.09320
v 0.30600 0.80000 0.08961
v 0.24030 0.78129 0.11795
v 0.25013 0.22057 0.14798
v 0.25294 0.78112 0.11247
v 0.25575 0.22050 0.14554
v 0.25799 0.78030 0.09968
v 0.25800 0.22013 0.13986
v 0.25251 0.77930 0.08708
v 0.25556 0.21969 0.13426
v 0.23970 0.77871 0.08205
v 0.24987 0.21943 0.13202
v 0.22706 0.77888 0.08753
v 0.24425 0.21950 0.13446
v 0.22201 0.77970 0.10032
v 0.24200 0.21987 0.14014
v 0.22749 0.78070 0.11292
v 0.24444 0.22031 0.14574
v 0.18000 0.81200 0.10000
v 0.30000 0.81200 0.10000
v 0.18000 0.80849 0.09151
v 0.30000 0.80849 0.09151
v 0.18000 0.80000 0.08800
v 0.30000 0.80000 0.08800
v 0.18000 0.79151 0.09151
v 0.30000 0.79151 0.09151
v 0.18000 0.78800 0.10000
v 0.30000 0.78800 0.10000
v 0.18000 0.79151 0.10849
v 0.30000 0.79151 0.10849
v 0.18000 0.80000 0.11200
v 0.30000 0.80000 0.11200
v 0.18000 0.80849 0.10849
v 0.30000 0.80849 0.10849
v 0.31039 0.80000 0.09400
v 0.31200 0.80000 0.10000
v 0.31039 0.80000 0.10600
v 0.30600 0.80000 0.11039
v 0.24914 0.82961 0.08220
v 0.18424 0.80424 0.11039
v 0.18735 0.80735 0.10600
v 0.18849 0.80849 0.10000
v 0.18735 0.80735 0.09400
v 0.18424 0.80424 0.08961
v 0.30424 0.80424 0.11039
v 0.18600 0.80000 0.11039
v 0.30735 0.80735 0.10600
v 0.19039 0.80000 0.10600
v 0.19200 0.80000 0.10000
v 0.19039 0.80000 0.09400
v 0.18600 0.80000 0.08961
v 0.30849 0.80849 0.10000
v 0.18424 0.79576 0.11039
v 0.30735 0.80735 0.09400
v 0.18735 0.79265 0.10600
v 0.18849 0.79151 0.10000
v 0.18735 0.79265 0.09400
v 0.18424 0.79576 0.08961
v 0.30424 0.80424 0.08961
v 0.18000 0.79400 0.11039
v 0.24600 0.84000 0.08961
v 0.18000 0.78961 0.10600
v 0.18000 0.78800 0.10000
v 0.18000 0.78961 0.09400
v 0.18000 0.79400 0.08961
v 0.25293 0.84000 0.08220
v 0.17576 0.79576 0.11039
v 0.26092 0.84000 0.09320
v 0.17265 0.79265 0.10600
v 0.17151 0.79151 0.10000
v 0.17265 0.79265 0.09400
v 0.17576 0.79576 0.08961
v 0.18000 0.80000 0.08800
v 0.17400 0.80000 0.11039
v 0.26092 0.84000 0.10680
v 0.16961 0.80000 0.10600
v 0.16800 0.80000 0.10000
v 0.16961 0.80000 0.09400
v 0.17400 0.80000 0.08961
v 0.25293 0.84000 0.11780
v 0.17576 0.80424 0.11039
v 0.23151 0.84000 0.09151
v 0.17265 0.80735 0.10600
v 0.17151 0.80849 0.10000
v 0.17265 0.80735 0.09400
v 0.17576 0.80424 0.08961
v 0.23151 0.78000 0.09151
v 0.18000 0.80600 0.11039
v 0.18000 0.80000 0.11200
v 0.18000 0.81039 0.10600
v 0.18000 0.81200 0.10000
v 0.18000 0.81039 0.09400
v 0.18000 0.80600 0.08961
v 0.24914 0.85039 0.11780
v 0.25479 0.85681 0.10680
v 0.30424 0.79576 0.08961
v 0.30735 0.79265 0.09400
v 0.30849 0.79151 0.10000
v 0.30735 0.79265 0.10600
v 0.30424 0.79576 0.11039
v 0.25479 0.85681 0.09320
v 0.24914 0.85039 0.08220
v 0.30000 0.79400 0.08961
v 0.30000 0.78961 0.09400
v 0.30000 0.78800 0.10000
v 0.30000 0.78961 0.10600
v 0.30000 0.79400 0.11039
v 0.22800 0.84000 0.10000
v 0.22800 0.78000 0.10000
v 0.29576 0.79576 0.08961
v 0.29265 0.79265 0.09400
v 0.29151 0.79151 0.10000
v 0.29265 0.79265 0.10600
v 0.29576 0.79576 0.11039
v 0.30000 0.80000 0.11200
v 0.30000 0.80000 0.08800
v 0.29400 0.80000 0.08961
v 0.28961 0.80000 0.09400
v 0.28800 0.80000 0.10000
v 0.28961 0.80000 0.10600
v 0.29400 0.80000 0.11039
v 0.23151 0.84000 0.10849
v 0.23151 0.78000 0.10849
v 0.29576 0.80424 0.08961
v 0.29265 0.80735 0.09400
v 0.29151 0.80849 0.10000
v 0.29265 0.80735 0.10600
v 0.29576 0.80424 0.11039
v 0.24000 0.84000 0.11200
v 0.24000 0.78000 0.11200
v 0.30000 0.80600 0.08961
v 0.30000 0.81039 0.09400
v 0.30000 0.81200 0.10000
v 0.30000 0.81039 0.10600
v 0.30000 0.80600 0.11039
v 0.24849 0.84000 0.10849
v 0.25479 0.82319 0.10680
v 0.24914 0.82961 0.11780
v 0.24849 0.78000 0.10849
v 0.24000 0.81622 0.09320
v 0.24000 0.82531 0.08220
v 0.25200 0.84000 0.10000
v 0.24000 0.81622 0.10680
v 0.24000 0.82531 0.11780
v 0.25200 0.78000 0.10000
v 0.22521 0.82319 0.09320
v 0.23086 0.82961 0.08220
v 0.24849 0.84000 0.09151
v 0.22521 0.82319 0.10680
v 0.23086 0.82961 0.11780
v 0.24000 0.84000 0.12200
v 0.21908 0.84000 0.09320
v 0.22707 0.84000 0.08220
v 0.24000 0.84000 0.07800
v 0.21908 0.84000 0.10680
v 0.22707 0.84000 0.11780
v 0.24849 0.78000 0.09151
v 0.22521 0.85681 0.09320
v 0.23086 0.85039 0.08220
v 0.24000 0.84000 0.08800
v 0.22521 0.85681 0.10680
v 0.23086 0.85039 0.11780
v 0.24000 0.78000 0.08800
v 0.24000 0.86378 0.09320
v 0.24000 0.85469 0.08220
v 0.25039 0.84000 0.09400
v 0.24000 0.86378 0.10680
v 0.24000 0.85469 0.11780
v 0.25200 0.84000 0.10000
v 0.25039 0.84000 0.10600
v 0.24600 0.84000 0.11039
v 0.24849 0.78849 0.10000
v 0.24735 0.78735 0.10600
v 0.24424 0.78424 0.11039
v 0.24735 0.78735 0.09400
v 0.24424 0.78424 0.08961
v 0.24424 0.84424 0.11039
v 0.25200 0.78000 0.10000
v 0.25039 0.78000 0.10600
v 0.24735 0.84735 0.10600
v 0.24600 0.78000 0.11039
v 0.25039 0.78000 0.09400
v 0.24600 0.78000 0.08961
v 0.24849 0.84849 0.10000
v 0.24849 0.77151 0.10000
v 0.24735 0.77265 0.10600
v 0.24735 0.84735 0.09400
v 0.24424 0.77576 0.11039
v 0.24735 0.77265 0.09400
v 0.24424 0.77576 0.08961
v 0.24424 0.84424 0.08961
v 0.24000 0.76800 0.10000
v 0.24000 0.76961 0.10600
v 0.24000 0.77400 0.11039
v 0.24000 0.76961 0.09400
v 0.24000 0.77400 0.08961
v 0.23151 0.77151 0.10000
v 0.23265 0.77265 0.10600
v 0.23576 0.77576 0.11039
v 0.23265 0.77265 0.09400
v 0.23576 0.77576 0.08961
v 0.24000 0.78000 0.08800
v 0.22800 0.78000 0.10000
v 0.22961 0.78000 0.10600
v 0.24000 0.78000 0.11200
v 0.23400 0.78000 0.11039
v 0.22961 0.78000 0.09400
v 0.23400 0.78000 0.08961
v 0.23151 0.78849 0.10000
v 0.23265 0.78735 0.10600
v 0.23576 0.78424 0.11039
v 0.23265 0.78735 0.09400
v 0.23576 0.78424 0.08961
v 0.24000 0.79200 0.10000
v 0.24000 0.79039 0.10600
v 0.24000 0.78600 0.11039
v 0.24000 0.79039 0.09400
v 0.24000 0.78600 0.08961
v 0.24424 0.83576 0.08961
v 0.24735 0.83265 0.09400
v 0.24849 0.83151 0.10000
v 0.24735 0.83265 0.10600
v 0.24424 0.83576 0.11039
v 0.24000 0.83400 0.08961
v 0.24000 0.82961 0.09400
v 0.24000 0.82800 0.10000
v 0.24000 0.82961 0.10600
v 0.24000 0.83400 0.11039
v 0.23576 0.83576 0.08961
v 0.23265 0.83265 0.09400
v 0.23151 0.83151 0.10000
v 0.23265 0.83265 0.10600
v 0.23576 0.83576 0.11039
v 0.24000 0.84000 0.11200
v 0.24000 0.84000 0.08800
v 0.23400 0.84000 0.08961
v 0.22961 0.84000 0.09400
v 0.22800 0.84000 0.10000
v 0.22961 0.84000 0.10600
v 0.23400 0.84000 0.11039
v 0.23576 0.84424 0.08961
v 0.23265 0.84735 0.09400
v 0.23151 0.84849 0.10000
v 0.23265 0.84735 0.10600
v 0.23576 0.84424 0.11039
v 0.24000 0.84600 0.08961
v 0.24000 0.85039 0.09400
v 0.24000 0.85200 0.10000
v 0.24000 0.85039 0.10600
v 0.24000 0.84600 0.11039
v -0.11000 0.92000 0.08000
v -0.11000 0.52000 0.06500
v -0.07529 0.92000 0.07208
v -0.08180 0.52000 0.05856
v -0.04745 0.92000 0.04988
v -0.05918 0.52000 0.04053
v -0.03201 0.92000 0.01780
v -0.04663 0.52000 0.01446
v -0.03201 0.92000 -0.01780
v -0.04663 0.52000 -0.01446
v -0.04745 0.92000 -0.04988
v -0.05918 0.52000 -0.04053
v -0.07529 0.92000 -0.07208
v -0.08180 0.52000 -0.05856
v -0.11000 0.92000 -0.08000
v -0.11000 0.52000 -0.06500
v -0.14471 0.92000 -0.07208
v -0.13820 0.52000 -0.05856
v -0.17255 0.92000 -0.04988
v -0.16082 0.52000 -0.04053
v -0.18799 0.92000 -0.01780
v -0.17337 0.52000 -0.01446
v -0.18799 0.92000 0.01780
v -0.17337 0.52000 0.01446
v -0.17255 0.92000 0.04988
v -0.16082 0.52000 0.04053
v -0.14471 0.92000 0.07208
v -0.13820 0.52000 0.05856
v -0.11000 0.50344 0.06190
v -0.11000 0.14277 0.06992
v -0.08310 0.50310 0.05577
v -0.08831 0.14250 0.06498
v -0.06153 0.50214 0.03860
v -0.07091 0.14173 0.05113
v -0.04955 0.50077 0.01378
v -0.06125 0.14062 0.03111
v -0.04955 0.49923 -0.01378
v -0.06125 0.13938 0.00889
v -0.06153 0.49786 -0.03860
v -0.07091 0.13827 -0.01113
v -0.08310 0.49690 -0.05577
v -0.08831 0.13750 -0.02498
v -0.11000 0.49656 -0.06190
v -0.11000 0.13723 -0.02992
v -0.13690 0.49690 -0.05577
v -0.13169 0.13750 -0.02498
v -0.15847 0.49786 -0.03860
v -0.14909 0.13827 -0.01113
v -0.17045 0.49923 -0.01378
v -0.15875 0.13938 0.00889
v -0.17045 0.50077 0.01378
v -0.15875 0.14062 0.03111
v -0.15847 0.50214 0.03860
v -0.14909 0.14173 0.05113
v -0.13690 0.50310 0.05577
v -0.13169 0.14250 0.06498
v -0.08943 0.51618 0.08062
v -0.07437 0.52803 0.05500
v -0.06886 0.53236 0.02000
v -0.07437 0.52803 -0.01500
v -0.08943 0.51618 -0.04062
v -0.07671 0.50618 0.08062
v -0.05235 0.51070 0.05500
v -0.04343 0.51236 0.02000
v -0.05235 0.51070 -0.01500
v -0.07671 0.50618 -0.04062
v -0.07671 0.49382 0.08062
v -0.05235 0.48930 0.05500
v -0.04343 0.48764 0.02000
v -0.05235 0.48930 -0.01500
v -0.07671 0.49382 -0.04062
v -0.08943 0.48382 0.08062
v -0.07437 0.47197 0.05500
v -0.06886 0.46764 0.02000
v -0.07437 0.47197 -0.01500
v -0.08943 0.48382 -0.04062
v -0.11000 0.48000 0.08062
v -0.11000 0.46536 0.05500
v -0.11000 0.46000 0.02000
v -0.11000 0.46536 -0.01500
v -0.11000 0.48000 -0.04062
v -0.13057 0.48382 0.08062
v -0.11000 0.50000 0.09000
v -0.14563 0.47197 0.05500
v -0.15114 0.46764 0.02000
v -0.14563 0.47197 -0.01500
v -0.13057 0.48382 -0.04062
v -0.14329 0.49382 0.08062
v -0.16765 0.48930 0.05500
v -0.17657 0.48764 0.02000
v -0.16765 0.48930 -0.01500
v -0.14329 0.49382 -0.04062
v -0.11000 0.50000 -0.05000
v -0.14329 0.50618 0.08062
v -0.16765 0.51070 0.05500
v -0.17657 0.51236 0.02000
v -0.16765 0.51070 -0.01500
v -0.14329 0.50618 -0.04062
v -0.13057 0.51618 0.08062
v -0.14563 0.52803 0.05500
v -0.15114 0.53236 0.02000
v -0.14563 0.52803 -0.01500
v -0.13057 0.51618 -0.04062
v -0.11000 0.52000 0.08062
v -0.11000 0.53464 0.05500
v -0.11000 0.54000 0.02000
v -0.11000 0.53464 -0.01500
v -0.11000 0.52000 -0.04062
v -0.07638 0.09210 0.03545
v -0.11000 0.07452 0.16911
v -0.07638 0.09210 0.00455
v -0.11000 0.09887 0.09448
v -0.11000 0.09887 0.04552
v -0.08922 0.08748 -0.02045
v -0.11000 0.07452 -0.02911
v -0.09807 0.07191 0.16911
v -0.08850 0.08547 0.13858
v -0.08319 0.09299 0.09448
v -0.08319 0.09299 0.04552
v -0.08850 0.08547 0.00142
v -0.09807 0.07191 -0.02911
v -0.11000 0.05500 0.18000
v -0.08933 0.06476 0.16911
v -0.07276 0.07259 0.13858
v -0.06356 0.07694 0.09448
v -0.06356 0.07694 0.04552
v -0.07276 0.07259 0.00142
v -0.08933 0.06476 -0.02911
v -0.08614 0.05500 0.16911
v -0.06700 0.05500 0.13858
v -0.05638 0.05500 0.09448
v -0.05638 0.05500 0.04552
v -0.06700 0.05500 0.00142
v -0.08614 0.05500 -0.02911
v -0.12646 0.06257 0.18188
v -0.13645 0.08128 0.12302
v -0.08933 0.04524 0.16911
v -0.07276 0.03741 0.13858
v -0.06356 0.03306 0.09448
v -0.06356 0.03306 0.04552
v -0.07276 0.03741 0.00142
v -0.08933 0.04524 -0.02911
v -0.13663 0.04862 0.18072
v -0.15280 0.05886 0.12115
v -0.09807 0.03809 0.16911
v -0.08850 0.02453 0.13858
v -0.08319 0.01701 0.09448
v -0.08319 0.01701 0.04552
v -0.08850 0.02453 0.00142
v -0.09807 0.03809 -0.02911
v -0.13663 0.03138 0.17928
v -0.15280 0.03114 0.11885
v -0.11000 0.03548 0.16911
v -0.11000 0.01982 0.13858
v -0.11000 0.01113 0.09448
v -0.11000 0.01113 0.04552
v -0.11000 0.01982 0.00142
v -0.11000 0.03548 -0.02911
v -0.12646 0.01743 0.17812
v -0.13645 0.00872 0.11698
v -0.12193 0.03809 0.16911
v -0.13150 0.02453 0.13858
v -0.13681 0.01701 0.09448
v -0.13681 0.01701 0.04552
v -0.13150 0.02453 0.00142
v -0.12193 0.03809 -0.02911
v -0.11000 0.05500 -0.04000
v -0.11000 0.01210 0.17767
v -0.13067 0.04524 0.16911
v -0.14724 0.03741 0.13858
v -0.15644 0.03306 0.09448
v -0.15644 0.03306 0.04552
v -0.14724 0.03741 0.00142
v -0.13067 0.04524 -0.02911
v -0.11000 0.00016 0.11626
v -0.09354 0.01743 0.17812
v -0.13386 0.05500 0.16911
v -0.15300 0.05500 0.13858
v -0.16362 0.05500 0.09448
v -0.16362 0.05500 0.04552
v -0.15300 0.05500 0.00142
v -0.13386 0.05500 -0.02911
v -0.08355 0.00872 0.11698
v -0.08337 0.03138 0.17928
v -0.13067 0.06476 0.16911
v -0.14724 0.07259 0.13858
v -0.15644 0.07694 0.09448
v -0.15644 0.07694 0.04552
v -0.14724 0.07259 0.00142
v -0.13067 0.06476 -0.02911
v -0.06720 0.03114 0.11885
v -0.08337 0.04862 0.18072
v -0.12193 0.07191 0.16911
v -0.13150 0.08547 0.13858
v -0.13681 0.09299 0.09448
v -0.13681 0.09299 0.04552
v -0.13150 0.08547 0.00142
v -0.12193 0.07191 -0.02911
v -0.06720 0.05886 0.12115
v -0.09354 0.06257 0.18188
v -0.08355 0.08128 0.12302
v -0.11000 0.09018 0.13858
v -0.11000 0.06790 0.18233
v -0.11000 0.08984 0.12374
v -0.11000 0.09018 0.00142
v -0.08922 0.08748 0.06045
v -0.06245 0.08000 0.03545
v -0.06245 0.08000 0.00455
v -0.08061 0.08000 -0.02045
v -0.08061 0.08000 0.06045
v -0.07638 0.06790 0.03545
v -0.07638 0.06790 0.00455
v -0.08922 0.07252 -0.02045
v -0.08922 0.07252 0.06045
v -0.11000 0.06288 0.03545
v -0.11000 0.06288 0.00455
v -0.11000 0.06942 -0.02045
v -0.11000 0.06942 0.06045
v -0.14362 0.06790 0.03545
v -0.14362 0.06790 0.00455
v -0.13078 0.07252 -0.02045
v -0.11000 0.08000 -0.03000
v -0.11000 0.08000 0.07000
v -0.13078 0.07252 0.06045
v -0.15755 0.08000 0.03545
v -0.15755 0.08000 0.00455
v -0.13939 0.08000 -0.02045
v -0.13939 0.08000 0.06045
v -0.14362 0.09210 0.03545
v -0.14362 0.09210 0.00455
v -0.13078 0.08748 -0.02045
v -0.13078 0.08748 0.06045
v -0.11000 0.09712 0.03545
v -0.11000 0.09712 0.00455
v -0.11000 0.09058 -0.02045
v -0.11000 0.09058 0.06045
v 0.11000 0.92000 0.08000
v 0.11000 0.52000 0.06500
v 0.14471 0.92000 0.07208
v 0.13820 0.52000 0.05856
v 0.17255 0.92000 0.04988
v 0.16082 0.52000 0.04053
v 0.18799 0.92000 0.01780
v 0.17337 0.52000 0.01446
v 0.18799 0.92000 -0.01780
v 0.17337 0.52000 -0.01446
v 0.17255 0.92000 -0.04988
v 0.16082 0.52000 -0.04053
v 0.14471 0.92000 -0.07208
v 0.13820 0.52000 -0.05856
v 0.11000 0.92000 -0.08000
v 0.11000 0.52000 -0.06500
v 0.07529 0.92000 -0.07208
v 0.08180 0.52000 -0.05856
v 0.04745 0.92000 -0.04988
v 0.05918 0.52000 -0.04053
v 0.03201 0.92000 -0.01780
v 0.04663 0.52000 -0.01446
v 0.03201 0.92000 0.01780
v 0.04663 0.52000 0.01446
v 0.04745 0.92000 0.04988
v 0.05918 0.52000 0.04053
v 0.07529 0.92000 0.07208
v 0.08180 0.52000 0.05856
v 0.11000 0.50344 0.06190
v 0.11000 0.14277 0.06992
v 0.13690 0.50310 0.05577
v 0.13169 0.14250 0.06498
v 0.15847 0.50214 0.03860
v 0.14909 0.14173 0.05113
v 0.17045 0.50077 0.01378
v 0.15875 0.14062 0.03111
v 0.17045 0.49923 -0.01378
v 0.15875 0.13938 0.00889
v 0.15847 0.49786 -0.03860
v 0.14909 0.13827 -0.01113
v 0.13690 0.49690 -0.05577
v 0.13169 0.13750 -0.02498
v 0.11000 0.49656 -0.06190
v 0.11000 0.13723 -0.02992
v 0.08310 0.49690 -0.05577
v 0.08831 0.13750 -0.02498
v 0.06153 0.49786 -0.03860
v 0.07091 0.13827 -0.01113
v 0.04955 0.49923 -0.01378
v 0.06125 0.13938 0.00889
v 0.04955 0.50077 0.01378
v 0.06125 0.14062 0.03111
v 0.06153 0.50214 0.03860
v 0.07091 0.14173 0.05113
v 0.08310 0.50310 0.05577
v 0.08831 0.14250 0.06498
v 0.13057 0.51618 0.08062
v 0.14563 0.52803 0.05500
v 0.15114 0.53236 0.02000
v 0.14563 0.52803 -0.01500
v 0.13057 0.51618 -0.04062
v 0.14329 0.50618 0.08062
v 0.16765 0.51070 0.05500
v 0.17657 0.51236 0.02000
v 0.16765 0.51070 -0.01500
v 0.14329 0.50618 -0.04062
v 0.14329 0.49382 0.08062
v 0.16765 0.48930 0.05500
v 0.17657 0.48764 0.02000
v 0.16765 0.48930 -0.01500
v 0.14329 0.49382 -0.04062
v 0.13057 0.48382 0.08062
v 0.14563 0.47197 0.05500
v 0.15114 0.46764 0.02000
v 0.14563 0.47197 -0.01500
v 0.13057 0.48382 -0.04062
v 0.11000 0.48000 0.08062
v 0.11000 0.46536 0.05500
v 0.11000 0.46000 0.02000
v 0.11000 0.46536 -0.01500
v 0.11000 0.48000 -0.04062
v 0.08943 0.48382 0.08062
v 0.11000 0.50000 0.09000
v 0.07437 0.47197 0.05500
v 0.06886 0.46764 0.02000
v 0.07437 0.47197 -0.01500
v 0.08943 0.48382 -0.04062
v 0.07671 0.49382 0.08062
v 0.05235 0.48930 0.05500
v 0.04343 0.48764 0.02000
v 0.05235 0.48930 -0.01500
v 0.07671 0.49382 -0.04062
v 0.11000 0.50000 -0.05000
v 0.07671 0.50618 0.08062
v 0.05235 0.51070 0.05500
v 0.04343 0.51236 0.02000
v 0.05235 0.51070 -0.01500
v 0.07671 0.50618 -0.04062
v 0.08943 0.51618 0.08062
v 0.07437 0.52803 0.05500
v 0.06886 0.53236 0.02000
v 0.07437 0.52803 -0.01500
v 0.08943 0.51618 -0.04062
v 0.11000 0.52000 0.08062
v 0.11000 0.53464 0.05500
v 0.11000 0.54000 0.02000
v 0.11000 0.53464 -0.01500
v 0.11000 0.52000 -0.04062
v 0.14362 0.09210 0.03545
v 0.11000 0.07452 0.16911
v 0.14362 0.09210 0.00455
v 0.11000 0.09887 0.09448
v 0.11000 0.09887 0.04552
v 0.13078 0.08748 -0.02045
v 0.11000 0.07452 -0.02911
v 0.12193 0.07191 0.16911
v 0.13150 0.08547 0.13858
v 0.13681 0.09299 0.09448
v 0.13681 0.09299 0.04552
v 0.13150 0.08547 0.00142
v 0.12193 0.07191 -0.02911
v 0.11000 0.05500 0.18000
v 0.13067 0.06476 0.16911
v 0.14724 0.07259 0.13858
v 0.15644 0.07694 0.09448
v 0.15644 0.07694 0.04552
v 0.14724 0.07259 0.00142
v 0.13067 0.06476 -0.02911
v 0.13386 0.05500 0.16911
v 0.15300 0.05500 0.13858
v 0.16362 0.05500 0.09448
v 0.16362 0.05500 0.04552
v 0.15300 0.05500 0.00142
v 0.13386 0.05500 -0.02911
v 0.09354 0.06257 0.18188
v 0.08355 0.08128 0.12302
v 0.13067 0.04524 0.16911
v 0.14724 0.03741 0.13858
v 0.15644 0.03306 0.09448
v 0.15644 0.03306 0.04552
v 0.14724 0.03741 0.00142
v 0.13067 0.04524 -0.02911
v 0.08337 0.04862 0.18072
v 0.06720 0.05886 0.12115
v 0.12193 0.03809 0.16911
v 0.13150 0.02453 0.13858
v 0.13681 0.01701 0.09448
v 0.13681 0.01701 0.04552
v 0.13150 0.02453 0.00142
v 0.12193 0.03809 -0.02911
v 0.08337 0.03138 0.17928
v 0.06720 0.03114 0.11885
v 0.11000 0.03548 0.16911
v 0.11000 0.01982 0.13858
v 0.11000 0.01113 0.09448
v 0.11000 0.01113 0.04552
v 0.11000 0.01982 0.00142
v 0.11000 0.03548 -0.02911
v 0.09354 0.01743 0.17812
v 0.08355 0.00872 0.11698
v 0.09807 0.03809 0.16911
v 0.08850 0.02453 0.13858
v 0.08319 0.01701 0.09448
v 0.08319 0.01701 0.04552
v 0.08850 0.02453 0.00142
v 0.09807 0.03809 -0.02911
v 0.11000 0.05500 -0.04000
v 0.11000 0.01210 0.17767
v 0.08933 0.04524 0.16911
v 0.07276 0.03741 0.13858
v 0.06356 0.03306 0.09448
v 0.06356 0.03306 0.04552
v 0.07276 0.03741 0.00142
v 0.08933 0.04524 -0.02911
v 0.11000 0.00016 0.11626
v 0.12646 0.01743 0.17812
v 0.08614 0.05500 0.16911
v 0.06700 0.05500 0.13858
v 0.05638 0.05500 0.09448
v 0.05638 0.05500 0.04552
v 0.06700 0.05500 0.00142
v 0.08614 0.05500 -0.02911
v 0.13645 0.00872 0.11698
v 0.13663 0.03138 0.17928
v 0.08933 0.06476 0.16911
v 0.07276 0.07259 0.13858
v 0.06356 0.07694 0.09448
v 0.06356 0.07694 0.04552
v 0.07276 0.07259 0.00142
v 0.08933 0.06476 -0.02911
v 0.15280 0.03114 0.11885
v 0.13663 0.04862 0.18072
v 0.09807 0.07191 0.16911
v 0.08850 0.08547 0.13858
v 0.08319 0.09299 0.09448
v 0.08319 0.09299 0.04552
v 0.08850 0.08547 0.00142
v 0.09807 0.07191 -0.02911
v 0.15280 0.05886 0.12115
v 0.12646 0.06257 0.18188
v 0.13645 0.08128 0.12302
v 0.11000 0.09018 0.13858
v 0.11000 0.06790 0.18233
v 0.11000 0.08984 0.12374
v 0.11000 0.09018 0.00142
v 0.13078 0.08748 0.06045
v 0.15755 0.08000 0.03545
v 0.15755 0.08000 0.00455
v 0.13939 0.08000 -0.02045
v 0.13939 0.08000 0.06045
v 0.14362 0.06790 0.03545
v 0.14362 0.06790 0.00455
v 0.13078 0.07252 -0.02045
v 0.13078 0.07252 0.06045
v 0.11000 0.06288 0.03545
v 0.11000 0.06288 0.00455
v 0.11000 0.06942 -0.02045
v 0.11000 0.06942 0.06045
v 0.07638 0.06790 0.03545
v 0.07638 0.06790 0.00455
v 0.08922 0.07252 -0.02045
v 0.11000 0.08000 -0.03000
v 0.11000 0.08000 0.07000
v 0.08922 0.07252 0.06045
v 0.06245 0.08000 0.03545
v 0.06245 0.08000 0.00455
v 0.08061 0.08000 -0.02045
v 0.08061 0.08000 0.06045
v 0.07638 0.09210 0.03545
v 0.07638 0.09210 0.00455
v 0.08922 0.08748 -0.02045
v 0.08922 0.08748 0.06045
v 0.11000 0.09712 0.03545
v 0.11000 0.09712 0.00455
v 0.11000 0.09058 -0.02045
v 0.11000 0.09058 0.06045
v 0.26081 0.71335 -0.04780
v 0.28998 0.47169 -0.07618
v 0.22370 0.97713 0.02761
v 0.28265 0.47795 -0.04028
v 0.23699 0.97937 0.02225
v 0.29213 0.47955 -0.04411
v 0.24572 0.98177 0.01093
v 0.29837 0.48127 -0.05219
v 0.24756 0.98370 -0.00331
v 0.29968 0.48265 -0.06237
v 0.24201 0.98464 -0.01667
v 0.29572 0.48332 -0.07191
v 0.23057 0.98434 -0.02556
v 0.28755 0.48310 -0.07826
v 0.21630 0.98287 -0.02761
v 0.27735 0.48205 -0.07972
v 0.20301 0.98063 -0.02225
v 0.26787 0.48045 -0.07589
v 0.19428 0.97823 -0.01093
v 0.26163 0.47873 -0.06781
v 0.19244 0.97630 0.00331
v 0.26032 0.47735 -0.05763
v 0.19799 0.97536 0.01667
v 0.26428 0.47668 -0.04809
v 0.20943 0.97566 0.02556
v 0.27245 0.47690 -0.04174
v 0.26528 0.72000 -0.04780
v 0.27473 0.72000 -0.03680
v 0.27473 0.72000 -0.02320
v 0.23330 1.00914 0.02265
v 0.26528 0.72000 -0.01220
v 0.24152 1.01479 0.00865
v 0.24152 1.01479 -0.00865
v 0.23330 1.00914 -0.02265
v 0.23881 1.00000 0.02265
v 0.29411 0.48000 -0.07618
v 0.25043 1.00000 0.00865
v 0.25043 1.00000 -0.00865
v 0.23881 1.00000 -0.02265
v 0.26081 0.72665 -0.01220
v 0.23330 0.99086 0.02265
v 0.26748 0.73076 -0.02320
v 0.24152 0.98521 0.00865
v 0.24152 0.98521 -0.00865
v 0.23330 0.99086 -0.02265
v 0.26748 0.73076 -0.03680
v 0.22000 0.98707 0.02265
v 0.26081 0.72665 -0.04780
v 0.22000 0.97908 0.00865
v 0.22000 0.97908 -0.00865
v 0.22000 0.98707 -0.02265
v 0.30283 0.48000 -0.06618
v 0.20670 0.99086 0.02265
v 0.30283 0.48000 -0.05382
v 0.19848 0.98521 0.00865
v 0.19848 0.98521 -0.00865
v 0.20670 0.99086 -0.02265
v 0.22000 1.00000 -0.02800
v 0.20119 1.00000 0.02265
v 0.22000 1.00000 0.02800
v 0.18957 1.00000 0.00865
v 0.18957 1.00000 -0.00865
v 0.20119 1.00000 -0.02265
v 0.29411 0.48000 -0.04382
v 0.20670 1.00914 0.02265
v 0.19848 1.01479 0.00865
v 0.19848 1.01479 -0.00865
v 0.20670 1.00914 -0.02265
v 0.22000 1.01293 0.02265
v 0.28998 0.48831 -0.04382
v 0.22000 1.02092 0.00865
v 0.22000 1.02092 -0.00865
v 0.22000 1.01293 -0.02265
v 0.29614 0.49345 -0.05382
v 0.26748 0.70924 -0.03680
v 0.26748 0.70924 -0.02320
v 0.26081 0.71335 -0.01220
v 0.29614 0.49345 -0.06618
v 0.25000 0.71060 -0.04780
v 0.28998 0.48831 -0.07618
v 0.25000 0.70478 -0.03680
v 0.25000 0.70478 -0.02320
v 0.25000 0.71060 -0.01220
v 0.23919 0.71335 -0.04780
v 0.25000 0.72000 -0.05200
v 0.23252 0.70924 -0.03680
v 0.23252 0.70924 -0.02320
v 0.23919 0.71335 -0.01220
v 0.25000 0.72000 -0.00800
v 0.23472 0.72000 -0.04780
v 0.22527 0.72000 -0.03680
v 0.22527 0.72000 -0.02320
v 0.23472 0.72000 -0.01220
v 0.23919 0.72665 -0.04780
v 0.23252 0.73076 -0.03680
v 0.23252 0.73076 -0.02320
v 0.23919 0.72665 -0.01220
v 0.25000 0.72940 -0.04780
v 0.25000 0.73522 -0.03680
v 0.25000 0.73522 -0.02320
v 0.25000 0.72940 -0.01220
v 0.29614 0.46655 -0.06618
v 0.29614 0.46655 -0.05382
v 0.28998 0.47169 -0.04382
v 0.28000 0.46824 -0.07618
v 0.28000 0.46098 -0.06618
v 0.28000 0.46098 -0.05382
v 0.28000 0.46824 -0.04382
v 0.27002 0.47169 -0.07618
v 0.28000 0.48000 -0.08000
v 0.26386 0.46655 -0.06618
v 0.26386 0.46655 -0.05382
v 0.27002 0.47169 -0.04382
v 0.28000 0.48000 -0.04000
v 0.26589 0.48000 -0.07618
v 0.25717 0.48000 -0.06618
v 0.25717 0.48000 -0.05382
v 0.26589 0.48000 -0.04382
v 0.27002 0.48831 -0.07618
v 0.26386 0.49345 -0.06618
v 0.26386 0.49345 -0.05382
v 0.27002 0.48831 -0.04382
v 0.28000 0.49176 -0.07618
v 0.28000 0.49902 -0.06618
v 0.28000 0.49902 -0.05382
v 0.28000 0.49176 -0.04382
vn 0.2002 -0.2359 -0.9509
vn 0.6296 0.7769 -0.0000
vn 0.5464 0.6655 -0.5085
vn 0.2626 -0.0885 -0.9608
vn 0.5328 -0.1726 -0.8284
vn 0.8161 -0.2533 -0.5195
vn 0.9572 -0.2894 0.0000
vn 0.8161 -0.2533 0.5194
vn 0.5328 -0.1726 0.8284
vn 0.2626 -0.0885 0.9608
vn 0.3284 0.3863 -0.8619
vn 0.2626 0.0885 0.9608
vn 0.5328 0.1726 0.8284
vn 0.1036 0.2393 0.9654
vn 0.1936 0.4524 0.8706
vn 0.2723 0.6407 0.7178
vn 0.3342 0.7906 0.5131
vn 0.3740 0.8879 0.2678
vn 0.3878 0.9218 -0.0000
vn 0.3740 0.8879 -0.2678
vn 0.3342 0.7906 -0.5131
vn 0.2723 0.6407 -0.7178
vn 0.1936 0.4524 -0.8706
vn 0.1036 0.2393 -0.9654
vn 0.8161 0.2533 0.5195
vn -0.0000 -0.0000 1.0000
vn 0.1919 0.1923 0.9624
vn 0.3577 0.3626 0.8606
vn 0.4987 0.5090 0.7016
vn 0.6063 0.6218 0.4957
vn 0.6737 0.6930 0.2565
vn 0.6966 0.7174 -0.0000
vn 0.6737 0.6930 -0.2565
vn 0.6063 0.6218 -0.4957
vn 0.4987 0.5090 -0.7016
vn 0.3577 0.3626 -0.8606
vn 0.1919 0.1923 -0.9624
vn 0.9572 0.2894 -0.0000
vn 0.8161 0.2533 -0.5195
vn 0.2547 0.1236 0.9591
vn 0.4732 0.2324 0.8497
vn 0.6538 0.3232 0.6842
vn 0.7869 0.3908 0.4776
vn 0.8679 0.4321 0.2450
vn 0.8950 0.4460 0.0000
vn 0.8679 0.4321 -0.2450
vn 0.7869 0.3908 -0.4776
vn 0.6538 0.3232 -0.6842
vn 0.4732 0.2324 -0.8497
vn 0.2547 0.1236 -0.9591
vn 0.5328 0.1726 -0.8284
vn 0.2626 0.0885 -0.9608
vn 0.2869 0.0425 0.9570
vn 0.5321 0.0798 0.8429
vn 0.7309 0.1104 0.6735
vn 0.8744 0.1326 0.4667
vn 0.9602 0.1459 0.2382
vn 0.9886 0.1504 0.0000
vn 0.9602 0.1459 -0.2382
vn 0.8744 0.1326 -0.4667
vn 0.7309 0.1104 -0.6735
vn 0.5321 0.0798 -0.8429
vn 0.2869 0.0425 -0.9570
vn 0.0000 -0.0000 -1.0000
vn 0.2869 -0.0425 0.9570
vn 0.5321 -0.0798 0.8429
vn 0.7309 -0.1104 0.6735
vn 0.8744 -0.1326 0.4667
vn 0.9602 -0.1459 0.2382
vn 0.9886 -0.1504 0.0000
vn 0.9602 -0.1459 -0.2382
vn 0.8744 -0.1326 -0.4667
vn 0.7309 -0.1104 -0.6735
vn 0.5321 -0.0798 -0.8429
vn 0.2869 -0.0425 -0.9570
vn 0.2002 0.2359 -0.9509
vn 0.4008 0.4536 -0.7960
vn 0.2547 -0.1236 0.9591
vn 0.4732 -0.2324 0.8497
vn 0.6538 -0.3232 0.6842
vn 0.7869 -0.3908 0.4776
vn 0.8679 -0.4321 0.2450
vn 0.8950 -0.4460 0.0000
vn 0.8679 -0.4321 -0.2450
vn 0.7869 -0.3908 -0.4776
vn 0.6538 -0.3232 -0.6842
vn 0.4732 -0.2324 -0.8497
vn 0.2547 -0.1236 -0.9591
vn 0.5925 0.6467 -0.4803
vn 0.6824 0.7310 -0.0000
vn 0.1919 -0.1923 0.9624
vn 0.3577 -0.3626 0.8606
vn 0.4987 -0.5090 0.7016
vn 0.6063 -0.6218 0.4957
vn 0.6737 -0.6930 0.2565
vn 0.6966 -0.7174 0.0000
vn 0.6737 -0.6930 -0.2565
vn 0.6063 -0.6218 -0.4957
vn 0.4987 -0.5090 -0.7016
vn 0.3577 -0.3625 -0.8606
vn 0.1919 -0.1923 -0.9624
vn 0.5925 0.6467 0.4803
vn 0.4008 0.4536 0.7960
vn 0.1036 -0.2393 0.9654
vn 0.1936 -0.4524 0.8706
vn 0.2723 -0.6407 0.7178
vn 0.3342 -0.7906 0.5131
vn 0.3740 -0.8879 0.2678
vn 0.3878 -0.9218 0.0000
vn 0.3740 -0.8879 -0.2678
vn 0.3342 -0.7906 -0.5131
vn 0.2723 -0.6407 -0.7178
vn 0.1936 -0.4524 -0.8706
vn 0.1036 -0.2393 -0.9654
vn 0.2002 0.2359 0.9509
vn 0.0000 -0.2562 0.9666
vn 0.0000 -0.4848 0.8746
vn -0.0000 -0.6892 0.7246
vn 0.0000 -0.8539 0.5204
vn 0.0000 -0.9621 0.2726
vn 0.0000 -1.0000 0.0000
vn 0.0000 -0.9621 -0.2726
vn 0.0000 -0.8539 -0.5204
vn -0.0000 -0.6892 -0.7246
vn -0.0000 -0.4848 -0.8746
vn -0.0000 -0.2562 -0.9666
vn 0.0000 1.0000 -0.0000
vn 0.1056 0.3243 0.9400
vn -0.1036 -0.2393 0.9654
vn -0.1936 -0.4524 0.8706
vn -0.2723 -0.6407 0.7178
vn -0.3342 -0.7906 0.5131
vn -0.3740 -0.8879 0.2678
vn -0.3878 -0.9218 0.0000
vn -0.3740 -0.8879 -0.2678
vn -0.3342 -0.7906 -0.5131
vn -0.2723 -0.6407 -0.7178
vn -0.1936 -0.4524 -0.8706
vn -0.1036 -0.2393 -0.9654
vn 0.2089 0.6148 0.7605
vn 0.2969 0.8482 0.4386
vn -0.1919 -0.1923 0.9624
vn -0.3577 -0.3626 0.8606
vn -0.4987 -0.5090 0.7016
vn -0.6063 -0.6218 0.4957
vn -0.6737 -0.6930 0.2565
vn -0.6966 -0.7174 0.0000
vn -0.6737 -0.6930 -0.2565
vn -0.6063 -0.6218 -0.4957
vn -0.4987 -0.5090 -0.7016
vn -0.3577 -0.3626 -0.8606
vn -0.1919 -0.1923 -0.9624
vn 0.3342 0.9425 -0.0000
vn 0.2969 0.8482 -0.4386
vn -0.2547 -0.1236 0.9591
vn -0.4732 -0.2324 0.8497
vn -0.6538 -0.3232 0.6842
vn -0.7869 -0.3908 0.4776
vn -0.8679 -0.4321 0.2450
vn -0.8950 -0.4460 0.0000
vn -0.8679 -0.4321 -0.2450
vn -0.7869 -0.3908 -0.4776
vn -0.6538 -0.3232 -0.6842
vn -0.4732 -0.2324 -0.8497
vn -0.2547 -0.1236 -0.9591
vn 0.2089 0.6148 -0.7605
vn 0.1056 0.3243 -0.9400
vn -0.2869 -0.0425 0.9570
vn -0.5321 -0.0798 0.8429
vn -0.7309 -0.1104 0.6735
vn -0.8744 -0.1326 0.4667
vn -0.9602 -0.1459 0.2382
vn -0.9886 -0.1504 0.0000
vn -0.9602 -0.1459 -0.2382
vn -0.8744 -0.1326 -0.4667
vn -0.7309 -0.1104 -0.6735
vn -0.5321 -0.0798 -0.8429
vn -0.2869 -0.0425 -0.9570
vn -0.3206 -0.4381 0.8398
vn -0.2869 0.0425 0.9570
vn -0.5321 0.0798 0.8429
vn -0.7309 0.1104 0.6735
vn -0.8744 0.1326 0.4667
vn -0.9602 0.1459 0.2382
vn -0.9886 0.1504 0.0000
vn -0.9602 0.1459 -0.2382
vn -0.8744 0.1326 -0.4667
vn -0.7309 0.1104 -0.6735
vn -0.5321 0.0798 -0.8429
vn -0.2869 0.0425 -0.9570
vn -0.0000 -0.0000 -1.0000
vn 0.0000 0.3531 -0.9356
vn -0.2547 0.1236 0.9591
vn -0.4732 0.2324 0.8497
vn -0.6538 0.3232 0.6842
vn -0.7869 0.3908 0.4776
vn -0.8679 0.4321 0.2450
vn -0.8950 0.4460 0.0000
vn -0.8679 0.4321 -0.2450
vn -0.7869 0.3908 -0.4776
vn -0.6538 0.3232 -0.6842
vn -0.4732 0.2324 -0.8497
vn -0.2547 0.1236 -0.9591
vn 0.0000 0.6660 -0.7460
vn 0.0000 0.9064 -0.4223
vn -0.1919 0.1923 0.9624
vn -0.3577 0.3625 0.8606
vn -0.4987 0.5090 0.7016
vn -0.6063 0.6218 0.4957
vn -0.6737 0.6930 0.2565
vn -0.6966 0.7174 0.0000
vn -0.6737 0.6930 -0.2565
vn -0.6063 0.6218 -0.4957
vn -0.4987 0.5090 -0.7016
vn -0.3577 0.3625 -0.8606
vn -0.1919 0.1923 -0.9624
vn -0.0000 1.0000 -0.0000
vn -0.4246 0.8011 0.4217
vn -0.1036 0.2393 0.9654
vn -0.1936 0.4524 0.8706
vn -0.2723 0.6407 0.7178
vn -0.3342 0.7906 0.5131
vn -0.3740 0.8879 0.2678
vn -0.3878 0.9218 0.0000
vn -0.3740 0.8879 -0.2678
vn -0.3342 0.7906 -0.5131
vn -0.2723 0.6407 -0.7178
vn -0.1936 0.4524 -0.8706
vn -0.1036 0.2393 -0.9654
vn -0.5552 -0.5431 0.6299
vn -0.7355 0.6621 0.1437
vn 0.0000 0.2562 0.9666
vn 0.0000 0.4848 0.8746
vn 0.0000 0.6892 0.7246
vn -0.0000 0.8539 0.5204
vn -0.0000 0.9621 0.2726
vn -0.0000 1.0000 0.0000
vn -0.0000 0.9621 -0.2726
vn -0.0000 0.8539 -0.5204
vn 0.0000 0.6892 -0.7246
vn 0.0000 0.4848 -0.8746
vn 0.0000 0.2562 -0.9666
vn -0.6411 -0.6864 0.3432
vn 0.4008 -0.4536 -0.7960
vn 0.5925 -0.6467 -0.4803
vn 0.6824 -0.7310 0.0000
vn 0.5925 -0.6467 0.4803
vn 0.4008 -0.4536 0.7960
vn 0.2002 -0.2359 0.9509
vn -0.8493 0.4722 -0.2361
vn 0.1056 -0.3243 -0.9400
vn -0.5552 -0.8298 0.0565
vn 0.2089 -0.6148 -0.7605
vn 0.2969 -0.8482 -0.4386
vn 0.3342 -0.9425 -0.0000
vn 0.2969 -0.8482 0.4386
vn 0.2089 -0.6148 0.7605
vn 0.1056 -0.3243 0.9400
vn -0.7355 0.2823 -0.6159
vn 0.0000 -0.3531 -0.9356
vn -0.3206 -0.9347 -0.1534
vn 0.0000 -0.6660 -0.7460
vn -0.0000 -0.9064 -0.4223
vn 0.0000 -1.0000 -0.0000
vn 0.0000 -0.9064 0.4223
vn -0.0000 -0.6660 0.7460
vn 0.0000 -0.3531 0.9356
vn -0.4246 0.1433 -0.8940
vn -0.1056 -0.3243 -0.9400
vn -0.0000 -0.9731 -0.2302
vn -0.2089 -0.6148 -0.7605
vn -0.2969 -0.8482 -0.4386
vn -0.3342 -0.9425 0.0000
vn -0.2969 -0.8482 0.4386
vn -0.2089 -0.6148 0.7605
vn -0.1056 -0.3243 0.9400
vn -0.0000 -0.0000 1.0000
vn -0.2002 -0.2359 -0.9509
vn -0.0000 0.0000 -1.0000
vn -0.4008 -0.4536 -0.7960
vn -0.5925 -0.6467 -0.4803
vn -0.6824 -0.7310 0.0000
vn -0.5925 -0.6467 0.4803
vn -0.4008 -0.4536 0.7960
vn -0.2002 -0.2359 0.9509
vn -0.0000 0.0924 -0.9957
vn -0.2626 -0.0885 -0.9608
vn 0.3206 -0.9347 -0.1534
vn -0.5328 -0.1726 -0.8284
vn -0.8161 -0.2533 -0.5195
vn -0.9572 -0.2894 0.0000
vn -0.8161 -0.2533 0.5195
vn -0.5328 -0.1726 0.8284
vn -0.2626 -0.0885 0.9608
vn 0.4246 0.1433 -0.8940
vn -0.2626 0.0885 -0.9608
vn 0.5552 -0.8298 0.0565
vn -0.5328 0.1726 -0.8284
vn -0.8161 0.2533 -0.5195
vn -0.9572 0.2894 0.0000
vn -0.8161 0.2533 0.5195
vn -0.5328 0.1726 0.8284
vn -0.2626 0.0885 0.9608
vn 0.7355 0.2823 -0.6159
vn -0.2002 0.2359 -0.9509
vn 0.6411 -0.6864 0.3432
vn -0.4008 0.4536 -0.7960
vn -0.5925 0.6467 -0.4803
vn -0.6824 0.7310 0.0000
vn -0.5925 0.6467 0.4803
vn -0.4008 0.4536 0.7960
vn -0.2002 0.2359 0.9509
vn 0.8493 0.4722 -0.2361
vn -0.1056 0.3243 -0.9400
vn 0.5552 -0.5431 0.6299
vn -0.2089 0.6148 -0.7605
vn -0.2969 0.8482 -0.4386
vn -0.3342 0.9425 0.0000
vn -0.2969 0.8482 0.4386
vn -0.2089 0.6148 0.7605
vn -0.1056 0.3243 0.9400
vn 0.7355 0.6621 0.1437
vn 0.3206 -0.4381 0.8398
vn 0.4246 0.8011 0.4217
vn 0.0000 -0.3997 0.9166
vn 0.0000 0.8520 0.5235
vn 0.0000 0.9064 0.4223
vn 0.0000 0.6660 0.7460
vn 0.0000 0.3531 0.9356
vn 0.5464 0.6655 0.5085
vn 0.3284 0.3863 0.8619
vn 0.9605 0.2784 0.0000
vn 0.8403 0.2410 -0.4855
vn 0.5093 0.1414 -0.8489
vn -0.5569 0.6161 -0.5569
vn 0.8403 0.2410 0.4855
vn -0.5408 -0.6443 -0.5408
vn 0.5093 0.1414 0.8489
vn 0.9605 -0.2784 0.0000
vn 0.8403 -0.2410 -0.4855
vn 0.5093 -0.1414 -0.8489
vn -0.7876 0.6161 0.0000
vn 0.8403 -0.2410 0.4855
vn -0.7648 -0.6443 -0.0000
vn 0.5093 -0.1414 0.8489
vn 0.6296 -0.7769 -0.0000
vn 0.5464 -0.6655 -0.5085
vn 0.3284 -0.3863 -0.8619
vn -0.5569 0.6161 0.5569
vn 0.5464 -0.6655 0.5085
vn -0.5408 -0.6443 0.5408
vn 0.3284 -0.3863 0.8619
vn -0.0000 -1.0000 -0.0000
vn -0.0000 -0.8522 -0.5232
vn 0.0000 -0.4920 -0.8706
vn 0.0000 0.6161 0.7876
vn -0.0000 -0.8522 0.5232
vn 0.0000 -0.6443 0.7648
vn -0.0000 -0.4920 0.8706
vn -0.6296 -0.7769 -0.0000
vn -0.5464 -0.6655 -0.5085
vn -0.3284 -0.3863 -0.8619
vn 0.5569 0.6161 0.5569
vn -0.5464 -0.6655 0.5085
vn -0.0000 -0.0000 1.0000
vn -0.3284 -0.3863 0.8619
vn -0.9605 -0.2784 0.0000
vn -0.8403 -0.2410 -0.4855
vn -0.5093 -0.1414 -0.8489
vn 0.5408 -0.6443 0.5408
vn -0.8403 -0.2410 0.4855
vn 0.7876 0.6161 0.0000
vn -0.5093 -0.1414 0.8489
vn -0.9605 0.2784 0.0000
vn -0.8403 0.2410 -0.4855
vn -0.5093 0.1414 -0.8489
vn 0.7648 -0.6443 -0.0000
vn -0.8403 0.2410 0.4855
vn 0.5569 0.6161 -0.5569
vn -0.5093 0.1414 0.8489
vn -0.6296 0.7769 0.0000
vn -0.5464 0.6655 -0.5085
vn -0.3284 0.3863 -0.8619
vn 0.5408 -0.6443 -0.5408
vn -0.5464 0.6655 0.5085
vn -0.0000 0.6161 -0.7876
vn -0.3284 0.3863 0.8619
vn -0.0000 -0.6443 -0.7648
vn 0.0000 0.8522 -0.5232
vn -0.0000 0.4920 -0.8706
vn 0.0000 0.8522 0.5232
vn -0.0000 0.4920 0.8706
vn -0.0000 -0.5543 -0.8323
vn -0.0000 0.7421 -0.6703
vn 0.3786 -0.5669 -0.7317
vn 0.3786 0.7295 -0.5696
vn 0.6557 -0.6012 -0.4567
vn 0.6557 0.6951 -0.2946
vn 0.7572 -0.6482 -0.0810
vn 0.7572 0.6482 0.0810
vn 0.6557 -0.6951 0.2946
vn 0.6557 0.6012 0.4567
vn 0.3786 -0.7295 0.5696
vn 0.3786 0.5669 0.7317
vn 0.0000 -0.7421 0.6703
vn 0.0000 0.5543 0.8323
vn -0.3786 -0.7295 0.5696
vn -0.3786 0.5669 0.7317
vn -0.6557 -0.6951 0.2946
vn -0.6557 0.6012 0.4567
vn -0.7572 -0.6482 -0.0810
vn -0.7572 0.6482 0.0810
vn -0.6557 -0.6012 -0.4567
vn -0.6557 0.6951 -0.2946
vn -0.3786 -0.5669 -0.7317
vn -0.3786 0.7295 -0.5696
vn 0.5309 0.0000 0.8474
vn 0.8760 0.0000 0.4823
vn -0.0000 0.8760 -0.4823
vn 1.0000 -0.0000 0.0000
vn 0.8760 0.0000 -0.4823
vn 0.2655 0.4598 0.8474
vn 0.5309 0.0000 -0.8474
vn 0.4380 0.7586 0.4823
vn 0.5000 0.8660 0.0000
vn 0.4380 0.7586 -0.4823
vn 0.2654 0.4598 -0.8474
vn 0.5249 0.0000 0.8512
vn 0.4598 0.2654 0.8474
vn 0.8653 0.0000 0.5012
vn 0.7586 0.4380 0.4823
vn 0.8660 0.5000 0.0000
vn 0.7586 0.4380 -0.4823
vn 0.4598 0.2654 -0.8474
vn 0.4598 0.2654 -0.8474
vn 0.5309 -0.0000 0.8474
vn 0.7586 0.4380 -0.4823
vn 0.8760 -0.0000 0.4823
vn 1.0000 -0.0000 0.0000
vn 0.8760 -0.0000 -0.4823
vn 0.5309 -0.0000 -0.8474
vn 0.8660 0.5000 0.0000
vn 0.4598 -0.2654 0.8474
vn 0.7586 0.4380 0.4823
vn 0.7586 -0.4380 0.4823
vn 0.8660 -0.5000 -0.0000
vn 0.7586 -0.4380 -0.4823
vn 0.4598 -0.2654 -0.8474
vn 0.4598 0.2654 0.8474
vn 0.2655 -0.4598 0.8474
vn 1.0000 -0.0000 0.0000
vn 0.4380 -0.7586 0.4823
vn 0.5000 -0.8660 -0.0000
vn 0.4380 -0.7586 -0.4823
vn 0.2655 -0.4598 -0.8474
vn 0.8653 -0.0000 -0.5012
vn -0.0000 -0.5309 0.8474
vn 0.2655 0.4598 0.8474
vn -0.0000 -0.8760 0.4823
vn 0.0000 -1.0000 0.0000
vn 0.0000 -0.8760 -0.4823
vn 0.0000 -0.5309 -0.8474
vn 0.4380 0.7586 0.4823
vn -0.2654 -0.4598 0.8474
vn 0.5000 0.8660 0.0000
vn -0.4380 -0.7586 0.4823
vn -0.5000 -0.8660 0.0000
vn -0.4380 -0.7586 -0.4823
vn -0.2654 -0.4598 -0.8474
vn 0.4380 0.7586 -0.4823
vn -0.4598 -0.2654 0.8474
vn 0.0000 -0.0000 1.0000
vn -0.7586 -0.4380 0.4823
vn -0.8660 -0.5000 0.0000
vn -0.7586 -0.4380 -0.4823
vn -0.4598 -0.2654 -0.8474
vn 0.0000 -0.0000 -1.0000
vn -0.5309 -0.0000 0.8474
vn 0.2655 0.4598 -0.8474
vn -0.8760 0.0000 0.4823
vn -1.0000 0.0000 0.0000
vn -0.8760 0.0000 -0.4823
vn -0.5309 -0.0000 -0.8474
vn 0.5249 0.0000 -0.8512
vn -0.4598 0.2654 0.8474
vn -0.7586 0.4380 0.4823
vn -0.8660 0.5000 0.0000
vn -0.7586 0.4380 -0.4823
vn -0.4598 0.2654 -0.8474
vn -0.2654 0.4598 0.8474
vn 0.0000 0.8760 -0.4823
vn -0.4380 0.7586 0.4823
vn -0.5000 0.8660 -0.0000
vn -0.4380 0.7586 -0.4823
vn -0.2655 0.4598 -0.8474
vn 0.3522 0.5207 -0.7777
vn 0.0000 0.5309 0.8474
vn 0.0000 0.8760 0.4823
vn 0.0000 0.8760 0.4823
vn -0.0000 1.0000 0.0000
vn 0.5626 0.7166 -0.4124
vn -0.0000 0.5309 -0.8474
vn 0.6323 0.7747 0.0000
vn 0.4598 -0.2654 0.8474
vn 0.7586 -0.4380 0.4823
vn 0.8660 -0.5000 -0.0000
vn 0.7586 -0.4380 -0.4823
vn 0.4598 -0.2654 -0.8474
vn 0.5626 0.7166 0.4124
vn 0.3522 0.5207 0.7777
vn 0.2655 -0.4598 0.8474
vn 0.4380 -0.7586 0.4823
vn 0.5000 -0.8660 -0.0000
vn 0.4380 -0.7586 -0.4823
vn 0.2655 -0.4598 -0.8474
vn 0.0000 -0.5309 0.8474
vn 0.0000 -0.8760 0.4823
vn -0.0000 -1.0000 -0.0000
vn 0.0000 -0.8760 -0.4823
vn 0.0000 -0.5309 -0.8474
vn 0.1612 0.7137 0.6816
vn 0.0000 0.0000 1.0000
vn -0.2654 -0.4598 0.8474
vn -0.4380 -0.7586 0.4823
vn -0.5000 -0.8660 0.0000
vn -0.4380 -0.7586 -0.4823
vn -0.2655 -0.4598 -0.8474
vn -0.0000 0.0000 -1.0000
vn 0.2258 0.9297 0.2908
vn -0.4598 -0.2654 0.8474
vn -0.7586 -0.4380 0.4823
vn -0.8660 -0.5000 -0.0000
vn -0.7586 -0.4380 -0.4823
vn -0.4598 -0.2654 -0.8474
vn 0.2373 0.9714 0.0000
vn 0.2258 0.9297 -0.2908
vn -0.5309 0.0000 0.8474
vn -0.8760 0.0000 0.4823
vn -1.0000 0.0000 -0.0000
vn -0.8760 0.0000 -0.4823
vn -0.5309 0.0000 -0.8474
vn 0.1612 0.7137 -0.6816
vn -0.4598 0.2654 0.8474
vn -0.7586 0.4380 0.4823
vn -0.8660 0.5000 -0.0000
vn -0.7586 0.4380 -0.4823
vn -0.4598 0.2654 -0.8474
vn -0.2655 0.4598 0.8474
vn -0.4380 0.7586 0.4823
vn -0.5000 0.8660 -0.0000
vn -0.4380 0.7586 -0.4823
vn -0.2655 0.4598 -0.8474
vn 0.0000 0.9671 -0.2544
vn 0.0000 0.5309 0.8474
vn -0.0000 0.9671 0.2544
vn 0.0000 1.0000 -0.0000
vn 0.0000 0.5309 -0.8474
vn 0.3522 -0.5207 0.7777
vn 0.5626 -0.7166 0.4124
vn 0.6323 -0.7747 0.0000
vn 0.5626 -0.7166 -0.4124
vn 0.3522 -0.5207 -0.7777
vn 0.1612 -0.7137 0.6816
vn 0.2258 -0.9297 0.2908
vn 0.2373 -0.9714 0.0000
vn 0.2258 -0.9297 -0.2908
vn 0.1612 -0.7137 -0.6816
vn -0.0000 -0.7672 0.6414
vn -0.0000 -0.9671 0.2544
vn 0.0000 -1.0000 0.0000
vn 0.0000 -0.9671 -0.2544
vn 0.0000 -0.7672 -0.6414
vn -0.0000 -0.0000 1.0000
vn -0.1612 -0.7137 0.6816
vn -0.2258 -0.9297 0.2908
vn -0.2373 -0.9714 0.0000
vn -0.2258 -0.9297 -0.2908
vn -0.1612 -0.7137 -0.6816
vn -0.0000 -0.0000 -1.0000
vn -0.3522 -0.5207 0.7777
vn -0.5626 -0.7166 0.4124
vn -0.6323 -0.7747 0.0000
vn -0.5626 -0.7166 -0.4124
vn -0.3522 -0.5207 -0.7777
vn -0.5249 0.0000 0.8512
vn -0.8653 0.0000 0.5012
vn -1.0000 -0.0000 -0.0000
vn -0.8653 -0.0000 -0.5012
vn -0.5249 0.0000 -0.8512
vn -0.3522 0.5207 0.7777
vn -0.5626 0.7166 0.4124
vn -0.6323 0.7747 -0.0000
vn -0.5626 0.7166 -0.4124
vn -0.3522 0.5207 -0.7777
vn -0.1612 0.7137 0.6816
vn -0.2258 0.9297 0.2908
vn -0.2373 0.9714 0.0000
vn -0.2258 0.9297 -0.2908
vn -0.1612 0.7137 -0.6816
vn -0.0000 0.7672 0.6414
vn -0.0000 1.0000 0.0000
vn 0.0000 0.7672 -0.6414
vn 0.6963 0.7177 0.0087
vn 0.6351 0.7079 0.3090
vn 0.4881 0.7042 0.5156
vn 0.3316 0.7032 0.6289
vn 0.1904 0.7031 0.6852
vn 0.0619 0.7031 0.7084
vn -0.0619 0.7031 0.7084
vn -0.1904 0.7031 0.6852
vn -0.3316 0.7032 0.6289
vn -0.4881 0.7042 0.5156
vn -0.6351 0.7079 0.3090
vn -0.6963 0.7177 0.0087
vn -0.6180 0.7325 -0.2857
vn -0.4640 0.7452 -0.4789
vn -0.3104 0.7530 -0.5802
vn -0.1766 0.7571 -0.6289
vn -0.0573 0.7589 -0.6487
vn 0.0573 0.7589 -0.6487
vn 0.1766 0.7571 -0.6289
vn 0.3104 0.7530 -0.5802
vn 0.4640 0.7452 -0.4789
vn 0.6180 0.7325 -0.2857
vn 0.9987 0.0514 -0.0057
vn 0.9096 0.0335 0.4140
vn 0.7032 0.0190 0.7108
vn 0.4794 0.0106 0.8775
vn 0.2755 0.0066 0.9613
vn 0.0897 0.0050 0.9960
vn -0.0897 0.0050 0.9960
vn -0.2755 0.0066 0.9613
vn -0.4794 0.0106 0.8775
vn -0.7032 0.0190 0.7108
vn -0.9096 0.0335 0.4140
vn -0.9987 0.0514 -0.0057
vn -0.9042 0.0666 -0.4218
vn -0.6973 0.0761 -0.7127
vn -0.4753 0.0815 -0.8760
vn -0.2732 0.0845 -0.9582
vn -0.0890 0.0859 -0.9923
vn 0.0890 0.0859 -0.9923
vn 0.2732 0.0845 -0.9582
vn 0.4753 0.0815 -0.8760
vn 0.6973 0.0761 -0.7127
vn 0.9042 0.0666 -0.4218
vn 0.9964 -0.0842 -0.0048
vn 0.9093 -0.0641 0.4113
vn 0.7058 -0.0410 0.7072
vn 0.4831 -0.0228 0.8753
vn 0.2783 -0.0113 0.9604
vn 0.0907 -0.0058 0.9959
vn -0.0907 -0.0058 0.9959
vn -0.2783 -0.0113 0.9604
vn -0.4831 -0.0228 0.8753
vn -0.7058 -0.0410 0.7072
vn -0.9093 -0.0641 0.4113
vn -0.9964 -0.0842 -0.0048
vn -0.9039 -0.0924 -0.4176
vn -0.7000 -0.0901 -0.7084
vn -0.4791 -0.0842 -0.8737
vn -0.2762 -0.0791 -0.9578
vn -0.0901 -0.0764 -0.9930
vn 0.0901 -0.0764 -0.9930
vn 0.2762 -0.0791 -0.9578
vn 0.4791 -0.0842 -0.8737
vn 0.7000 -0.0901 -0.7084
vn 0.9039 -0.0924 -0.4176
vn 0.9975 0.0707 -0.0008
vn 0.9038 0.0993 0.4163
vn 0.6979 0.1137 0.7071
vn 0.4769 0.1193 0.8708
vn 0.2748 0.1212 0.9538
vn 0.0896 0.1217 0.9885
vn -0.0896 0.1217 0.9885
vn -0.2748 0.1212 0.9538
vn -0.4769 0.1193 0.8708
vn -0.6979 0.1137 0.7071
vn -0.9038 0.0993 0.4163
vn -0.9975 0.0707 -0.0008
vn -0.9072 0.0344 -0.4193
vn -0.7018 0.0041 -0.7123
vn -0.4799 -0.0153 -0.8772
vn -0.2765 -0.0261 -0.9607
vn -0.0901 -0.0309 -0.9954
vn 0.0901 -0.0309 -0.9954
vn 0.2765 -0.0261 -0.9607
vn 0.4799 -0.0153 -0.8772
vn 0.7018 0.0041 -0.7123
vn 0.9072 0.0344 -0.4193
vn 0.9459 0.3246 -0.0037
vn 0.8531 0.3409 0.3950
vn 0.6621 0.3219 0.6768
vn 0.4555 0.2946 0.8401
vn 0.2637 0.2731 0.9251
vn 0.0862 0.2620 0.9612
vn -0.0862 0.2620 0.9612
vn -0.2637 0.2731 0.9251
vn -0.4555 0.2946 0.8401
vn -0.6621 0.3219 0.6768
vn -0.8531 0.3409 0.3950
vn -0.9459 0.3246 -0.0037
vn -0.8732 0.2626 -0.4106
vn -0.6850 0.1854 -0.7045
vn -0.4718 0.1228 -0.8731
vn -0.2726 0.0827 -0.9586
vn -0.0889 0.0636 -0.9940
vn 0.0889 0.0636 -0.9940
vn 0.2726 0.0827 -0.9586
vn 0.4718 0.1228 -0.8731
vn 0.6850 0.1854 -0.7045
vn 0.8732 0.2626 -0.4106
vn 0.9481 0.3178 0.0067
vn 0.8553 0.3134 0.4127
vn 0.6610 0.2783 0.6969
vn 0.4527 0.2389 0.8591
vn 0.2612 0.2093 0.9423
vn 0.0852 0.1940 0.9773
vn -0.0852 0.1940 0.9773
vn -0.2612 0.2093 0.9423
vn -0.4527 0.2389 0.8591
vn -0.6610 0.2783 0.6969
vn -0.8553 0.3134 0.4127
vn -0.9481 0.3178 0.0067
vn -0.8711 0.2749 -0.4070
vn -0.6796 0.2054 -0.7043
vn -0.4659 0.1417 -0.8734
vn -0.2683 0.0983 -0.9583
vn -0.0874 0.0768 -0.9932
vn 0.0874 0.0768 -0.9932
vn 0.2683 0.0983 -0.9583
vn 0.4659 0.1417 -0.8734
vn 0.6796 0.2054 -0.7043
vn 0.8711 0.2749 -0.4070
vn 0.8262 -0.5634 0.0000
vn 0.7385 -0.5777 0.3477
vn 0.5502 -0.6069 0.5735
vn 0.3625 -0.6324 0.6846
vn 0.2035 -0.6490 0.7331
vn 0.0655 -0.6568 0.7512
vn -0.0655 -0.6568 0.7512
vn -0.2035 -0.6490 0.7331
vn -0.3625 -0.6324 0.6846
vn -0.5502 -0.6069 0.5735
vn -0.7385 -0.5777 0.3477
vn -0.8262 -0.5634 0.0000
vn -0.7385 -0.5777 -0.3477
vn -0.5502 -0.6069 -0.5735
vn -0.3625 -0.6324 -0.6846
vn -0.2035 -0.6490 -0.7331
vn -0.0655 -0.6568 -0.7512
vn 0.0655 -0.6568 -0.7512
vn 0.2035 -0.6490 -0.7331
vn 0.3625 -0.6324 -0.6846
vn 0.5502 -0.6069 -0.5735
vn 0.7385 -0.5777 -0.3477
vn 0.0000 0.3338 0.9426
vn 0.0000 0.8962 0.4437
vn -0.0000 1.0000 0.0000
vn 0.0000 0.8962 -0.4437
vn 0.0000 0.3338 -0.9426
vn -0.0000 -0.0000 1.0000
vn 0.1018 0.3062 0.9465
vn 0.2047 0.5921 0.7794
vn 0.2981 0.8367 0.4594
vn 0.3399 0.9405 0.0000
vn 0.2981 0.8367 -0.4594
vn 0.2047 0.5921 -0.7794
vn 0.1018 0.3062 -0.9465
vn 0.1923 0.2219 0.9559
vn 0.3907 0.4345 0.8115
vn 0.5907 0.6341 0.4990
vn 0.6889 0.7248 0.0000
vn 0.5907 0.6341 -0.4990
vn 0.3907 0.4345 -0.8115
vn 0.1923 0.2219 -0.9559
vn 0.2512 0.0829 0.9644
vn 0.5163 0.1644 0.8405
vn 0.8075 0.2467 0.5357
vn 0.9585 0.2851 0.0000
vn 0.8075 0.2467 -0.5357
vn 0.5163 0.1644 -0.8405
vn 0.2512 0.0829 -0.9644
vn 0.2512 -0.0829 0.9644
vn 0.5163 -0.1644 0.8405
vn 0.8075 -0.2467 0.5357
vn 0.9585 -0.2851 0.0000
vn 0.8075 -0.2467 -0.5357
vn 0.5163 -0.1644 -0.8405
vn 0.2512 -0.0829 -0.9644
vn 0.1923 -0.2219 0.9559
vn 0.3907 -0.4345 0.8115
vn 0.5907 -0.6341 0.4990
vn 0.6889 -0.7248 -0.0000
vn 0.5907 -0.6341 -0.4990
vn 0.3907 -0.4345 -0.8115
vn 0.1923 -0.2219 -0.9559
vn 0.1018 -0.3062 0.9465
vn 0.2047 -0.5921 0.7794
vn 0.2981 -0.8367 0.4594
vn 0.3399 -0.9405 -0.0000
vn 0.2981 -0.8367 -0.4594
vn 0.2047 -0.5921 -0.7794
vn 0.1018 -0.3062 -0.9465
vn 0.0000 -0.3338 0.9426
vn -0.0000 -0.6426 0.7662
vn -0.0000 -0.8962 0.4437
vn 0.0000 -1.0000 0.0000
vn -0.0000 -0.8962 -0.4437
vn -0.0000 -0.6426 -0.7662
vn 0.0000 -0.3338 -0.9426
vn -0.1018 -0.3062 0.9465
vn -0.2047 -0.5921 0.7794
vn -0.2981 -0.8367 0.4594
vn -0.3399 -0.9405 -0.0000
vn -0.2981 -0.8367 -0.4594
vn -0.2047 -0.5921 -0.7794
vn -0.1018 -0.3062 -0.9465
vn -0.1923 -0.2219 0.9559
vn -0.3907 -0.4345 0.8115
vn -0.5907 -0.6341 0.4990
vn -0.6889 -0.7248 -0.0000
vn -0.5907 -0.6341 -0.4990
vn -0.3907 -0.4345 -0.8115
vn -0.1923 -0.2219 -0.9559
vn -0.2512 -0.0829 0.9644
vn -0.5163 -0.1644 0.8405
vn -0.8075 -0.2467 0.5357
vn -0.9585 -0.2851 0.0000
vn -0.8075 -0.2467 -0.5357
vn -0.5163 -0.1644 -0.8405
vn -0.2512 -0.0829 -0.9644
vn -0.2512 0.0829 0.9644
vn -0.5163 0.1644 0.8405
vn -0.8075 0.2467 0.5357
vn -0.9585 0.2851 0.0000
vn -0.8075 0.2467 -0.5357
vn -0.5163 0.1644 -0.8405
vn -0.2512 0.0829 -0.9644
vn -0.1923 0.2219 0.9559
vn -0.3907 0.4345 0.8115
vn -0.5907 0.6341 0.4990
vn -0.6889 0.7248 0.0000
vn -0.5907 0.6341 -0.4990
vn -0.3907 0.4345 -0.8115
vn -0.1923 0.2219 -0.9559
vn -0.1018 0.3062 0.9465
vn -0.2047 0.5921 0.7794
vn -0.2981 0.8367 0.4594
vn -0.3399 0.9405 -0.0000
vn -0.2981 0.8367 -0.4594
vn -0.2047 0.5921 -0.7794
vn -0.1018 0.3062 -0.9465
vn 0.0000 0.6426 0.7662
vn 0.0000 0.6426 -0.7662
vn -0.0000 -0.0000 -1.0000
vn 0.9511 -0.3090 0.0000
vn 0.8348 -0.2712 -0.4791
vn -0.6437 0.7653 -0.0000
vn 0.6437 0.7653 0.0000
vn -0.6437 0.6191 -0.4498
vn 0.6437 0.6191 -0.4498
vn -0.6437 0.2365 -0.7278
vn 0.6437 0.2365 -0.7278
vn -0.6437 -0.2365 -0.7278
vn 0.6437 -0.2365 -0.7278
vn -0.6437 -0.6191 -0.4498
vn 0.6437 -0.6191 -0.4498
vn -0.6437 -0.7653 -0.0000
vn 0.6437 -0.7653 0.0000
vn -0.6437 -0.6191 0.4498
vn 0.6437 -0.6191 0.4498
vn -0.6437 -0.2365 0.7278
vn 0.6437 -0.2365 0.7278
vn -0.6437 0.2365 0.7278
vn 0.6437 0.2365 0.7278
vn -0.6437 0.6191 0.4498
vn 0.6437 0.6191 0.4498
vn 0.5104 -0.1659 -0.8438
vn 0.5104 0.1659 -0.8438
vn 0.8348 0.2712 -0.4791
vn 0.3155 0.4342 0.8438
vn 0.9511 0.3090 0.0000
vn 0.5159 0.7101 0.4791
vn 0.5878 0.8090 0.0000
vn 0.5159 0.7101 -0.4791
vn 0.3155 0.4342 -0.8438
vn 0.8348 0.2712 0.4791
vn 0.5104 0.1659 0.8438
vn 0.5104 0.1659 0.8438
vn 0.8348 0.2712 0.4791
vn 0.9511 0.3090 0.0000
vn 0.8348 0.2712 -0.4791
vn 0.5104 0.1659 -0.8438
vn 0.3151 -0.3689 0.8744
vn 0.5104 -0.1659 0.8438
vn 0.6206 -0.6829 0.3853
vn 0.8348 -0.2712 0.4791
vn 0.9511 -0.3090 0.0000
vn 0.8348 -0.2712 -0.4791
vn 0.5104 -0.1659 -0.8438
vn 0.3155 0.4342 0.8438
vn 0.3155 -0.4342 0.8438
vn 0.5159 0.7101 0.4791
vn 0.5159 -0.7101 0.4791
vn 0.5878 -0.8090 0.0000
vn 0.5159 -0.7101 -0.4791
vn 0.3155 -0.4342 -0.8438
vn 0.5878 0.8090 0.0000
vn 0.0000 -0.5367 0.8438
vn 0.5159 0.7101 -0.4791
vn 0.0000 -0.8778 0.4791
vn 0.0000 -1.0000 0.0000
vn -0.0000 -0.8778 -0.4791
vn -0.0000 -0.5367 -0.8438
vn 0.3155 0.4342 -0.8438
vn -0.3155 -0.4342 0.8438
vn -0.0000 -0.0000 1.0000
vn -0.5159 -0.7101 0.4791
vn -0.5878 -0.8090 0.0000
vn -0.5159 -0.7101 -0.4791
vn -0.3155 -0.4342 -0.8438
vn 0.6206 -0.6829 -0.3853
vn -0.5104 -0.1659 0.8438
vn 0.3151 -0.3689 -0.8744
vn -0.8348 -0.2712 0.4791
vn -0.9511 -0.3090 0.0000
vn -0.8348 -0.2712 -0.4791
vn -0.5104 -0.1659 -0.8438
vn 0.0000 -0.0000 -1.0000
vn -0.5104 0.1659 0.8438
vn -0.8348 0.2712 0.4791
vn -0.9511 0.3090 -0.0000
vn -0.8348 0.2712 -0.4791
vn -0.5104 0.1659 -0.8438
vn -0.3155 0.4342 0.8438
vn 0.4656 -0.0000 -0.8850
vn -0.5159 0.7101 0.4791
vn -0.5878 0.8090 -0.0000
vn -0.5159 0.7101 -0.4791
vn -0.3155 0.4342 -0.8438
vn 0.9185 0.0000 -0.3953
vn -0.0000 0.5367 0.8438
vn 0.9185 -0.0000 0.3953
vn -0.0000 0.8778 0.4791
vn -0.0000 1.0000 0.0000
vn -0.0000 0.8778 -0.4791
vn -0.0000 0.5367 -0.8438
vn 0.4656 -0.0000 0.8850
vn 0.8348 -0.2712 0.4791
vn 0.5104 -0.1659 0.8438
vn 0.5878 -0.8090 0.0000
vn 0.5159 -0.7101 -0.4791
vn 0.3155 -0.4342 -0.8438
vn 0.5159 -0.7101 0.4791
vn 0.3155 -0.4342 0.8438
vn 0.3151 0.3689 0.8744
vn 0.0000 -1.0000 0.0000
vn -0.0000 -0.8778 -0.4791
vn -0.0000 -0.5367 -0.8438
vn 0.6206 0.6829 0.3853
vn 0.0000 -0.8778 0.4791
vn 0.0000 -0.5367 0.8438
vn 0.6206 0.6829 -0.3853
vn -0.5878 -0.8090 0.0000
vn -0.5159 -0.7101 -0.4791
vn -0.3155 -0.4342 -0.8438
vn 0.3151 0.3689 -0.8744
vn -0.5159 -0.7101 0.4791
vn -0.3155 -0.4342 0.8438
vn -0.0000 -0.0000 1.0000
vn -0.9511 -0.3090 0.0000
vn -0.8348 -0.2712 -0.4791
vn -0.5104 -0.1659 -0.8438
vn -0.8348 -0.2712 0.4791
vn -0.5104 -0.1659 0.8438
vn -0.9511 0.3090 -0.0000
vn -0.8348 0.2712 -0.4791
vn -0.5104 0.1659 -0.8438
vn 0.0000 -0.0000 -1.0000
vn -0.8348 0.2712 0.4791
vn -0.5104 0.1659 0.8438
vn -0.5878 0.8090 -0.0000
vn -0.5159 0.7101 -0.4791
vn -0.3155 0.4342 -0.8438
vn -0.5159 0.7101 0.4791
vn -0.3155 0.4342 0.8438
vn -0.0000 1.0000 0.0000
vn -0.0000 0.8778 -0.4791
vn -0.0000 0.5367 -0.8438
vn -0.0000 0.8778 0.4791
vn -0.0000 0.5367 0.8438
vn 0.0000 -0.5022 0.8648
vn 0.0000 -0.9275 0.3739
vn 0.0000 -0.9275 -0.3739
vn 0.0000 -0.5022 -0.8648
vn -0.3151 -0.3689 0.8744
vn -0.6206 -0.6829 0.3853
vn -0.6206 -0.6829 -0.3853
vn -0.3151 -0.3689 -0.8744
vn -0.0000 0.0000 -1.0000
vn -0.0000 0.0000 1.0000
vn -0.4656 -0.0000 0.8850
vn -0.9185 -0.0000 0.3953
vn -0.9185 -0.0000 -0.3953
vn -0.4656 -0.0000 -0.8850
vn -0.3151 0.3689 0.8744
vn -0.6206 0.6829 0.3853
vn -0.6206 0.6829 -0.3853
vn -0.3151 0.3689 -0.8744
vn -0.0000 0.5022 0.8648
vn 0.0000 0.9275 0.3739
vn -0.0000 0.9275 -0.3739
vn -0.0000 0.5022 -0.8648
vn -0.0000 0.7578 0.6525
vn 0.3488 -0.6492 -0.6759
vn 0.4964 -0.8128 -0.3050
vn -0.0000 0.9919 -0.1272
vn -0.0000 0.9222 -0.3867
vn 0.0000 0.7578 -0.6525
vn 0.0000 0.4584 -0.8887
vn 0.5282 -0.8491 0.0000
vn 0.0000 0.0000 1.0000
vn 0.1595 0.4193 0.8937
vn 0.2717 0.6963 0.6643
vn 0.3365 0.8535 0.3978
vn 0.3647 0.9218 0.1315
vn 0.3647 0.9218 -0.1315
vn 0.3365 0.8535 -0.3978
vn 0.2717 0.6963 -0.6643
vn 0.1595 0.4193 -0.8937
vn 0.0000 0.0000 -1.0000
vn 0.4964 -0.8128 0.3050
vn 0.2983 0.3013 0.9057
vn 0.5141 0.5058 0.6928
vn 0.6490 0.6306 0.4256
vn 0.7116 0.6879 0.1427
vn 0.7116 0.6879 -0.1427
vn 0.6490 0.6306 -0.4256
vn 0.5141 0.5058 -0.6928
vn 0.2983 0.3013 -0.9057
vn 0.3488 -0.6492 0.6759
vn 0.3853 0.1114 0.9161
vn 0.6702 0.1886 0.7178
vn 0.8600 0.2385 0.4512
vn 0.9527 0.2625 0.1532
vn 0.9527 0.2625 -0.1532
vn 0.8600 0.2385 -0.4512
vn 0.6702 0.1886 -0.7178
vn 0.3853 0.1114 -0.9161
vn 0.6086 0.0000 0.7935
vn 0.3853 -0.1114 0.9161
vn 0.6702 -0.1886 0.7178
vn 0.8600 -0.2385 0.4512
vn 0.9527 -0.2625 0.1532
vn 0.9527 -0.2625 -0.1532
vn 0.8600 -0.2385 -0.4512
vn 0.6702 -0.1886 -0.7178
vn 0.3853 -0.1114 -0.9161
vn 0.9025 -0.0000 0.4306
vn 1.0000 -0.0000 0.0000
vn 0.2983 -0.3013 0.9057
vn 0.5141 -0.5058 0.6928
vn 0.6490 -0.6306 0.4256
vn 0.7116 -0.6879 0.1427
vn 0.7116 -0.6879 -0.1427
vn 0.6490 -0.6306 -0.4256
vn 0.5141 -0.5058 -0.6928
vn 0.2983 -0.3013 -0.9057
vn 0.9025 0.0000 -0.4306
vn 0.6086 0.0000 -0.7935
vn 0.1595 -0.4193 0.8937
vn 0.2718 -0.6963 0.6643
vn 0.3365 -0.8535 0.3978
vn 0.3647 -0.9218 0.1315
vn 0.3647 -0.9218 -0.1315
vn 0.3365 -0.8535 -0.3978
vn 0.2718 -0.6963 -0.6643
vn 0.1595 -0.4193 -0.8937
vn 0.0000 -0.4584 0.8887
vn 0.0000 -0.7578 0.6525
vn 0.0000 -0.9222 0.3867
vn 0.0000 -0.9919 0.1272
vn -0.0000 -0.9919 -0.1272
vn -0.0000 -0.9222 -0.3867
vn -0.0000 -0.7578 -0.6525
vn -0.0000 -0.4584 -0.8887
vn 0.3488 0.6492 -0.6759
vn 0.4964 0.8128 -0.3050
vn -0.1595 -0.4193 0.8937
vn -0.2718 -0.6963 0.6643
vn -0.3365 -0.8535 0.3978
vn -0.3647 -0.9218 0.1315
vn -0.3647 -0.9218 -0.1315
vn -0.3365 -0.8535 -0.3978
vn -0.2718 -0.6963 -0.6643
vn -0.1595 -0.4193 -0.8937
vn 0.5282 0.8491 0.0000
vn 0.4964 0.8128 0.3050
vn -0.2983 -0.3013 0.9057
vn -0.5141 -0.5058 0.6928
vn -0.6490 -0.6306 0.4256
vn -0.7116 -0.6879 0.1427
vn -0.7116 -0.6879 -0.1427
vn -0.6490 -0.6306 -0.4256
vn -0.5141 -0.5058 -0.6928
vn -0.2983 -0.3013 -0.9057
vn 0.3488 0.6492 0.6759
vn -0.3853 -0.1114 0.9161
vn -0.6702 -0.1886 0.7178
vn -0.8600 -0.2385 0.4512
vn -0.9527 -0.2625 0.1532
vn -0.9527 -0.2625 -0.1532
vn -0.8600 -0.2385 -0.4512
vn -0.6702 -0.1886 -0.7178
vn -0.3853 -0.1114 -0.9161
vn 0.1464 0.8363 0.5285
vn -0.3853 0.1114 0.9161
vn -0.6702 0.1886 0.7178
vn -0.8600 0.2385 0.4512
vn -0.9527 0.2625 0.1532
vn -0.9527 0.2625 -0.1532
vn -0.8600 0.2385 -0.4512
vn -0.6702 0.1886 -0.7178
vn -0.3853 0.1114 -0.9161
vn 0.1732 0.9679 0.1821
vn 0.1754 0.9845 0.0000
vn -0.2983 0.3013 0.9057
vn -0.5141 0.5058 0.6928
vn -0.6490 0.6306 0.4256
vn -0.7116 0.6879 0.1427
vn -0.7116 0.6879 -0.1427
vn -0.6490 0.6306 -0.4256
vn -0.5141 0.5058 -0.6928
vn -0.2983 0.3013 -0.9057
vn 0.1732 0.9679 -0.1821
vn 0.1464 0.8363 -0.5285
vn -0.1595 0.4193 0.8937
vn -0.2718 0.6963 0.6643
vn -0.3365 0.8535 0.3978
vn -0.3647 0.9218 0.1315
vn -0.3647 0.9218 -0.1315
vn -0.3365 0.8535 -0.3978
vn -0.2718 0.6963 -0.6643
vn -0.1595 0.4193 -0.8937
vn 0.0000 0.4584 0.8887
vn 0.0000 0.9222 0.3867
vn 0.0000 0.9919 0.1272
vn -0.0000 0.9880 -0.1547
vn -0.0000 0.9880 0.1547
vn 0.1464 -0.8362 -0.5285
vn 0.1732 -0.9679 -0.1821
vn 0.1754 -0.9845 0.0000
vn 0.1732 -0.9679 0.1821
vn 0.1464 -0.8362 0.5285
vn -0.0000 -0.8812 -0.4727
vn -0.0000 -0.9880 -0.1547
vn -0.0000 -1.0000 0.0000
vn -0.0000 -0.9880 0.1547
vn -0.0000 -0.8812 0.4727
vn -0.1464 -0.8362 -0.5285
vn -0.1732 -0.9679 -0.1821
vn -0.1754 -0.9845 0.0000
vn -0.1732 -0.9679 0.1821
vn -0.1464 -0.8362 0.5285
vn 0.0000 0.0000 1.0000
vn -0.0000 0.0000 -1.0000
vn -0.3488 -0.6492 -0.6759
vn -0.4964 -0.8128 -0.3050
vn -0.5282 -0.8491 0.0000
vn -0.4964 -0.8128 0.3050
vn -0.3488 -0.6492 0.6759
vn -0.6086 0.0000 -0.7935
vn -0.9025 0.0000 -0.4306
vn -1.0000 -0.0000 0.0000
vn -0.9025 0.0000 0.4306
vn -0.6086 0.0000 0.7935
vn -0.3488 0.6492 -0.6759
vn -0.4964 0.8128 -0.3050
vn -0.5282 0.8491 0.0000
vn -0.4964 0.8128 0.3050
vn -0.3488 0.6492 0.6759
vn -0.1464 0.8363 -0.5285
vn -0.1732 0.9679 -0.1821
vn -0.1754 0.9845 -0.0000
vn -0.1732 0.9679 0.1821
vn -0.1464 0.8363 0.5285
vn -0.0000 0.8812 -0.4727
vn -0.0000 1.0000 0.0000
vn -0.0000 0.8812 0.4727
vn -0.0000 0.7578 0.6525
vn 0.3488 -0.6492 -0.6759
vn 0.4964 -0.8128 -0.3050
vn -0.0000 0.9919 -0.1272
vn -0.0000 0.9222 -0.3867
vn 0.0000 0.7578 -0.6525
vn 0.0000 0.4584 -0.8887
vn 0.5282 -0.8491 0.0000
vn 0.0000 0.0000 1.0000
vn 0.1595 0.4193 0.8937
vn 0.2717 0.6963 0.6643
vn 0.3365 0.8535 0.3978
vn 0.3647 0.9218 0.1315
vn 0.3647 0.9218 -0.1315
vn 0.3365 0.8535 -0.3978
vn 0.2717 0.6963 -0.6643
vn 0.1595 0.4193 -0.8937
vn 0.0000 0.0000 -1.0000
vn 0.4964 -0.8128 0.3050
vn 0.2983 0.3013 0.9057
vn 0.5141 0.5058 0.6928
vn 0.6490 0.6306 0.4256
vn 0.7116 0.6879 0.1427
vn 0.7116 0.6879 -0.1427
vn 0.6490 0.6306 -0.4256
vn 0.5141 0.5058 -0.6928
vn 0.2983 0.3013 -0.9057
vn 0.3488 -0.6492 0.6759
vn 0.3853 0.1114 0.9161
vn 0.6702 0.1886 0.7178
vn 0.8600 0.2385 0.4512
vn 0.9527 0.2625 0.1532
vn 0.9527 0.2625 -0.1532
vn 0.8600 0.2385 -0.4512
vn 0.6702 0.1886 -0.7178
vn 0.3853 0.1114 -0.9161
vn 0.6086 0.0000 0.7935
vn 0.3853 -0.1114 0.9161
vn 0.6702 -0.1886 0.7178
vn 0.8600 -0.2385 0.4512
vn 0.9527 -0.2625 0.1532
vn 0.9527 -0.2625 -0.1532
vn 0.8600 -0.2385 -0.4512
vn 0.6702 -0.1886 -0.7178
vn 0.3853 -0.1114 -0.9161
vn 0.9025 -0.0000 0.4306
vn 1.0000 -0.0000 0.0000
vn 0.2983 -0.3013 0.9057
vn 0.5141 -0.5058 0.6928
vn 0.6490 -0.6306 0.4256
vn 0.7116 -0.6879 0.1427
vn 0.7116 -0.6879 -0.1427
vn 0.6490 -0.6306 -0.4256
vn 0.5141 -0.5058 -0.6928
vn 0.2983 -0.3013 -0.9057
vn 0.9025 0.0000 -0.4306
vn 0.6086 0.0000 -0.7935
vn 0.1595 -0.4193 0.8937
vn 0.2718 -0.6963 0.6643
vn 0.3365 -0.8535 0.3978
vn 0.3647 -0.9218 0.1315
vn 0.3647 -0.9218 -0.1315
vn 0.3365 -0.8535 -0.3978
vn 0.2718 -0.6963 -0.6643
vn 0.1595 -0.4193 -0.8937
vn 0.0000 -0.4584 0.8887
vn 0.0000 -0.7578 0.6525
vn 0.0000 -0.9222 0.3867
vn 0.0000 -0.9919 0.1272
vn 0.0000 -0.9919 -0.1272
vn -0.0000 -0.9222 -0.3867
vn -0.0000 -0.7578 -0.6525
vn -0.0000 -0.4584 -0.8887
vn 0.3488 0.6492 -0.6759
vn 0.4964 0.8128 -0.3050
vn -0.1595 -0.4193 0.8937
vn -0.2718 -0.6963 0.6643
vn -0.3365 -0.8535 0.3978
vn -0.3647 -0.9218 0.1315
vn -0.3647 -0.9218 -0.1315
vn -0.3365 -0.8535 -0.3978
vn -0.2718 -0.6963 -0.6643
vn -0.1595 -0.4193 -0.8937
vn 0.5282 0.8491 -0.0000
vn 0.4964 0.8128 0.3050
vn -0.2983 -0.3013 0.9057
vn -0.5141 -0.5058 0.6928
vn -0.6490 -0.6306 0.4256
vn -0.7116 -0.6879 0.1427
vn -0.7116 -0.6879 -0.1427
vn -0.6490 -0.6306 -0.4256
vn -0.5141 -0.5058 -0.6928
vn -0.2983 -0.3013 -0.9057
vn 0.3488 0.6492 0.6759
vn -0.3853 -0.1114 0.9161
vn -0.6702 -0.1886 0.7178
vn -0.8600 -0.2385 0.4512
vn -0.9527 -0.2625 0.1532
vn -0.9527 -0.2625 -0.1532
vn -0.8600 -0.2385 -0.4512
vn -0.6702 -0.1886 -0.7178
vn -0.3853 -0.1114 -0.9161
vn 0.1464 0.8363 0.5285
vn -0.3853 0.1114 0.9161
vn -0.6702 0.1886 0.7178
vn -0.8600 0.2385 0.4512
vn -0.9527 0.2625 0.1532
vn -0.9527 0.2625 -0.1532
vn -0.8600 0.2385 -0.4512
vn -0.6702 0.1886 -0.7178
vn -0.3853 0.1114 -0.9161
vn 0.1732 0.9679 0.1821
vn 0.1754 0.9845 -0.0000
vn -0.2983 0.3013 0.9057
vn -0.5141 0.5058 0.6928
vn -0.6490 0.6306 0.4256
vn -0.7116 0.6879 0.1427
vn -0.7116 0.6879 -0.1427
vn -0.6490 0.6306 -0.4256
vn -0.5141 0.5058 -0.6928
vn -0.2983 0.3013 -0.9057
vn 0.1732 0.9679 -0.1821
vn 0.1464 0.8363 -0.5285
vn -0.1595 0.4193 0.8937
vn -0.2718 0.6963 0.6643
vn -0.3365 0.8535 0.3978
vn -0.3647 0.9218 0.1315
vn -0.3647 0.9218 -0.1315
vn -0.3365 0.8535 -0.3978
vn -0.2718 0.6963 -0.6643
vn -0.1595 0.4193 -0.8937
vn 0.0000 0.4584 0.8887
vn 0.0000 0.9222 0.3867
vn 0.0000 0.9919 0.1272
vn 0.0000 0.9880 -0.1547
vn 0.0000 0.9880 0.1547
vn 0.1464 -0.8362 -0.5285
vn 0.1732 -0.9679 -0.1821
vn 0.1754 -0.9845 0.0000
vn 0.1732 -0.9679 0.1821
vn 0.1464 -0.8362 0.5285
vn 0.0000 -0.8812 -0.4727
vn -0.0000 -0.9880 -0.1547
vn 0.0000 -1.0000 0.0000
vn -0.0000 -0.9880 0.1547
vn 0.0000 -0.8812 0.4727
vn -0.1464 -0.8362 -0.5285
vn -0.1732 -0.9679 -0.1821
vn -0.1754 -0.9845 -0.0000
vn -0.1732 -0.9679 0.1821
vn -0.1464 -0.8362 0.5285
vn 0.0000 0.0000 1.0000
vn 0.0000 0.0000 -1.0000
vn -0.3488 -0.6492 -0.6759
vn -0.4964 -0.8128 -0.3050
vn -0.5282 -0.8491 -0.0000
vn -0.4964 -0.8128 0.3050
vn -0.3488 -0.6492 0.6759
vn -0.6086 0.0000 -0.7935
vn -0.9025 0.0000 -0.4306
vn -1.0000 -0.0000 0.0000
vn -0.9025 0.0000 0.4306
vn -0.6086 0.0000 0.7935
vn -0.3488 0.6492 -0.6759
vn -0.4964 0.8128 -0.3050
vn -0.5282 0.8491 0.0000
vn -0.4964 0.8128 0.3050
vn -0.3488 0.6492 0.6759
vn -0.1464 0.8362 -0.5285
vn -0.1732 0.9679 -0.1821
vn -0.1754 0.9845 0.0000
vn -0.1732 0.9679 0.1821
vn -0.1464 0.8362 0.5285
vn 0.0000 0.8812 -0.4727
vn -0.0000 1.0000 0.0000
vn 0.0000 0.8812 0.4727
vn 0.0000 0.6532 0.7572
vn 0.0000 -0.6532 0.7572
vn 0.3786 0.6532 0.6557
vn 0.3786 -0.6532 0.6557
vn 0.6557 0.6532 0.3786
vn 0.6557 -0.6532 0.3786
vn 0.7572 0.6532 0.0000
vn 0.7572 -0.6532 0.0000
vn 0.6557 0.6532 -0.3786
vn 0.6557 -0.6532 -0.3786
vn 0.3786 0.6532 -0.6557
vn 0.3786 -0.6532 -0.6557
vn 0.0000 0.6532 -0.7572
vn 0.0000 -0.6532 -0.7572
vn -0.3786 0.6532 -0.6557
vn -0.3786 -0.6532 -0.6557
vn -0.6557 0.6532 -0.3786
vn -0.6557 -0.6532 -0.3786
vn -0.7572 0.6532 0.0000
vn -0.7572 -0.6532 0.0000
vn -0.6557 0.6532 0.3786
vn -0.6557 -0.6532 0.3786
vn -0.3786 0.6532 0.6557
vn -0.3786 -0.6532 0.6557
vn 0.5309 -0.0000 0.8474
vn 0.8760 -0.0000 0.4823
vn 0.0000 0.8760 -0.4823
vn 1.0000 -0.0000 0.0000
vn 0.8760 -0.0000 -0.4823
vn 0.2655 0.4598 0.8474
vn 0.5309 0.0000 -0.8474
vn 0.4380 0.7586 0.4823
vn 0.5000 0.8660 -0.0000
vn 0.4380 0.7586 -0.4823
vn 0.2655 0.4598 -0.8474
vn 0.4598 0.2654 0.8474
vn 0.7586 0.4380 0.4823
vn 0.8660 0.5000 -0.0000
vn 0.7586 0.4380 -0.4823
vn 0.4598 0.2654 -0.8474
vn 0.4598 0.2654 -0.8474
vn 0.5309 0.0000 0.8474
vn 0.7586 0.4380 -0.4823
vn 0.8760 -0.0000 0.4823
vn 1.0000 -0.0000 0.0000
vn 0.8760 -0.0000 -0.4823
vn 0.5309 -0.0000 -0.8474
vn 0.8660 0.5000 -0.0000
vn 0.4598 -0.2654 0.8474
vn 0.7586 0.4380 0.4823
vn 0.7586 -0.4380 0.4823
vn 0.8660 -0.5000 0.0000
vn 0.7586 -0.4380 -0.4823
vn 0.4598 -0.2654 -0.8474
vn 0.4598 0.2654 0.8474
vn 0.2654 -0.4598 0.8474
vn 0.4380 -0.7586 0.4823
vn 0.5000 -0.8660 0.0000
vn 0.4380 -0.7586 -0.4823
vn 0.2655 -0.4598 -0.8474
vn -0.0000 -0.5309 0.8474
vn 0.2655 0.4598 0.8474
vn -0.0000 -0.8760 0.4823
vn 0.0000 -1.0000 0.0000
vn -0.0000 -0.8760 -0.4823
vn -0.0000 -0.5309 -0.8474
vn 0.4380 0.7586 0.4823
vn -0.2654 -0.4598 0.8474
vn 0.5000 0.8660 -0.0000
vn -0.4380 -0.7586 0.4823
vn -0.5000 -0.8660 0.0000
vn -0.4380 -0.7586 -0.4823
vn -0.2655 -0.4598 -0.8474
vn 0.4380 0.7586 -0.4823
vn -0.4598 -0.2654 0.8474
vn -0.0000 0.0000 1.0000
vn -0.7586 -0.4380 0.4823
vn -0.8660 -0.5000 0.0000
vn -0.7586 -0.4380 -0.4823
vn -0.4598 -0.2654 -0.8474
vn 0.0000 -0.0000 -1.0000
vn -0.5309 0.0000 0.8474
vn 0.2655 0.4598 -0.8474
vn -0.8760 -0.0000 0.4823
vn -1.0000 0.0000 0.0000
vn -0.8760 -0.0000 -0.4823
vn -0.5309 -0.0000 -0.8474
vn -0.4598 0.2654 0.8474
vn -0.7586 0.4380 0.4823
vn -0.8660 0.5000 0.0000
vn -0.7586 0.4380 -0.4823
vn -0.4598 0.2654 -0.8474
vn -0.2654 0.4598 0.8474
vn 0.0000 0.8760 -0.4823
vn -0.4380 0.7586 0.4823
vn -0.5000 0.8660 0.0000
vn -0.4380 0.7586 -0.4823
vn -0.2654 0.4598 -0.8474
vn 0.0000 0.5309 0.8474
vn -0.0000 0.8760 0.4823
vn 0.0000 0.8760 0.4823
vn -0.0000 1.0000 0.0000
vn 0.0000 0.5309 -0.8474
vn 0.4598 -0.2654 0.8474
vn 0.7586 -0.4380 0.4823
vn 0.8660 -0.5000 0.0000
vn 0.7586 -0.4380 -0.4823
vn 0.4598 -0.2654 -0.8474
vn 0.2655 -0.4598 0.8474
vn 0.4380 -0.7586 0.4823
vn 0.5000 -0.8660 0.0000
vn 0.4380 -0.7586 -0.4823
vn 0.2655 -0.4598 -0.8474
vn 0.0000 -0.5309 0.8474
vn 0.0000 -0.8760 0.4823
vn 0.0000 -1.0000 0.0000
vn 0.0000 -0.8760 -0.4823
vn 0.0000 -0.5309 -0.8474
vn 0.0000 0.0000 1.0000
vn -0.2655 -0.4598 0.8474
vn -0.4380 -0.7586 0.4823
vn -0.5000 -0.8660 0.0000
vn -0.4380 -0.7586 -0.4823
vn -0.2655 -0.4598 -0.8474
vn 0.0000 0.0000 -1.0000
vn -0.4598 -0.2654 0.8474
vn -0.7586 -0.4380 0.4823
vn -0.8660 -0.5000 0.0000
vn -0.7586 -0.4380 -0.4823
vn -0.4598 -0.2654 -0.8474
vn -0.5309 0.0000 0.8474
vn -0.8760 0.0000 0.4823
vn -1.0000 0.0000 0.0000
vn -0.8760 0.0000 -0.4823
vn -0.5309 0.0000 -0.8474
vn -0.4598 0.2654 0.8474
vn -0.7586 0.4380 0.4823
vn -0.8660 0.5000 0.0000
vn -0.7586 0.4380 -0.4823
vn -0.4598 0.2654 -0.8474
vn -0.2655 0.4598 0.8474
vn -0.4380 0.7586 0.4823
vn -0.5000 0.8660 -0.0000
vn -0.4380 0.7586 -0.4823
vn -0.2655 0.4598 -0.8474
vn -0.0000 0.5309 0.8474
vn 0.0000 1.0000 -0.0000
vn -0.0000 0.5309 -0.8474
vn 0.0000 0.6532 0.7572
vn 0.0000 -0.6532 0.7572
vn 0.3786 0.6532 0.6557
vn 0.3786 -0.6532 0.6557
vn 0.6557 0.6532 0.3786
vn 0.6557 -0.6532 0.3786
vn 0.7572 0.6532 0.0000
vn 0.7572 -0.6532 -0.0000
vn 0.6557 0.6532 -0.3786
vn 0.6557 -0.6532 -0.3786
vn 0.3786 0.6532 -0.6557
vn 0.3786 -0.6532 -0.6557
vn 0.0000 0.6532 -0.7572
vn 0.0000 -0.6532 -0.7572
vn -0.3786 0.6532 -0.6557
vn -0.3786 -0.6532 -0.6557
vn -0.6557 0.6532 -0.3786
vn -0.6557 -0.6532 -0.3786
vn -0.7572 0.6532 0.0000
vn -0.7572 -0.6532 -0.0000
vn -0.6557 0.6532 0.3786
vn -0.6557 -0.6532 0.3786
vn -0.3786 0.6532 0.6557
vn -0.3786 -0.6532 0.6557
vn 0.5309 0.0000 0.8474
vn 0.8760 0.0000 0.4823
vn -0.0000 0.8760 -0.4823
vn 1.0000 0.0000 -0.0000
vn 0.8760 0.0000 -0.4823
vn 0.2655 0.4598 0.8474
vn 0.5309 0.0000 -0.8474
vn 0.4380 0.7586 0.4823
vn 0.5000 0.8660 0.0000
vn 0.4380 0.7586 -0.4823
vn 0.2655 0.4598 -0.8474
vn 0.5073 -0.2724 0.8176
vn 0.4598 0.2654 0.8474
vn 0.8048 -0.3839 0.4528
vn 0.7586 0.4380 0.4823
vn 0.8660 0.5000 0.0000
vn 0.7586 0.4380 -0.4823
vn 0.4598 0.2654 -0.8474
vn 0.4598 0.2655 -0.8474
vn 0.5309 -0.0000 0.8474
vn 0.7586 0.4380 -0.4823
vn 0.8760 -0.0000 0.4823
vn 1.0000 -0.0000 0.0000
vn 0.8760 -0.0000 -0.4823
vn 0.5309 -0.0000 -0.8474
vn 0.8660 0.5000 0.0000
vn 0.4598 -0.2654 0.8474
vn 0.7586 0.4380 0.4823
vn 0.7586 -0.4380 0.4823
vn 0.8660 -0.5000 0.0000
vn 0.7586 -0.4380 -0.4823
vn 0.4598 -0.2654 -0.8474
vn 0.4598 0.2655 0.8474
vn 0.2655 -0.4598 0.8474
vn 0.9086 -0.4177 0.0000
vn 0.4380 -0.7586 0.4823
vn 0.5000 -0.8660 0.0000
vn 0.4380 -0.7586 -0.4823
vn 0.2655 -0.4598 -0.8474
vn 0.8048 -0.3839 -0.4528
vn 0.0000 -0.5309 0.8474
vn 0.2655 0.4598 0.8474
vn -0.0000 -0.8760 0.4823
vn 0.0000 -1.0000 0.0000
vn -0.0000 -0.8760 -0.4823
vn -0.0000 -0.5309 -0.8474
vn 0.4380 0.7586 0.4823
vn -0.2655 -0.4598 0.8474
vn 0.5000 0.8660 0.0000
vn -0.4380 -0.7586 0.4823
vn -0.5000 -0.8660 0.0000
vn -0.4380 -0.7586 -0.4823
vn -0.2655 -0.4598 -0.8474
vn 0.4380 0.7586 -0.4823
vn -0.4598 -0.2654 0.8474
vn 0.0000 0.0000 1.0000
vn -0.7586 -0.4380 0.4823
vn -0.8660 -0.5000 0.0000
vn -0.7586 -0.4380 -0.4823
vn -0.4598 -0.2654 -0.8474
vn 0.0000 -0.0000 -1.0000
vn -0.5309 0.0000 0.8474
vn 0.2655 0.4598 -0.8474
vn -0.8760 0.0000 0.4823
vn -1.0000 -0.0000 0.0000
vn -0.8760 0.0000 -0.4823
vn -0.5309 0.0000 -0.8474
vn 0.5073 -0.2724 -0.8176
vn -0.4598 0.2654 0.8474
vn -0.7586 0.4380 0.4823
vn -0.8660 0.5000 -0.0000
vn -0.7586 0.4380 -0.4823
vn -0.4598 0.2654 -0.8474
vn -0.2655 0.4598 0.8474
vn -0.0000 0.8760 -0.4823
vn -0.4380 0.7586 0.4823
vn -0.5000 0.8660 -0.0000
vn -0.4380 0.7586 -0.4823
vn -0.2655 0.4598 -0.8474
vn 0.5073 0.2724 -0.8176
vn -0.0000 0.5309 0.8474
vn -0.0000 0.8760 0.4823
vn -0.0000 0.8760 0.4823
vn -0.0000 1.0000 0.0000
vn 0.8048 0.3839 -0.4528
vn -0.0000 0.5309 -0.8474
vn 0.9086 0.4177 0.0000
vn 0.4598 -0.2655 0.8474
vn 0.7586 -0.4380 0.4823
vn 0.8660 -0.5000 -0.0000
vn 0.7586 -0.4380 -0.4823
vn 0.4598 -0.2655 -0.8474
vn 0.8048 0.3839 0.4528
vn 0.5073 0.2724 0.8176
vn 0.2654 -0.4598 0.8474
vn 0.4380 -0.7586 0.4823
vn 0.5000 -0.8660 0.0000
vn 0.4380 -0.7586 -0.4823
vn 0.2654 -0.4598 -0.8474
vn 0.0000 -0.5309 0.8474
vn -0.0000 -0.8760 0.4823
vn -0.0000 -1.0000 0.0000
vn -0.0000 -0.8760 -0.4823
vn -0.0000 -0.5309 -0.8474
vn 0.2614 0.6004 0.7558
vn 0.0000 0.0000 1.0000
vn -0.2655 -0.4598 0.8474
vn -0.4380 -0.7586 0.4823
vn -0.5000 -0.8660 0.0000
vn -0.4380 -0.7586 -0.4823
vn -0.2655 -0.4598 -0.8474
vn -0.0000 0.0000 -1.0000
vn 0.3957 0.8410 0.3690
vn -0.4598 -0.2655 0.8474
vn -0.7586 -0.4380 0.4823
vn -0.8660 -0.5000 0.0000
vn -0.7586 -0.4380 -0.4823
vn -0.4598 -0.2655 -0.8474
vn 0.4305 0.9026 0.0000
vn 0.3957 0.8410 -0.3690
vn -0.5309 0.0000 0.8474
vn -0.8760 0.0000 0.4823
vn -1.0000 -0.0000 0.0000
vn -0.8760 0.0000 -0.4823
vn -0.5309 0.0000 -0.8474
vn 0.2614 0.6004 -0.7558
vn -0.4598 0.2655 0.8474
vn -0.7586 0.4380 0.4823
vn -0.8660 0.5000 0.0000
vn -0.7586 0.4380 -0.4823
vn -0.4598 0.2655 -0.8474
vn -0.2655 0.4598 0.8474
vn -0.4380 0.7586 0.4823
vn -0.5000 0.8660 0.0000
vn -0.4380 0.7586 -0.4823
vn -0.2655 0.4598 -0.8474
vn -0.0000 0.5309 0.8474
vn 0.0000 1.0000 0.0000
vn -0.0000 0.5309 -0.8474
vn 0.2614 -0.6004 0.7558
vn 0.3957 -0.8410 0.3690
vn 0.4305 -0.9026 0.0000
vn 0.3957 -0.8410 -0.3690
vn 0.2614 -0.6004 -0.7558
vn -0.0000 -0.6906 0.7233
vn -0.0000 -0.9446 0.3282
vn -0.0000 -1.0000 0.0000
vn -0.0000 -0.9446 -0.3282
vn -0.0000 -0.6906 -0.7233
vn 0.0000 0.0000 1.0000
vn -0.2614 -0.6004 0.7558
vn -0.3957 -0.8410 0.3690
vn -0.4305 -0.9026 0.0000
vn -0.3957 -0.8410 -0.3690
vn -0.2614 -0.6004 -0.7558
vn -0.5073 -0.2724 0.8176
vn -0.8048 -0.3839 0.4528
vn -0.9086 -0.4177 0.0000
vn -0.8048 -0.3839 -0.4528
vn -0.5073 -0.2724 -0.8176
vn -0.5073 0.2724 0.8176
vn -0.8048 0.3839 0.4528
vn -0.9086 0.4177 0.0000
vn -0.8048 0.3839 -0.4528
vn -0.5073 0.2724 -0.8176
vn -0.2614 0.6004 0.7558
vn -0.3957 0.8410 0.3690
vn -0.4305 0.9026 0.0000
vn -0.3957 0.8410 -0.3690
vn -0.2614 0.6004 -0.7558
vn 0.0000 0.6906 0.7233
vn -0.0000 0.9446 0.3282
vn -0.0000 1.0000 0.0000
vn -0.0000 0.9446 -0.3282
vn 0.0000 0.6906 -0.7233
vn 0.0000 0.0000 -1.0000
vn 0.3177 -0.6779 0.6629
vn 0.4625 -0.8601 0.2150
vn 0.4625 -0.8601 -0.2150
vn 0.3177 -0.6779 -0.6629
vn 0.3076 0.3433 0.8874
vn 0.5410 0.6334 0.5533
vn 0.6411 0.7675 -0.0000
vn 0.5410 0.6334 -0.5533
vn 0.3076 0.3433 -0.8874
vn 0.6405 0.0000 -0.7679
vn 0.9561 0.0000 -0.2930
vn 0.4722 0.1243 0.8727
vn 0.8212 0.2262 0.5239
vn 0.9629 0.2699 -0.0000
vn 0.8212 0.2262 -0.5239
vn 0.4722 0.1243 -0.8727
vn 0.9561 -0.0000 0.2930
vn 0.6405 0.0000 0.7679
vn 0.4722 -0.1243 0.8727
vn 0.8212 -0.2262 0.5239
vn 0.9629 -0.2699 0.0000
vn 0.8212 -0.2262 -0.5239
vn 0.4722 -0.1243 -0.8727
vn 0.3076 -0.3433 0.8874
vn 0.5410 -0.6334 0.5533
vn 0.6411 -0.7675 0.0000
vn 0.5410 -0.6334 -0.5533
vn 0.3076 -0.3433 -0.8874
vn 0.3177 0.6779 0.6629
vn 0.4625 0.8601 0.2150
vn -0.0000 -0.4410 0.8975
vn -0.0000 -0.8201 0.5722
vn -0.0000 -1.0000 0.0000
vn -0.0000 -0.8201 -0.5722
vn -0.0000 -0.4410 -0.8975
vn 0.4625 0.8601 -0.2150
vn 0.3177 0.6779 -0.6629
vn -0.3076 -0.3433 0.8874
vn -0.5410 -0.6334 0.5533
vn -0.6411 -0.7675 -0.0000
vn -0.5410 -0.6334 -0.5533
vn -0.3076 -0.3433 -0.8874
vn -0.0000 -0.0000 1.0000
vn -0.4722 -0.1243 0.8727
vn -0.8212 -0.2262 0.5239
vn -0.9629 -0.2699 -0.0000
vn -0.8212 -0.2262 -0.5239
vn -0.4722 -0.1243 -0.8727
vn 0.0000 -0.0000 -1.0000
vn -0.4722 0.1243 0.8727
vn -0.8212 0.2262 0.5239
vn -0.9629 0.2699 0.0000
vn -0.8212 0.2262 -0.5239
vn -0.4722 0.1243 -0.8727
vn -0.3076 0.3433 0.8874
vn -0.5410 0.6334 0.5533
vn -0.6411 0.7675 0.0000
vn -0.5410 0.6334 -0.5533
vn -0.3076 0.3433 -0.8874
vn 0.0000 0.4410 0.8975
vn 0.0000 0.8201 0.5722
vn -0.0000 1.0000 0.0000
vn -0.0000 0.8201 -0.5722
vn 0.0000 0.4410 -0.8975
vn -0.0000 -0.8209 0.5711
vn -0.0000 -0.9882 0.1531
vn -0.0000 -0.9882 -0.1531
vn -0.0000 -0.8209 -0.5711
vn -0.3177 -0.6779 0.6629
vn -0.4625 -0.8601 0.2150
vn -0.4625 -0.8601 -0.2150
vn -0.3177 -0.6779 -0.6629
vn -0.0000 0.0000 -1.0000
vn 0.0000 0.0000 1.0000
vn -0.6405 0.0000 0.7679
vn -0.9561 0.0000 0.2930
vn -0.9561 -0.0000 -0.2930
vn -0.6405 0.0000 -0.7679
vn -0.3177 0.6779 0.6629
vn -0.4625 0.8601 0.2150
vn -0.4625 0.8601 -0.2150
vn -0.3177 0.6779 -0.6629
vn -0.0000 0.8209 0.5711
vn -0.0000 0.9882 0.1531
vn -0.0000 0.9882 -0.1531
vn -0.0000 0.8209 -0.5711
vn 0.0000 0.6532 0.7572
vn 0.0000 -0.6532 0.7572
vn 0.3786 0.6532 0.6557
vn 0.3786 -0.6532 0.6557
vn 0.6557 0.6532 0.3786
vn 0.6557 -0.6532 0.3786
vn 0.7572 0.6532 -0.0000
vn 0.7572 -0.6532 -0.0000
vn 0.6557 0.6532 -0.3786
vn 0.6557 -0.6532 -0.3786
vn 0.3786 0.6532 -0.6557
vn 0.3786 -0.6532 -0.6557
vn 0.0000 0.6532 -0.7572
vn 0.0000 -0.6532 -0.7572
vn -0.3786 0.6532 -0.6557
vn -0.3786 -0.6532 -0.6557
vn -0.6557 0.6532 -0.3786
vn -0.6557 -0.6532 -0.3786
vn -0.7572 0.6532 -0.0000
vn -0.7572 -0.6532 -0.0000
vn -0.6557 0.6532 0.3786
vn -0.6557 -0.6532 0.3786
vn -0.3786 0.6532 0.6557
vn -0.3786 -0.6532 0.6557
vn 0.5309 -0.0000 0.8474
vn 0.8760 -0.0000 0.4823
vn 0.0000 0.8760 -0.4823
vn 1.0000 -0.0000 0.0000
vn 0.8760 -0.0000 -0.4823
vn 0.2655 0.4598 0.8474
vn 0.5309 -0.0000 -0.8474
vn 0.4380 0.7586 0.4823
vn 0.5000 0.8660 0.0000
vn 0.4380 0.7586 -0.4823
vn 0.2655 0.4598 -0.8474
vn 0.4598 0.2654 0.8474
vn 0.7586 0.4380 0.4823
vn 0.8660 0.5000 0.0000
vn 0.7586 0.4380 -0.4823
vn 0.4598 0.2654 -0.8474
vn 0.4598 0.2654 -0.8474
vn 0.5309 0.0000 0.8474
vn 0.7586 0.4380 -0.4823
vn 0.8760 -0.0000 0.4823
vn 1.0000 -0.0000 0.0000
vn 0.8760 0.0000 -0.4823
vn 0.5309 0.0000 -0.8474
vn 0.8660 0.5000 0.0000
vn 0.4598 -0.2654 0.8474
vn 0.7586 0.4380 0.4823
vn 0.7586 -0.4380 0.4823
vn 0.8660 -0.5000 0.0000
vn 0.7586 -0.4380 -0.4823
vn 0.4598 -0.2654 -0.8474
vn 0.4598 0.2654 0.8474
vn 0.2654 -0.4598 0.8474
vn 0.4380 -0.7586 0.4823
vn 0.5000 -0.8660 0.0000
vn 0.4380 -0.7586 -0.4823
vn 0.2655 -0.4598 -0.8474
vn -0.0000 -0.5309 0.8474
vn 0.2655 0.4598 0.8474
vn 0.0000 -0.8760 0.4823
vn 0.0000 -1.0000 0.0000
vn 0.0000 -0.8760 -0.4823
vn -0.0000 -0.5309 -0.8474
vn 0.4380 0.7586 0.4823
vn -0.2655 -0.4598 0.8474
vn 0.5000 0.8660 0.0000
vn -0.4380 -0.7586 0.4823
vn -0.5000 -0.8660 0.0000
vn -0.4380 -0.7586 -0.4823
vn -0.2655 -0.4598 -0.8474
vn 0.4380 0.7586 -0.4823
vn -0.4598 -0.2654 0.8474
vn -0.0000 0.0000 1.0000
vn -0.7586 -0.4380 0.4823
vn -0.8660 -0.5000 -0.0000
vn -0.7586 -0.4380 -0.4823
vn -0.4598 -0.2654 -0.8474
vn -0.0000 -0.0000 -1.0000
vn -0.5309 0.0000 0.8474
vn 0.2655 0.4598 -0.8474
vn -0.8760 0.0000 0.4823
vn -1.0000 0.0000 0.0000
vn -0.8760 0.0000 -0.4823
vn -0.5309 0.0000 -0.8474
vn -0.4598 0.2654 0.8474
vn -0.7586 0.4380 0.4823
vn -0.8660 0.5000 -0.0000
vn -0.7586 0.4380 -0.4823
vn -0.4598 0.2654 -0.8474
vn -0.2654 0.4598 0.8474
vn 0.0000 0.8760 -0.4823
vn -0.4380 0.7586 0.4823
vn -0.5000 0.8660 -0.0000
vn -0.4380 0.7586 -0.4823
vn -0.2654 0.4598 -0.8474
vn 0.0000 0.5309 0.8474
vn -0.0000 0.8760 0.4823
vn 0.0000 0.8760 0.4823
vn -0.0000 1.0000 0.0000
vn 0.0000 0.5309 -0.8474
vn 0.4598 -0.2654 0.8474
vn 0.7586 -0.4380 0.4823
vn 0.8660 -0.5000 0.0000
vn 0.7586 -0.4380 -0.4823
vn 0.4598 -0.2654 -0.8474
vn 0.2655 -0.4598 0.8474
vn 0.4380 -0.7586 0.4823
vn 0.5000 -0.8660 0.0000
vn 0.4380 -0.7586 -0.4823
vn 0.2655 -0.4598 -0.8474
vn 0.0000 -0.5309 0.8474
vn 0.0000 -0.8760 0.4823
vn 0.0000 -1.0000 0.0000
vn 0.0000 -0.8760 -0.4823
vn 0.0000 -0.5309 -0.8474
vn 0.0000 0.0000 1.0000
vn -0.2654 -0.4598 0.8474
vn -0.4380 -0.7586 0.4823
vn -0.5000 -0.8660 0.0000
vn -0.4380 -0.7586 -0.4823
vn -0.2655 -0.4598 -0.8474
vn 0.0000 0.0000 -1.0000
vn -0.4598 -0.2654 0.8474
vn -0.7586 -0.4380 0.4823
vn -0.8660 -0.5000 0.0000
vn -0.7586 -0.4380 -0.4823
vn -0.4598 -0.2654 -0.8474
vn -0.5309 0.0000 0.8474
vn -0.8760 0.0000 0.4823
vn -1.0000 0.0000 -0.0000
vn -0.8760 0.0000 -0.4823
vn -0.5309 -0.0000 -0.8474
vn -0.4598 0.2654 0.8474
vn -0.7586 0.4380 0.4823
vn -0.8660 0.5000 -0.0000
vn -0.7586 0.4380 -0.4823
vn -0.4598 0.2654 -0.8474
vn -0.2655 0.4598 0.8474
vn -0.4380 0.7586 0.4823
vn -0.5000 0.8660 -0.0000
vn -0.4380 0.7586 -0.4823
vn -0.2655 0.4598 -0.8474
vn -0.0000 0.5309 0.8474
vn 0.0000 1.0000 -0.0000
vn 0.0000 0.5309 -0.8474
vn 0.0000 0.6532 0.7572
vn 0.0000 -0.6532 0.7572
vn 0.3786 0.6532 0.6557
vn 0.3786 -0.6532 0.6557
vn 0.6557 0.6532 0.3786
vn 0.6557 -0.6532 0.3786
vn 0.7572 0.6532 0.0000
vn 0.7572 -0.6532 0.0000
vn 0.6557 0.6532 -0.3786
vn 0.6557 -0.6532 -0.3786
vn 0.3786 0.6532 -0.6557
vn 0.3786 -0.6532 -0.6557
vn 0.0000 0.6532 -0.7572
vn 0.0000 -0.6532 -0.7572
vn -0.3786 0.6532 -0.6557
vn -0.3786 -0.6532 -0.6557
vn -0.6557 0.6532 -0.3786
vn -0.6557 -0.6532 -0.3786
vn -0.7572 0.6532 0.0000
vn -0.7572 -0.6532 0.0000
vn -0.6557 0.6532 0.3786
vn -0.6557 -0.6532 0.3786
vn -0.3786 0.6532 0.6557
vn -0.3786 -0.6532 0.6557
vn 0.5309 0.0000 0.8474
vn 0.8760 0.0000 0.4823
vn 0.0000 0.8760 -0.4823
vn 1.0000 -0.0000 0.0000
vn 0.8760 0.0000 -0.4823
vn 0.2655 0.4598 0.8474
vn 0.5309 0.0000 -0.8474
vn 0.4380 0.7586 0.4823
vn 0.5000 0.8660 0.0000
vn 0.4380 0.7586 -0.4823
vn 0.2655 0.4598 -0.8474
vn 0.5073 -0.2724 0.8176
vn 0.4598 0.2654 0.8474
vn 0.8048 -0.3839 0.4528
vn 0.7586 0.4380 0.4823
vn 0.8660 0.5000 0.0000
vn 0.7586 0.4380 -0.4823
vn 0.4598 0.2654 -0.8474
vn 0.4598 0.2655 -0.8474
vn 0.5309 0.0000 0.8474
vn 0.7586 0.4380 -0.4823
vn 0.8760 -0.0000 0.4823
vn 1.0000 -0.0000 -0.0000
vn 0.8760 0.0000 -0.4823
vn 0.5309 0.0000 -0.8474
vn 0.8660 0.5000 0.0000
vn 0.4598 -0.2654 0.8474
vn 0.7586 0.4380 0.4823
vn 0.7586 -0.4380 0.4823
vn 0.8660 -0.5000 -0.0000
vn 0.7586 -0.4380 -0.4823
vn 0.4598 -0.2654 -0.8474
vn 0.4598 0.2655 0.8474
vn 0.2655 -0.4598 0.8474
vn 0.9086 -0.4177 0.0000
vn 0.4380 -0.7586 0.4823
vn 0.5000 -0.8660 0.0000
vn 0.4380 -0.7586 -0.4823
vn 0.2655 -0.4598 -0.8474
vn 0.8048 -0.3839 -0.4528
vn 0.0000 -0.5309 0.8474
vn 0.2655 0.4598 0.8474
vn 0.0000 -0.8760 0.4823
vn 0.0000 -1.0000 0.0000
vn 0.0000 -0.8760 -0.4823
vn -0.0000 -0.5309 -0.8474
vn 0.4380 0.7586 0.4823
vn -0.2655 -0.4598 0.8474
vn 0.5000 0.8660 0.0000
vn -0.4380 -0.7586 0.4823
vn -0.5000 -0.8660 0.0000
vn -0.4380 -0.7586 -0.4823
vn -0.2655 -0.4598 -0.8474
vn 0.4380 0.7586 -0.4823
vn -0.4598 -0.2654 0.8474
vn 0.0000 0.0000 1.0000
vn -0.7586 -0.4380 0.4823
vn -0.8660 -0.5000 0.0000
vn -0.7586 -0.4380 -0.4823
vn -0.4598 -0.2654 -0.8474
vn -0.0000 -0.0000 -1.0000
vn -0.5309 -0.0000 0.8474
vn 0.2655 0.4598 -0.8474
vn -0.8760 -0.0000 0.4823
vn -1.0000 -0.0000 -0.0000
vn -0.8760 -0.0000 -0.4823
vn -0.5309 -0.0000 -0.8474
vn 0.5073 -0.2724 -0.8176
vn -0.4598 0.2654 0.8474
vn -0.7586 0.4380 0.4823
vn -0.8660 0.5000 0.0000
vn -0.7586 0.4380 -0.4823
vn -0.4598 0.2654 -0.8474
vn -0.2655 0.4598 0.8474
vn 0.0000 0.8760 -0.4823
vn -0.4380 0.7586 0.4823
vn -0.5000 0.8660 0.0000
vn -0.4380 0.7586 -0.4823
vn -0.2655 0.4598 -0.8474
vn 0.5073 0.2724 -0.8176
vn -0.0000 0.5309 0.8474
vn -0.0000 0.8760 0.4823
vn 0.0000 0.8760 0.4823
vn 0.0000 1.0000 0.0000
vn 0.8048 0.3839 -0.4528
vn -0.0000 0.5309 -0.8474
vn 0.9086 0.4177 0.0000
vn 0.4598 -0.2655 0.8474
vn 0.7586 -0.4380 0.4823
vn 0.8660 -0.5000 -0.0000
vn 0.7586 -0.4380 -0.4823
vn 0.4598 -0.2655 -0.8474
vn 0.8048 0.3839 0.4528
vn 0.5073 0.2724 0.8176
vn 0.2654 -0.4598 0.8474
vn 0.4380 -0.7586 0.4823
vn 0.5000 -0.8660 -0.0000
vn 0.4380 -0.7586 -0.4823
vn 0.2654 -0.4598 -0.8474
vn 0.0000 -0.5309 0.8474
vn 0.0000 -0.8760 0.4823
vn 0.0000 -1.0000 0.0000
vn 0.0000 -0.8760 -0.4823
vn -0.0000 -0.5309 -0.8474
vn 0.2614 0.6004 0.7558
vn 0.0000 0.0000 1.0000
vn -0.2655 -0.4598 0.8474
vn -0.4380 -0.7586 0.4823
vn -0.5000 -0.8660 0.0000
vn -0.4380 -0.7586 -0.4823
vn -0.2654 -0.4598 -0.8474
vn -0.0000 0.0000 -1.0000
vn 0.3957 0.8410 0.3690
vn -0.4598 -0.2655 0.8474
vn -0.7586 -0.4380 0.4823
vn -0.8660 -0.5000 0.0000
vn -0.7586 -0.4380 -0.4823
vn -0.4598 -0.2655 -0.8474
vn 0.4305 0.9026 0.0000
vn 0.3957 0.8410 -0.3690
vn -0.5309 0.0000 0.8474
vn -0.8760 0.0000 0.4823
vn -1.0000 0.0000 0.0000
vn -0.8760 0.0000 -0.4823
vn -0.5309 0.0000 -0.8474
vn 0.2614 0.6004 -0.7558
vn -0.4598 0.2655 0.8474
vn -0.7586 0.4380 0.4823
vn -0.8660 0.5000 -0.0000
vn -0.7586 0.4380 -0.4823
vn -0.4598 0.2655 -0.8474
vn -0.2655 0.4598 0.8474
vn -0.4380 0.7586 0.4823
vn -0.5000 0.8660 -0.0000
vn -0.4380 0.7586 -0.4823
vn -0.2655 0.4598 -0.8474
vn -0.0000 0.5309 0.8474
vn 0.0000 1.0000 0.0000
vn -0.0000 0.5309 -0.8474
vn 0.2614 -0.6004 0.7558
vn 0.3957 -0.8410 0.3690
vn 0.4305 -0.9026 0.0000
vn 0.3957 -0.8410 -0.3690
vn 0.2614 -0.6004 -0.7558
vn 0.0000 -0.6906 0.7233
vn 0.0000 -0.9446 0.3282
vn -0.0000 -1.0000 0.0000
vn 0.0000 -0.9446 -0.3282
vn 0.0000 -0.6906 -0.7233
vn -0.0000 0.0000 1.0000
vn -0.2614 -0.6004 0.7558
vn -0.3957 -0.8410 0.3690
vn -0.4305 -0.9026 0.0000
vn -0.3957 -0.8410 -0.3690
vn -0.2614 -0.6004 -0.7558
vn -0.5073 -0.2724 0.8176
vn -0.8048 -0.3839 0.4528
vn -0.9086 -0.4177 0.0000
vn -0.8048 -0.3839 -0.4528
vn -0.5073 -0.2724 -0.8176
vn -0.5073 0.2724 0.8176
vn -0.8048 0.3839 0.4528
vn -0.9086 0.4177 0.0000
vn -0.8048 0.3839 -0.4528
vn -0.5073 0.2724 -0.8176
vn -0.2614 0.6004 0.7558
vn -0.3957 0.8410 0.3690
vn -0.4305 0.9026 0.0000
vn -0.3957 0.8410 -0.3690
vn -0.2614 0.6004 -0.7558
vn -0.0000 0.6906 0.7233
vn -0.0000 0.9446 0.3282
vn 0.0000 1.0000 0.0000
vn -0.0000 0.9446 -0.3282
vn -0.0000 0.6906 -0.7233
vn -0.0000 0.0000 -1.0000
vn 0.3177 -0.6779 0.6629
vn 0.4625 -0.8601 0.2150
vn 0.4625 -0.8601 -0.2150
vn 0.3177 -0.6779 -0.6629
vn 0.3076 0.3433 0.8874
vn 0.5410 0.6334 0.5533
vn 0.6411 0.7675 -0.0000
vn 0.5410 0.6334 -0.5533
vn 0.3076 0.3433 -0.8874
vn 0.6405 0.0000 -0.7679
vn 0.9561 0.0000 -0.2930
vn 0.4722 0.1243 0.8727
vn 0.8212 0.2262 0.5239
vn 0.9629 0.2699 -0.0000
vn 0.8212 0.2262 -0.5239
vn 0.4722 0.1243 -0.8727
vn 0.9561 -0.0000 0.2930
vn 0.6405 0.0000 0.7679
vn 0.4722 -0.1243 0.8727
vn 0.8212 -0.2262 0.5239
vn 0.9629 -0.2699 -0.0000
vn 0.8212 -0.2262 -0.5239
vn 0.4722 -0.1243 -0.8727
vn 0.3076 -0.3433 0.8874
vn 0.5410 -0.6334 0.5533
vn 0.6411 -0.7675 -0.0000
vn 0.5410 -0.6334 -0.5533
vn 0.3076 -0.3433 -0.8874
vn 0.3177 0.6779 0.6629
vn 0.4625 0.8601 0.2150
vn -0.0000 -0.4410 0.8975
vn 0.0000 -0.8201 0.5722
vn 0.0000 -1.0000 0.0000
vn 0.0000 -0.8201 -0.5722
vn -0.0000 -0.4410 -0.8975
vn 0.4625 0.8601 -0.2150
vn 0.3177 0.6779 -0.6629
vn -0.3076 -0.3433 0.8874
vn -0.5410 -0.6334 0.5533
vn -0.6411 -0.7675 0.0000
vn -0.5410 -0.6334 -0.5533
vn -0.3076 -0.3433 -0.8874
vn -0.0000 -0.0000 1.0000
vn -0.4722 -0.1243 0.8727
vn -0.8212 -0.2262 0.5239
vn -0.9629 -0.2699 0.0000
vn -0.8212 -0.2262 -0.5239
vn -0.4722 -0.1243 -0.8727
vn 0.0000 -0.0000 -1.0000
vn -0.4722 0.1243 0.8727
vn -0.8212 0.2262 0.5239
vn -0.9629 0.2699 -0.0000
vn -0.8212 0.2262 -0.5239
vn -0.4722 0.1243 -0.8727
vn -0.3076 0.3433 0.8874
vn -0.5410 0.6334 0.5533
vn -0.6411 0.7675 -0.0000
vn -0.5410 0.6334 -0.5533
vn -0.3076 0.3433 -0.8874
vn 0.0000 0.4410 0.8975
vn 0.0000 0.8201 0.5722
vn 0.0000 1.0000 0.0000
vn 0.0000 0.8201 -0.5722
vn -0.0000 0.4410 -0.8975
vn 0.0000 -0.8209 0.5711
vn 0.0000 -0.9882 0.1531
vn 0.0000 -0.9882 -0.1531
vn 0.0000 -0.8209 -0.5711
vn -0.3177 -0.6779 0.6629
vn -0.4625 -0.8601 0.2150
vn -0.4625 -0.8601 -0.2150
vn -0.3177 -0.6779 -0.6629
vn -0.0000 0.0000 -1.0000
vn 0.0000 0.0000 1.0000
vn -0.6405 0.0000 0.7679
vn -0.9561 0.0000 0.2930
vn -0.9561 -0.0000 -0.2930
vn -0.6405 0.0000 -0.7679
vn -0.3177 0.6779 0.6629
vn -0.4625 0.8601 0.2150
vn -0.4625 0.8601 -0.2150
vn -0.3177 0.6779 -0.6629
vn 0.0000 0.8209 0.5711
vn 0.0000 0.9882 0.1531
vn 0.0000 0.9882 -0.1531
vn 0.0000 0.8209 -0.5711
vn 0.7004 -0.6468 -0.3017
vn 0.5452 0.0000 -0.8383
vn 0.0019 0.6778 0.7352
vn 0.0241 -0.5801 0.8142
vn 0.5507 0.6706 0.4970
vn 0.5653 -0.5872 0.5793
vn 0.7704 0.6348 -0.0583
vn 0.7820 -0.6224 0.0316
vn 0.5324 0.5915 -0.6056
vn 0.5473 -0.6652 -0.5080
vn -0.0241 0.5660 -0.8241
vn -0.0014 -0.6904 -0.7235
vn -0.5729 0.5732 -0.5859
vn -0.5427 -0.6832 -0.4886
vn -0.7926 0.6089 -0.0305
vn -0.7593 -0.6480 0.0591
vn -0.5546 0.6523 0.5167
vn -0.5246 -0.6053 0.5987
vn -0.6303 0.7764 -0.0000
vn 0.6303 0.7764 0.0000
vn -0.6303 0.5490 -0.5490
vn 0.6303 0.5490 -0.5490
vn -0.6303 0.0000 -0.7764
vn 0.6303 0.0000 -0.7764
vn -0.6303 -0.5490 -0.5490
vn 0.6303 -0.5490 -0.5490
vn -0.6303 -0.7764 -0.0000
vn 0.6303 -0.7764 0.0000
vn -0.6303 -0.5490 0.5490
vn 0.6303 -0.5490 0.5490
vn -0.6303 0.0000 0.7764
vn 0.6303 0.0000 0.7764
vn -0.6303 0.5490 0.5490
vn 0.6303 0.5490 0.5490
vn 0.8803 0.0000 -0.4744
vn 1.0000 -0.0000 0.0000
vn 0.8803 0.0000 0.4744
vn 0.5452 0.0000 0.8383
vn 0.4595 -0.4091 -0.7883
vn 0.3855 0.3855 0.8383
vn 0.6225 0.6225 0.4744
vn 0.7071 0.7071 0.0000
vn 0.6225 0.6225 -0.4744
vn 0.3855 0.3855 -0.8383
vn 0.3855 0.3855 0.8383
vn 0.5452 -0.0000 0.8383
vn 0.6225 0.6225 0.4744
vn 0.8803 -0.0000 0.4744
vn 1.0000 0.0000 0.0000
vn 0.8803 0.0000 -0.4744
vn 0.5452 0.0000 -0.8383
vn 0.7071 0.7071 0.0000
vn 0.3855 -0.3855 0.8383
vn 0.6225 0.6225 -0.4744
vn 0.6225 -0.6225 0.4744
vn 0.7071 -0.7071 0.0000
vn 0.6225 -0.6225 -0.4744
vn 0.3855 -0.3855 -0.8383
vn 0.3855 0.3855 -0.8383
vn 0.0000 -0.5452 0.8383
vn 0.5452 -0.0000 -0.8383
vn -0.0000 -0.8803 0.4744
vn -0.0000 -1.0000 0.0000
vn 0.0000 -0.8803 -0.4744
vn 0.0000 -0.5452 -0.8383
vn 0.6290 0.0000 -0.7774
vn -0.3855 -0.3855 0.8383
vn 0.9568 0.0000 -0.2908
vn -0.6225 -0.6225 0.4744
vn -0.7071 -0.7071 0.0000
vn -0.6225 -0.6225 -0.4744
vn -0.3855 -0.3855 -0.8383
vn 0.0000 0.0000 -1.0000
vn -0.5452 0.0000 0.8383
vn 0.9568 0.0000 0.2908
vn -0.8803 0.0000 0.4744
vn -1.0000 0.0000 0.0000
vn -0.8803 0.0000 -0.4744
vn -0.5452 0.0000 -0.8383
vn 0.6290 0.0000 0.7774
vn -0.3855 0.3855 0.8383
vn -0.5490 0.6303 -0.5490
vn -0.6225 0.6225 0.4744
vn -0.7071 0.7071 0.0000
vn -0.6225 0.6225 -0.4744
vn -0.3855 0.3855 -0.8383
vn -0.5490 -0.6303 -0.5490
vn 0.0000 0.5452 0.8383
vn 0.0000 0.0000 1.0000
vn -0.0000 0.8803 0.4744
vn -0.0000 1.0000 0.0000
vn -0.0000 0.8803 -0.4744
vn -0.0000 0.5452 -0.8383
vn 0.4595 0.4091 0.7883
vn 0.7004 0.6468 0.3017
vn 0.3855 -0.3855 -0.8383
vn 0.6225 -0.6225 -0.4744
vn 0.7071 -0.7071 0.0000
vn 0.6225 -0.6225 0.4744
vn 0.3855 -0.3855 0.8383
vn 0.7004 0.6468 -0.3017
vn 0.4595 0.4091 -0.7883
vn 0.0000 -0.5452 -0.8383
vn 0.0000 -0.8803 -0.4744
vn -0.0000 -1.0000 -0.0000
vn -0.0000 -0.8803 0.4744
vn -0.0000 -0.5452 0.8383
vn -0.7764 0.6303 0.0000
vn -0.7764 -0.6303 0.0000
vn -0.3855 -0.3855 -0.8383
vn -0.6225 -0.6225 -0.4744
vn -0.7071 -0.7071 0.0000
vn -0.6225 -0.6225 0.4744
vn -0.3855 -0.3855 0.8383
vn 0.0000 0.0000 1.0000
vn -0.0000 0.0000 -1.0000
vn -0.5452 0.0000 -0.8383
vn -0.8803 0.0000 -0.4744
vn -1.0000 -0.0000 0.0000
vn -0.8803 0.0000 0.4744
vn -0.5452 0.0000 0.8383
vn -0.5490 0.6303 0.5490
vn -0.5490 -0.6303 0.5490
vn -0.3855 0.3855 -0.8383
vn -0.6225 0.6225 -0.4744
vn -0.7071 0.7071 0.0000
vn -0.6225 0.6225 0.4744
vn -0.3855 0.3855 0.8383
vn 0.0000 0.6303 0.7764
vn 0.0000 -0.6303 0.7764
vn -0.0000 0.5452 -0.8383
vn -0.0000 0.8803 -0.4744
vn 0.0000 1.0000 0.0000
vn -0.0000 0.8803 0.4744
vn -0.0000 0.5452 0.8383
vn 0.5490 0.6303 0.5490
vn 0.7004 -0.6468 0.3017
vn 0.4595 -0.4091 0.7883
vn 0.5490 -0.6303 0.5490
vn -0.0000 -0.9500 -0.3122
vn -0.0000 -0.6002 -0.7998
vn 0.7764 0.6303 0.0000
vn -0.0000 -0.9500 0.3122
vn 0.0000 -0.6002 0.7998
vn 0.7764 -0.6303 0.0000
vn -0.7004 -0.6468 -0.3017
vn -0.4595 -0.4091 -0.7883
vn 0.5490 0.6303 -0.5490
vn -0.7004 -0.6468 0.3017
vn -0.4595 -0.4091 0.7883
vn 0.0000 0.0000 1.0000
vn -0.9568 0.0000 -0.2908
vn -0.6290 0.0000 -0.7774
vn 0.0000 0.0000 -1.0000
vn -0.9568 0.0000 0.2908
vn -0.6290 -0.0000 0.7774
vn 0.5490 -0.6303 -0.5490
vn -0.7004 0.6468 -0.3017
vn -0.4595 0.4091 -0.7883
vn 0.0000 0.6303 -0.7764
vn -0.7004 0.6468 0.3017
vn -0.4595 0.4091 0.7883
vn 0.0000 -0.6303 -0.7764
vn 0.0000 0.9500 -0.3122
vn 0.0000 0.6002 -0.7998
vn 0.8803 0.0000 -0.4744
vn -0.0000 0.9500 0.3122
vn -0.0000 0.6002 0.7998
vn 1.0000 0.0000 -0.0000
vn 0.8803 0.0000 0.4744
vn 0.5452 -0.0000 0.8383
vn 0.7071 0.7071 -0.0000
vn 0.6225 0.6225 0.4744
vn 0.3855 0.3855 0.8383
vn 0.6225 0.6225 -0.4744
vn 0.3855 0.3855 -0.8383
vn 0.3855 0.3855 0.8383
vn 1.0000 -0.0000 0.0000
vn 0.8803 -0.0000 0.4744
vn 0.6225 0.6225 0.4744
vn 0.5452 -0.0000 0.8383
vn 0.8803 0.0000 -0.4744
vn 0.5452 0.0000 -0.8383
vn 0.7071 0.7071 -0.0000
vn 0.7071 -0.7071 0.0000
vn 0.6225 -0.6225 0.4744
vn 0.6225 0.6225 -0.4744
vn 0.3855 -0.3855 0.8383
vn 0.6225 -0.6225 -0.4744
vn 0.3855 -0.3855 -0.8383
vn 0.3855 0.3855 -0.8383
vn -0.0000 -1.0000 0.0000
vn -0.0000 -0.8803 0.4744
vn 0.0000 -0.5452 0.8383
vn -0.0000 -0.8803 -0.4744
vn -0.0000 -0.5452 -0.8383
vn -0.7071 -0.7071 0.0000
vn -0.6225 -0.6225 0.4744
vn -0.3855 -0.3855 0.8383
vn -0.6225 -0.6225 -0.4744
vn -0.3855 -0.3855 -0.8383
vn -0.0000 0.0000 -1.0000
vn -1.0000 0.0000 0.0000
vn -0.8803 -0.0000 0.4744
vn 0.0000 0.0000 1.0000
vn -0.5452 0.0000 0.8383
vn -0.8803 -0.0000 -0.4744
vn -0.5452 -0.0000 -0.8383
vn -0.7071 0.7071 0.0000
vn -0.6225 0.6225 0.4744
vn -0.3855 0.3855 0.8383
vn -0.6225 0.6225 -0.4744
vn -0.3855 0.3855 -0.8383
vn -0.0000 1.0000 -0.0000
vn -0.0000 0.8803 0.4744
vn -0.0000 0.5452 0.8383
vn -0.0000 0.8803 -0.4744
vn -0.0000 0.5452 -0.8383
vn 0.3855 -0.3855 -0.8383
vn 0.6225 -0.6225 -0.4744
vn 0.7071 -0.7071 -0.0000
vn 0.6225 -0.6225 0.4744
vn 0.3855 -0.3855 0.8383
vn 0.0000 -0.5452 -0.8383
vn 0.0000 -0.8803 -0.4744
vn -0.0000 -1.0000 -0.0000
vn -0.0000 -0.8803 0.4744
vn -0.0000 -0.5452 0.8383
vn -0.3855 -0.3855 -0.8383
vn -0.6225 -0.6225 -0.4744
vn -0.7071 -0.7071 -0.0000
vn -0.6225 -0.6225 0.4744
vn -0.3855 -0.3855 0.8383
vn -0.0000 -0.0000 1.0000
vn 0.0000 -0.0000 -1.0000
vn -0.5452 -0.0000 -0.8383
vn -0.8803 -0.0000 -0.4744
vn -1.0000 -0.0000 -0.0000
vn -0.8803 -0.0000 0.4744
vn -0.5452 -0.0000 0.8383
vn -0.3855 0.3855 -0.8383
vn -0.6225 0.6225 -0.4744
vn -0.7071 0.7071 0.0000
vn -0.6225 0.6225 0.4744
vn -0.3855 0.3855 0.8383
vn -0.0000 0.5452 -0.8383
vn -0.0000 0.8803 -0.4744
vn -0.0000 1.0000 0.0000
vn 0.0000 0.8803 0.4744
vn 0.0000 0.5452 0.8383
vn 0.0000 0.6463 0.7631
vn 0.0000 -0.6741 0.7386
vn 0.3311 0.6463 0.6875
vn 0.3205 -0.6741 0.6655
vn 0.5966 0.6463 0.4758
vn 0.5775 -0.6741 0.4605
vn 0.7439 0.6463 0.1698
vn 0.7201 -0.6741 0.1644
vn 0.7439 0.6463 -0.1698
vn 0.7201 -0.6741 -0.1644
vn 0.5966 0.6463 -0.4758
vn 0.5775 -0.6741 -0.4605
vn 0.3311 0.6463 -0.6875
vn 0.3205 -0.6741 -0.6655
vn 0.0000 0.6463 -0.7631
vn 0.0000 -0.6741 -0.7386
vn -0.3311 0.6463 -0.6875
vn -0.3205 -0.6741 -0.6655
vn -0.5966 0.6463 -0.4758
vn -0.5775 -0.6741 -0.4605
vn -0.7439 0.6463 -0.1698
vn -0.7201 -0.6741 -0.1644
vn -0.7439 0.6463 0.1698
vn -0.7201 -0.6741 0.1644
vn -0.5966 0.6463 0.4758
vn -0.5775 -0.6741 0.4605
vn -0.3311 0.6463 0.6875
vn -0.3205 -0.6741 0.6655
vn 0.0000 0.6891 0.7246
vn -0.0000 -0.6305 0.7762
vn 0.3305 0.6850 0.6493
vn 0.3211 -0.6345 0.7030
vn 0.5956 0.6732 0.4383
vn 0.5786 -0.6459 0.4980
vn 0.7426 0.6563 0.1333
vn 0.7215 -0.6624 0.2017
vn 0.7426 0.6375 -0.2052
vn 0.7215 -0.6807 -0.1271
vn 0.5956 0.6205 -0.5101
vn 0.5786 -0.6971 -0.4234
vn 0.3305 0.6088 -0.7212
vn 0.3211 -0.7085 -0.6284
vn -0.0000 0.6046 -0.7965
vn -0.0000 -0.7126 -0.7016
vn -0.3305 0.6088 -0.7212
vn -0.3211 -0.7085 -0.6284
vn -0.5956 0.6205 -0.5101
vn -0.5786 -0.6971 -0.4234
vn -0.7426 0.6375 -0.2052
vn -0.7215 -0.6807 -0.1271
vn -0.7426 0.6563 0.1333
vn -0.7215 -0.6624 0.2017
vn -0.5956 0.6732 0.4383
vn -0.5786 -0.6459 0.4980
vn -0.3305 0.6850 0.6493
vn -0.3211 -0.6345 0.7030
vn 0.2591 0.6064 0.7518
vn 0.3908 0.8451 0.3647
vn 0.4244 0.9055 0.0000
vn 0.3908 0.8451 -0.3647
vn 0.2591 0.6064 -0.7518
vn 0.5069 0.2770 0.8163
vn 0.8033 0.3881 0.4517
vn 0.9067 0.4217 0.0000
vn 0.8033 0.3881 -0.4517
vn 0.5069 0.2770 -0.8163
vn 0.5069 -0.2770 0.8163
vn 0.8033 -0.3881 0.4517
vn 0.9067 -0.4217 0.0000
vn 0.8033 -0.3881 -0.4517
vn 0.5069 -0.2770 -0.8163
vn 0.2591 -0.6064 0.7518
vn 0.3908 -0.8451 0.3647
vn 0.4244 -0.9055 0.0000
vn 0.3908 -0.8451 -0.3647
vn 0.2591 -0.6064 -0.7518
vn -0.0000 -0.6962 0.7179
vn -0.0000 -0.9464 0.3229
vn 0.0000 -1.0000 0.0000
vn -0.0000 -0.9464 -0.3229
vn -0.0000 -0.6962 -0.7179
vn -0.2591 -0.6064 0.7518
vn 0.0000 -0.0000 1.0000
vn -0.3908 -0.8451 0.3647
vn -0.4244 -0.9055 0.0000
vn -0.3908 -0.8451 -0.3647
vn -0.2591 -0.6064 -0.7518
vn -0.5069 -0.2770 0.8163
vn -0.8033 -0.3881 0.4517
vn -0.9067 -0.4217 0.0000
vn -0.8033 -0.3881 -0.4517
vn -0.5069 -0.2770 -0.8163
vn 0.0000 -0.0000 -1.0000
vn -0.5069 0.2770 0.8163
vn -0.8033 0.3881 0.4517
vn -0.9067 0.4217 0.0000
vn -0.8033 0.3881 -0.4517
vn -0.5069 0.2770 -0.8163
vn -0.2591 0.6064 0.7518
vn -0.3908 0.8451 0.3647
vn -0.4244 0.9055 0.0000
vn -0.3908 0.8451 -0.3647
vn -0.2591 0.6064 -0.7518
vn 0.0000 0.6962 0.7179
vn 0.0000 0.9464 0.3229
vn -0.0000 1.0000 0.0000
vn 0.0000 0.9464 -0.3229
vn 0.0000 0.6962 -0.7179
vn 0.4347 0.8814 0.1850
vn -0.0000 0.7374 0.6754
vn 0.4347 0.8814 -0.1850
vn -0.0000 0.9954 0.0958
vn -0.0000 0.9954 -0.0958
vn 0.3173 0.7205 -0.6166
vn -0.0000 0.7374 -0.6754
vn 0.3143 0.6551 0.6870
vn 0.4122 0.8475 0.3344
vn 0.4355 0.8946 0.1000
vn 0.4355 0.8946 -0.1000
vn 0.4122 0.8475 -0.3344
vn 0.3143 0.6551 -0.6870
vn 0.0000 -0.0000 1.0000
vn 0.5771 0.4008 0.7115
vn 0.7701 0.5256 0.3615
vn 0.8216 0.5595 0.1097
vn 0.8216 0.5595 -0.1097
vn 0.7701 0.5256 -0.3615
vn 0.5771 0.4008 -0.7115
vn 0.6892 -0.0000 0.7246
vn 0.9263 -0.0000 0.3767
vn 0.9933 -0.0000 0.1152
vn 0.9933 -0.0000 -0.1152
vn 0.9263 -0.0000 -0.3767
vn 0.6892 -0.0000 -0.7246
vn -0.3936 0.4782 0.7851
vn -0.4956 0.7244 -0.4793
vn 0.5771 -0.4008 0.7115
vn 0.7701 -0.5256 0.3615
vn 0.8216 -0.5595 0.1097
vn 0.8216 -0.5595 -0.1097
vn 0.7701 -0.5256 -0.3615
vn 0.5771 -0.4008 -0.7115
vn -0.6369 0.1445 0.7573
vn -0.8018 0.3043 -0.5143
vn 0.3143 -0.6551 0.6870
vn 0.4122 -0.8475 0.3344
vn 0.4355 -0.8946 0.1000
vn 0.4355 -0.8946 -0.1000
vn 0.4122 -0.8475 -0.3344
vn 0.3143 -0.6551 -0.6870
vn -0.6369 -0.2679 0.7229
vn -0.8018 -0.2150 -0.5576
vn -0.0000 -0.7374 0.6754
vn -0.0000 -0.9466 0.3223
vn -0.0000 -0.9954 0.0958
vn -0.0000 -0.9954 -0.0958
vn -0.0000 -0.9466 -0.3223
vn -0.0000 -0.7374 -0.6754
vn -0.3936 -0.6016 0.6951
vn -0.4956 -0.6351 -0.5926
vn -0.3143 -0.6551 0.6870
vn -0.4122 -0.8475 0.3344
vn -0.4355 -0.8946 0.1000
vn -0.4355 -0.8946 -0.1000
vn -0.4122 -0.8475 -0.3344
vn -0.3143 -0.6551 -0.6870
vn -0.0000 -0.0000 -1.0000
vn -0.0000 -0.7290 0.6845
vn -0.5771 -0.4008 0.7115
vn -0.7701 -0.5256 0.3615
vn -0.8216 -0.5595 0.1097
vn -0.8216 -0.5595 -0.1097
vn -0.7701 -0.5256 -0.3615
vn -0.5771 -0.4008 -0.7115
vn -0.0000 -0.7955 -0.6059
vn 0.3936 -0.6016 0.6951
vn -0.6892 0.0000 0.7246
vn -0.9263 0.0000 0.3767
vn -0.9933 0.0000 0.1152
vn -0.9933 0.0000 -0.1152
vn -0.9263 0.0000 -0.3767
vn -0.6892 0.0000 -0.7246
vn 0.4956 -0.6351 -0.5926
vn 0.6369 -0.2679 0.7229
vn -0.5771 0.4008 0.7115
vn -0.7701 0.5256 0.3615
vn -0.8216 0.5595 0.1097
vn -0.8216 0.5595 -0.1097
vn -0.7701 0.5256 -0.3615
vn -0.5771 0.4008 -0.7115
vn 0.8018 -0.2150 -0.5576
vn 0.6369 0.1445 0.7573
vn -0.3143 0.6551 0.6870
vn -0.4122 0.8475 0.3344
vn -0.4355 0.8946 0.1000
vn -0.4355 0.8946 -0.1000
vn -0.4122 0.8475 -0.3344
vn -0.3143 0.6551 -0.6870
vn 0.8018 0.3043 -0.5143
vn 0.3936 0.4782 0.7851
vn 0.4956 0.7244 -0.4793
vn -0.0000 0.9466 0.3223
vn 0.0000 0.6057 0.7957
vn 0.0000 0.8848 -0.4659
vn -0.0000 0.9466 -0.3223
vn 0.3173 0.7205 0.6166
vn 0.9622 0.0000 0.2724
vn 0.9622 0.0000 -0.2724
vn 0.6740 -0.0000 -0.7387
vn 0.6740 -0.0000 0.7387
vn 0.4347 -0.8814 0.1850
vn 0.4347 -0.8814 -0.1850
vn 0.3173 -0.7205 -0.6166
vn 0.3173 -0.7205 0.6166
vn 0.0000 -0.9920 0.1261
vn 0.0000 -0.9920 -0.1261
vn -0.0000 -0.8614 -0.5078
vn -0.0000 -0.8614 0.5078
vn -0.4347 -0.8814 0.1850
vn -0.4347 -0.8814 -0.1850
vn -0.3173 -0.7205 -0.6166
vn -0.0000 0.0000 -1.0000
vn -0.0000 0.0000 1.0000
vn -0.3173 -0.7205 0.6166
vn -0.9622 -0.0000 0.2724
vn -0.9622 -0.0000 -0.2724
vn -0.6740 -0.0000 -0.7387
vn -0.6740 -0.0000 0.7387
vn -0.4347 0.8814 0.1850
vn -0.4347 0.8814 -0.1850
vn -0.3173 0.7205 -0.6166
vn -0.3173 0.7205 0.6166
vn 0.0000 0.9920 0.1261
vn 0.0000 0.9920 -0.1261
vn -0.0000 0.8614 -0.5078
vn 0.0000 0.8614 0.5078
vn 0.0000 0.6463 0.7631
vn 0.0000 -0.6741 0.7386
vn 0.3311 0.6463 0.6875
vn 0.3205 -0.6741 0.6655
vn 0.5966 0.6463 0.4758
vn 0.5775 -0.6741 0.4605
vn 0.7439 0.6463 0.1698
vn 0.7201 -0.6741 0.1644
vn 0.7439 0.6463 -0.1698
vn 0.7201 -0.6741 -0.1644
vn 0.5966 0.6463 -0.4758
vn 0.5775 -0.6741 -0.4605
vn 0.3311 0.6463 -0.6875
vn 0.3205 -0.6741 -0.6655
vn 0.0000 0.6463 -0.7631
vn 0.0000 -0.6741 -0.7386
vn -0.3311 0.6463 -0.6875
vn -0.3205 -0.6741 -0.6655
vn -0.5966 0.6463 -0.4758
vn -0.5775 -0.6741 -0.4605
vn -0.7439 0.6463 -0.1698
vn -0.7201 -0.6741 -0.1644
vn -0.7439 0.6463 0.1698
vn -0.7201 -0.6741 0.1644
vn -0.5966 0.6463 0.4758
vn -0.5775 -0.6741 0.4605
vn -0.3311 0.6463 0.6875
vn -0.3205 -0.6741 0.6655
vn 0.0000 0.6891 0.7246
vn 0.0000 -0.6305 0.7762
vn 0.3305 0.6850 0.6493
vn 0.3211 -0.6345 0.7030
vn 0.5956 0.6732 0.4383
vn 0.5786 -0.6459 0.4980
vn 0.7426 0.6563 0.1333
vn 0.7215 -0.6624 0.2017
vn 0.7426 0.6375 -0.2052
vn 0.7215 -0.6807 -0.1271
vn 0.5956 0.6205 -0.5101
vn 0.5786 -0.6971 -0.4234
vn 0.3305 0.6088 -0.7212
vn 0.3211 -0.7085 -0.6284
vn -0.0000 0.6046 -0.7965
vn -0.0000 -0.7126 -0.7016
vn -0.3305 0.6088 -0.7212
vn -0.3211 -0.7085 -0.6284
vn -0.5956 0.6205 -0.5101
vn -0.5786 -0.6971 -0.4234
vn -0.7426 0.6375 -0.2052
vn -0.7215 -0.6807 -0.1271
vn -0.7426 0.6563 0.1333
vn -0.7215 -0.6624 0.2017
vn -0.5956 0.6732 0.4383
vn -0.5786 -0.6459 0.4980
vn -0.3305 0.6850 0.6493
vn -0.3211 -0.6345 0.7030
vn 0.2591 0.6064 0.7518
vn 0.3908 0.8451 0.3647
vn 0.4244 0.9055 0.0000
vn 0.3908 0.8451 -0.3647
vn 0.2591 0.6064 -0.7518
vn 0.5069 0.2770 0.8163
vn 0.8033 0.3881 0.4517
vn 0.9067 0.4217 0.0000
vn 0.8033 0.3881 -0.4517
vn 0.5069 0.2770 -0.8163
vn 0.5069 -0.2770 0.8163
vn 0.8033 -0.3881 0.4517
vn 0.9067 -0.4217 0.0000
vn 0.8033 -0.3881 -0.4517
vn 0.5069 -0.2770 -0.8163
vn 0.2591 -0.6064 0.7518
vn 0.3908 -0.8451 0.3647
vn 0.4244 -0.9055 -0.0000
vn 0.3908 -0.8451 -0.3647
vn 0.2591 -0.6064 -0.7518
vn -0.0000 -0.6962 0.7179
vn -0.0000 -0.9464 0.3229
vn 0.0000 -1.0000 0.0000
vn -0.0000 -0.9464 -0.3229
vn -0.0000 -0.6962 -0.7179
vn -0.2591 -0.6064 0.7518
vn 0.0000 -0.0000 1.0000
vn -0.3908 -0.8451 0.3647
vn -0.4244 -0.9055 0.0000
vn -0.3908 -0.8451 -0.3647
vn -0.2591 -0.6064 -0.7518
vn -0.5069 -0.2770 0.8163
vn -0.8033 -0.3881 0.4517
vn -0.9067 -0.4217 0.0000
vn -0.8033 -0.3881 -0.4517
vn -0.5069 -0.2770 -0.8163
vn 0.0000 -0.0000 -1.0000
vn -0.5069 0.2770 0.8163
vn -0.8033 0.3881 0.4517
vn -0.9067 0.4217 0.0000
vn -0.8033 0.3881 -0.4517
vn -0.5069 0.2770 -0.8163
vn -0.2591 0.6064 0.7518
vn -0.3908 0.8451 0.3647
vn -0.4244 0.9055 0.0000
vn -0.3908 0.8451 -0.3647
vn -0.2591 0.6064 -0.7518
vn 0.0000 0.6962 0.7179
vn 0.0000 0.9464 0.3229
vn 0.0000 1.0000 0.0000
vn 0.0000 0.9464 -0.3229
vn 0.0000 0.6962 -0.7179
vn 0.4347 0.8814 0.1850
vn 0.0000 0.7374 0.6754
vn 0.4347 0.8814 -0.1850
vn 0.0000 0.9954 0.0958
vn 0.0000 0.9954 -0.0958
vn 0.3173 0.7205 -0.6166
vn 0.0000 0.7374 -0.6754
vn 0.3143 0.6551 0.6870
vn 0.4122 0.8475 0.3344
vn 0.4355 0.8946 0.1000
vn 0.4355 0.8946 -0.1000
vn 0.4122 0.8475 -0.3344
vn 0.3143 0.6551 -0.6870
vn 0.0000 -0.0000 1.0000
vn 0.5771 0.4008 0.7115
vn 0.7701 0.5256 0.3615
vn 0.8216 0.5595 0.1097
vn 0.8216 0.5595 -0.1097
vn 0.7701 0.5256 -0.3615
vn 0.5771 0.4008 -0.7115
vn 0.6892 0.0000 0.7246
vn 0.9263 0.0000 0.3767
vn 0.9933 0.0000 0.1152
vn 0.9933 0.0000 -0.1152
vn 0.9263 0.0000 -0.3767
vn 0.6892 -0.0000 -0.7246
vn -0.3936 0.4782 0.7851
vn -0.4956 0.7244 -0.4793
vn 0.5771 -0.4008 0.7115
vn 0.7701 -0.5256 0.3615
vn 0.8216 -0.5595 0.1097
vn 0.8216 -0.5595 -0.1097
vn 0.7701 -0.5256 -0.3615
vn 0.5771 -0.4008 -0.7115
vn -0.6369 0.1445 0.7573
vn -0.8018 0.3043 -0.5143
vn 0.3143 -0.6551 0.6870
vn 0.4122 -0.8475 0.3344
vn 0.4355 -0.8946 0.1000
vn 0.4355 -0.8946 -0.1000
vn 0.4122 -0.8475 -0.3344
vn 0.3143 -0.6551 -0.6870
vn -0.6369 -0.2679 0.7229
vn -0.8018 -0.2150 -0.5576
vn 0.0000 -0.7374 0.6754
vn 0.0000 -0.9466 0.3223
vn 0.0000 -0.9954 0.0958
vn 0.0000 -0.9954 -0.0958
vn -0.0000 -0.9466 -0.3223
vn 0.0000 -0.7374 -0.6754
vn -0.3936 -0.6016 0.6951
vn -0.4956 -0.6351 -0.5926
vn -0.3143 -0.6551 0.6870
vn -0.4122 -0.8475 0.3344
vn -0.4355 -0.8946 0.1000
vn -0.4355 -0.8946 -0.1000
vn -0.4122 -0.8475 -0.3344
vn -0.3143 -0.6551 -0.6870
vn -0.0000 0.0000 -1.0000
vn -0.0000 -0.7290 0.6845
vn -0.5771 -0.4008 0.7115
vn -0.7701 -0.5256 0.3615
vn -0.8216 -0.5595 0.1097
vn -0.8216 -0.5595 -0.1097
vn -0.7701 -0.5256 -0.3615
vn -0.5771 -0.4008 -0.7115
vn -0.0000 -0.7955 -0.6059
vn 0.3936 -0.6016 0.6951
vn -0.6892 -0.0000 0.7246
vn -0.9263 0.0000 0.3767
vn -0.9933 0.0000 0.1152
vn -0.9933 0.0000 -0.1152
vn -0.9263 0.0000 -0.3767
vn -0.6892 0.0000 -0.7246
vn 0.4956 -0.6351 -0.5926
vn 0.6369 -0.2679 0.7229
vn -0.5771 0.4008 0.7115
vn -0.7701 0.5256 0.3615
vn -0.8216 0.5595 0.1097
vn -0.8216 0.5595 -0.1097
vn -0.7701 0.5256 -0.3615
vn -0.5771 0.4008 -0.7115
vn 0.8018 -0.2150 -0.5576
vn 0.6369 0.1445 0.7573
vn -0.3143 0.6551 0.6870
vn -0.4122 0.8475 0.3344
vn -0.4355 0.8946 0.1000
vn -0.4355 0.8946 -0.1000
vn -0.4122 0.8475 -0.3344
vn -0.3143 0.6551 -0.6870
vn 0.8018 0.3043 -0.5143
vn 0.3936 0.4782 0.7851
vn 0.4956 0.7244 -0.4793
vn 0.0000 0.9466 0.3223
vn 0.0000 0.6057 0.7957
vn 0.0000 0.8848 -0.4659
vn 0.0000 0.9466 -0.3223
vn 0.3173 0.7205 0.6166
vn 0.9622 -0.0000 0.2724
vn 0.9622 -0.0000 -0.2724
vn 0.6740 -0.0000 -0.7387
vn 0.6740 -0.0000 0.7387
vn 0.4347 -0.8814 0.1850
vn 0.4347 -0.8814 -0.1850
vn 0.3173 -0.7205 -0.6166
vn 0.3173 -0.7205 0.6166
vn -0.0000 -0.9920 0.1261
vn -0.0000 -0.9920 -0.1261
vn 0.0000 -0.8614 -0.5078
vn -0.0000 -0.8614 0.5078
vn -0.4347 -0.8814 0.1850
vn -0.4347 -0.8814 -0.1850
vn -0.3173 -0.7205 -0.6166
vn -0.0000 -0.0000 -1.0000
vn -0.0000 -0.0000 1.0000
vn -0.3173 -0.7205 0.6166
vn -0.9622 0.0000 0.2724
vn -0.9622 0.0000 -0.2724
vn -0.6740 -0.0000 -0.7387
vn -0.6740 -0.0000 0.7387
vn -0.4347 0.8814 0.1850
vn -0.4347 0.8814 -0.1850
vn -0.3173 0.7205 -0.6166
vn -0.3173 0.7205 0.6166
vn -0.0000 0.9920 0.1261
vn -0.0000 0.9920 -0.1261
vn -0.0000 0.8614 -0.5078
vn 0.0000 0.8614 0.5078
vn 0.3630 -0.5553 -0.7482
vn 0.3926 -0.4639 -0.7941
vn 0.0242 0.5601 0.8280
vn 0.1775 -0.7268 0.6635
vn 0.3858 0.6210 0.6823
vn 0.5342 -0.6668 0.5197
vn 0.6234 0.6865 0.3742
vn 0.7687 -0.6022 0.2157
vn 0.6735 0.7390 -0.0136
vn 0.8181 -0.5503 -0.1670
vn 0.5226 0.7646 -0.3772
vn 0.6692 -0.5251 -0.5258
vn 0.2111 0.7562 -0.6193
vn 0.3619 -0.5333 -0.7646
vn -0.1774 0.7163 -0.6749
vn -0.0215 -0.5728 -0.8194
vn -0.5390 0.6554 -0.5291
vn -0.3783 -0.6328 -0.6756
vn -0.7766 0.5899 -0.2210
vn -0.6127 -0.6974 -0.3717
vn -0.8267 0.5374 0.1668
vn -0.6622 -0.7493 0.0110
vn -0.6758 0.5119 0.5304
vn -0.5132 -0.7745 0.3698
vn -0.3643 0.5202 0.7725
vn -0.2059 -0.7663 0.6086
vn 0.6038 -0.0000 -0.7971
vn 0.9499 -0.0000 -0.3126
vn 0.9499 -0.0000 0.3126
vn 0.3820 0.5310 0.7564
vn 0.6038 -0.0000 0.7971
vn 0.5950 0.7541 0.2779
vn 0.5950 0.7541 -0.2779
vn 0.3820 0.5310 -0.7564
vn 0.6090 -0.0000 0.7932
vn 0.5858 0.0000 -0.8105
vn 0.9513 -0.0000 0.3084
vn 0.9513 -0.0000 -0.3084
vn 0.6090 -0.0000 -0.7932
vn 0.3630 0.5553 0.7482
vn 0.3820 -0.5310 0.7564
vn 0.5689 0.7757 0.2732
vn 0.5950 -0.7541 0.2779
vn 0.5950 -0.7541 -0.2779
vn 0.3820 -0.5310 -0.7564
vn 0.5689 0.7757 -0.2732
vn -0.0000 -0.6907 0.7231
vn 0.3630 0.5553 -0.7482
vn 0.0000 -0.9693 0.2460
vn 0.0000 -0.9693 -0.2460
vn 0.0000 -0.6907 -0.7231
vn 0.9468 -0.0000 -0.3219
vn -0.3820 -0.5310 0.7564
vn 0.9468 -0.0000 0.3219
vn -0.5950 -0.7541 0.2779
vn -0.5950 -0.7541 -0.2779
vn -0.3820 -0.5310 -0.7564
vn -0.0000 -0.0000 -1.0000
vn -0.6090 0.0000 0.7932
vn -0.0000 -0.0000 1.0000
vn -0.9513 -0.0000 0.3084
vn -0.9513 -0.0000 -0.3084
vn -0.6090 -0.0000 -0.7932
vn 0.5858 0.0000 0.8105
vn -0.3820 0.5310 0.7564
vn -0.5950 0.7541 0.2779
vn -0.5950 0.7541 -0.2779
vn -0.3820 0.5310 -0.7564
vn -0.0000 0.6907 0.7231
vn 0.3926 0.4639 0.7941
vn -0.0000 0.9693 0.2460
vn -0.0000 0.9693 -0.2460
vn -0.0000 0.6907 -0.7231
vn 0.6337 0.7100 0.3072
vn 0.5689 -0.7757 -0.2732
vn 0.5689 -0.7757 0.2732
vn 0.3630 -0.5553 0.7482
vn 0.6337 0.7100 -0.3072
vn 0.0000 -0.7091 -0.7051
vn 0.3926 0.4639 -0.7941
vn 0.0000 -0.9727 -0.2323
vn 0.0000 -0.9727 0.2323
vn 0.0000 -0.7091 0.7051
vn -0.3630 -0.5553 -0.7482
vn -0.0000 -0.0000 -1.0000
vn -0.5689 -0.7757 -0.2732
vn -0.5689 -0.7757 0.2732
vn -0.3630 -0.5553 0.7482
vn 0.0000 -0.0000 1.0000
vn -0.6038 -0.0000 -0.7971
vn -0.9499 -0.0000 -0.3126
vn -0.9499 -0.0000 0.3126
vn -0.6038 -0.0000 0.7971
vn -0.3630 0.5553 -0.7482
vn -0.5689 0.7757 -0.2732
vn -0.5689 0.7757 0.2732
vn -0.3630 0.5553 0.7482
vn 0.0000 0.7091 -0.7051
vn 0.0000 0.9727 -0.2323
vn 0.0000 0.9727 0.2323
vn 0.0000 0.7091 0.7051
vn 0.6337 -0.7100 -0.3072
vn 0.6337 -0.7100 0.3072
vn 0.3926 -0.4639 0.7941
vn -0.0000 -0.6272 -0.7789
vn 0.0000 -0.9565 -0.2916
vn 0.0000 -0.9565 0.2916
vn -0.0000 -0.6272 0.7789
vn -0.3926 -0.4639 -0.7941
vn 0.0000 -0.0000 -1.0000
vn -0.6337 -0.7100 -0.3072
vn -0.6337 -0.7100 0.3072
vn -0.3926 -0.4639 0.7941
vn 0.0000 -0.0000 1.0000
vn -0.5858 0.0000 -0.8105
vn -0.9468 -0.0000 -0.3219
vn -0.9468 -0.0000 0.3219
vn -0.5858 0.0000 0.8105
vn -0.3926 0.4639 -0.7941
vn -0.6337 0.7100 -0.3072
vn -0.6337 0.7100 0.3072
vn -0.3926 0.4639 0.7941
vn -0.0000 0.6272 -0.7789
vn -0.0000 0.9565 -0.2916
vn -0.0000 0.9565 0.2916
vn -0.0000 0.6272 0.7789
vt 0.1250 0.8750
vt 0.3750 0.8750
vt 0.3750 0.8750
vt 0.1250 0.8750
vt 0.1250 0.8750
vt 0.1250 0.8750
vt 0.1250 0.8750
vt 0.1250 0.8750
vt 0.3750 0.8750
vt 0.3750 0.8750
vt 0.3750 0.8750
vt 0.3750 0.8750
vt 0.3750 0.8750
vt 0.3750 0.8750
vt 0.3750 0.8750
vt 0.3750 0.8750
vt 0.3750 0.8750
vt 0.3750 0.8750
vt 0.3750 0.8750
vt 0.3750 0.8750
vt 0.3750 0.8750
vt 0.3750 0.8750
vt 0.3750 0.8750
vt 0.3750 0.8750
vt 0.1250 0.8750
vt 0.3750 0.8750
vt 0.3750 0.8750
vt 0.1250 0.8750
vt 0.1250 0.8750
vt 0.3750 0.8750
vt 0.3750 0.8750
vt 0.3750 0.8750
vt 0.3750 0.8750
vt 0.3750 0.8750
vt 0.1250 0.8750
vt 0.1250 0.8750
vt 0.3750 0.8750
vt 0.1250 0.8750
vt 0.1250 0.8750
vt 0.3750 0.8750
vt 0.1250 0.8750
vt 0.1250 0.8750
vt 0.1250 0.8750
vt 0.1250 0.8750
vt 0.1250 0.8750
vt 0.1250 0.8750
vt 0.1250 0.8750
vt 0.1250 0.8750
vt 0.1250 0.8750
vt 0.3750 0.8750
vt 0.1250 0.8750
vt 0.1250 0.8750
vt 0.3750 0.8750
vt 0.1250 0.8750
vt 0.1250 0.8750
vt 0.1250 0.8750
vt 0.1250 0.8750
vt 0.1250 0.8750
vt 0.1250 0.8750
vt 0.1250 0.8750
vt 0.1250 0.8750
vt 0.1250 0.8750
vt 0.3750 0.8750
vt 0.3750 0.8750
vt 0.3750 0.8750
vt 0.1250 0.8750
vt 0.1250 0.8750
vt 0.1250 0.8750
vt 0.1250 0.8750
vt 0.1250 0.8750
vt 0.1250 0.8750
vt 0.1250 0.8750
vt 0.1250 0.8750
vt 0.1250 0.8750
vt 0.3750 0.8750
vt 0.1250 0.8750
vt 0.1250 0.8750
vt 0.3750 0.8750
vt 0.1250 0.8750
vt 0.1250 0.8750
vt 0.1250 0.8750
vt 0.1250 0.8750
vt 0.1250 0.8750
vt 0.1250 0.8750
vt 0.1250 0.8750
vt 0.1250 0.8750
vt 0.1250 0.8750
vt 0.3750 0.8750
vt 0.1250 0.8750
vt 0.1250 0.8750
vt 0.1250 0.8750
vt 0.3750 0.8750
vt 0.1250 0.8750
vt 0.1250 0.8750
vt 0.1250 0.8750
vt 0.1250 0.8750
vt 0.1250 0.8750
vt 0.1250 0.8750
vt 0.1250 0.8750
vt 0.1250 0.8750
vt 0.1250 0.8750
vt 0.1250 0.8750
vt 0.3750 0.8750
vt 0.1250 0.8750
vt 0.3750 0.8750
vt 0.1250 0.8750
vt 0.1250 0.8750
vt 0.1250 0.8750
vt 0.1250 0.8750
vt 0.1250 0.8750
vt 0.1250 0.8750
vt 0.1250 0.8750
vt 0.1250 0.8750
vt 0.1250 0.8750
vt 0.3750 0.8750
vt 0.1250 0.8750
vt 0.3750 0.8750
vt 0.1250 0.8750
vt 0.1250 0.8750
vt 0.1250 0.8750
vt 0.1250 0.8750
vt 0.1250 0.8750
vt 0.1250 0.8750
vt 0.1250 0.8750
vt 0.1250 0.8750
vt 0.1250 0.8750
vt 0.3750 0.8750
vt 0.3750 0.8750
vt 0.1250 0.8750
vt 0.3750 0.8750
vt 0.1250 0.8750
vt 0.1250 0.8750
vt 0.1250 0.8750
vt 0.1250 0.8750
vt 0.1250 0.8750
vt 0.1250 0.8750
vt 0.1250 0.8750
vt 0.1250 0.8750
vt 0.1250 0.8750
vt 0.1250 0.8750
vt 0.1250 0.8750
vt 0.1250 0.8750
vt 0.3750 0.8750
vt 0.1250 0.8750
vt 0.1250 0.8750
vt 0.1250 0.8750
vt 0.1250 0.8750
vt 0.1250 0.8750
vt 0.1250 0.8750
vt 0.1250 0.8750
vt 0.1250 0.8750
vt 0.1250 0.8750
vt 0.1250 0.8750
vt 0.1250 0.8750
vt 0.3750 0.8750
vt 0.1250 0.8750
vt 0.1250 0.8750
vt 0.1250 0.8750
vt 0.1250 0.8750
vt 0.1250 0.8750
vt 0.1250 0.8750
vt 0.1250 0.8750
vt 0.1250 0.8750
vt 0.1250 0.8750
vt 0.3750 0.8750
vt 0.1250 0.8750
vt 0.1250 0.8750
vt 0.3750 0.8750
vt 0.1250 0.8750
vt 0.1250 0.8750
vt 0.1250 0.8750
vt 0.1250 0.8750
vt 0.1250 0.8750
vt 0.1250 0.8750
vt 0.1250 0.8750
vt 0.1250 0.8750
vt 0.1250 0.8750
vt 0.3750 0.8750
vt 0.3750 0.8750
vt 0.3750 0.8750
vt 0.1250 0.8750
vt 0.1250 0.8750
vt 0.1250 0.8750
vt 0.1250 0.8750
vt 0.1250 0.8750
vt 0.1250 0.8750
vt 0.1250 0.8750
vt 0.1250 0.8750
vt 0.1250 0.8750
vt 0.3750 0.8750
vt 0.3750 0.8750
vt 0.1250 0.8750
vt 0.3750 0.8750
vt 0.1250 0.8750
vt 0.1250 0.8750
vt 0.1250 0.8750
vt 0.1250 0.8750
vt 0.1250 0.8750
vt 0.1250 0.8750
vt 0.1250 0.8750
vt 0.1250 0.8750
vt 0.1250 0.8750
vt 0.3750 0.8750
vt 0.1250 0.8750
vt 0.3750 0.8750
vt 0.3750 0.8750
vt 0.1250 0.8750
vt 0.1250 0.8750
vt 0.3750 0.8750
vt 0.3750 0.8750
vt 0.3750 0.8750
vt 0.3750 0.8750
vt 0.3750 0.8750
vt 0.1250 0.8750
vt 0.1250 0.8750
vt 0.3750 0.8750
vt 0.3750 0.8750
vt 0.3750 0.8750
vt 0.3750 0.8750
vt 0.3750 0.8750
vt 0.3750 0.8750
vt 0.3750 0.8750
vt 0.3750 0.8750
vt 0.3750 0.8750
vt 0.3750 0.8750
vt 0.3750 0.8750
vt 0.3750 0.8750
vt 0.3750 0.8750
vt 0.3750 0.8750
vt 0.3750 0.8750
vt 0.3750 0.8750
vt 0.3750 0.8750
vt 0.3750 0.8750
vt 0.3750 0.8750
vt 0.3750 0.8750
vt 0.3750 0.8750
vt 0.3750 0.8750
vt 0.3750 0.8750
vt 0.3750 0.8750
vt 0.3750 0.8750
vt 0.3750 0.8750
vt 0.3750 0.8750
vt 0.3750 0.8750
vt 0.1250 0.8750
vt 0.1250 0.8750
vt 0.1250 0.8750
vt 0.1250 0.8750
vt 0.3750 0.8750
vt 0.3750 0.8750
vt 0.3750 0.8750
vt 0.1250 0.8750
vt 0.3750 0.8750
vt 0.1250 0.8750
vt 0.1250 0.8750
vt 0.1250 0.8750
vt 0.1250 0.8750
vt 0.3750 0.8750
vt 0.3750 0.8750
vt 0.1250 0.8750
vt 0.1250 0.8750
vt 0.1250 0.8750
vt 0.1250 0.8750
vt 0.1250 0.8750
vt 0.1250 0.8750
vt 0.1250 0.8750
vt 0.3750 0.8750
vt 0.3750 0.8750
vt 0.1250 0.8750
vt 0.1250 0.8750
vt 0.1250 0.8750
vt 0.1250 0.8750
vt 0.1250 0.8750
vt 0.1250 0.8750
vt 0.1250 0.8750
vt 0.3750 0.8750
vt 0.3750 0.8750
vt 0.3750 0.8750
vt 0.1250 0.8750
vt 0.1250 0.8750
vt 0.1250 0.8750
vt 0.1250 0.8750
vt 0.1250 0.8750
vt 0.1250 0.8750
vt 0.3750 0.8750
vt 0.3750 0.8750
vt 0.1250 0.8750
vt 0.1250 0.8750
vt 0.1250 0.8750
vt 0.1250 0.8750
vt 0.1250 0.8750
vt 0.1250 0.8750
vt 0.1250 0.8750
vt 0.3750 0.8750
vt 0.3750 0.8750
vt 0.1250 0.8750
vt 0.1250 0.8750
vt 0.3750 0.8750
vt 0.1250 0.8750
vt 0.1250 0.8750
vt 0.1250 0.8750
vt 0.1250 0.8750
vt 0.3750 0.8750
vt 0.3750 0.8750
vt 0.1250 0.8750
vt 0.1250 0.8750
vt 0.3750 0.8750
vt 0.1250 0.8750
vt 0.1250 0.8750
vt 0.1250 0.8750
vt 0.1250 0.8750
vt 0.3750 0.8750
vt 0.3750 0.8750
vt 0.3750 0.8750
vt 0.1250 0.8750
vt 0.3750 0.8750
vt 0.1250 0.8750
vt 0.1250 0.8750
vt 0.1250 0.8750
vt 0.1250 0.8750
vt 0.1250 0.8750
vt 0.3750 0.8750
vt 0.3750 0.8750
vt 0.3750 0.8750
vt 0.3750 0.8750
vt 0.3750 0.8750
vt 0.3750 0.8750
vt 0.3750 0.8750
vt 0.1250 0.8750
vt 0.3750 0.8750
vt 0.3750 0.8750
vt 0.3750 0.8750
vt 0.3750 0.8750
vt 0.3750 0.8750
vt 0.3750 0.8750
vt 0.3750 0.8750
vt 0.3750 0.8750
vt 0.1250 0.8750
vt 0.3750 0.8750
vt 0.3750 0.8750
vt 0.3750 0.8750
vt 0.3750 0.8750
vt 0.3750 0.8750
vt 0.3750 0.8750
vt 0.1250 0.8750
vt 0.3750 0.8750
vt 0.3750 0.8750
vt 0.3750 0.8750
vt 0.3750 0.8750
vt 0.3750 0.8750
vt 0.3750 0.8750
vt 0.1250 0.8750
vt 0.3750 0.8750
vt 0.3750 0.8750
vt 0.3750 0.8750
vt 0.3750 0.8750
vt 0.3750 0.8750
vt 0.3750 0.8750
vt 0.1250 0.8750
vt 0.3750 0.8750
vt 0.3750 0.8750
vt 0.3750 0.8750
vt 0.3750 0.8750
vt 0.3750 0.8750
vt 0.3750 0.8750
vt 0.3750 0.8750
vt 0.3750 0.8750
vt 0.3750 0.8750
vt 0.3750 0.8750
vt 0.3750 0.8750
vt 0.1250 0.8750
vt 0.3750 0.8750
vt 0.3750 0.8750
vt 0.3750 0.8750
vt 0.3750 0.8750
vt 0.3750 0.8750
vt 0.3750 0.8750
vt 0.1250 0.8750
vt 0.3750 0.8750
vt 0.3750 0.8750
vt 0.3750 0.8750
vt 0.3750 0.8750
vt 0.3750 0.8750
vt 0.3750 0.8750
vt 0.1250 0.8750
vt 0.3750 0.8750
vt 0.3750 0.8750
vt 0.3750 0.8750
vt 0.1250 0.8750
vt 0.3750 0.8750
vt 0.3750 0.8750
vt 0.3750 0.8750
vt 0.3750 0.8750
vt 0.1250 0.8750
vt 0.1250 0.8750
vt 0.1250 0.8750
vt 0.1250 0.8750
vt 0.1250 0.8750
vt 0.1250 0.8750
vt 0.1250 0.8750
vt 0.1250 0.8750
vt 0.1250 0.8750
vt 0.1250 0.8750
vt 0.1250 0.8750
vt 0.1250 0.8750
vt 0.1250 0.8750
vt 0.1250 0.8750
vt 0.1250 0.8750
vt 0.1250 0.8750
vt 0.1250 0.8750
vt 0.1250 0.8750
vt 0.1250 0.8750
vt 0.1250 0.8750
vt 0.1250 0.8750
vt 0.1250 0.8750
vt 0.1250 0.8750
vt 0.1250 0.8750
vt 0.1250 0.8750
vt 0.1250 0.8750
vt 0.1250 0.8750
vt 0.1250 0.8750
vt 0.1250 0.8750
vt 0.1250 0.8750
vt 0.1250 0.8750
vt 0.1250 0.8750
vt 0.1250 0.8750
vt 0.1250 0.8750
vt 0.1250 0.8750
vt 0.1250 0.8750
vt 0.1250 0.8750
vt 0.1250 0.8750
vt 0.1250 0.8750
vt 0.1250 0.8750
vt 0.1250 0.8750
vt 0.1250 0.8750
vt 0.1250 0.8750
vt 0.1250 0.8750
vt 0.1250 0.8750
vt 0.1250 0.8750
vt 0.1250 0.8750
vt 0.1250 0.8750
vt 0.1250 0.8750
vt 0.1250 0.8750
vt 0.1250 0.8750
vt 0.1250 0.8750
vt 0.1250 0.8750
vt 0.1250 0.8750
vt 0.1250 0.8750
vt 0.1250 0.8750
vt 0.1250 0.8750
vt 0.1250 0.8750
vt 0.1250 0.8750
vt 0.1250 0.8750
vt 0.1250 0.8750
vt 0.1250 0.8750
vt 0.1250 0.8750
vt 0.1250 0.8750
vt 0.1250 0.8750
vt 0.1250 0.8750
vt 0.1250 0.8750
vt 0.1250 0.8750
vt 0.1250 0.8750
vt 0.1250 0.8750
vt 0.1250 0.8750
vt 0.1250 0.8750
vt 0.1250 0.8750
vt 0.1250 0.8750
vt 0.1250 0.8750
vt 0.1250 0.8750
vt 0.1250 0.8750
vt 0.1250 0.8750
vt 0.1250 0.8750
vt 0.1250 0.8750
vt 0.1250 0.8750
vt 0.1250 0.8750
vt 0.1250 0.8750
vt 0.1250 0.8750
vt 0.1250 0.8750
vt 0.1250 0.8750
vt 0.1250 0.8750
vt 0.1250 0.8750
vt 0.1250 0.8750
vt 0.1250 0.8750
vt 0.1250 0.8750
vt 0.1250 0.8750
vt 0.1250 0.8750
vt 0.1250 0.8750
vt 0.1250 0.8750
vt 0.1250 0.8750
vt 0.1250 0.8750
vt 0.1250 0.8750
vt 0.1250 0.8750
vt 0.1250 0.8750
vt 0.1250 0.8750
vt 0.1250 0.8750
vt 0.1250 0.8750
vt 0.1250 0.8750
vt 0.1250 0.8750
vt 0.1250 0.8750
vt 0.1250 0.8750
vt 0.1250 0.8750
vt 0.1250 0.8750
vt 0.1250 0.8750
vt 0.1250 0.8750
vt 0.1250 0.8750
vt 0.1250 0.8750
vt 0.1250 0.8750
vt 0.1250 0.8750
vt 0.1250 0.8750
vt 0.1250 0.8750
vt 0.1250 0.8750
vt 0.1250 0.8750
vt 0.1250 0.8750
vt 0.1250 0.8750
vt 0.1250 0.8750
vt 0.1250 0.8750
vt 0.1250 0.8750
vt 0.1250 0.8750
vt 0.1250 0.8750
vt 0.1250 0.8750
vt 0.1250 0.8750
vt 0.1250 0.8750
vt 0.1250 0.8750
vt 0.1250 0.8750
vt 0.1250 0.8750
vt 0.1250 0.8750
vt 0.1250 0.8750
vt 0.1250 0.8750
vt 0.1250 0.8750
vt 0.1250 0.8750
vt 0.1250 0.8750
vt 0.1250 0.8750
vt 0.1250 0.8750
vt 0.1250 0.8750
vt 0.1250 0.8750
vt 0.1250 0.8750
vt 0.1250 0.8750
vt 0.1250 0.8750
vt 0.1250 0.8750
vt 0.1250 0.8750
vt 0.1250 0.8750
vt 0.1250 0.8750
vt 0.1250 0.8750
vt 0.1250 0.8750
vt 0.1250 0.8750
vt 0.1250 0.8750
vt 0.1250 0.8750
vt 0.1250 0.8750
vt 0.1250 0.8750
vt 0.1250 0.8750
vt 0.1250 0.8750
vt 0.1250 0.8750
vt 0.1250 0.8750
vt 0.1250 0.8750
vt 0.1250 0.8750
vt 0.1250 0.8750
vt 0.1250 0.8750
vt 0.1250 0.8750
vt 0.1250 0.8750
vt 0.1250 0.8750
vt 0.1250 0.8750
vt 0.1250 0.8750
vt 0.1250 0.8750
vt 0.1250 0.8750
vt 0.1250 0.8750
vt 0.1250 0.8750
vt 0.1250 0.8750
vt 0.1250 0.8750
vt 0.1250 0.8750
vt 0.1250 0.8750
vt 0.1250 0.8750
vt 0.1250 0.8750
vt 0.1250 0.8750
vt 0.1250 0.8750
vt 0.1250 0.8750
vt 0.1250 0.8750
vt 0.1250 0.8750
vt 0.1250 0.8750
vt 0.1250 0.8750
vt 0.1250 0.8750
vt 0.1250 0.8750
vt 0.1250 0.8750
vt 0.1250 0.8750
vt 0.1250 0.8750
vt 0.1250 0.8750
vt 0.1250 0.8750
vt 0.1250 0.8750
vt 0.1250 0.8750
vt 0.1250 0.8750
vt 0.1250 0.8750
vt 0.1250 0.8750
vt 0.1250 0.8750
vt 0.1250 0.8750
vt 0.1250 0.8750
vt 0.1250 0.8750
vt 0.1250 0.8750
vt 0.1250 0.8750
vt 0.1250 0.8750
vt 0.1250 0.8750
vt 0.1250 0.8750
vt 0.1250 0.8750
vt 0.1250 0.8750
vt 0.1250 0.8750
vt 0.6250 0.8750
vt 0.6250 0.8750
vt 0.6250 0.8750
vt 0.6250 0.8750
vt 0.6250 0.8750
vt 0.6250 0.8750
vt 0.6250 0.8750
vt 0.6250 0.8750
vt 0.6250 0.8750
vt 0.6250 0.8750
vt 0.6250 0.8750
vt 0.6250 0.8750
vt 0.6250 0.8750
vt 0.6250 0.8750
vt 0.6250 0.8750
vt 0.6250 0.8750
vt 0.6250 0.8750
vt 0.6250 0.8750
vt 0.6250 0.8750
vt 0.6250 0.8750
vt 0.6250 0.8750
vt 0.6250 0.8750
vt 0.4742 0.6327
vt 0.6250 0.8750
vt 0.6250 0.8750
vt 0.6250 0.8750
vt 0.6250 0.8750
vt 0.6250 0.8750
vt 0.6250 0.8750
vt 0.6250 0.8750
vt 0.6250 0.8750
vt 0.6250 0.8750
vt 0.6250 0.8750
vt 0.0258 0.6327
vt 0.0348 0.6327
vt 0.0613 0.6327
vt 0.1031 0.6327
vt 0.1568 0.6327
vt 0.2181 0.6327
vt 0.2819 0.6327
vt 0.3432 0.6327
vt 0.3969 0.6327
vt 0.4387 0.6327
vt 0.4652 0.6327
vt 0.4628 0.4000
vt 0.6250 0.8750
vt 0.6250 0.8750
vt 0.6250 0.8750
vt 0.6250 0.8750
vt 0.6250 0.8750
vt 0.6250 0.8750
vt 0.6250 0.8750
vt 0.6250 0.8750
vt 0.6250 0.8750
vt 0.6250 0.8750
vt 0.0372 0.4000
vt 0.0459 0.4000
vt 0.0710 0.4000
vt 0.1107 0.4000
vt 0.1616 0.4000
vt 0.2197 0.4000
vt 0.2803 0.4000
vt 0.3384 0.4000
vt 0.3893 0.4000
vt 0.4290 0.4000
vt 0.4541 0.4000
vt 0.4455 0.1964
vt 0.6250 0.8750
vt 0.6250 0.8750
vt 0.6250 0.8750
vt 0.6250 0.8750
vt 0.6250 0.8750
vt 0.6250 0.8750
vt 0.6250 0.8750
vt 0.6250 0.8750
vt 0.6250 0.8750
vt 0.6250 0.8750
vt 0.0545 0.1964
vt 0.0624 0.1964
vt 0.0855 0.1964
vt 0.1220 0.1964
vt 0.1688 0.1964
vt 0.2222 0.1964
vt 0.2778 0.1964
vt 0.3312 0.1964
vt 0.3780 0.1964
vt 0.4145 0.1964
vt 0.4376 0.1964
vt 0.6250 0.8750
vt 0.6250 0.8750
vt 0.6250 0.8750
vt 0.6250 0.8750
vt 0.6250 0.8750
vt 0.6250 0.8750
vt 0.6250 0.8750
vt 0.6250 0.8750
vt 0.6250 0.8750
vt 0.6250 0.8750
vt 0.6250 0.8750
vt 0.6250 0.8750
vt 0.6250 0.8750
vt 0.6250 0.8750
vt 0.6250 0.8750
vt 0.6250 0.8750
vt 0.6250 0.8750
vt 0.6250 0.8750
vt 0.6250 0.8750
vt 0.6250 0.8750
vt 0.6250 0.8750
vt 0.6250 0.8750
vt 0.9579 0.7114
vt 0.9495 0.7114
vt 0.9249 0.7114
vt 0.8861 0.7114
vt 0.8364 0.7114
vt 0.7796 0.7114
vt 0.7204 0.7114
vt 0.6636 0.7114
vt 0.6139 0.7114
vt 0.5751 0.7114
vt 0.5505 0.7114
vt 0.5421 0.7114
vt 0.5505 0.7114
vt 0.5751 0.7114
vt 0.6139 0.7114
vt 0.6636 0.7114
vt 0.7204 0.7114
vt 0.7796 0.7114
vt 0.8364 0.7114
vt 0.8861 0.7114
vt 0.9249 0.7114
vt 0.9495 0.7114
vt 0.9712 0.6429
vt 0.9622 0.6429
vt 0.9360 0.6429
vt 0.8948 0.6429
vt 0.8419 0.6429
vt 0.7815 0.6429
vt 0.7185 0.6429
vt 0.6581 0.6429
vt 0.6052 0.6429
vt 0.5640 0.6429
vt 0.5378 0.6429
vt 0.5288 0.6429
vt 0.5378 0.6429
vt 0.5640 0.6429
vt 0.6052 0.6429
vt 0.6581 0.6429
vt 0.7185 0.6429
vt 0.7815 0.6429
vt 0.8419 0.6429
vt 0.8948 0.6429
vt 0.9360 0.6429
vt 0.9622 0.6429
vt 0.1250 0.8750
vt 0.1250 0.8750
vt 0.1250 0.8750
vt 0.1250 0.8750
vt 0.1250 0.8750
vt 0.1250 0.8750
vt 0.1250 0.8750
vt 0.1250 0.8750
vt 0.1250 0.8750
vt 0.1250 0.8750
vt 0.1250 0.8750
vt 0.1250 0.8750
vt 0.1250 0.8750
vt 0.1250 0.8750
vt 0.1250 0.8750
vt 0.1250 0.8750
vt 0.1250 0.8750
vt 0.1250 0.8750
vt 0.1250 0.8750
vt 0.1250 0.8750
vt 0.1250 0.8750
vt 0.1250 0.8750
vt 0.1250 0.8750
vt 0.1250 0.8750
vt 0.1250 0.8750
vt 0.1250 0.8750
vt 0.1250 0.8750
vt 0.1250 0.8750
vt 0.1250 0.8750
vt 0.1250 0.8750
vt 0.1250 0.8750
vt 0.1250 0.8750
vt 0.1250 0.8750
vt 0.1250 0.8750
vt 0.1250 0.8750
vt 0.1250 0.8750
vt 0.1250 0.8750
vt 0.1250 0.8750
vt 0.1250 0.8750
vt 0.1250 0.8750
vt 0.1250 0.8750
vt 0.1250 0.8750
vt 0.1250 0.8750
vt 0.1250 0.8750
vt 0.1250 0.8750
vt 0.1250 0.8750
vt 0.1250 0.8750
vt 0.1250 0.8750
vt 0.1250 0.8750
vt 0.1250 0.8750
vt 0.1250 0.8750
vt 0.1250 0.8750
vt 0.1250 0.8750
vt 0.1250 0.8750
vt 0.1250 0.8750
vt 0.1250 0.8750
vt 0.1250 0.8750
vt 0.1250 0.8750
vt 0.1250 0.8750
vt 0.1250 0.8750
vt 0.1250 0.8750
vt 0.1250 0.8750
vt 0.1250 0.8750
vt 0.1250 0.8750
vt 0.1250 0.8750
vt 0.1250 0.8750
vt 0.1250 0.8750
vt 0.1250 0.8750
vt 0.1250 0.8750
vt 0.1250 0.8750
vt 0.1250 0.8750
vt 0.1250 0.8750
vt 0.1250 0.8750
vt 0.1250 0.8750
vt 0.1250 0.8750
vt 0.1250 0.8750
vt 0.1250 0.8750
vt 0.1250 0.8750
vt 0.1250 0.8750
vt 0.1250 0.8750
vt 0.1250 0.8750
vt 0.1250 0.8750
vt 0.1250 0.8750
vt 0.1250 0.8750
vt 0.1250 0.8750
vt 0.1250 0.8750
vt 0.1250 0.8750
vt 0.1250 0.8750
vt 0.1250 0.8750
vt 0.1250 0.8750
vt 0.1250 0.8750
vt 0.1250 0.8750
vt 0.1250 0.8750
vt 0.1250 0.8750
vt 0.1250 0.8750
vt 0.1250 0.8750
vt 0.1250 0.8750
vt 0.1250 0.8750
vt 0.1250 0.8750
vt 0.1250 0.8750
vt 0.3750 0.8750
vt 0.3750 0.8750
vt 0.3750 0.8750
vt 0.3750 0.8750
vt 0.3750 0.8750
vt 0.3750 0.8750
vt 0.3750 0.8750
vt 0.3750 0.8750
vt 0.3750 0.8750
vt 0.3750 0.8750
vt 0.3750 0.8750
vt 0.3750 0.8750
vt 0.3750 0.8750
vt 0.3750 0.8750
vt 0.3750 0.8750
vt 0.3750 0.8750
vt 0.3750 0.8750
vt 0.3750 0.8750
vt 0.3750 0.8750
vt 0.3750 0.8750
vt 0.3750 0.8750
vt 0.3750 0.8750
vt 0.3750 0.8750
vt 0.3750 0.8750
vt 0.3750 0.8750
vt 0.3750 0.8750
vt 0.3750 0.8750
vt 0.3750 0.8750
vt 0.3750 0.8750
vt 0.3750 0.8750
vt 0.3750 0.8750
vt 0.3750 0.8750
vt 0.3750 0.8750
vt 0.3750 0.8750
vt 0.3750 0.8750
vt 0.3750 0.8750
vt 0.3750 0.8750
vt 0.3750 0.8750
vt 0.3750 0.8750
vt 0.3750 0.8750
vt 0.3750 0.8750
vt 0.3750 0.8750
vt 0.3750 0.8750
vt 0.3750 0.8750
vt 0.3750 0.8750
vt 0.3750 0.8750
vt 0.3750 0.8750
vt 0.3750 0.8750
vt 0.3750 0.8750
vt 0.3750 0.8750
vt 0.3750 0.8750
vt 0.3750 0.8750
vt 0.3750 0.8750
vt 0.3750 0.8750
vt 0.3750 0.8750
vt 0.3750 0.8750
vt 0.3750 0.8750
vt 0.3750 0.8750
vt 0.3750 0.8750
vt 0.3750 0.8750
vt 0.3750 0.8750
vt 0.3750 0.8750
vt 0.3750 0.8750
vt 0.3750 0.8750
vt 0.3750 0.8750
vt 0.3750 0.8750
vt 0.3750 0.8750
vt 0.3750 0.8750
vt 0.3750 0.8750
vt 0.3750 0.8750
vt 0.3750 0.8750
vt 0.3750 0.8750
vt 0.3750 0.8750
vt 0.3750 0.8750
vt 0.3750 0.8750
vt 0.3750 0.8750
vt 0.3750 0.8750
vt 0.3750 0.8750
vt 0.3750 0.8750
vt 0.3750 0.8750
vt 0.3750 0.8750
vt 0.3750 0.8750
vt 0.3750 0.8750
vt 0.3750 0.8750
vt 0.3750 0.8750
vt 0.3750 0.8750
vt 0.3750 0.8750
vt 0.3750 0.8750
vt 0.3750 0.8750
vt 0.3750 0.8750
vt 0.3750 0.8750
vt 0.3750 0.8750
vt 0.3750 0.8750
vt 0.3750 0.8750
vt 0.3750 0.8750
vt 0.3750 0.8750
vt 0.3750 0.8750
vt 0.3750 0.8750
vt 0.3750 0.8750
vt 0.3750 0.8750
vt 0.3750 0.8750
vt 0.3750 0.8750
vt 0.3750 0.8750
vt 0.3750 0.8750
vt 0.3750 0.8750
vt 0.3750 0.8750
vt 0.3750 0.8750
vt 0.3750 0.8750
vt 0.3750 0.8750
vt 0.3750 0.8750
vt 0.3750 0.8750
vt 0.3750 0.8750
vt 0.3750 0.8750
vt 0.3750 0.8750
vt 0.3750 0.8750
vt 0.3750 0.8750
vt 0.3750 0.8750
vt 0.3750 0.8750
vt 0.3750 0.8750
vt 0.3750 0.8750
vt 0.3750 0.8750
vt 0.3750 0.8750
vt 0.3750 0.8750
vt 0.3750 0.8750
vt 0.3750 0.8750
vt 0.3750 0.8750
vt 0.3750 0.8750
vt 0.3750 0.8750
vt 0.3750 0.8750
vt 0.3750 0.8750
vt 0.3750 0.8750
vt 0.3750 0.8750
vt 0.3750 0.8750
vt 0.3750 0.8750
vt 0.3750 0.8750
vt 0.3750 0.8750
vt 0.3750 0.8750
vt 0.3750 0.8750
vt 0.3750 0.8750
vt 0.3750 0.8750
vt 0.3750 0.8750
vt 0.3750 0.8750
vt 0.3750 0.8750
vt 0.3750 0.8750
vt 0.3750 0.8750
vt 0.3750 0.8750
vt 0.3750 0.8750
vt 0.3750 0.8750
vt 0.3750 0.8750
vt 0.3750 0.8750
vt 0.3750 0.8750
vt 0.3750 0.8750
vt 0.3750 0.8750
vt 0.3750 0.8750
vt 0.3750 0.8750
vt 0.3750 0.8750
vt 0.3750 0.8750
vt 0.3750 0.8750
vt 0.3750 0.8750
vt 0.3750 0.8750
vt 0.3750 0.8750
vt 0.3750 0.8750
vt 0.3750 0.8750
vt 0.3750 0.8750
vt 0.3750 0.8750
vt 0.3750 0.8750
vt 0.1250 0.8750
vt 0.1250 0.8750
vt 0.1250 0.8750
vt 0.3750 0.8750
vt 0.3750 0.8750
vt 0.3750 0.8750
vt 0.3750 0.8750
vt 0.1250 0.8750
vt 0.1250 0.8750
vt 0.1250 0.8750
vt 0.3750 0.8750
vt 0.1250 0.8750
vt 0.1250 0.8750
vt 0.1250 0.8750
vt 0.1250 0.8750
vt 0.1250 0.8750
vt 0.1250 0.8750
vt 0.1250 0.8750
vt 0.1250 0.8750
vt 0.3750 0.8750
vt 0.1250 0.8750
vt 0.1250 0.8750
vt 0.1250 0.8750
vt 0.1250 0.8750
vt 0.1250 0.8750
vt 0.1250 0.8750
vt 0.1250 0.8750
vt 0.1250 0.8750
vt 0.1250 0.8750
vt 0.1250 0.8750
vt 0.1250 0.8750
vt 0.1250 0.8750
vt 0.1250 0.8750
vt 0.1250 0.8750
vt 0.1250 0.8750
vt 0.1250 0.8750
vt 0.1250 0.8750
vt 0.3750 0.8750
vt 0.3750 0.8750
vt 0.1250 0.8750
vt 0.3750 0.8750
vt 0.3750 0.8750
vt 0.3750 0.8750
vt 0.3750 0.8750
vt 0.3750 0.8750
vt 0.3750 0.8750
vt 0.1250 0.8750
vt 0.3750 0.8750
vt 0.1250 0.8750
vt 0.3750 0.8750
vt 0.3750 0.8750
vt 0.3750 0.8750
vt 0.3750 0.8750
vt 0.3750 0.8750
vt 0.3750 0.8750
vt 0.3750 0.8750
vt 0.1250 0.8750
vt 0.3750 0.8750
vt 0.3750 0.8750
vt 0.3750 0.8750
vt 0.3750 0.8750
vt 0.3750 0.8750
vt 0.3750 0.8750
vt 0.3750 0.8750
vt 0.1250 0.8750
vt 0.1250 0.8750
vt 0.3750 0.8750
vt 0.1250 0.8750
vt 0.3750 0.8750
vt 0.3750 0.8750
vt 0.3750 0.8750
vt 0.3750 0.8750
vt 0.3750 0.8750
vt 0.1250 0.8750
vt 0.1250 0.8750
vt 0.3750 0.8750
vt 0.3750 0.8750
vt 0.1250 0.8750
vt 0.1250 0.8750
vt 0.1250 0.8750
vt 0.1250 0.8750
vt 0.1250 0.8750
vt 0.1250 0.8750
vt 0.1250 0.8750
vt 0.1250 0.8750
vt 0.1250 0.8750
vt 0.1250 0.8750
vt 0.1250 0.8750
vt 0.1250 0.8750
vt 0.1250 0.8750
vt 0.1250 0.8750
vt 0.1250 0.8750
vt 0.1250 0.8750
vt 0.1250 0.8750
vt 0.3750 0.8750
vt 0.1250 0.8750
vt 0.1250 0.8750
vt 0.1250 0.8750
vt 0.1250 0.8750
vt 0.1250 0.8750
vt 0.1250 0.8750
vt 0.1250 0.8750
vt 0.1250 0.8750
vt 0.3750 0.8750
vt 0.3750 0.8750
vt 0.1250 0.8750
vt 0.3750 0.8750
vt 0.3750 0.8750
vt 0.3750 0.8750
vt 0.3750 0.8750
vt 0.3750 0.8750
vt 0.3750 0.8750
vt 0.1250 0.8750
vt 0.3750 0.8750
vt 0.3750 0.8750
vt 0.3750 0.8750
vt 0.3750 0.8750
vt 0.3750 0.8750
vt 0.3750 0.8750
vt 0.3750 0.8750
vt 0.3750 0.8750
vt 0.3750 0.8750
vt 0.3750 0.8750
vt 0.3750 0.8750
vt 0.3750 0.8750
vt 0.3750 0.8750
vt 0.3750 0.8750
vt 0.3750 0.8750
vt 0.3750 0.8750
vt 0.3750 0.8750
vt 0.3750 0.8750
vt 0.3750 0.8750
vt 0.3750 0.8750
vt 0.3750 0.8750
vt 0.3750 0.8750
vt 0.3750 0.8750
vt 0.3750 0.8750
vt 0.3750 0.8750
vt 0.3750 0.8750
vt 0.3750 0.8750
vt 0.3750 0.8750
vt 0.3750 0.8750
vt 0.3750 0.8750
vt 0.3750 0.8750
vt 0.3750 0.8750
vt 0.3750 0.8750
vt 0.3750 0.8750
vt 0.3750 0.8750
vt 0.3750 0.8750
vt 0.1250 0.8750
vt 0.3750 0.8750
vt 0.3750 0.8750
vt 0.3750 0.8750
vt 0.3750 0.8750
vt 0.1250 0.8750
vt 0.3750 0.8750
vt 0.3750 0.8750
vt 0.3750 0.8750
vt 0.3750 0.8750
vt 0.3750 0.8750
vt 0.3750 0.8750
vt 0.3750 0.8750
vt 0.3750 0.8750
vt 0.3750 0.8750
vt 0.3750 0.8750
vt 0.3750 0.8750
vt 0.3750 0.8750
vt 0.3750 0.8750
vt 0.3750 0.8750
vt 0.3750 0.8750
vt 0.3750 0.8750
vt 0.3750 0.8750
vt 0.3750 0.8750
vt 0.3750 0.8750
vt 0.1250 0.8750
vt 0.3750 0.8750
vt 0.1250 0.8750
vt 0.1250 0.8750
vt 0.3750 0.8750
vt 0.3750 0.8750
vt 0.3750 0.8750
vt 0.3750 0.8750
vt 0.3750 0.8750
vt 0.3750 0.8750
vt 0.1250 0.8750
vt 0.1250 0.8750
vt 0.3750 0.8750
vt 0.1250 0.8750
vt 0.1250 0.8750
vt 0.1250 0.8750
vt 0.1250 0.8750
vt 0.1250 0.8750
vt 0.1250 0.8750
vt 0.1250 0.8750
vt 0.1250 0.8750
vt 0.3750 0.8750
vt 0.1250 0.8750
vt 0.1250 0.8750
vt 0.1250 0.8750
vt 0.1250 0.8750
vt 0.1250 0.8750
vt 0.1250 0.8750
vt 0.1250 0.8750
vt 0.1250 0.8750
vt 0.3750 0.8750
vt 0.1250 0.8750
vt 0.1250 0.8750
vt 0.1250 0.8750
vt 0.1250 0.8750
vt 0.1250 0.8750
vt 0.1250 0.8750
vt 0.1250 0.8750
vt 0.1250 0.8750
vt 0.3750 0.8750
vt 0.3750 0.8750
vt 0.1250 0.8750
vt 0.1250 0.8750
vt 0.3750 0.8750
vt 0.3750 0.8750
vt 0.3750 0.8750
vt 0.3750 0.8750
vt 0.1250 0.8750
vt 0.1250 0.8750
vt 0.3750 0.8750
vt 0.3750 0.8750
vt 0.3750 0.8750
vt 0.3750 0.8750
vt 0.3750 0.8750
vt 0.3750 0.8750
vt 0.3750 0.8750
vt 0.3750 0.8750
vt 0.3750 0.8750
vt 0.1250 0.8750
vt 0.3750 0.8750
vt 0.3750 0.8750
vt 0.3750 0.8750
vt 0.3750 0.8750
vt 0.3750 0.8750
vt 0.3750 0.8750
vt 0.3750 0.8750
vt 0.3750 0.8750
vt 0.3750 0.8750
vt 0.3750 0.8750
vt 0.1250 0.8750
vt 0.3750 0.8750
vt 0.3750 0.8750
vt 0.3750 0.8750
vt 0.3750 0.8750
vt 0.3750 0.8750
vt 0.1250 0.8750
vt 0.1250 0.8750
vt 0.3750 0.8750
vt 0.3750 0.8750
vt 0.1250 0.8750
vt 0.1250 0.8750
vt 0.1250 0.8750
vt 0.1250 0.8750
vt 0.1250 0.8750
vt 0.1250 0.8750
vt 0.1250 0.8750
vt 0.1250 0.8750
vt 0.3750 0.8750
vt 0.1250 0.8750
vt 0.1250 0.8750
vt 0.1250 0.8750
vt 0.1250 0.8750
vt 0.1250 0.8750
vt 0.1250 0.8750
vt 0.1250 0.8750
vt 0.1250 0.8750
vt 0.3750 0.8750
vt 0.1250 0.8750
vt 0.1250 0.8750
vt 0.1250 0.8750
vt 0.1250 0.8750
vt 0.1250 0.8750
vt 0.1250 0.8750
vt 0.1250 0.8750
vt 0.1250 0.8750
vt 0.3750 0.8750
vt 0.3750 0.8750
vt 0.1250 0.8750
vt 0.1250 0.8750
vt 0.3750 0.8750
vt 0.3750 0.8750
vt 0.3750 0.8750
vt 0.3750 0.8750
vt 0.1250 0.8750
vt 0.1250 0.8750
vt 0.3750 0.8750
vt 0.3750 0.8750
vt 0.3750 0.8750
vt 0.3750 0.8750
vt 0.3750 0.8750
vt 0.3750 0.8750
vt 0.3750 0.8750
vt 0.3750 0.8750
vt 0.3750 0.8750
vt 0.1250 0.8750
vt 0.3750 0.8750
vt 0.3750 0.8750
vt 0.3750 0.8750
vt 0.3750 0.8750
vt 0.3750 0.8750
vt 0.3750 0.8750
vt 0.3750 0.8750
vt 0.3750 0.8750
vt 0.3750 0.8750
vt 0.3750 0.8750
vt 0.3750 0.8750
vt 0.3750 0.8750
vt 0.3750 0.8750
vt 0.3750 0.8750
vt 0.3750 0.8750
vt 0.3750 0.8750
vt 0.3750 0.8750
vt 0.3750 0.8750
vt 0.3750 0.8750
vt 0.3750 0.8750
vt 0.3750 0.8750
vt 0.3750 0.8750
vt 0.1250 0.8750
vt 0.3750 0.8750
vt 0.3750 0.8750
vt 0.3750 0.8750
vt 0.3750 0.8750
vt 0.1250 0.8750
vt 0.3750 0.8750
vt 0.3750 0.8750
vt 0.3750 0.8750
vt 0.3750 0.8750
vt 0.3750 0.8750
vt 0.3750 0.8750
vt 0.3750 0.8750
vt 0.3750 0.8750
vt 0.3750 0.8750
vt 0.3750 0.8750
vt 0.3750 0.8750
vt 0.3750 0.8750
vt 0.3750 0.8750
vt 0.3750 0.8750
vt 0.3750 0.8750
vt 0.3750 0.8750
vt 0.3750 0.8750
vt 0.1250 0.8750
vt 0.1250 0.8750
vt 0.1250 0.8750
vt 0.1250 0.8750
vt 0.1250 0.8750
vt 0.1250 0.8750
vt 0.1250 0.8750
vt 0.1250 0.8750
vt 0.1250 0.8750
vt 0.1250 0.8750
vt 0.1250 0.8750
vt 0.1250 0.8750
vt 0.1250 0.8750
vt 0.1250 0.8750
vt 0.1250 0.8750
vt 0.1250 0.8750
vt 0.1250 0.8750
vt 0.1250 0.8750
vt 0.1250 0.8750
vt 0.1250 0.8750
vt 0.1250 0.8750
vt 0.1250 0.8750
vt 0.1250 0.8750
vt 0.1250 0.8750
vt 0.1250 0.8750
vt 0.1250 0.8750
vt 0.1250 0.8750
vt 0.1250 0.8750
vt 0.1250 0.8750
vt 0.1250 0.8750
vt 0.1250 0.8750
vt 0.1250 0.8750
vt 0.1250 0.8750
vt 0.1250 0.8750
vt 0.1250 0.8750
vt 0.1250 0.8750
vt 0.1250 0.8750
vt 0.1250 0.8750
vt 0.1250 0.8750
vt 0.1250 0.8750
vt 0.1250 0.8750
vt 0.1250 0.8750
vt 0.1250 0.8750
vt 0.1250 0.8750
vt 0.1250 0.8750
vt 0.1250 0.8750
vt 0.1250 0.8750
vt 0.1250 0.8750
vt 0.1250 0.8750
vt 0.1250 0.8750
vt 0.1250 0.8750
vt 0.1250 0.8750
vt 0.1250 0.8750
vt 0.1250 0.8750
vt 0.1250 0.8750
vt 0.1250 0.8750
vt 0.1250 0.8750
vt 0.1250 0.8750
vt 0.1250 0.8750
vt 0.1250 0.8750
vt 0.1250 0.8750
vt 0.1250 0.8750
vt 0.1250 0.8750
vt 0.1250 0.8750
vt 0.1250 0.8750
vt 0.1250 0.8750
vt 0.1250 0.8750
vt 0.1250 0.8750
vt 0.1250 0.8750
vt 0.1250 0.8750
vt 0.1250 0.8750
vt 0.1250 0.8750
vt 0.1250 0.8750
vt 0.1250 0.8750
vt 0.1250 0.8750
vt 0.1250 0.8750
vt 0.1250 0.8750
vt 0.1250 0.8750
vt 0.1250 0.8750
vt 0.1250 0.8750
vt 0.1250 0.8750
vt 0.1250 0.8750
vt 0.1250 0.8750
vt 0.1250 0.8750
vt 0.1250 0.8750
vt 0.1250 0.8750
vt 0.1250 0.8750
vt 0.1250 0.8750
vt 0.1250 0.8750
vt 0.1250 0.8750
vt 0.1250 0.8750
vt 0.1250 0.8750
vt 0.1250 0.8750
vt 0.1250 0.8750
vt 0.1250 0.8750
vt 0.1250 0.8750
vt 0.1250 0.8750
vt 0.1250 0.8750
vt 0.1250 0.8750
vt 0.1250 0.8750
vt 0.1250 0.8750
vt 0.1250 0.8750
vt 0.1250 0.8750
vt 0.1250 0.8750
vt 0.1250 0.8750
vt 0.1250 0.8750
vt 0.1250 0.8750
vt 0.1250 0.8750
vt 0.1250 0.8750
vt 0.1250 0.8750
vt 0.1250 0.8750
vt 0.1250 0.8750
vt 0.1250 0.8750
vt 0.1250 0.8750
vt 0.1250 0.8750
vt 0.1250 0.8750
vt 0.1250 0.8750
vt 0.1250 0.8750
vt 0.1250 0.8750
vt 0.1250 0.8750
vt 0.1250 0.8750
vt 0.1250 0.8750
vt 0.1250 0.8750
vt 0.1250 0.8750
vt 0.1250 0.8750
vt 0.1250 0.8750
vt 0.1250 0.8750
vt 0.1250 0.8750
vt 0.1250 0.8750
vt 0.1250 0.8750
vt 0.1250 0.8750
vt 0.1250 0.8750
vt 0.1250 0.8750
vt 0.1250 0.8750
vt 0.1250 0.8750
vt 0.1250 0.8750
vt 0.1250 0.8750
vt 0.1250 0.8750
vt 0.1250 0.8750
vt 0.1250 0.8750
vt 0.1250 0.8750
vt 0.1250 0.8750
vt 0.1250 0.8750
vt 0.1250 0.8750
vt 0.1250 0.8750
vt 0.1250 0.8750
vt 0.1250 0.8750
vt 0.1250 0.8750
vt 0.1250 0.8750
vt 0.1250 0.8750
vt 0.1250 0.8750
vt 0.1250 0.8750
vt 0.1250 0.8750
vt 0.1250 0.8750
vt 0.1250 0.8750
vt 0.1250 0.8750
vt 0.1250 0.8750
vt 0.1250 0.8750
vt 0.1250 0.8750
vt 0.1250 0.8750
vt 0.1250 0.8750
vt 0.1250 0.8750
vt 0.1250 0.8750
vt 0.1250 0.8750
vt 0.1250 0.8750
vt 0.1250 0.8750
vt 0.1250 0.8750
vt 0.1250 0.8750
vt 0.1250 0.8750
vt 0.1250 0.8750
vt 0.1250 0.8750
vt 0.1250 0.8750
vt 0.1250 0.8750
vt 0.1250 0.8750
vt 0.1250 0.8750
vt 0.1250 0.8750
vt 0.1250 0.8750
vt 0.1250 0.8750
vt 0.1250 0.8750
vt 0.1250 0.8750
vt 0.1250 0.8750
vt 0.1250 0.8750
vt 0.1250 0.8750
vt 0.1250 0.8750
vt 0.1250 0.8750
vt 0.1250 0.8750
vt 0.1250 0.8750
vt 0.1250 0.8750
vt 0.1250 0.8750
vt 0.1250 0.8750
vt 0.1250 0.8750
vt 0.1250 0.8750
vt 0.1250 0.8750
vt 0.1250 0.8750
vt 0.1250 0.8750
vt 0.1250 0.8750
vt 0.1250 0.8750
vt 0.1250 0.8750
vt 0.1250 0.8750
vt 0.1250 0.8750
vt 0.1250 0.8750
vt 0.1250 0.8750
vt 0.1250 0.8750
vt 0.1250 0.8750
vt 0.1250 0.8750
vt 0.1250 0.8750
vt 0.1250 0.8750
vt 0.1250 0.8750
vt 0.1250 0.8750
vt 0.1250 0.8750
vt 0.1250 0.8750
vt 0.1250 0.8750
vt 0.1250 0.8750
vt 0.1250 0.8750
vt 0.1250 0.8750
vt 0.1250 0.8750
vt 0.1250 0.8750
vt 0.1250 0.8750
vt 0.1250 0.8750
vt 0.1250 0.8750
vt 0.1250 0.8750
vt 0.1250 0.8750
vt 0.1250 0.8750
vt 0.1250 0.8750
vt 0.1250 0.8750
vt 0.1250 0.8750
vt 0.1250 0.8750
vt 0.1250 0.8750
vt 0.1250 0.8750
vt 0.1250 0.8750
vt 0.1250 0.8750
vt 0.1250 0.8750
vt 0.1250 0.8750
vt 0.1250 0.8750
vt 0.1250 0.8750
vt 0.1250 0.8750
vt 0.1250 0.8750
vt 0.1250 0.8750
vt 0.1250 0.8750
vt 0.1250 0.8750
vt 0.1250 0.8750
vt 0.1250 0.8750
vt 0.1250 0.8750
vt 0.1250 0.8750
vt 0.1250 0.8750
vt 0.1250 0.8750
vt 0.1250 0.8750
vt 0.1250 0.8750
vt 0.1250 0.8750
vt 0.1250 0.8750
vt 0.1250 0.8750
vt 0.1250 0.8750
vt 0.1250 0.8750
vt 0.1250 0.8750
vt 0.1250 0.8750
vt 0.1250 0.8750
vt 0.1250 0.8750
vt 0.1250 0.8750
vt 0.1250 0.8750
vt 0.1250 0.8750
vt 0.1250 0.8750
vt 0.1250 0.8750
vt 0.1250 0.8750
vt 0.1250 0.8750
vt 0.1250 0.8750
vt 0.1250 0.8750
vt 0.1250 0.8750
vt 0.1250 0.8750
vt 0.1250 0.8750
vt 0.1250 0.8750
vt 0.1250 0.8750
vt 0.1250 0.8750
vt 0.1250 0.8750
vt 0.1250 0.8750
vt 0.1250 0.8750
vt 0.1250 0.8750
vt 0.1250 0.8750
vt 0.1250 0.8750
vt 0.1250 0.8750
vt 0.1250 0.8750
vt 0.1250 0.8750
vt 0.1250 0.8750
vt 0.1250 0.8750
vt 0.1250 0.8750
vt 0.1250 0.8750
vt 0.1250 0.8750
vt 0.1250 0.8750
vt 0.1250 0.8750
vt 0.1250 0.8750
vt 0.1250 0.8750
vt 0.1250 0.8750
vt 0.1250 0.8750
vt 0.1250 0.8750
vt 0.1250 0.8750
vt 0.1250 0.8750
vt 0.1250 0.8750
vt 0.1250 0.8750
vt 0.1250 0.8750
vt 0.1250 0.8750
vt 0.1250 0.8750
vt 0.1250 0.8750
vt 0.1250 0.8750
vt 0.1250 0.8750
vt 0.1250 0.8750
vt 0.1250 0.8750
vt 0.1250 0.8750
vt 0.1250 0.8750
vt 0.1250 0.8750
vt 0.1250 0.8750
vt 0.1250 0.8750
vt 0.1250 0.8750
vt 0.1250 0.8750
vt 0.1250 0.8750
vt 0.1250 0.8750
vt 0.1250 0.8750
vt 0.1250 0.8750
vt 0.1250 0.8750
vt 0.1250 0.8750
vt 0.1250 0.8750
vt 0.1250 0.8750
vt 0.1250 0.8750
vt 0.1250 0.8750
vt 0.1250 0.8750
vt 0.1250 0.8750
vt 0.1250 0.8750
vt 0.1250 0.8750
vt 0.1250 0.8750
vt 0.1250 0.8750
vt 0.1250 0.8750
vt 0.1250 0.8750
vt 0.1250 0.8750
vt 0.1250 0.8750
vt 0.1250 0.8750
vt 0.1250 0.8750
vt 0.1250 0.8750
vt 0.1250 0.8750
vt 0.1250 0.8750
vt 0.1250 0.8750
vt 0.1250 0.8750
vt 0.1250 0.8750
vt 0.1250 0.8750
vt 0.1250 0.8750
vt 0.1250 0.8750
vt 0.1250 0.8750
vt 0.1250 0.8750
vt 0.1250 0.8750
vt 0.1250 0.8750
vt 0.1250 0.8750
vt 0.3750 0.8750
vt 0.3750 0.8750
vt 0.3750 0.8750
vt 0.3750 0.8750
vt 0.3750 0.8750
vt 0.3750 0.8750
vt 0.3750 0.8750
vt 0.3750 0.8750
vt 0.3750 0.8750
vt 0.3750 0.8750
vt 0.3750 0.8750
vt 0.3750 0.8750
vt 0.3750 0.8750
vt 0.3750 0.8750
vt 0.3750 0.8750
vt 0.3750 0.8750
vt 0.3750 0.8750
vt 0.3750 0.8750
vt 0.3750 0.8750
vt 0.3750 0.8750
vt 0.3750 0.8750
vt 0.3750 0.8750
vt 0.3750 0.8750
vt 0.3750 0.8750
vt 0.3750 0.8750
vt 0.3750 0.8750
vt 0.3750 0.8750
vt 0.3750 0.8750
vt 0.3750 0.8750
vt 0.3750 0.8750
vt 0.3750 0.8750
vt 0.3750 0.8750
vt 0.3750 0.8750
vt 0.3750 0.8750
vt 0.3750 0.8750
vt 0.3750 0.8750
vt 0.3750 0.8750
vt 0.3750 0.8750
vt 0.3750 0.8750
vt 0.3750 0.8750
vt 0.3750 0.8750
vt 0.3750 0.8750
vt 0.3750 0.8750
vt 0.3750 0.8750
vt 0.3750 0.8750
vt 0.3750 0.8750
vt 0.3750 0.8750
vt 0.3750 0.8750
vt 0.3750 0.8750
vt 0.3750 0.8750
vt 0.3750 0.8750
vt 0.3750 0.8750
vt 0.3750 0.8750
vt 0.3750 0.8750
vt 0.3750 0.8750
vt 0.3750 0.8750
vt 0.3750 0.8750
vt 0.3750 0.8750
vt 0.3750 0.8750
vt 0.3750 0.8750
vt 0.3750 0.8750
vt 0.3750 0.8750
vt 0.3750 0.8750
vt 0.3750 0.8750
vt 0.3750 0.8750
vt 0.3750 0.8750
vt 0.3750 0.8750
vt 0.3750 0.8750
vt 0.3750 0.8750
vt 0.3750 0.8750
vt 0.3750 0.8750
vt 0.3750 0.8750
vt 0.3750 0.8750
vt 0.3750 0.8750
vt 0.3750 0.8750
vt 0.3750 0.8750
vt 0.3750 0.8750
vt 0.3750 0.8750
vt 0.3750 0.8750
vt 0.3750 0.8750
vt 0.3750 0.8750
vt 0.3750 0.8750
vt 0.3750 0.8750
vt 0.3750 0.8750
vt 0.3750 0.8750
vt 0.3750 0.8750
vt 0.1250 0.8750
vt 0.1250 0.8750
vt 0.1250 0.8750
vt 0.1250 0.8750
vt 0.1250 0.8750
vt 0.1250 0.8750
vt 0.1250 0.8750
vt 0.1250 0.8750
vt 0.1250 0.8750
vt 0.1250 0.8750
vt 0.1250 0.8750
vt 0.1250 0.8750
vt 0.1250 0.8750
vt 0.1250 0.8750
vt 0.1250 0.8750
vt 0.1250 0.8750
vt 0.1250 0.8750
vt 0.1250 0.8750
vt 0.1250 0.8750
vt 0.1250 0.8750
vt 0.1250 0.8750
vt 0.1250 0.8750
vt 0.1250 0.8750
vt 0.1250 0.8750
vt 0.1250 0.8750
vt 0.1250 0.8750
vt 0.1250 0.8750
vt 0.1250 0.8750
vt 0.1250 0.8750
vt 0.1250 0.8750
vt 0.1250 0.8750
vt 0.1250 0.8750
vt 0.1250 0.8750
vt 0.1250 0.8750
vt 0.1250 0.8750
vt 0.1250 0.8750
vt 0.1250 0.8750
vt 0.1250 0.8750
vt 0.1250 0.8750
vt 0.1250 0.8750
vt 0.1250 0.8750
vt 0.1250 0.8750
vt 0.1250 0.8750
vt 0.1250 0.8750
vt 0.1250 0.8750
vt 0.1250 0.8750
vt 0.1250 0.8750
vt 0.1250 0.8750
vt 0.1250 0.8750
vt 0.1250 0.8750
vt 0.1250 0.8750
vt 0.1250 0.8750
vt 0.1250 0.8750
vt 0.1250 0.8750
vt 0.1250 0.8750
vt 0.1250 0.8750
vt 0.1250 0.8750
vt 0.1250 0.8750
vt 0.1250 0.8750
vt 0.1250 0.8750
vt 0.1250 0.8750
vt 0.1250 0.8750
vt 0.1250 0.8750
vt 0.1250 0.8750
vt 0.1250 0.8750
vt 0.1250 0.8750
vt 0.1250 0.8750
vt 0.1250 0.8750
vt 0.1250 0.8750
vt 0.1250 0.8750
vt 0.1250 0.8750
vt 0.1250 0.8750
vt 0.1250 0.8750
vt 0.1250 0.8750
vt 0.1250 0.8750
vt 0.1250 0.8750
vt 0.1250 0.8750
vt 0.1250 0.8750
vt 0.1250 0.8750
vt 0.1250 0.8750
vt 0.1250 0.8750
vt 0.1250 0.8750
vt 0.1250 0.8750
vt 0.1250 0.8750
vt 0.1250 0.8750
vt 0.1250 0.8750
vt 0.1250 0.8750
vt 0.1250 0.8750
vt 0.1250 0.8750
vt 0.1250 0.8750
vt 0.1250 0.8750
vt 0.1250 0.8750
vt 0.1250 0.8750
vt 0.1250 0.8750
vt 0.1250 0.8750
vt 0.1250 0.8750
vt 0.1250 0.8750
vt 0.1250 0.8750
vt 0.1250 0.8750
vt 0.1250 0.8750
vt 0.1250 0.8750
vt 0.1250 0.8750
vt 0.1250 0.8750
vt 0.1250 0.8750
vt 0.1250 0.8750
vt 0.1250 0.8750
vt 0.1250 0.8750
vt 0.1250 0.8750
vt 0.1250 0.8750
vt 0.1250 0.8750
vt 0.1250 0.8750
vt 0.1250 0.8750
vt 0.1250 0.8750
vt 0.1250 0.8750
vt 0.1250 0.8750
vt 0.1250 0.8750
vt 0.1250 0.8750
vt 0.1250 0.8750
vt 0.1250 0.8750
vt 0.1250 0.8750
vt 0.1250 0.8750
vt 0.1250 0.8750
vt 0.1250 0.8750
vt 0.1250 0.8750
vt 0.1250 0.8750
vt 0.1250 0.8750
vt 0.1250 0.8750
vt 0.1250 0.8750
vt 0.1250 0.8750
vt 0.1250 0.8750
vt 0.1250 0.8750
vt 0.1250 0.8750
vt 0.1250 0.8750
vt 0.1250 0.8750
vt 0.1250 0.8750
vt 0.1250 0.8750
vt 0.1250 0.8750
vt 0.1250 0.8750
vt 0.1250 0.8750
vt 0.1250 0.8750
vt 0.1250 0.8750
vt 0.1250 0.8750
vt 0.1250 0.8750
vt 0.1250 0.8750
vt 0.1250 0.8750
vt 0.1250 0.8750
vt 0.1250 0.8750
vt 0.1250 0.8750
vt 0.1250 0.8750
vt 0.1250 0.8750
vt 0.1250 0.8750
vt 0.1250 0.8750
vt 0.1250 0.8750
vt 0.1250 0.8750
vt 0.1250 0.8750
vt 0.1250 0.8750
vt 0.1250 0.8750
vt 0.1250 0.8750
vt 0.1250 0.8750
vt 0.1250 0.8750
vt 0.1250 0.8750
vt 0.1250 0.8750
vt 0.1250 0.8750
vt 0.1250 0.8750
vt 0.1250 0.8750
vt 0.1250 0.8750
vt 0.1250 0.8750
vt 0.1250 0.8750
vt 0.1250 0.8750
vt 0.1250 0.8750
vt 0.1250 0.8750
vt 0.1250 0.8750
vt 0.1250 0.8750
vt 0.1250 0.8750
vt 0.1250 0.8750
vt 0.1250 0.8750
vt 0.1250 0.8750
vt 0.1250 0.8750
vt 0.1250 0.8750
vt 0.1250 0.8750
vt 0.1250 0.8750
vt 0.1250 0.8750
vt 0.1250 0.8750
vt 0.1250 0.8750
vt 0.1250 0.8750
vt 0.1250 0.8750
vt 0.1250 0.8750
vt 0.1250 0.8750
vt 0.1250 0.8750
vt 0.1250 0.8750
vt 0.1250 0.8750
vt 0.1250 0.8750
vt 0.1250 0.8750
vt 0.1250 0.8750
vt 0.1250 0.8750
vt 0.1250 0.8750
vt 0.1250 0.8750
vt 0.1250 0.8750
vt 0.1250 0.8750
vt 0.1250 0.8750
vt 0.1250 0.8750
vt 0.1250 0.8750
vt 0.1250 0.8750
vt 0.1250 0.8750
vt 0.1250 0.8750
vt 0.1250 0.8750
vt 0.1250 0.8750
vt 0.1250 0.8750
vt 0.1250 0.8750
vt 0.1250 0.8750
vt 0.1250 0.8750
vt 0.1250 0.8750
vt 0.1250 0.8750
vt 0.1250 0.8750
vt 0.1250 0.8750
vt 0.1250 0.8750
vt 0.1250 0.8750
vt 0.1250 0.8750
vt 0.1250 0.8750
vt 0.1250 0.8750
vt 0.1250 0.8750
vt 0.1250 0.8750
vt 0.1250 0.8750
vt 0.1250 0.8750
vt 0.1250 0.8750
vt 0.1250 0.8750
vt 0.1250 0.8750
vt 0.1250 0.8750
vt 0.1250 0.8750
vt 0.1250 0.8750
vt 0.1250 0.8750
vt 0.1250 0.8750
vt 0.1250 0.8750
vt 0.1250 0.8750
vt 0.1250 0.8750
vt 0.1250 0.8750
vt 0.1250 0.8750
vt 0.1250 0.8750
vt 0.1250 0.8750
vt 0.1250 0.8750
vt 0.1250 0.8750
vt 0.1250 0.8750
vt 0.1250 0.8750
vt 0.1250 0.8750
vt 0.1250 0.8750
vt 0.1250 0.8750
vt 0.1250 0.8750
vt 0.1250 0.8750
vt 0.1250 0.8750
vt 0.1250 0.8750
vt 0.1250 0.8750
vt 0.1250 0.8750
vt 0.1250 0.8750
vt 0.1250 0.8750
vt 0.1250 0.8750
vt 0.1250 0.8750
vt 0.1250 0.8750
vt 0.1250 0.8750
vt 0.1250 0.8750
vt 0.1250 0.8750
vt 0.1250 0.8750
vt 0.1250 0.8750
vt 0.1250 0.8750
vt 0.1250 0.8750
vt 0.1250 0.8750
vt 0.1250 0.8750
vt 0.1250 0.8750
vt 0.1250 0.8750
vt 0.1250 0.8750
vt 0.1250 0.8750
vt 0.1250 0.8750
vt 0.1250 0.8750
vt 0.1250 0.8750
vt 0.1250 0.8750
vt 0.1250 0.8750
vt 0.1250 0.8750
vt 0.1250 0.8750
vt 0.1250 0.8750
vt 0.1250 0.8750
vt 0.1250 0.8750
vt 0.1250 0.8750
vt 0.1250 0.8750
vt 0.1250 0.8750
vt 0.1250 0.8750
vt 0.1250 0.8750
vt 0.1250 0.8750
vt 0.1250 0.8750
vt 0.1250 0.8750
vt 0.1250 0.8750
vt 0.1250 0.8750
vt 0.1250 0.8750
vt 0.1250 0.8750
vt 0.1250 0.8750
vt 0.1250 0.8750
vt 0.1250 0.8750
vt 0.1250 0.8750
vt 0.1250 0.8750
vt 0.1250 0.8750
vt 0.1250 0.8750
vt 0.1250 0.8750
vt 0.1250 0.8750
vt 0.1250 0.8750
vt 0.1250 0.8750
vt 0.1250 0.8750
vt 0.1250 0.8750
vt 0.1250 0.8750
vt 0.1250 0.8750
vt 0.1250 0.8750
vt 0.1250 0.8750
vt 0.1250 0.8750
vt 0.1250 0.8750
vt 0.1250 0.8750
vt 0.1250 0.8750
vt 0.1250 0.8750
vt 0.1250 0.8750
vt 0.1250 0.8750
vt 0.1250 0.8750
vt 0.1250 0.8750
vt 0.1250 0.8750
vt 0.1250 0.8750
vt 0.1250 0.8750
vt 0.1250 0.8750
vt 0.1250 0.8750
vt 0.1250 0.8750
vt 0.1250 0.8750
vt 0.1250 0.8750
vt 0.1250 0.8750
vt 0.1250 0.8750
vt 0.1250 0.8750
vt 0.1250 0.8750
vt 0.1250 0.8750
vt 0.1250 0.8750
vt 0.1250 0.8750
vt 0.1250 0.8750
vt 0.1250 0.8750
vt 0.1250 0.8750
vt 0.1250 0.8750
vt 0.1250 0.8750
vt 0.1250 0.8750
vt 0.1250 0.8750
vt 0.1250 0.8750
vt 0.1250 0.8750
vt 0.1250 0.8750
vt 0.1250 0.8750
vt 0.1250 0.8750
vt 0.1250 0.8750
vt 0.1250 0.8750
vt 0.1250 0.8750
vt 0.3750 0.8750
vt 0.3750 0.8750
vt 0.3750 0.8750
vt 0.3750 0.8750
vt 0.3750 0.8750
vt 0.3750 0.8750
vt 0.3750 0.8750
vt 0.3750 0.8750
vt 0.3750 0.8750
vt 0.3750 0.8750
vt 0.3750 0.8750
vt 0.3750 0.8750
vt 0.3750 0.8750
vt 0.3750 0.8750
vt 0.3750 0.8750
vt 0.3750 0.8750
vt 0.3750 0.8750
vt 0.3750 0.8750
vt 0.3750 0.8750
vt 0.3750 0.8750
vt 0.3750 0.8750
vt 0.3750 0.8750
vt 0.3750 0.8750
vt 0.3750 0.8750
vt 0.3750 0.8750
vt 0.3750 0.8750
vt 0.3750 0.8750
vt 0.3750 0.8750
vt 0.3750 0.8750
vt 0.3750 0.8750
vt 0.3750 0.8750
vt 0.3750 0.8750
vt 0.3750 0.8750
vt 0.3750 0.8750
vt 0.3750 0.8750
vt 0.3750 0.8750
vt 0.3750 0.8750
vt 0.3750 0.8750
vt 0.3750 0.8750
vt 0.3750 0.8750
vt 0.3750 0.8750
vt 0.3750 0.8750
vt 0.3750 0.8750
vt 0.3750 0.8750
vt 0.3750 0.8750
vt 0.3750 0.8750
vt 0.3750 0.8750
vt 0.3750 0.8750
vt 0.3750 0.8750
vt 0.3750 0.8750
vt 0.3750 0.8750
vt 0.3750 0.8750
vt 0.3750 0.8750
vt 0.3750 0.8750
vt 0.3750 0.8750
vt 0.3750 0.8750
vt 0.3750 0.8750
vt 0.3750 0.8750
vt 0.3750 0.8750
vt 0.3750 0.8750
vt 0.3750 0.8750
vt 0.3750 0.8750
vt 0.3750 0.8750
vt 0.3750 0.8750
vt 0.3750 0.8750
vt 0.3750 0.8750
vt 0.3750 0.8750
vt 0.3750 0.8750
vt 0.3750 0.8750
vt 0.3750 0.8750
vt 0.3750 0.8750
vt 0.3750 0.8750
vt 0.3750 0.8750
vt 0.3750 0.8750
vt 0.3750 0.8750
vt 0.3750 0.8750
vt 0.3750 0.8750
vt 0.3750 0.8750
vt 0.3750 0.8750
vt 0.3750 0.8750
vt 0.3750 0.8750
vt 0.3750 0.8750
vt 0.3750 0.8750
vt 0.3750 0.8750
vt 0.3750 0.8750
vt 0.3750 0.8750
vt 0.3750 0.8750
vt 0.3750 0.8750
vt 0.3750 0.8750
vt 0.3750 0.8750
vt 0.3750 0.8750
vt 0.3750 0.8750
vt 0.3750 0.8750
vt 0.3750 0.8750
vt 0.3750 0.8750
vt 0.3750 0.8750
vt 0.3750 0.8750
vt 0.3750 0.8750
vt 0.3750 0.8750
vt 0.3750 0.8750
vt 0.3750 0.8750
vt 0.3750 0.8750
vt 0.3750 0.8750
vt 0.3750 0.8750
vt 0.3750 0.8750
vt 0.3750 0.8750
vt 0.3750 0.8750
vt 0.3750 0.8750
vt 0.3750 0.8750
vt 0.3750 0.8750
vt 0.3750 0.8750
vt 0.3750 0.8750
vt 0.3750 0.8750
vt 0.3750 0.8750
vt 0.3750 0.8750
vt 0.3750 0.8750
vt 0.3750 0.8750
vt 0.3750 0.8750
vt 0.3750 0.8750
vt 0.3750 0.8750
vt 0.3750 0.8750
vt 0.3750 0.8750
vt 0.3750 0.8750
vt 0.3750 0.8750
vt 0.3750 0.8750
vt 0.3750 0.8750
vt 0.3750 0.8750
vt 0.3750 0.8750
vt 0.3750 0.8750
vt 0.3750 0.8750
vt 0.3750 0.8750
vt 0.3750 0.8750
vt 0.3750 0.8750
vt 0.3750 0.8750
vt 0.3750 0.8750
vt 0.3750 0.8750
vt 0.3750 0.8750
vt 0.3750 0.8750
vt 0.3750 0.8750
vt 0.3750 0.8750
vt 0.3750 0.8750
vt 0.3750 0.8750
vt 0.3750 0.8750
vt 0.3750 0.8750
vt 0.3750 0.8750
vt 0.3750 0.8750
vt 0.3750 0.8750
vt 0.3750 0.8750
vt 0.3750 0.8750
vt 0.3750 0.8750
vt 0.3750 0.8750
vt 0.3750 0.8750
vt 0.3750 0.8750
vt 0.3750 0.8750
vt 0.3750 0.8750
vt 0.3750 0.8750
vt 0.3750 0.8750
vt 0.3750 0.8750
vt 0.3750 0.8750
vt 0.3750 0.8750
vt 0.3750 0.8750
vt 0.3750 0.8750
vt 0.3750 0.8750
vt 0.3750 0.8750
vt 0.3750 0.8750
vt 0.3750 0.8750
vt 0.3750 0.8750
vt 0.3750 0.8750
vt 0.3750 0.8750
vt 0.3750 0.8750
vt 0.3750 0.8750
vt 0.3750 0.8750
vt 0.3750 0.8750
vt 0.3750 0.8750
vt 0.3750 0.8750
vt 0.3750 0.8750
vt 0.3750 0.8750
vt 0.3750 0.8750
vt 0.3750 0.8750
vt 0.3750 0.8750
vt 0.3750 0.8750
vt 0.3750 0.8750
vt 0.3750 0.8750
vt 0.3750 0.8750
vt 0.3750 0.8750
vt 0.3750 0.8750
vt 0.3750 0.8750
vt 0.3750 0.8750
vt 0.3750 0.8750
vt 0.3750 0.8750
vt 0.3750 0.8750
vt 0.3750 0.8750
vt 0.3750 0.8750
vt 0.3750 0.8750
vt 0.3750 0.8750
vt 0.3750 0.8750
vt 0.3750 0.8750
vt 0.3750 0.8750
vt 0.3750 0.8750
vt 0.3750 0.8750
vt 0.3750 0.8750
vt 0.3750 0.8750
vt 0.3750 0.8750
vt 0.3750 0.8750
vt 0.3750 0.8750
vt 0.3750 0.8750
vt 0.3750 0.8750
vt 0.3750 0.8750
vt 0.3750 0.8750
vt 0.3750 0.8750
vt 0.3750 0.8750
vt 0.3750 0.8750
vt 0.3750 0.8750
vt 0.3750 0.8750
vt 0.3750 0.8750
vt 0.3750 0.8750
vt 0.3750 0.8750
vt 0.3750 0.8750
vt 0.3750 0.8750
vt 0.3750 0.8750
vt 0.3750 0.8750
vt 0.3750 0.8750
vt 0.3750 0.8750
vt 0.3750 0.8750
vt 0.3750 0.8750
vt 0.3750 0.8750
vt 0.3750 0.8750
vt 0.3750 0.8750
vt 0.3750 0.8750
vt 0.3750 0.8750
vt 0.3750 0.8750
vt 0.3750 0.8750
vt 0.3750 0.8750
vt 0.3750 0.8750
vt 0.3750 0.8750
vt 0.3750 0.8750
vt 0.3750 0.8750
vt 0.3750 0.8750
vt 0.3750 0.8750
vt 0.3750 0.8750
vt 0.3750 0.8750
vt 0.3750 0.8750
vt 0.3750 0.8750
vt 0.3750 0.8750
vt 0.3750 0.8750
vt 0.3750 0.8750
vt 0.3750 0.8750
vt 0.3750 0.8750
vt 0.3750 0.8750
vt 0.3750 0.8750
vt 0.3750 0.8750
vt 0.3750 0.8750
vt 0.3750 0.8750
vt 0.3750 0.8750
vt 0.3750 0.8750
vt 0.3750 0.8750
vt 0.3750 0.8750
vt 0.3750 0.8750
vt 0.3750 0.8750
vt 0.3750 0.8750
vt 0.3750 0.8750
vt 0.3750 0.8750
vt 0.3750 0.8750
vt 0.3750 0.8750
vt 0.3750 0.8750
vt 0.3750 0.8750
vt 0.3750 0.8750
vt 0.3750 0.8750
vt 0.3750 0.8750
vt 0.3750 0.8750
vt 0.3750 0.8750
vt 0.3750 0.8750
vt 0.3750 0.8750
vt 0.3750 0.8750
vt 0.3750 0.8750
vt 0.3750 0.8750
vt 0.3750 0.8750
vt 0.3750 0.8750
vt 0.3750 0.8750
vt 0.3750 0.8750
vt 0.3750 0.8750
vt 0.3750 0.8750
vt 0.3750 0.8750
vt 0.3750 0.8750
vt 0.3750 0.8750
vt 0.3750 0.8750
vt 0.3750 0.8750
vt 0.3750 0.8750
vt 0.3750 0.8750
vt 0.3750 0.8750
vt 0.3750 0.8750
vt 0.3750 0.8750
vt 0.3750 0.8750
vt 0.3750 0.8750
vt 0.3750 0.8750
vt 0.3750 0.8750
vt 0.3750 0.8750
vt 0.3750 0.8750
vt 0.3750 0.8750
vt 0.3750 0.8750
vt 0.3750 0.8750
vt 0.3750 0.8750
vt 0.3750 0.8750
vt 0.3750 0.8750
vt 0.3750 0.8750
vt 0.3750 0.8750
vt 0.3750 0.8750
vt 0.3750 0.8750
vt 0.3750 0.8750
vt 0.3750 0.8750
vt 0.3750 0.8750
vt 0.3750 0.8750
vt 0.3750 0.8750
vt 0.3750 0.8750
vt 0.3750 0.8750
vt 0.3750 0.8750
vt 0.3750 0.8750
vt 0.3750 0.8750
vt 0.3750 0.8750
vt 0.3750 0.8750
vt 0.3750 0.8750
vt 0.3750 0.8750
vt 0.3750 0.8750
vt 0.3750 0.8750
vt 0.3750 0.8750
vt 0.3750 0.8750
vt 0.3750 0.8750
vt 0.3750 0.8750
vt 0.3750 0.8750
vt 0.3750 0.8750
vt 0.3750 0.8750
vt 0.3750 0.8750
vt 0.3750 0.8750
vt 0.3750 0.8750
vt 0.3750 0.8750
vt 0.3750 0.8750
vt 0.1250 0.8750
vt 0.1250 0.8750
vt 0.1250 0.8750
vt 0.1250 0.8750
vt 0.1250 0.8750
vt 0.1250 0.8750
vt 0.1250 0.8750
vt 0.1250 0.8750
vt 0.1250 0.8750
vt 0.1250 0.8750
vt 0.1250 0.8750
vt 0.1250 0.8750
vt 0.1250 0.8750
vt 0.1250 0.8750
vt 0.1250 0.8750
vt 0.1250 0.8750
vt 0.1250 0.8750
vt 0.1250 0.8750
vt 0.1250 0.8750
vt 0.1250 0.8750
vt 0.1250 0.8750
vt 0.1250 0.8750
vt 0.1250 0.8750
vt 0.1250 0.8750
vt 0.1250 0.8750
vt 0.1250 0.8750
vt 0.1250 0.8750
vt 0.1250 0.8750
vt 0.1250 0.8750
vt 0.1250 0.8750
vt 0.1250 0.8750
vt 0.1250 0.8750
vt 0.1250 0.8750
vt 0.1250 0.8750
vt 0.1250 0.8750
vt 0.1250 0.8750
vt 0.1250 0.8750
vt 0.1250 0.8750
vt 0.1250 0.8750
vt 0.1250 0.8750
vt 0.1250 0.8750
vt 0.1250 0.8750
vt 0.1250 0.8750
vt 0.1250 0.8750
vt 0.1250 0.8750
vt 0.1250 0.8750
vt 0.1250 0.8750
vt 0.1250 0.8750
vt 0.1250 0.8750
vt 0.1250 0.8750
vt 0.1250 0.8750
vt 0.1250 0.8750
vt 0.1250 0.8750
vt 0.1250 0.8750
vt 0.1250 0.8750
vt 0.1250 0.8750
vt 0.1250 0.8750
vt 0.1250 0.8750
vt 0.1250 0.8750
vt 0.1250 0.8750
vt 0.1250 0.8750
vt 0.1250 0.8750
vt 0.1250 0.8750
vt 0.1250 0.8750
vt 0.1250 0.8750
vt 0.1250 0.8750
vt 0.1250 0.8750
vt 0.1250 0.8750
vt 0.1250 0.8750
vt 0.1250 0.8750
vt 0.1250 0.8750
vt 0.1250 0.8750
vt 0.1250 0.8750
vt 0.1250 0.8750
vt 0.1250 0.8750
vt 0.1250 0.8750
vt 0.1250 0.8750
vt 0.1250 0.8750
vt 0.1250 0.8750
vt 0.1250 0.8750
vt 0.1250 0.8750
vt 0.1250 0.8750
vt 0.1250 0.8750
vt 0.1250 0.8750
vt 0.1250 0.8750
vt 0.1250 0.8750
vt 0.1250 0.8750
vt 0.1250 0.8750
vt 0.1250 0.8750
vt 0.1250 0.8750
vt 0.1250 0.8750
vt 0.1250 0.8750
vt 0.1250 0.8750
vt 0.1250 0.8750
vt 0.1250 0.8750
vt 0.1250 0.8750
vt 0.1250 0.8750
vt 0.1250 0.8750
vt 0.1250 0.8750
vt 0.1250 0.8750
vt 0.1250 0.8750
vt 0.1250 0.8750
vt 0.1250 0.8750
vt 0.1250 0.8750
vt 0.1250 0.8750
vt 0.1250 0.8750
vt 0.1250 0.8750
vt 0.1250 0.8750
vt 0.3750 0.8750
vt 0.3750 0.8750
vt 0.3750 0.8750
vt 0.3750 0.8750
vt 0.3750 0.8750
vt 0.3750 0.8750
vt 0.3750 0.8750
vt 0.3750 0.8750
vt 0.3750 0.8750
vt 0.3750 0.8750
vt 0.3750 0.8750
vt 0.3750 0.8750
vt 0.3750 0.8750
vt 0.3750 0.8750
vt 0.3750 0.8750
vt 0.3750 0.8750
vt 0.3750 0.8750
vt 0.3750 0.8750
vt 0.3750 0.8750
vt 0.1250 0.8750
vt 0.3750 0.8750
vt 0.3750 0.8750
vt 0.3750 0.8750
vt 0.1250 0.8750
vt 0.1250 0.8750
vt 0.1250 0.8750
vt 0.3750 0.8750
vt 0.3750 0.8750
vt 0.3750 0.8750
vt 0.3750 0.8750
vt 0.3750 0.8750
vt 0.1250 0.8750
vt 0.1250 0.8750
vt 0.1250 0.8750
vt 0.3750 0.8750
vt 0.3750 0.8750
vt 0.3750 0.8750
vt 0.3750 0.8750
vt 0.3750 0.8750
vt 0.1250 0.8750
vt 0.1250 0.8750
vt 0.1250 0.8750
vt 0.3750 0.8750
vt 0.3750 0.8750
vt 0.3750 0.8750
vt 0.3750 0.8750
vt 0.3750 0.8750
vt 0.1250 0.8750
vt 0.1250 0.8750
vt 0.1250 0.8750
vt 0.3750 0.8750
vt 0.3750 0.8750
vt 0.3750 0.8750
vt 0.3750 0.8750
vt 0.3750 0.8750
vt 0.1250 0.8750
vt 0.1250 0.8750
vt 0.1250 0.8750
vt 0.1250 0.8750
vt 0.3750 0.8750
vt 0.3750 0.8750
vt 0.3750 0.8750
vt 0.3750 0.8750
vt 0.1250 0.8750
vt 0.1250 0.8750
vt 0.1250 0.8750
vt 0.3750 0.8750
vt 0.3750 0.8750
vt 0.3750 0.8750
vt 0.3750 0.8750
vt 0.3750 0.8750
vt 0.1250 0.8750
vt 0.1250 0.8750
vt 0.1250 0.8750
vt 0.3750 0.8750
vt 0.3750 0.8750
vt 0.3750 0.8750
vt 0.3750 0.8750
vt 0.3750 0.8750
vt 0.3750 0.8750
vt 0.3750 0.8750
vt 0.1250 0.8750
vt 0.3750 0.8750
vt 0.3750 0.8750
vt 0.3750 0.8750
vt 0.3750 0.8750
vt 0.3750 0.8750
vt 0.3750 0.8750
vt 0.3750 0.8750
vt 0.3750 0.8750
vt 0.3750 0.8750
vt 0.3750 0.8750
vt 0.3750 0.8750
vt 0.3750 0.8750
vt 0.3750 0.8750
vt 0.3750 0.8750
vt 0.3750 0.8750
vt 0.3750 0.8750
vt 0.3750 0.8750
vt 0.3750 0.8750
vt 0.3750 0.8750
vt 0.3750 0.8750
vt 0.1250 0.8750
vt 0.1250 0.8750
vt 0.3750 0.8750
vt 0.3750 0.8750
vt 0.1250 0.8750
vt 0.1250 0.8750
vt 0.1250 0.8750
vt 0.1250 0.8750
vt 0.1250 0.8750
vt 0.1250 0.8750
vt 0.3750 0.8750
vt 0.3750 0.8750
vt 0.3750 0.8750
vt 0.3750 0.8750
vt 0.3750 0.8750
vt 0.3750 0.8750
vt 0.3750 0.8750
vt 0.3750 0.8750
vt 0.3750 0.8750
vt 0.3750 0.8750
vt 0.3750 0.8750
vt 0.3750 0.8750
vt 0.3750 0.8750
vt 0.3750 0.8750
vt 0.3750 0.8750
vt 0.3750 0.8750
vt 0.1250 0.8750
vt 0.1250 0.8750
vt 0.1250 0.8750
vt 0.1250 0.8750
vt 0.1250 0.8750
vt 0.1250 0.8750
vt 0.1250 0.8750
vt 0.1250 0.8750
vt 0.1250 0.8750
vt 0.1250 0.8750
vt 0.1250 0.8750
vt 0.1250 0.8750
vt 0.1250 0.8750
vt 0.1250 0.8750
vt 0.1250 0.8750
vt 0.1250 0.8750
vt 0.1250 0.8750
vt 0.1250 0.8750
vt 0.1250 0.8750
vt 0.1250 0.8750
vt 0.1250 0.8750
vt 0.1250 0.8750
vt 0.1250 0.8750
vt 0.1250 0.8750
vt 0.1250 0.8750
vt 0.1250 0.8750
vt 0.1250 0.8750
vt 0.1250 0.8750
vt 0.1250 0.8750
vt 0.1250 0.8750
vt 0.1250 0.8750
vt 0.1250 0.8750
vt 0.1250 0.8750
vt 0.1250 0.8750
vt 0.1250 0.8750
vt 0.1250 0.8750
vt 0.1250 0.8750
vt 0.1250 0.8750
vt 0.1250 0.8750
vt 0.1250 0.8750
vt 0.1250 0.8750
vt 0.1250 0.8750
vt 0.1250 0.8750
vt 0.1250 0.8750
vt 0.1250 0.8750
vt 0.1250 0.8750
vt 0.1250 0.8750
vt 0.1250 0.8750
vt 0.1250 0.8750
vt 0.1250 0.8750
vt 0.1250 0.8750
vt 0.1250 0.8750
vt 0.1250 0.8750
vt 0.1250 0.8750
vt 0.1250 0.8750
vt 0.1250 0.8750
vt 0.1250 0.8750
vt 0.1250 0.8750
vt 0.1250 0.8750
vt 0.1250 0.8750
vt 0.1250 0.8750
vt 0.1250 0.8750
vt 0.1250 0.8750
vt 0.1250 0.8750
vt 0.1250 0.8750
vt 0.1250 0.8750
vt 0.1250 0.8750
vt 0.1250 0.8750
vt 0.1250 0.8750
vt 0.1250 0.8750
vt 0.1250 0.8750
vt 0.1250 0.8750
vt 0.1250 0.8750
vt 0.1250 0.8750
vt 0.1250 0.8750
vt 0.1250 0.8750
vt 0.1250 0.8750
vt 0.1250 0.8750
vt 0.1250 0.8750
vt 0.1250 0.8750
vt 0.1250 0.8750
vt 0.1250 0.8750
vt 0.1250 0.8750
vt 0.1250 0.8750
vt 0.1250 0.8750
vt 0.1250 0.8750
vt 0.1250 0.8750
vt 0.1250 0.8750
vt 0.1250 0.8750
vt 0.1250 0.8750
vt 0.1250 0.8750
vt 0.1250 0.8750
vt 0.1250 0.8750
vt 0.1250 0.8750
vt 0.1250 0.8750
vt 0.1250 0.8750
vt 0.1250 0.8750
vt 0.1250 0.8750
vt 0.1250 0.8750
vt 0.1250 0.8750
vt 0.1250 0.8750
vt 0.1250 0.8750
vt 0.1250 0.8750
vt 0.1250 0.8750
vt 0.1250 0.8750
vt 0.1250 0.8750
vt 0.1250 0.8750
vt 0.1250 0.8750
vt 0.3750 0.8750
vt 0.3750 0.8750
vt 0.3750 0.8750
vt 0.3750 0.8750
vt 0.3750 0.8750
vt 0.3750 0.8750
vt 0.3750 0.8750
vt 0.3750 0.8750
vt 0.3750 0.8750
vt 0.3750 0.8750
vt 0.3750 0.8750
vt 0.3750 0.8750
vt 0.3750 0.8750
vt 0.3750 0.8750
vt 0.3750 0.8750
vt 0.3750 0.8750
vt 0.3750 0.8750
vt 0.3750 0.8750
vt 0.3750 0.8750
vt 0.1250 0.8750
vt 0.3750 0.8750
vt 0.3750 0.8750
vt 0.3750 0.8750
vt 0.1250 0.8750
vt 0.1250 0.8750
vt 0.1250 0.8750
vt 0.3750 0.8750
vt 0.3750 0.8750
vt 0.3750 0.8750
vt 0.3750 0.8750
vt 0.3750 0.8750
vt 0.1250 0.8750
vt 0.1250 0.8750
vt 0.1250 0.8750
vt 0.3750 0.8750
vt 0.3750 0.8750
vt 0.3750 0.8750
vt 0.3750 0.8750
vt 0.3750 0.8750
vt 0.1250 0.8750
vt 0.1250 0.8750
vt 0.1250 0.8750
vt 0.3750 0.8750
vt 0.3750 0.8750
vt 0.3750 0.8750
vt 0.3750 0.8750
vt 0.3750 0.8750
vt 0.1250 0.8750
vt 0.1250 0.8750
vt 0.1250 0.8750
vt 0.3750 0.8750
vt 0.3750 0.8750
vt 0.3750 0.8750
vt 0.3750 0.8750
vt 0.3750 0.8750
vt 0.1250 0.8750
vt 0.1250 0.8750
vt 0.1250 0.8750
vt 0.1250 0.8750
vt 0.3750 0.8750
vt 0.3750 0.8750
vt 0.3750 0.8750
vt 0.3750 0.8750
vt 0.1250 0.8750
vt 0.1250 0.8750
vt 0.1250 0.8750
vt 0.3750 0.8750
vt 0.3750 0.8750
vt 0.3750 0.8750
vt 0.3750 0.8750
vt 0.3750 0.8750
vt 0.1250 0.8750
vt 0.1250 0.8750
vt 0.1250 0.8750
vt 0.3750 0.8750
vt 0.3750 0.8750
vt 0.3750 0.8750
vt 0.3750 0.8750
vt 0.3750 0.8750
vt 0.3750 0.8750
vt 0.3750 0.8750
vt 0.1250 0.8750
vt 0.3750 0.8750
vt 0.3750 0.8750
vt 0.3750 0.8750
vt 0.3750 0.8750
vt 0.3750 0.8750
vt 0.3750 0.8750
vt 0.3750 0.8750
vt 0.3750 0.8750
vt 0.3750 0.8750
vt 0.3750 0.8750
vt 0.3750 0.8750
vt 0.3750 0.8750
vt 0.3750 0.8750
vt 0.3750 0.8750
vt 0.3750 0.8750
vt 0.3750 0.8750
vt 0.3750 0.8750
vt 0.3750 0.8750
vt 0.3750 0.8750
vt 0.3750 0.8750
vt 0.1250 0.8750
vt 0.1250 0.8750
vt 0.3750 0.8750
vt 0.3750 0.8750
vt 0.1250 0.8750
vt 0.1250 0.8750
vt 0.1250 0.8750
vt 0.1250 0.8750
vt 0.1250 0.8750
vt 0.1250 0.8750
vt 0.3750 0.8750
vt 0.3750 0.8750
vt 0.3750 0.8750
vt 0.3750 0.8750
vt 0.3750 0.8750
vt 0.3750 0.8750
vt 0.3750 0.8750
vt 0.3750 0.8750
vt 0.3750 0.8750
vt 0.3750 0.8750
vt 0.3750 0.8750
vt 0.3750 0.8750
vt 0.3750 0.8750
vt 0.3750 0.8750
vt 0.3750 0.8750
vt 0.3750 0.8750
vt 0.3750 0.8750
vt 0.3750 0.8750
vt 0.3750 0.8750
vt 0.3750 0.8750
vt 0.3750 0.8750
vt 0.3750 0.8750
vt 0.3750 0.8750
vt 0.3750 0.8750
vt 0.3750 0.8750
vt 0.3750 0.8750
vt 0.3750 0.8750
vt 0.3750 0.8750
vt 0.3750 0.8750
vt 0.3750 0.8750
vt 0.3750 0.8750
vt 0.3750 0.8750
vt 0.3750 0.8750
vt 0.3750 0.8750
vt 0.3750 0.8750
vt 0.3750 0.8750
vt 0.3750 0.8750
vt 0.3750 0.8750
vt 0.3750 0.8750
vt 0.3750 0.8750
vt 0.3750 0.8750
vt 0.3750 0.8750
vt 0.3750 0.8750
vt 0.3750 0.8750
vt 0.3750 0.8750
vt 0.3750 0.8750
vt 0.3750 0.8750
vt 0.3750 0.8750
vt 0.3750 0.8750
vt 0.3750 0.8750
vt 0.3750 0.8750
vt 0.3750 0.8750
vt 0.3750 0.8750
vt 0.3750 0.8750
vt 0.3750 0.8750
vt 0.3750 0.8750
vt 0.3750 0.8750
vt 0.3750 0.8750
vt 0.3750 0.8750
vt 0.3750 0.8750
vt 0.3750 0.8750
vt 0.3750 0.8750
vt 0.3750 0.8750
vt 0.3750 0.8750
vt 0.3750 0.8750
vt 0.3750 0.8750
vt 0.3750 0.8750
vt 0.3750 0.8750
vt 0.3750 0.8750
vt 0.3750 0.8750
vt 0.3750 0.8750
vt 0.3750 0.8750
vt 0.3750 0.8750
vt 0.3750 0.8750
vt 0.3750 0.8750
vt 0.3750 0.8750
vt 0.3750 0.8750
vt 0.3750 0.8750
vt 0.3750 0.8750
vt 0.3750 0.8750
vt 0.3750 0.8750
vt 0.3750 0.8750
vt 0.3750 0.8750
vt 0.3750 0.8750
vt 0.3750 0.8750
vt 0.3750 0.8750
vt 0.3750 0.8750
vt 0.3750 0.8750
vt 0.3750 0.8750
vt 0.3750 0.8750
vt 0.3750 0.8750
vt 0.3750 0.8750
vt 0.3750 0.8750
vt 0.3750 0.8750
vt 0.3750 0.8750
vt 0.3750 0.8750
vt 0.3750 0.8750
vt 0.3750 0.8750
vt 0.3750 0.8750
vt 0.3750 0.8750
vt 0.3750 0.8750
vt 0.3750 0.8750
vt 0.3750 0.8750
vt 0.3750 0.8750
vt 0.3750 0.8750
vt 0.3750 0.8750
vt 0.3750 0.8750
vt 0.3750 0.8750
vt 0.3750 0.8750
vt 0.3750 0.8750
vt 0.3750 0.8750
vt 0.3750 0.8750
vt 0.3750 0.8750
vt 0.3750 0.8750
vt 0.3750 0.8750
vt 0.3750 0.8750
vt 0.3750 0.8750
vt 0.3750 0.8750
vt 0.3750 0.8750
vt 0.3750 0.8750
vt 0.3750 0.8750
vt 0.3750 0.8750
vt 0.3750 0.8750
vt 0.3750 0.8750
vt 0.3750 0.8750
vt 0.3750 0.8750
vt 0.3750 0.8750
vt 0.3750 0.8750
vt 0.3750 0.8750
vt 0.3750 0.8750
vt 0.3750 0.8750
vt 0.3750 0.8750
vt 0.3750 0.8750
vt 0.3750 0.8750
vt 0.3750 0.8750
vt 0.3750 0.8750
vt 0.3750 0.8750
vt 0.3750 0.8750
vt 0.3750 0.8750
vt 0.3750 0.8750
vt 0.3750 0.8750
vt 0.3750 0.8750
usemtl AldricAtlas
f 238/238/238 237/237/237 19/19/19
f 238/238/238 19/19/19 20/20/20
f 235/235/235 234/234/234 16/16/16
f 235/235/235 16/16/16 17/17/17
f 242/242/242 241/241/241 23/23/23
f 242/242/242 23/23/23 24/24/24
f 232/232/232 26/26/26 14/14/14
f 239/239/239 238/238/238 20/20/20
f 239/239/239 20/20/20 21/21/21
f 236/236/236 235/235/235 17/17/17
f 236/236/236 17/17/17 18/18/18
f 191/191/191 242/242/242 24/24/24
f 233/233/233 232/232/232 14/14/14
f 233/233/233 14/14/14 15/15/15
f 240/240/240 239/239/239 21/21/21
f 240/240/240 21/21/21 22/22/22
f 237/237/237 236/236/236 18/18/18
f 237/237/237 18/18/18 19/19/19
f 234/234/234 233/233/233 15/15/15
f 234/234/234 15/15/15 16/16/16
f 241/241/241 240/240/240 22/22/22
f 241/241/241 22/22/22 23/23/23
f 191/191/191 24/24/24 37/37/37
f 15/15/15 14/14/14 27/27/27
f 15/15/15 27/27/27 28/28/28
f 22/22/22 21/21/21 34/34/34
f 22/22/22 34/34/34 35/35/35
f 19/19/19 18/18/18 31/31/31
f 19/19/19 31/31/31 32/32/32
f 16/16/16 15/15/15 28/28/28
f 16/16/16 28/28/28 29/29/29
f 23/23/23 22/22/22 35/35/35
f 23/23/23 35/35/35 36/36/36
f 20/20/20 19/19/19 32/32/32
f 20/20/20 32/32/32 33/33/33
f 17/17/17 16/16/16 29/29/29
f 17/17/17 29/29/29 30/30/30
f 24/24/24 23/23/23 36/36/36
f 24/24/24 36/36/36 37/37/37
f 14/14/14 26/26/26 27/27/27
f 21/21/21 20/20/20 33/33/33
f 21/21/21 33/33/33 34/34/34
f 18/18/18 17/17/17 30/30/30
f 18/18/18 30/30/30 31/31/31
f 30/30/30 29/29/29 42/42/42
f 30/30/30 42/42/42 43/43/43
f 37/37/37 36/36/36 49/49/49
f 37/37/37 49/49/49 50/50/50
f 27/27/27 26/26/26 40/40/40
f 34/34/34 33/33/33 46/46/46
f 34/34/34 46/46/46 47/47/47
f 31/31/31 30/30/30 43/43/43
f 31/31/31 43/43/43 44/44/44
f 191/191/191 37/37/37 50/50/50
f 28/28/28 27/27/27 40/40/40
f 28/28/28 40/40/40 41/41/41
f 35/35/35 34/34/34 47/47/47
f 35/35/35 47/47/47 48/48/48
f 32/32/32 31/31/31 44/44/44
f 32/32/32 44/44/44 45/45/45
f 29/29/29 28/28/28 41/41/41
f 29/29/29 41/41/41 42/42/42
f 36/36/36 35/35/35 48/48/48
f 36/36/36 48/48/48 49/49/49
f 33/33/33 32/32/32 45/45/45
f 33/33/33 45/45/45 46/46/46
f 42/42/42 41/41/41 54/54/54
f 42/42/42 54/54/54 55/55/55
f 49/49/49 48/48/48 61/61/61
f 49/49/49 61/61/61 62/62/62
f 46/46/46 45/45/45 58/58/58
f 46/46/46 58/58/58 59/59/59
f 43/43/43 42/42/42 55/55/55
f 43/43/43 55/55/55 56/56/56
f 50/50/50 49/49/49 62/62/62
f 50/50/50 62/62/62 63/63/63
f 40/40/40 26/26/26 53/53/53
f 47/47/47 46/46/46 59/59/59
f 47/47/47 59/59/59 60/60/60
f 44/44/44 43/43/43 56/56/56
f 44/44/44 56/56/56 57/57/57
f 191/191/191 50/50/50 63/63/63
f 41/41/41 40/40/40 53/53/53
f 41/41/41 53/53/53 54/54/54
f 48/48/48 47/47/47 60/60/60
f 48/48/48 60/60/60 61/61/61
f 45/45/45 44/44/44 57/57/57
f 45/45/45 57/57/57 58/58/58
f 57/57/57 56/56/56 68/68/68
f 57/57/57 68/68/68 69/69/69
f 191/191/191 63/63/63 75/75/75
f 54/54/54 53/53/53 65/65/65
f 54/54/54 65/65/65 66/66/66
f 61/61/61 60/60/60 72/72/72
f 61/61/61 72/72/72 73/73/73
f 58/58/58 57/57/57 69/69/69
f 58/58/58 69/69/69 70/70/70
f 55/55/55 54/54/54 66/66/66
f 55/55/55 66/66/66 67/67/67
f 62/62/62 61/61/61 73/73/73
f 62/62/62 73/73/73 74/74/74
f 59/59/59 58/58/58 70/70/70
f 59/59/59 70/70/70 71/71/71
f 56/56/56 55/55/55 67/67/67
f 56/56/56 67/67/67 68/68/68
f 63/63/63 62/62/62 74/74/74
f 63/63/63 74/74/74 75/75/75
f 53/53/53 26/26/26 65/65/65
f 60/60/60 59/59/59 71/71/71
f 60/60/60 71/71/71 72/72/72
f 68/68/68 67/67/67 80/80/80
f 68/68/68 80/80/80 81/81/81
f 75/75/75 74/74/74 87/87/87
f 75/75/75 87/87/87 88/88/88
f 65/65/65 26/26/26 78/78/78
f 72/72/72 71/71/71 84/84/84
f 72/72/72 84/84/84 85/85/85
f 69/69/69 68/68/68 81/81/81
f 69/69/69 81/81/81 82/82/82
f 191/191/191 75/75/75 88/88/88
f 66/66/66 65/65/65 78/78/78
f 66/66/66 78/78/78 79/79/79
f 73/73/73 72/72/72 85/85/85
f 73/73/73 85/85/85 86/86/86
f 70/70/70 69/69/69 82/82/82
f 70/70/70 82/82/82 83/83/83
f 67/67/67 66/66/66 79/79/79
f 67/67/67 79/79/79 80/80/80
f 74/74/74 73/73/73 86/86/86
f 74/74/74 86/86/86 87/87/87
f 71/71/71 70/70/70 83/83/83
f 71/71/71 83/83/83 84/84/84
f 83/83/83 82/82/82 95/95/95
f 83/83/83 95/95/95 96/96/96
f 80/80/80 79/79/79 92/92/92
f 80/80/80 92/92/92 93/93/93
f 87/87/87 86/86/86 99/99/99
f 87/87/87 99/99/99 100/100/100
f 84/84/84 83/83/83 96/96/96
f 84/84/84 96/96/96 97/97/97
f 81/81/81 80/80/80 93/93/93
f 81/81/81 93/93/93 94/94/94
f 88/88/88 87/87/87 100/100/100
f 88/88/88 100/100/100 101/101/101
f 78/78/78 26/26/26 91/91/91
f 85/85/85 84/84/84 97/97/97
f 85/85/85 97/97/97 98/98/98
f 82/82/82 81/81/81 94/94/94
f 82/82/82 94/94/94 95/95/95
f 191/191/191 88/88/88 101/101/101
f 79/79/79 78/78/78 91/91/91
f 79/79/79 91/91/91 92/92/92
f 86/86/86 85/85/85 98/98/98
f 86/86/86 98/98/98 99/99/99
f 95/95/95 94/94/94 107/107/107
f 95/95/95 107/107/107 108/108/108
f 191/191/191 101/101/101 114/114/114
f 92/92/92 91/91/91 104/104/104
f 92/92/92 104/104/104 105/105/105
f 99/99/99 98/98/98 111/111/111
f 99/99/99 111/111/111 112/112/112
f 96/96/96 95/95/95 108/108/108
f 96/96/96 108/108/108 109/109/109
f 93/93/93 92/92/92 105/105/105
f 93/93/93 105/105/105 106/106/106
f 100/100/100 99/99/99 112/112/112
f 100/100/100 112/112/112 113/113/113
f 97/97/97 96/96/96 109/109/109
f 97/97/97 109/109/109 110/110/110
f 94/94/94 93/93/93 106/106/106
f 94/94/94 106/106/106 107/107/107
f 101/101/101 100/100/100 113/113/113
f 101/101/101 113/113/113 114/114/114
f 91/91/91 26/26/26 104/104/104
f 98/98/98 97/97/97 110/110/110
f 98/98/98 110/110/110 111/111/111
f 110/110/110 109/109/109 121/121/121
f 110/110/110 121/121/121 122/122/122
f 107/107/107 106/106/106 118/118/118
f 107/107/107 118/118/118 119/119/119
f 114/114/114 113/113/113 125/125/125
f 114/114/114 125/125/125 126/126/126
f 104/104/104 26/26/26 116/116/116
f 111/111/111 110/110/110 122/122/122
f 111/111/111 122/122/122 123/123/123
f 108/108/108 107/107/107 119/119/119
f 108/108/108 119/119/119 120/120/120
f 191/191/191 114/114/114 126/126/126
f 105/105/105 104/104/104 116/116/116
f 105/105/105 116/116/116 117/117/117
f 112/112/112 111/111/111 123/123/123
f 112/112/112 123/123/123 124/124/124
f 109/109/109 108/108/108 120/120/120
f 109/109/109 120/120/120 121/121/121
f 106/106/106 105/105/105 117/117/117
f 106/106/106 117/117/117 118/118/118
f 113/113/113 112/112/112 124/124/124
f 113/113/113 124/124/124 125/125/125
f 121/121/121 120/120/120 133/133/133
f 121/121/121 133/133/133 134/134/134
f 118/118/118 117/117/117 130/130/130
f 118/118/118 130/130/130 131/131/131
f 125/125/125 124/124/124 137/137/137
f 125/125/125 137/137/137 138/138/138
f 122/122/122 121/121/121 134/134/134
f 122/122/122 134/134/134 135/135/135
f 119/119/119 118/118/118 131/131/131
f 119/119/119 131/131/131 132/132/132
f 126/126/126 125/125/125 138/138/138
f 126/126/126 138/138/138 139/139/139
f 116/116/116 26/26/26 129/129/129
f 123/123/123 122/122/122 135/135/135
f 123/123/123 135/135/135 136/136/136
f 120/120/120 119/119/119 132/132/132
f 120/120/120 132/132/132 133/133/133
f 191/191/191 126/126/126 139/139/139
f 117/117/117 116/116/116 129/129/129
f 117/117/117 129/129/129 130/130/130
f 124/124/124 123/123/123 136/136/136
f 124/124/124 136/136/136 137/137/137
f 136/136/136 135/135/135 148/148/148
f 136/136/136 148/148/148 149/149/149
f 133/133/133 132/132/132 145/145/145
f 133/133/133 145/145/145 146/146/146
f 191/191/191 139/139/139 152/152/152
f 130/130/130 129/129/129 142/142/142
f 130/130/130 142/142/142 143/143/143
f 137/137/137 136/136/136 149/149/149
f 137/137/137 149/149/149 150/150/150
f 134/134/134 133/133/133 146/146/146
f 134/134/134 146/146/146 147/147/147
f 131/131/131 130/130/130 143/143/143
f 131/131/131 143/143/143 144/144/144
f 138/138/138 137/137/137 150/150/150
f 138/138/138 150/150/150 151/151/151
f 135/135/135 134/134/134 147/147/147
f 135/135/135 147/147/147 148/148/148
f 132/132/132 131/131/131 144/144/144
f 132/132/132 144/144/144 145/145/145
f 139/139/139 138/138/138 151/151/151
f 139/139/139 151/151/151 152/152/152
f 129/129/129 26/26/26 142/142/142
f 148/148/148 147/147/147 160/160/160
f 148/148/148 160/160/160 161/161/161
f 145/145/145 144/144/144 157/157/157
f 145/145/145 157/157/157 158/158/158
f 152/152/152 151/151/151 164/164/164
f 152/152/152 164/164/164 165/165/165
f 142/142/142 26/26/26 155/155/155
f 149/149/149 148/148/148 161/161/161
f 149/149/149 161/161/161 162/162/162
f 146/146/146 145/145/145 158/158/158
f 146/146/146 158/158/158 159/159/159
f 191/191/191 152/152/152 165/165/165
f 143/143/143 142/142/142 155/155/155
f 143/143/143 155/155/155 156/156/156
f 150/150/150 149/149/149 162/162/162
f 150/150/150 162/162/162 163/163/163
f 147/147/147 146/146/146 159/159/159
f 147/147/147 159/159/159 160/160/160
f 144/144/144 143/143/143 156/156/156
f 144/144/144 156/156/156 157/157/157
f 151/151/151 150/150/150 163/163/163
f 151/151/151 163/163/163 164/164/164
f 163/163/163 162/162/162 175/175/175
f 163/163/163 175/175/175 176/176/176
f 160/160/160 159/159/159 172/172/172
f 160/160/160 172/172/172 173/173/173
f 157/157/157 156/156/156 169/169/169
f 157/157/157 169/169/169 170/170/170
f 164/164/164 163/163/163 176/176/176
f 164/164/164 176/176/176 177/177/177
f 161/161/161 160/160/160 173/173/173
f 161/161/161 173/173/173 174/174/174
f 158/158/158 157/157/157 170/170/170
f 158/158/158 170/170/170 171/171/171
f 165/165/165 164/164/164 177/177/177
f 165/165/165 177/177/177 178/178/178
f 155/155/155 26/26/26 168/168/168
f 162/162/162 161/161/161 174/174/174
f 162/162/162 174/174/174 175/175/175
f 159/159/159 158/158/158 171/171/171
f 159/159/159 171/171/171 172/172/172
f 191/191/191 165/165/165 178/178/178
f 156/156/156 155/155/155 168/168/168
f 156/156/156 168/168/168 169/169/169
f 168/168/168 26/26/26 180/180/180
f 175/175/175 174/174/174 186/186/186
f 175/175/175 186/186/186 187/187/187
f 172/172/172 171/171/171 183/183/183
f 172/172/172 183/183/183 184/184/184
f 191/191/191 178/178/178 190/190/190
f 169/169/169 168/168/168 180/180/180
f 169/169/169 180/180/180 181/181/181
f 176/176/176 175/175/175 187/187/187
f 176/176/176 187/187/187 188/188/188
f 173/173/173 172/172/172 184/184/184
f 173/173/173 184/184/184 185/185/185
f 170/170/170 169/169/169 181/181/181
f 170/170/170 181/181/181 182/182/182
f 177/177/177 176/176/176 188/188/188
f 177/177/177 188/188/188 189/189/189
f 174/174/174 173/173/173 185/185/185
f 174/174/174 185/185/185 186/186/186
f 171/171/171 170/170/170 182/182/182
f 171/171/171 182/182/182 183/183/183
f 178/178/178 177/177/177 189/189/189
f 178/178/178 189/189/189 190/190/190
f 189/189/189 188/188/188 201/201/201
f 189/189/189 201/201/201 202/202/202
f 186/186/186 185/185/185 198/198/198
f 186/186/186 198/198/198 199/199/199
f 183/183/183 182/182/182 195/195/195
f 183/183/183 195/195/195 196/196/196
f 190/190/190 189/189/189 202/202/202
f 190/190/190 202/202/202 203/203/203
f 180/180/180 26/26/26 193/193/193
f 187/187/187 186/186/186 199/199/199
f 187/187/187 199/199/199 200/200/200
f 184/184/184 183/183/183 196/196/196
f 184/184/184 196/196/196 197/197/197
f 191/191/191 190/190/190 203/203/203
f 181/181/181 180/180/180 193/193/193
f 181/181/181 193/193/193 194/194/194
f 188/188/188 187/187/187 200/200/200
f 188/188/188 200/200/200 201/201/201
f 185/185/185 184/184/184 197/197/197
f 185/185/185 197/197/197 198/198/198
f 182/182/182 181/181/181 194/194/194
f 182/182/182 194/194/194 195/195/195
f 194/194/194 193/193/193 206/206/206
f 194/194/194 206/206/206 207/207/207
f 201/201/201 200/200/200 213/213/213
f 201/201/201 213/213/213 214/214/214
f 198/198/198 197/197/197 210/210/210
f 198/198/198 210/210/210 211/211/211
f 195/195/195 194/194/194 207/207/207
f 195/195/195 207/207/207 208/208/208
f 202/202/202 201/201/201 214/214/214
f 202/202/202 214/214/214 215/215/215
f 199/199/199 198/198/198 211/211/211
f 199/199/199 211/211/211 212/212/212
f 196/196/196 195/195/195 208/208/208
f 196/196/196 208/208/208 209/209/209
f 203/203/203 202/202/202 215/215/215
f 203/203/203 215/215/215 216/216/216
f 193/193/193 26/26/26 206/206/206
f 200/200/200 199/199/199 212/212/212
f 200/200/200 212/212/212 213/213/213
f 197/197/197 196/196/196 209/209/209
f 197/197/197 209/209/209 210/210/210
f 191/191/191 203/203/203 216/216/216
f 216/216/216 215/215/215 228/228/228
f 216/216/216 228/228/228 229/229/229
f 206/206/206 26/26/26 219/219/219
f 213/213/213 212/212/212 225/225/225
f 213/213/213 225/225/225 226/226/226
f 210/210/210 209/209/209 222/222/222
f 210/210/210 222/222/222 223/223/223
f 191/191/191 216/216/216 229/229/229
f 207/207/207 206/206/206 219/219/219
f 207/207/207 219/219/219 220/220/220
f 214/214/214 213/213/213 226/226/226
f 214/214/214 226/226/226 227/227/227
f 211/211/211 210/210/210 223/223/223
f 211/211/211 223/223/223 224/224/224
f 208/208/208 207/207/207 220/220/220
f 208/208/208 220/220/220 221/221/221
f 215/215/215 214/214/214 227/227/227
f 215/215/215 227/227/227 228/228/228
f 212/212/212 211/211/211 224/224/224
f 212/212/212 224/224/224 225/225/225
f 209/209/209 208/208/208 221/221/221
f 209/209/209 221/221/221 222/222/222
f 221/221/221 220/220/220 233/233/233
f 221/221/221 233/233/233 234/234/234
f 228/228/228 227/227/227 240/240/240
f 228/228/228 240/240/240 241/241/241
f 225/225/225 224/224/224 237/237/237
f 225/225/225 237/237/237 238/238/238
f 222/222/222 221/221/221 234/234/234
f 222/222/222 234/234/234 235/235/235
f 229/229/229 228/228/228 241/241/241
f 229/229/229 241/241/241 242/242/242
f 219/219/219 26/26/26 232/232/232
f 226/226/226 225/225/225 238/238/238
f 226/226/226 238/238/238 239/239/239
f 223/223/223 222/222/222 235/235/235
f 223/223/223 235/235/235 236/236/236
f 191/191/191 229/229/229 242/242/242
f 220/220/220 219/219/219 232/232/232
f 220/220/220 232/232/232 233/233/233
f 227/227/227 226/226/226 239/239/239
f 227/227/227 239/239/239 240/240/240
f 224/224/224 223/223/223 236/236/236
f 224/224/224 236/236/236 237/237/237
f 328/328/328 329/329/329 128/128/128
f 328/328/328 128/128/128 140/140/140
f 279/279/279 192/192/192 167/167/167
f 192/192/192 204/204/204 166/166/166
f 192/192/192 166/166/166 167/167/167
f 205/205/205 217/217/217 153/153/153
f 205/205/205 153/153/153 154/154/154
f 329/329/329 277/277/277 128/128/128
f 327/327/327 328/328/328 140/140/140
f 327/327/327 140/140/140 141/141/141
f 217/217/217 327/327/327 141/141/141
f 217/217/217 141/141/141 153/153/153
f 204/204/204 205/205/205 154/154/154
f 204/204/204 154/154/154 166/166/166
f 167/167/167 166/166/166 77/77/77
f 167/167/167 77/77/77 76/76/76
f 128/128/128 277/277/277 115/115/115
f 140/140/140 128/128/128 115/115/115
f 140/140/140 115/115/115 103/103/103
f 141/141/141 140/140/140 103/103/103
f 141/141/141 103/103/103 102/102/102
f 279/279/279 167/167/167 76/76/76
f 166/166/166 154/154/154 89/89/89
f 166/166/166 89/89/89 77/77/77
f 154/154/154 153/153/153 90/90/90
f 154/154/154 90/90/90 89/89/89
f 153/153/153 141/141/141 102/102/102
f 153/153/153 102/102/102 90/90/90
f 90/90/90 102/102/102 25/25/25
f 90/90/90 25/25/25 38/38/38
f 115/115/115 277/277/277 12/12/12
f 103/103/103 115/115/115 12/12/12
f 103/103/103 12/12/12 13/13/13
f 76/76/76 77/77/77 51/51/51
f 76/76/76 51/51/51 52/52/52
f 279/279/279 76/76/76 52/52/52
f 102/102/102 103/103/103 13/13/13
f 102/102/102 13/13/13 25/25/25
f 77/77/77 89/89/89 39/39/39
f 77/77/77 39/39/39 51/51/51
f 89/89/89 90/90/90 38/38/38
f 89/89/89 38/38/38 39/39/39
f 12/12/12 277/277/277 10/10/10
f 52/52/52 51/51/51 5/5/5
f 52/52/52 5/5/5 4/4/4
f 51/51/51 39/39/39 6/6/6
f 51/51/51 6/6/6 5/5/5
f 39/39/39 38/38/38 7/7/7
f 39/39/39 7/7/7 6/6/6
f 38/38/38 25/25/25 8/8/8
f 38/38/38 8/8/8 7/7/7
f 25/25/25 13/13/13 9/9/9
f 25/25/25 9/9/9 8/8/8
f 279/279/279 52/52/52 4/4/4
f 13/13/13 12/12/12 10/10/10
f 13/13/13 10/10/10 9/9/9
f 8/8/8 9/9/9 248/248/248
f 8/8/8 248/248/248 247/247/247
f 7/7/7 8/8/8 247/247/247
f 7/7/7 247/247/247 246/246/246
f 5/5/5 6/6/6 245/245/245
f 5/5/5 245/245/245 244/244/244
f 279/279/279 4/4/4 1/1/1
f 10/10/10 277/277/277 249/249/249
f 6/6/6 7/7/7 246/246/246
f 6/6/6 246/246/246 245/245/245
f 4/4/4 5/5/5 244/244/244
f 4/4/4 244/244/244 1/1/1
f 9/9/9 10/10/10 249/249/249
f 9/9/9 249/249/249 248/248/248
f 1/1/1 244/244/244 253/253/253
f 1/1/1 253/253/253 251/251/251
f 245/245/245 246/246/246 255/255/255
f 245/245/245 255/255/255 254/254/254
f 246/246/246 247/247/247 256/256/256
f 246/246/246 256/256/256 255/255/255
f 248/248/248 249/249/249 258/258/258
f 248/248/248 258/258/258 257/257/257
f 279/279/279 1/1/1 251/251/251
f 244/244/244 245/245/245 254/254/254
f 244/244/244 254/254/254 253/253/253
f 247/247/247 248/248/248 257/257/257
f 247/247/247 257/257/257 256/256/256
f 249/249/249 277/277/277 258/258/258
f 251/251/251 253/253/253 262/262/262
f 251/251/251 262/262/262 260/260/260
f 254/254/254 255/255/255 264/264/264
f 254/254/254 264/264/264 263/263/263
f 256/256/256 257/257/257 266/266/266
f 256/256/256 266/266/266 265/265/265
f 258/258/258 277/277/277 267/267/267
f 279/279/279 251/251/251 260/260/260
f 253/253/253 254/254/254 263/263/263
f 253/253/253 263/263/263 262/262/262
f 255/255/255 256/256/256 265/265/265
f 255/255/255 265/265/265 264/264/264
f 257/257/257 258/258/258 267/267/267
f 257/257/257 267/267/267 266/266/266
f 267/267/267 277/277/277 276/276/276
f 279/279/279 260/260/260 269/269/269
f 262/262/262 263/263/263 272/272/272
f 262/262/262 272/272/272 271/271/271
f 264/264/264 265/265/265 274/274/274
f 264/264/264 274/274/274 273/273/273
f 266/266/266 267/267/267 276/276/276
f 266/266/266 276/276/276 275/275/275
f 260/260/260 262/262/262 271/271/271
f 260/260/260 271/271/271 269/269/269
f 263/263/263 264/264/264 273/273/273
f 263/263/263 273/273/273 272/272/272
f 265/265/265 266/266/266 275/275/275
f 265/265/265 275/275/275 274/274/274
f 271/271/271 272/272/272 281/281/281
f 271/271/271 281/281/281 280/280/280
f 273/273/273 274/274/274 283/283/283
f 273/273/273 283/283/283 282/282/282
f 275/275/275 276/276/276 285/285/285
f 275/275/275 285/285/285 284/284/284
f 269/269/269 271/271/271 280/280/280
f 269/269/269 280/280/280 278/278/278
f 272/272/272 273/273/273 282/282/282
f 272/272/272 282/282/282 281/281/281
f 274/274/274 275/275/275 284/284/284
f 274/274/274 284/284/284 283/283/283
f 276/276/276 277/277/277 285/285/285
f 279/279/279 269/269/269 278/278/278
f 278/278/278 280/280/280 289/289/289
f 278/278/278 289/289/289 287/287/287
f 281/281/281 282/282/282 291/291/291
f 281/281/281 291/291/291 290/290/290
f 283/283/283 284/284/284 293/293/293
f 283/283/283 293/293/293 292/292/292
f 285/285/285 277/277/277 294/294/294
f 279/279/279 278/278/278 287/287/287
f 280/280/280 281/281/281 290/290/290
f 280/280/280 290/290/290 289/289/289
f 282/282/282 283/283/283 292/292/292
f 282/282/282 292/292/292 291/291/291
f 284/284/284 285/285/285 294/294/294
f 284/284/284 294/294/294 293/293/293
f 290/290/290 291/291/291 300/300/300
f 290/290/290 300/300/300 299/299/299
f 292/292/292 293/293/293 302/302/302
f 292/292/292 302/302/302 301/301/301
f 294/294/294 277/277/277 303/303/303
f 279/279/279 287/287/287 296/296/296
f 289/289/289 290/290/290 299/299/299
f 289/289/289 299/299/299 298/298/298
f 291/291/291 292/292/292 301/301/301
f 291/291/291 301/301/301 300/300/300
f 293/293/293 294/294/294 303/303/303
f 293/293/293 303/303/303 302/302/302
f 287/287/287 289/289/289 298/298/298
f 287/287/287 298/298/298 296/296/296
f 279/279/279 296/296/296 305/305/305
f 298/298/298 299/299/299 308/308/308
f 298/298/298 308/308/308 307/307/307
f 300/300/300 301/301/301 310/310/310
f 300/300/300 310/310/310 309/309/309
f 302/302/302 303/303/303 312/312/312
f 302/302/302 312/312/312 311/311/311
f 296/296/296 298/298/298 307/307/307
f 296/296/296 307/307/307 305/305/305
f 299/299/299 300/300/300 309/309/309
f 299/299/299 309/309/309 308/308/308
f 301/301/301 302/302/302 311/311/311
f 301/301/301 311/311/311 310/310/310
f 303/303/303 277/277/277 312/312/312
f 309/309/309 310/310/310 319/319/319
f 309/309/309 319/319/319 318/318/318
f 311/311/311 312/312/312 321/321/321
f 311/311/311 321/321/321 320/320/320
f 305/305/305 307/307/307 316/316/316
f 305/305/305 316/316/316 314/314/314
f 308/308/308 309/309/309 318/318/318
f 308/308/308 318/318/318 317/317/317
f 310/310/310 311/311/311 320/320/320
f 310/310/310 320/320/320 319/319/319
f 312/312/312 277/277/277 321/321/321
f 279/279/279 305/305/305 314/314/314
f 307/307/307 308/308/308 317/317/317
f 307/307/307 317/317/317 316/316/316
f 314/314/314 316/316/316 204/204/204
f 314/314/314 204/204/204 192/192/192
f 317/317/317 318/318/318 217/217/217
f 317/317/317 217/217/217 205/205/205
f 319/319/319 320/320/320 328/328/328
f 319/319/319 328/328/328 327/327/327
f 321/321/321 277/277/277 329/329/329
f 279/279/279 314/314/314 192/192/192
f 316/316/316 317/317/317 205/205/205
f 316/316/316 205/205/205 204/204/204
f 318/318/318 319/319/319 327/327/327
f 318/318/318 327/327/327 217/217/217
f 320/320/320 321/321/321 329/329/329
f 320/320/320 329/329/329 328/328/328
f 341/341/341 340/340/340 347/347/347
f 341/341/341 347/347/347 348/348/348
f 3/3/3 2/2/2 332/332/332
f 3/3/3 332/332/332 333/333/333
f 326/326/326 325/325/325 323/323/323
f 326/326/326 323/323/323 324/324/324
f 339/339/339 343/343/343 350/350/350
f 339/339/339 350/350/350 346/346/346
f 2/2/2 330/330/330 336/336/336
f 2/2/2 336/336/336 332/332/332
f 324/324/324 323/323/323 315/315/315
f 324/324/324 315/315/315 322/322/322
f 64/64/64 341/341/341 348/348/348
f 330/330/330 331/331/331 338/338/338
f 330/330/330 338/338/338 336/336/336
f 322/322/322 315/315/315 306/306/306
f 322/322/322 306/306/306 313/313/313
f 340/340/340 339/339/339 346/346/346
f 340/340/340 346/346/346 347/347/347
f 11/11/11 3/3/3 333/333/333
f 11/11/11 333/333/333 334/334/334
f 313/313/313 306/306/306 297/297/297
f 313/313/313 297/297/297 304/304/304
f 333/333/333 332/332/332 339/339/339
f 333/333/333 339/339/339 340/340/340
f 331/331/331 365/365/365 338/338/338
f 304/304/304 297/297/297 288/288/288
f 304/304/304 288/288/288 295/295/295
f 338/338/338 365/365/365 345/345/345
f 391/391/391 392/392/392 331/331/331
f 391/391/391 331/331/331 330/330/330
f 295/295/295 288/288/288 270/270/270
f 295/295/295 270/270/270 286/286/286
f 64/64/64 334/334/334 341/341/341
f 390/390/390 389/389/389 3/3/3
f 390/390/390 3/3/3 11/11/11
f 286/286/286 270/270/270 261/261/261
f 286/286/286 261/261/261 268/268/268
f 332/332/332 336/336/336 343/343/343
f 332/332/332 343/343/343 339/339/339
f 392/392/392 365/365/365 331/331/331
f 268/268/268 261/261/261 252/252/252
f 268/268/268 252/252/252 259/259/259
f 334/334/334 333/333/333 340/340/340
f 334/334/334 340/340/340 341/341/341
f 389/389/389 127/127/127 2/2/2
f 389/389/389 2/2/2 3/3/3
f 259/259/259 252/252/252 243/243/243
f 259/259/259 243/243/243 250/250/250
f 336/336/336 338/338/338 345/345/345
f 336/336/336 345/345/345 343/343/343
f 127/127/127 391/391/391 330/330/330
f 127/127/127 330/330/330 2/2/2
f 250/250/250 243/243/243 230/230/230
f 250/250/250 230/230/230 231/231/231
f 315/315/315 323/323/323 325/325/325
f 325/325/325 179/179/179 230/230/230
f 230/230/230 243/243/243 252/252/252
f 252/252/252 261/261/261 270/270/270
f 270/270/270 288/288/288 297/297/297
f 297/297/297 306/306/306 315/315/315
f 315/315/315 325/325/325 230/230/230
f 230/230/230 252/252/252 270/270/270
f 270/270/270 297/297/297 315/315/315
f 230/230/230 270/270/270 315/315/315
f 64/64/64 390/390/390 11/11/11
f 231/231/231 230/230/230 179/179/179
f 231/231/231 179/179/179 218/218/218
f 343/343/343 345/345/345 352/352/352
f 343/343/343 352/352/352 350/350/350
f 64/64/64 11/11/11 334/334/334
f 218/218/218 179/179/179 325/325/325
f 218/218/218 325/325/325 326/326/326
f 218/218/218 326/326/326 324/324/324
f 324/324/324 322/322/322 313/313/313
f 313/313/313 304/304/304 295/295/295
f 295/295/295 286/286/286 268/268/268
f 268/268/268 259/259/259 250/250/250
f 250/250/250 231/231/231 218/218/218
f 218/218/218 324/324/324 313/313/313
f 313/313/313 295/295/295 268/268/268
f 268/268/268 250/250/250 218/218/218
f 313/313/313 268/268/268 218/218/218
f 345/345/345 365/365/365 352/352/352
f 347/347/347 346/346/346 353/353/353
f 347/347/347 353/353/353 354/354/354
f 350/350/350 352/352/352 359/359/359
f 350/350/350 359/359/359 357/357/357
f 352/352/352 365/365/365 359/359/359
f 348/348/348 347/347/347 354/354/354
f 348/348/348 354/354/354 355/355/355
f 346/346/346 350/350/350 357/357/357
f 346/346/346 357/357/357 353/353/353
f 64/64/64 348/348/348 355/355/355
f 354/354/354 353/353/353 360/360/360
f 354/354/354 360/360/360 361/361/361
f 357/357/357 359/359/359 366/366/366
f 357/357/357 366/366/366 364/364/364
f 359/359/359 365/365/365 366/366/366
f 355/355/355 354/354/354 361/361/361
f 355/355/355 361/361/361 362/362/362
f 353/353/353 357/357/357 364/364/364
f 353/353/353 364/364/364 360/360/360
f 64/64/64 355/355/355 362/362/362
f 364/364/364 366/366/366 373/373/373
f 364/364/364 373/373/373 371/371/371
f 366/366/366 365/365/365 373/373/373
f 362/362/362 361/361/361 368/368/368
f 362/362/362 368/368/368 369/369/369
f 360/360/360 364/364/364 371/371/371
f 360/360/360 371/371/371 367/367/367
f 64/64/64 362/362/362 369/369/369
f 361/361/361 360/360/360 367/367/367
f 361/361/361 367/367/367 368/368/368
f 373/373/373 365/365/365 380/380/380
f 369/369/369 368/368/368 375/375/375
f 369/369/369 375/375/375 376/376/376
f 367/367/367 371/371/371 378/378/378
f 367/367/367 378/378/378 374/374/374
f 64/64/64 369/369/369 376/376/376
f 368/368/368 367/367/367 374/374/374
f 368/368/368 374/374/374 375/375/375
f 371/371/371 373/373/373 380/380/380
f 371/371/371 380/380/380 378/378/378
f 376/376/376 375/375/375 382/382/382
f 376/376/376 382/382/382 383/383/383
f 374/374/374 378/378/378 385/385/385
f 374/374/374 385/385/385 381/381/381
f 64/64/64 376/376/376 383/383/383
f 375/375/375 374/374/374 381/381/381
f 375/375/375 381/381/381 382/382/382
f 378/378/378 380/380/380 387/387/387
f 378/378/378 387/387/387 385/385/385
f 380/380/380 365/365/365 387/387/387
f 383/383/383 382/382/382 389/389/389
f 383/383/383 389/389/389 390/390/390
f 381/381/381 385/385/385 391/391/391
f 381/381/381 391/391/391 127/127/127
f 64/64/64 383/383/383 390/390/390
f 382/382/382 381/381/381 127/127/127
f 382/382/382 127/127/127 389/389/389
f 385/385/385 387/387/387 392/392/392
f 385/385/385 392/392/392 391/391/391
f 387/387/387 365/365/365 392/392/392
f 388/388/388 386/386/386 379/379/379
f 388/388/388 379/379/379 384/384/384
f 384/384/384 379/379/379 372/372/372
f 384/384/384 372/372/372 377/377/377
f 377/377/377 372/372/372 363/363/363
f 377/377/377 363/363/363 370/370/370
f 370/370/370 363/363/363 356/356/356
f 370/370/370 356/356/356 358/358/358
f 358/358/358 356/356/356 349/349/349
f 358/358/358 349/349/349 351/351/351
f 351/351/351 349/349/349 342/342/342
f 351/351/351 342/342/342 344/344/344
f 372/372/372 379/379/379 386/386/386
f 386/386/386 335/335/335 342/342/342
f 342/342/342 349/349/349 356/356/356
f 356/356/356 363/363/363 372/372/372
f 372/372/372 386/386/386 342/342/342
f 342/342/342 356/356/356 372/372/372
f 344/344/344 342/342/342 335/335/335
f 344/344/344 335/335/335 337/337/337
f 337/337/337 335/335/335 386/386/386
f 337/337/337 386/386/386 388/388/388
f 337/337/337 388/388/388 384/384/384
f 384/384/384 377/377/377 370/370/370
f 370/370/370 358/358/358 351/351/351
f 351/351/351 344/344/344 337/337/337
f 337/337/337 384/384/384 370/370/370
f 370/370/370 351/351/351 337/337/337
f 441/441/441 440/440/440 447/447/447
f 441/441/441 447/447/447 448/448/448
f 426/426/426 425/425/425 432/432/432
f 426/426/426 432/432/432 433/433/433
f 393/393/393 394/394/394 396/396/396
f 393/393/393 396/396/396 395/395/395
f 477/477/477 441/441/441 448/448/448
f 424/424/424 422/422/422 429/429/429
f 424/424/424 429/429/429 431/431/431
f 395/395/395 396/396/396 398/398/398
f 395/395/395 398/398/398 397/397/397
f 436/436/436 472/472/472 443/443/443
f 425/425/425 424/424/424 431/431/431
f 425/425/425 431/431/431 432/432/432
f 397/397/397 398/398/398 400/400/400
f 397/397/397 400/400/400 399/399/399
f 440/440/440 439/439/439 446/446/446
f 440/440/440 446/446/446 447/447/447
f 422/422/422 472/472/472 429/429/429
f 399/399/399 400/400/400 402/402/402
f 399/399/399 402/402/402 401/401/401
f 477/477/477 434/434/434 441/441/441
f 477/477/477 427/427/427 434/434/434
f 401/401/401 402/402/402 404/404/404
f 401/401/401 404/404/404 403/403/403
f 429/429/429 472/472/472 436/436/436
f 419/419/419 500/500/500 425/425/425
f 419/419/419 425/425/425 426/426/426
f 403/403/403 404/404/404 406/406/406
f 403/403/403 406/406/406 405/405/405
f 434/434/434 433/433/433 440/440/440
f 434/434/434 440/440/440 441/441/441
f 497/497/497 472/472/472 422/422/422
f 405/405/405 406/406/406 408/408/408
f 405/405/405 408/408/408 407/407/407
f 431/431/431 429/429/429 436/436/436
f 431/431/431 436/436/436 438/438/438
f 502/502/502 419/419/419 426/426/426
f 502/502/502 426/426/426 427/427/427
f 407/407/407 408/408/408 410/410/410
f 407/407/407 410/410/410 409/409/409
f 432/432/432 431/431/431 438/438/438
f 432/432/432 438/438/438 439/439/439
f 499/499/499 497/497/497 422/422/422
f 499/499/499 422/422/422 424/424/424
f 409/409/409 410/410/410 412/412/412
f 409/409/409 412/412/412 411/411/411
f 433/433/433 432/432/432 439/439/439
f 433/433/433 439/439/439 440/440/440
f 477/477/477 502/502/502 427/427/427
f 411/411/411 412/412/412 414/414/414
f 411/411/411 414/414/414 413/413/413
f 398/398/398 396/396/396 394/394/394
f 394/394/394 416/416/416 414/414/414
f 414/414/414 412/412/412 410/410/410
f 410/410/410 408/408/408 406/406/406
f 406/406/406 404/404/404 402/402/402
f 402/402/402 400/400/400 398/398/398
f 398/398/398 394/394/394 414/414/414
f 414/414/414 410/410/410 406/406/406
f 406/406/406 402/402/402 398/398/398
f 414/414/414 406/406/406 398/398/398
f 500/500/500 499/499/499 424/424/424
f 500/500/500 424/424/424 425/425/425
f 413/413/413 414/414/414 416/416/416
f 413/413/413 416/416/416 415/415/415
f 439/439/439 438/438/438 445/445/445
f 439/439/439 445/445/445 446/446/446
f 427/427/427 426/426/426 433/433/433
f 427/427/427 433/433/433 434/434/434
f 415/415/415 416/416/416 394/394/394
f 415/415/415 394/394/394 393/393/393
f 415/415/415 393/393/393 395/395/395
f 395/395/395 397/397/397 399/399/399
f 399/399/399 401/401/401 403/403/403
f 403/403/403 405/405/405 407/407/407
f 407/407/407 409/409/409 411/411/411
f 411/411/411 413/413/413 415/415/415
f 415/415/415 395/395/395 399/399/399
f 399/399/399 403/403/403 407/407/407
f 407/407/407 411/411/411 415/415/415
f 399/399/399 407/407/407 415/415/415
f 438/438/438 436/436/436 443/443/443
f 438/438/438 443/443/443 445/445/445
f 443/443/443 472/472/472 450/450/450
f 446/446/446 445/445/445 452/452/452
f 446/446/446 452/452/452 453/453/453
f 448/448/448 447/447/447 454/454/454
f 448/448/448 454/454/454 455/455/455
f 477/477/477 448/448/448 455/455/455
f 445/445/445 443/443/443 450/450/450
f 445/445/445 450/450/450 452/452/452
f 447/447/447 446/446/446 453/453/453
f 447/447/447 453/453/453 454/454/454
f 450/450/450 472/472/472 457/457/457
f 453/453/453 452/452/452 459/459/459
f 453/453/453 459/459/459 460/460/460
f 455/455/455 454/454/454 461/461/461
f 455/455/455 461/461/461 462/462/462
f 477/477/477 455/455/455 462/462/462
f 452/452/452 450/450/450 457/457/457
f 452/452/452 457/457/457 459/459/459
f 454/454/454 453/453/453 460/460/460
f 454/454/454 460/460/460 461/461/461
f 457/457/457 472/472/472 464/464/464
f 460/460/460 459/459/459 466/466/466
f 460/460/460 466/466/466 467/467/467
f 462/462/462 461/461/461 468/468/468
f 462/462/462 468/468/468 469/469/469
f 477/477/477 462/462/462 469/469/469
f 459/459/459 457/457/457 464/464/464
f 459/459/459 464/464/464 466/466/466
f 461/461/461 460/460/460 467/467/467
f 461/461/461 467/467/467 468/468/468
f 464/464/464 472/472/472 471/471/471
f 467/467/467 466/466/466 473/473/473
f 467/467/467 473/473/473 474/474/474
f 469/469/469 468/468/468 475/475/475
f 469/469/469 475/475/475 476/476/476
f 477/477/477 469/469/469 476/476/476
f 466/466/466 464/464/464 471/471/471
f 466/466/466 471/471/471 473/473/473
f 468/468/468 467/467/467 474/474/474
f 468/468/468 474/474/474 475/475/475
f 474/474/474 473/473/473 480/480/480
f 474/474/474 480/480/480 481/481/481
f 476/476/476 475/475/475 482/482/482
f 476/476/476 482/482/482 483/483/483
f 477/477/477 476/476/476 483/483/483
f 473/473/473 471/471/471 478/478/478
f 473/473/473 478/478/478 480/480/480
f 475/475/475 474/474/474 481/481/481
f 475/475/475 481/481/481 482/482/482
f 471/471/471 472/472/472 478/478/478
f 483/483/483 482/482/482 488/488/488
f 483/483/483 488/488/488 489/489/489
f 477/477/477 483/483/483 489/489/489
f 480/480/480 478/478/478 485/485/485
f 480/480/480 485/485/485 486/486/486
f 482/482/482 481/481/481 487/487/487
f 482/482/482 487/487/487 488/488/488
f 478/478/478 472/472/472 485/485/485
f 481/481/481 480/480/480 486/486/486
f 481/481/481 486/486/486 487/487/487
f 477/477/477 489/489/489 495/495/495
f 486/486/486 485/485/485 490/490/490
f 486/486/486 490/490/490 492/492/492
f 488/488/488 487/487/487 493/493/493
f 488/488/488 493/493/493 494/494/494
f 485/485/485 472/472/472 490/490/490
f 487/487/487 486/486/486 492/492/492
f 487/487/487 492/492/492 493/493/493
f 489/489/489 488/488/488 494/494/494
f 489/489/489 494/494/494 495/495/495
f 477/477/477 495/495/495 502/502/502
f 492/492/492 490/490/490 497/497/497
f 492/492/492 497/497/497 499/499/499
f 494/494/494 493/493/493 500/500/500
f 494/494/494 500/500/500 419/419/419
f 490/490/490 472/472/472 497/497/497
f 493/493/493 492/492/492 499/499/499
f 493/493/493 499/499/499 500/500/500
f 495/495/495 494/494/494 419/419/419
f 495/495/495 419/419/419 502/502/502
f 491/491/491 556/556/556 465/465/465
f 491/491/491 465/465/465 470/470/470
f 554/554/554 522/522/522 458/458/458
f 528/528/528 557/557/557 479/479/479
f 498/498/498 554/554/554 458/458/458
f 498/498/498 458/458/458 463/463/463
f 556/556/556 498/498/498 463/463/463
f 556/556/556 463/463/463 465/465/465
f 557/557/557 491/491/491 470/470/470
f 557/557/557 470/470/470 479/479/479
f 465/465/465 463/463/463 444/444/444
f 465/465/465 444/444/444 442/442/442
f 479/479/479 470/470/470 437/437/437
f 479/479/479 437/437/437 435/435/435
f 458/458/458 522/522/522 449/449/449
f 470/470/470 465/465/465 442/442/442
f 470/470/470 442/442/442 437/437/437
f 463/463/463 458/458/458 449/449/449
f 463/463/463 449/449/449 444/444/444
f 528/528/528 479/479/479 435/435/435
f 528/528/528 435/435/435 423/423/423
f 444/444/444 449/449/449 417/417/417
f 444/444/444 417/417/417 418/418/418
f 437/437/437 442/442/442 420/420/420
f 437/437/437 420/420/420 421/421/421
f 435/435/435 437/437/437 421/421/421
f 435/435/435 421/421/421 423/423/423
f 449/449/449 522/522/522 417/417/417
f 442/442/442 444/444/444 418/418/418
f 442/442/442 418/418/418 420/420/420
f 417/417/417 522/522/522 504/504/504
f 528/528/528 423/423/423 508/508/508
f 418/418/418 417/417/417 504/504/504
f 418/418/418 504/504/504 505/505/505
f 421/421/421 420/420/420 506/506/506
f 421/421/421 506/506/506 507/507/507
f 420/420/420 418/418/418 505/505/505
f 420/420/420 505/505/505 506/506/506
f 423/423/423 421/421/421 507/507/507
f 423/423/423 507/507/507 508/508/508
f 507/507/507 506/506/506 513/513/513
f 507/507/507 513/513/513 514/514/514
f 508/508/508 507/507/507 514/514/514
f 508/508/508 514/514/514 515/515/515
f 505/505/505 504/504/504 511/511/511
f 505/505/505 511/511/511 512/512/512
f 506/506/506 505/505/505 512/512/512
f 506/506/506 512/512/512 513/513/513
f 504/504/504 522/522/522 511/511/511
f 528/528/528 508/508/508 515/515/515
f 528/528/528 515/515/515 520/520/520
f 512/512/512 511/511/511 516/516/516
f 512/512/512 516/516/516 517/517/517
f 514/514/514 513/513/513 518/518/518
f 514/514/514 518/518/518 519/519/519
f 511/511/511 522/522/522 516/516/516
f 513/513/513 512/512/512 517/517/517
f 513/513/513 517/517/517 518/518/518
f 515/515/515 514/514/514 519/519/519
f 515/515/515 519/519/519 520/520/520
f 517/517/517 516/516/516 523/523/523
f 517/517/517 523/523/523 524/524/524
f 519/519/519 518/518/518 525/525/525
f 519/519/519 525/525/525 526/526/526
f 528/528/528 520/520/520 527/527/527
f 516/516/516 522/522/522 523/523/523
f 518/518/518 517/517/517 524/524/524
f 518/518/518 524/524/524 525/525/525
f 520/520/520 519/519/519 526/526/526
f 520/520/520 526/526/526 527/527/527
f 524/524/524 523/523/523 530/530/530
f 524/524/524 530/530/530 531/531/531
f 526/526/526 525/525/525 532/532/532
f 526/526/526 532/532/532 533/533/533
f 528/528/528 527/527/527 534/534/534
f 523/523/523 522/522/522 530/530/530
f 525/525/525 524/524/524 531/531/531
f 525/525/525 531/531/531 532/532/532
f 527/527/527 526/526/526 533/533/533
f 527/527/527 533/533/533 534/534/534
f 533/533/533 532/532/532 539/539/539
f 533/533/533 539/539/539 540/540/540
f 528/528/528 534/534/534 541/541/541
f 530/530/530 522/522/522 537/537/537
f 532/532/532 531/531/531 538/538/538
f 532/532/532 538/538/538 539/539/539
f 534/534/534 533/533/533 540/540/540
f 534/534/534 540/540/540 541/541/541
f 531/531/531 530/530/530 537/537/537
f 531/531/531 537/537/537 538/538/538
f 528/528/528 541/541/541 547/547/547
f 537/537/537 522/522/522 543/543/543
f 539/539/539 538/538/538 544/544/544
f 539/539/539 544/544/544 545/545/545
f 541/541/541 540/540/540 546/546/546
f 541/541/541 546/546/546 547/547/547
f 538/538/538 537/537/537 543/543/543
f 538/538/538 543/543/543 544/544/544
f 540/540/540 539/539/539 545/545/545
f 540/540/540 545/545/545 546/546/546
f 543/543/543 522/522/522 548/548/548
f 545/545/545 544/544/544 549/549/549
f 545/545/545 549/549/549 550/550/550
f 547/547/547 546/546/546 551/551/551
f 547/547/547 551/551/551 552/552/552
f 544/544/544 543/543/543 548/548/548
f 544/544/544 548/548/548 549/549/549
f 546/546/546 545/545/545 550/550/550
f 546/546/546 550/550/550 551/551/551
f 528/528/528 547/547/547 552/552/552
f 548/548/548 522/522/522 554/554/554
f 550/550/550 549/549/549 498/498/498
f 550/550/550 498/498/498 556/556/556
f 552/552/552 551/551/551 491/491/491
f 552/552/552 491/491/491 557/557/557
f 549/549/549 548/548/548 554/554/554
f 549/549/549 554/554/554 498/498/498
f 551/551/551 550/550/550 556/556/556
f 551/551/551 556/556/556 491/491/491
f 528/528/528 552/552/552 557/557/557
f 602/602/602 553/553/553 536/536/536
f 602/602/602 536/536/536 542/542/542
f 600/600/600 573/573/573 521/521/521
f 579/579/579 602/602/602 542/542/542
f 555/555/555 600/600/600 521/521/521
f 555/555/555 521/521/521 529/529/529
f 601/601/601 555/555/555 529/529/529
f 601/601/601 529/529/529 535/535/535
f 553/553/553 601/601/601 535/535/535
f 553/553/553 535/535/535 536/536/536
f 521/521/521 573/573/573 510/510/510
f 579/579/579 542/542/542 496/496/496
f 536/536/536 535/535/535 503/503/503
f 536/536/536 503/503/503 501/501/501
f 529/529/529 521/521/521 510/510/510
f 529/529/529 510/510/510 509/509/509
f 542/542/542 536/536/536 501/501/501
f 542/542/542 501/501/501 496/496/496
f 535/535/535 529/529/529 509/509/509
f 535/535/535 509/509/509 503/503/503
f 503/503/503 509/509/509 430/430/430
f 503/503/503 430/430/430 451/451/451
f 509/509/509 510/510/510 428/428/428
f 509/509/509 428/428/428 430/430/430
f 579/579/579 496/496/496 484/484/484
f 501/501/501 503/503/503 451/451/451
f 501/501/501 451/451/451 456/456/456
f 510/510/510 573/573/573 428/428/428
f 496/496/496 501/501/501 456/456/456
f 496/496/496 456/456/456 484/484/484
f 451/451/451 430/430/430 559/559/559
f 451/451/451 559/559/559 560/560/560
f 430/430/430 428/428/428 558/558/558
f 430/430/430 558/558/558 559/559/559
f 484/484/484 456/456/456 561/561/561
f 484/484/484 561/561/561 562/562/562
f 428/428/428 573/573/573 558/558/558
f 456/456/456 451/451/451 560/560/560
f 456/456/456 560/560/560 561/561/561
f 579/579/579 484/484/484 562/562/562
f 562/562/562 561/561/561 566/566/566
f 562/562/562 566/566/566 567/567/567
f 560/560/560 559/559/559 564/564/564
f 560/560/560 564/564/564 565/565/565
f 558/558/558 573/573/573 563/563/563
f 559/559/559 558/558/558 563/563/563
f 559/559/559 563/563/563 564/564/564
f 579/579/579 562/562/562 567/567/567
f 561/561/561 560/560/560 565/565/565
f 561/561/561 565/565/565 566/566/566
f 566/566/566 565/565/565 570/570/570
f 566/566/566 570/570/570 571/571/571
f 564/564/564 563/563/563 568/568/568
f 564/564/564 568/568/568 569/569/569
f 579/579/579 567/567/567 572/572/572
f 563/563/563 573/573/573 568/568/568
f 567/567/567 566/566/566 571/571/571
f 567/567/567 571/571/571 572/572/572
f 565/565/565 564/564/564 569/569/569
f 565/565/565 569/569/569 570/570/570
f 569/569/569 568/568/568 574/574/574
f 569/569/569 574/574/574 575/575/575
f 579/579/579 572/572/572 578/578/578
f 571/571/571 570/570/570 576/576/576
f 571/571/571 576/576/576 577/577/577
f 568/568/568 573/573/573 574/574/574
f 570/570/570 569/569/569 575/575/575
f 570/570/570 575/575/575 576/576/576
f 572/572/572 571/571/571 577/577/577
f 572/572/572 577/577/577 578/578/578
f 575/575/575 574/574/574 580/580/580
f 575/575/575 580/580/580 581/581/581
f 579/579/579 578/578/578 584/584/584
f 577/577/577 576/576/576 582/582/582
f 577/577/577 582/582/582 583/583/583
f 574/574/574 573/573/573 580/580/580
f 576/576/576 575/575/575 581/581/581
f 576/576/576 581/581/581 582/582/582
f 578/578/578 577/577/577 583/583/583
f 578/578/578 583/583/583 584/584/584
f 579/579/579 584/584/584 589/589/589
f 583/583/583 582/582/582 587/587/587
f 583/583/583 587/587/587 588/588/588
f 580/580/580 573/573/573 585/585/585
f 582/582/582 581/581/581 586/586/586
f 582/582/582 586/586/586 587/587/587
f 584/584/584 583/583/583 588/588/588
f 584/584/584 588/588/588 589/589/589
f 581/581/581 580/580/580 585/585/585
f 581/581/581 585/585/585 586/586/586
f 588/588/588 587/587/587 592/592/592
f 588/588/588 592/592/592 593/593/593
f 585/585/585 573/573/573 590/590/590
f 587/587/587 586/586/586 591/591/591
f 587/587/587 591/591/591 592/592/592
f 589/589/589 588/588/588 593/593/593
f 589/589/589 593/593/593 594/594/594
f 586/586/586 585/585/585 590/590/590
f 586/586/586 590/590/590 591/591/591
f 579/579/579 589/589/589 594/594/594
f 590/590/590 573/573/573 595/595/595
f 592/592/592 591/591/591 596/596/596
f 592/592/592 596/596/596 597/597/597
f 594/594/594 593/593/593 598/598/598
f 594/594/594 598/598/598 599/599/599
f 591/591/591 590/590/590 595/595/595
f 591/591/591 595/595/595 596/596/596
f 579/579/579 594/594/594 599/599/599
f 593/593/593 592/592/592 597/597/597
f 593/593/593 597/597/597 598/598/598
f 595/595/595 573/573/573 600/600/600
f 597/597/597 596/596/596 555/555/555
f 597/597/597 555/555/555 601/601/601
f 599/599/599 598/598/598 553/553/553
f 599/599/599 553/553/553 602/602/602
f 596/596/596 595/595/595 600/600/600
f 596/596/596 600/600/600 555/555/555
f 579/579/579 599/599/599 602/602/602
f 598/598/598 597/597/597 601/601/601
f 598/598/598 601/601/601 553/553/553
f 603/603/603 604/604/604 626/626/626
f 603/603/603 626/626/626 625/625/625
f 604/604/604 605/605/605 627/627/627
f 604/604/604 627/627/627 626/626/626
f 605/605/605 606/606/606 628/628/628
f 605/605/605 628/628/628 627/627/627
f 606/606/606 607/607/607 629/629/629
f 606/606/606 629/629/629 628/628/628
f 607/607/607 608/608/608 630/630/630
f 607/607/607 630/630/630 629/629/629
f 608/608/608 609/609/609 631/631/631
f 608/608/608 631/631/631 630/630/630
f 609/609/609 610/610/610 632/632/632
f 609/609/609 632/632/632 631/631/631
f 610/610/610 611/611/611 633/633/633
f 610/610/610 633/633/633 632/632/632
f 611/611/611 612/612/612 634/634/634
f 611/611/611 634/634/634 633/633/633
f 612/612/612 613/613/613 635/635/635
f 612/612/612 635/635/635 634/634/634
f 613/613/613 614/614/614 636/636/636
f 613/613/613 636/636/636 635/635/635
f 614/614/614 615/615/615 637/637/637
f 614/614/614 637/637/637 636/636/636
f 615/615/615 616/616/616 638/638/638
f 615/615/615 638/638/638 637/637/637
f 616/616/616 617/617/617 639/639/639
f 616/616/616 639/639/639 638/638/638
f 617/617/617 618/618/618 640/640/640
f 617/617/617 640/640/640 639/639/639
f 618/618/618 619/619/619 641/641/641
f 618/618/618 641/641/641 640/640/640
f 619/619/619 620/620/620 642/642/642
f 619/619/619 642/642/642 641/641/641
f 620/620/620 621/621/621 643/643/643
f 620/620/620 643/643/643 642/642/642
f 621/621/621 622/622/622 644/644/644
f 621/621/621 644/644/644 643/643/643
f 622/622/622 623/623/623 645/645/645
f 622/622/622 645/645/645 644/644/644
f 623/623/623 624/624/624 646/646/646
f 623/623/623 646/646/646 645/645/645
f 624/624/624 603/603/603 625/625/625
f 624/624/624 625/625/625 646/646/646
f 625/625/625 626/626/626 648/648/648
f 625/625/625 648/648/648 647/647/647
f 626/626/626 627/627/627 649/649/649
f 626/626/626 649/649/649 648/648/648
f 627/627/627 628/628/628 650/650/650
f 627/627/627 650/650/650 649/649/649
f 628/628/628 629/629/629 651/651/651
f 628/628/628 651/651/651 650/650/650
f 629/629/629 630/630/630 652/652/652
f 629/629/629 652/652/652 651/651/651
f 630/630/630 631/631/631 653/653/653
f 630/630/630 653/653/653 652/652/652
f 631/631/631 632/632/632 654/654/654
f 631/631/631 654/654/654 653/653/653
f 632/632/632 633/633/633 655/655/655
f 632/632/632 655/655/655 654/654/654
f 633/633/633 634/634/634 656/656/656
f 633/633/633 656/656/656 655/655/655
f 634/634/634 635/635/635 657/657/657
f 634/634/634 657/657/657 656/656/656
f 635/635/635 636/636/636 658/658/658
f 635/635/635 658/658/658 657/657/657
f 636/636/636 637/637/637 659/659/659
f 636/636/636 659/659/659 658/658/658
f 637/637/637 638/638/638 660/660/660
f 637/637/637 660/660/660 659/659/659
f 638/638/638 639/639/639 661/661/661
f 638/638/638 661/661/661 660/660/660
f 639/639/639 640/640/640 662/662/662
f 639/639/639 662/662/662 661/661/661
f 640/640/640 641/641/641 663/663/663
f 640/640/640 663/663/663 662/662/662
f 641/641/641 642/642/642 664/664/664
f 641/641/641 664/664/664 663/663/663
f 642/642/642 643/643/643 665/665/665
f 642/642/642 665/665/665 664/664/664
f 643/643/643 644/644/644 666/666/666
f 643/643/643 666/666/666 665/665/665
f 644/644/644 645/645/645 667/667/667
f 644/644/644 667/667/667 666/666/666
f 645/645/645 646/646/646 668/668/668
f 645/645/645 668/668/668 667/667/667
f 646/646/646 625/625/625 647/647/647
f 646/646/646 647/647/647 668/668/668
f 647/647/647 648/648/648 670/670/670
f 647/647/647 670/670/670 669/669/669
f 648/648/648 649/649/649 671/671/671
f 648/648/648 671/671/671 670/670/670
f 649/649/649 650/650/650 672/672/672
f 649/649/649 672/672/672 671/671/671
f 650/650/650 651/651/651 673/673/673
f 650/650/650 673/673/673 672/672/672
f 651/651/651 652/652/652 674/674/674
f 651/651/651 674/674/674 673/673/673
f 652/652/652 653/653/653 675/675/675
f 652/652/652 675/675/675 674/674/674
f 653/653/653 654/654/654 676/676/676
f 653/653/653 676/676/676 675/675/675
f 654/654/654 655/655/655 677/677/677
f 654/654/654 677/677/677 676/676/676
f 655/655/655 656/656/656 678/678/678
f 655/655/655 678/678/678 677/677/677
f 656/656/656 657/657/657 679/679/679
f 656/656/656 679/679/679 678/678/678
f 657/657/657 658/658/658 680/680/680
f 657/657/657 680/680/680 679/679/679
f 658/658/658 659/659/659 681/681/681
f 658/658/658 681/681/681 680/680/680
f 659/659/659 660/660/660 682/682/682
f 659/659/659 682/682/682 681/681/681
f 660/660/660 661/661/661 683/683/683
f 660/660/660 683/683/683 682/682/682
f 661/661/661 662/662/662 684/684/684
f 661/661/661 684/684/684 683/683/683
f 662/662/662 663/663/663 685/685/685
f 662/662/662 685/685/685 684/684/684
f 663/663/663 664/664/664 686/686/686
f 663/663/663 686/686/686 685/685/685
f 664/664/664 665/665/665 687/687/687
f 664/664/664 687/687/687 686/686/686
f 665/665/665 666/666/666 688/688/688
f 665/665/665 688/688/688 687/687/687
f 666/666/666 667/667/667 689/689/689
f 666/666/666 689/689/689 688/688/688
f 667/667/667 668/668/668 690/690/690
f 667/667/667 690/690/690 689/689/689
f 668/668/668 647/647/647 669/669/669
f 668/668/668 669/669/669 690/690/690
f 669/669/669 670/670/670 692/692/692
f 669/669/669 692/692/692 691/691/691
f 670/670/670 671/671/671 693/693/693
f 670/670/670 693/693/693 692/692/692
f 671/671/671 672/672/672 694/694/694
f 671/671/671 694/694/694 693/693/693
f 672/672/672 673/673/673 695/695/695
f 672/672/672 695/695/695 694/694/694
f 673/673/673 674/674/674 696/696/696
f 673/673/673 696/696/696 695/695/695
f 674/674/674 675/675/675 697/697/697
f 674/674/674 697/697/697 696/696/696
f 675/675/675 676/676/676 698/698/698
f 675/675/675 698/698/698 697/697/697
f 676/676/676 677/677/677 699/699/699
f 676/676/676 699/699/699 698/698/698
f 677/677/677 678/678/678 700/700/700
f 677/677/677 700/700/700 699/699/699
f 678/678/678 679/679/679 701/701/701
f 678/678/678 701/701/701 700/700/700
f 679/679/679 680/680/680 702/702/702
f 679/679/679 702/702/702 701/701/701
f 680/680/680 681/681/681 703/703/703
f 680/680/680 703/703/703 702/702/702
f 681/681/681 682/682/682 704/704/704
f 681/681/681 704/704/704 703/703/703
f 682/682/682 683/683/683 705/705/705
f 682/682/682 705/705/705 704/704/704
f 683/683/683 684/684/684 706/706/706
f 683/683/683 706/706/706 705/705/705
f 684/684/684 685/685/685 707/707/707
f 684/684/684 707/707/707 706/706/706
f 685/685/685 686/686/686 708/708/708
f 685/685/685 708/708/708 707/707/707
f 686/686/686 687/687/687 709/709/709
f 686/686/686 709/709/709 708/708/708
f 687/687/687 688/688/688 710/710/710
f 687/687/687 710/710/710 709/709/709
f 688/688/688 689/689/689 711/711/711
f 688/688/688 711/711/711 710/710/710
f 689/689/689 690/690/690 712/712/712
f 689/689/689 712/712/712 711/711/711
f 690/690/690 669/669/669 691/691/691
f 690/690/690 691/691/691 712/712/712
f 691/691/691 692/692/692 714/714/714
f 691/691/691 714/714/714 713/713/713
f 692/692/692 693/693/693 715/715/715
f 692/692/692 715/715/715 714/714/714
f 693/693/693 694/694/694 716/716/716
f 693/693/693 716/716/716 715/715/715
f 694/694/694 695/695/695 717/717/717
f 694/694/694 717/717/717 716/716/716
f 695/695/695 696/696/696 718/718/718
f 695/695/695 718/718/718 717/717/717
f 696/696/696 697/697/697 719/719/719
f 696/696/696 719/719/719 718/718/718
f 697/697/697 698/698/698 720/720/720
f 697/697/697 720/720/720 719/719/719
f 698/698/698 699/699/699 721/721/721
f 698/698/698 721/721/721 720/720/720
f 699/699/699 700/700/700 722/722/722
f 699/699/699 722/722/722 721/721/721
f 700/700/700 701/701/701 723/723/723
f 700/700/700 723/723/723 722/722/722
f 701/701/701 702/702/702 724/724/724
f 701/701/701 724/724/724 723/723/723
f 702/702/702 703/703/703 725/725/725
f 702/702/702 725/725/725 724/724/724
f 703/703/703 704/704/704 726/726/726
f 703/703/703 726/726/726 725/725/725
f 704/704/704 705/705/705 727/727/727
f 704/704/704 727/727/727 726/726/726
f 705/705/705 706/706/706 728/728/728
f 705/705/705 728/728/728 727/727/727
f 706/706/706 707/707/707 729/729/729
f 706/706/706 729/729/729 728/728/728
f 707/707/707 708/708/708 730/730/730
f 707/707/707 730/730/730 729/729/729
f 708/708/708 709/709/709 731/731/731
f 708/708/708 731/731/731 730/730/730
f 709/709/709 710/710/710 732/732/732
f 709/709/709 732/732/732 731/731/731
f 710/710/710 711/711/711 733/733/733
f 710/710/710 733/733/733 732/732/732
f 711/711/711 712/712/712 734/734/734
f 711/711/711 734/734/734 733/733/733
f 712/712/712 691/691/691 713/713/713
f 712/712/712 713/713/713 734/734/734
f 713/713/713 714/714/714 736/736/736
f 713/713/713 736/736/736 735/735/735
f 714/714/714 715/715/715 737/737/737
f 714/714/714 737/737/737 736/736/736
f 715/715/715 716/716/716 738/738/738
f 715/715/715 738/738/738 737/737/737
f 716/716/716 717/717/717 739/739/739
f 716/716/716 739/739/739 738/738/738
f 717/717/717 718/718/718 740/740/740
f 717/717/717 740/740/740 739/739/739
f 718/718/718 719/719/719 741/741/741
f 718/718/718 741/741/741 740/740/740
f 719/719/719 720/720/720 742/742/742
f 719/719/719 742/742/742 741/741/741
f 720/720/720 721/721/721 743/743/743
f 720/720/720 743/743/743 742/742/742
f 721/721/721 722/722/722 744/744/744
f 721/721/721 744/744/744 743/743/743
f 722/722/722 723/723/723 745/745/745
f 722/722/722 745/745/745 744/744/744
f 723/723/723 724/724/724 746/746/746
f 723/723/723 746/746/746 745/745/745
f 724/724/724 725/725/725 747/747/747
f 724/724/724 747/747/747 746/746/746
f 725/725/725 726/726/726 748/748/748
f 725/725/725 748/748/748 747/747/747
f 726/726/726 727/727/727 749/749/749
f 726/726/726 749/749/749 748/748/748
f 727/727/727 728/728/728 750/750/750
f 727/727/727 750/750/750 749/749/749
f 728/728/728 729/729/729 751/751/751
f 728/728/728 751/751/751 750/750/750
f 729/729/729 730/730/730 752/752/752
f 729/729/729 752/752/752 751/751/751
f 730/730/730 731/731/731 753/753/753
f 730/730/730 753/753/753 752/752/752
f 731/731/731 732/732/732 754/754/754
f 731/731/731 754/754/754 753/753/753
f 732/732/732 733/733/733 755/755/755
f 732/732/732 755/755/755 754/754/754
f 733/733/733 734/734/734 756/756/756
f 733/733/733 756/756/756 755/755/755
f 734/734/734 713/713/713 735/735/735
f 734/734/734 735/735/735 756/756/756
f 603/603/603 624/624/624 623/623/623
f 623/623/623 622/622/622 621/621/621
f 621/621/621 620/620/620 619/619/619
f 619/619/619 618/618/618 617/617/617
f 617/617/617 616/616/616 615/615/615
f 615/615/615 614/614/614 613/613/613
f 613/613/613 612/612/612 611/611/611
f 611/611/611 610/610/610 609/609/609
f 609/609/609 608/608/608 607/607/607
f 607/607/607 606/606/606 605/605/605
f 605/605/605 604/604/604 603/603/603
f 603/603/603 623/623/623 621/621/621
f 621/621/621 619/619/619 617/617/617
f 617/617/617 615/615/615 613/613/613
f 613/613/613 611/611/611 609/609/609
f 609/609/609 607/607/607 605/605/605
f 605/605/605 603/603/603 621/621/621
f 621/621/621 617/617/617 613/613/613
f 613/613/613 609/609/609 605/605/605
f 621/621/621 613/613/613 605/605/605
f 756/756/756 735/735/735 736/736/736
f 736/736/736 737/737/737 738/738/738
f 738/738/738 739/739/739 740/740/740
f 740/740/740 741/741/741 742/742/742
f 742/742/742 743/743/743 744/744/744
f 744/744/744 745/745/745 746/746/746
f 746/746/746 747/747/747 748/748/748
f 748/748/748 749/749/749 750/750/750
f 750/750/750 751/751/751 752/752/752
f 752/752/752 753/753/753 754/754/754
f 754/754/754 755/755/755 756/756/756
f 756/756/756 736/736/736 738/738/738
f 738/738/738 740/740/740 742/742/742
f 742/742/742 744/744/744 746/746/746
f 746/746/746 748/748/748 750/750/750
f 750/750/750 752/752/752 754/754/754
f 754/754/754 756/756/756 738/738/738
f 738/738/738 742/742/742 746/746/746
f 746/746/746 750/750/750 754/754/754
f 738/738/738 746/746/746 754/754/754
f 758/758/758 854/854/854 764/764/764
f 758/758/758 764/764/764 765/765/765
f 757/757/757 762/762/762 763/763/763
f 856/856/856 761/761/761 769/769/769
f 855/855/855 760/760/760 767/767/767
f 855/855/855 767/767/767 768/768/768
f 759/759/759 758/758/758 765/765/765
f 759/759/759 765/765/765 766/766/766
f 854/854/854 757/757/757 763/763/763
f 854/854/854 763/763/763 764/764/764
f 761/761/761 855/855/855 768/768/768
f 761/761/761 768/768/768 769/769/769
f 760/760/760 759/759/759 766/766/766
f 760/760/760 766/766/766 767/767/767
f 768/768/768 767/767/767 774/774/774
f 768/768/768 774/774/774 775/775/775
f 766/766/766 765/765/765 772/772/772
f 766/766/766 772/772/772 773/773/773
f 764/764/764 763/763/763 770/770/770
f 764/764/764 770/770/770 771/771/771
f 769/769/769 768/768/768 775/775/775
f 769/769/769 775/775/775 776/776/776
f 767/767/767 766/766/766 773/773/773
f 767/767/767 773/773/773 774/774/774
f 765/765/765 764/764/764 771/771/771
f 765/765/765 771/771/771 772/772/772
f 763/763/763 762/762/762 770/770/770
f 856/856/856 769/769/769 776/776/776
f 776/776/776 775/775/775 782/782/782
f 776/776/776 782/782/782 783/783/783
f 774/774/774 773/773/773 780/780/780
f 774/774/774 780/780/780 781/781/781
f 772/772/772 771/771/771 778/778/778
f 772/772/772 778/778/778 779/779/779
f 770/770/770 762/762/762 777/777/777
f 856/856/856 776/776/776 783/783/783
f 775/775/775 774/774/774 781/781/781
f 775/775/775 781/781/781 782/782/782
f 773/773/773 772/772/772 779/779/779
f 773/773/773 779/779/779 780/780/780
f 771/771/771 770/770/770 777/777/777
f 771/771/771 777/777/777 778/778/778
f 781/781/781 780/780/780 787/787/787
f 781/781/781 787/787/787 788/788/788
f 779/779/779 778/778/778 785/785/785
f 779/779/779 785/785/785 786/786/786
f 777/777/777 762/762/762 784/784/784
f 856/856/856 783/783/783 790/790/790
f 782/782/782 781/781/781 788/788/788
f 782/782/782 788/788/788 789/789/789
f 780/780/780 779/779/779 786/786/786
f 780/780/780 786/786/786 787/787/787
f 778/778/778 777/777/777 784/784/784
f 778/778/778 784/784/784 785/785/785
f 783/783/783 782/782/782 789/789/789
f 783/783/783 789/789/789 790/790/790
f 856/856/856 790/790/790 797/797/797
f 789/789/789 788/788/788 795/795/795
f 789/789/789 795/795/795 796/796/796
f 787/787/787 786/786/786 793/793/793
f 787/787/787 793/793/793 794/794/794
f 785/785/785 784/784/784 791/791/791
f 785/785/785 791/791/791 792/792/792
f 790/790/790 789/789/789 796/796/796
f 790/790/790 796/796/796 797/797/797
f 788/788/788 787/787/787 794/794/794
f 788/788/788 794/794/794 795/795/795
f 786/786/786 785/785/785 792/792/792
f 786/786/786 792/792/792 793/793/793
f 784/784/784 762/762/762 791/791/791
f 794/794/794 793/793/793 800/800/800
f 794/794/794 800/800/800 801/801/801
f 792/792/792 791/791/791 798/798/798
f 792/792/792 798/798/798 799/799/799
f 797/797/797 796/796/796 803/803/803
f 797/797/797 803/803/803 804/804/804
f 795/795/795 794/794/794 801/801/801
f 795/795/795 801/801/801 802/802/802
f 793/793/793 792/792/792 799/799/799
f 793/793/793 799/799/799 800/800/800
f 791/791/791 762/762/762 798/798/798
f 856/856/856 797/797/797 804/804/804
f 796/796/796 795/795/795 802/802/802
f 796/796/796 802/802/802 803/803/803
f 804/804/804 803/803/803 810/810/810
f 804/804/804 810/810/810 811/811/811
f 802/802/802 801/801/801 808/808/808
f 802/802/802 808/808/808 809/809/809
f 800/800/800 799/799/799 806/806/806
f 800/800/800 806/806/806 807/807/807
f 798/798/798 762/762/762 805/805/805
f 856/856/856 804/804/804 811/811/811
f 803/803/803 802/802/802 809/809/809
f 803/803/803 809/809/809 810/810/810
f 801/801/801 800/800/800 807/807/807
f 801/801/801 807/807/807 808/808/808
f 799/799/799 798/798/798 805/805/805
f 799/799/799 805/805/805 806/806/806
f 807/807/807 806/806/806 813/813/813
f 807/807/807 813/813/813 814/814/814
f 805/805/805 762/762/762 812/812/812
f 856/856/856 811/811/811 818/818/818
f 810/810/810 809/809/809 816/816/816
f 810/810/810 816/816/816 817/817/817
f 808/808/808 807/807/807 814/814/814
f 808/808/808 814/814/814 815/815/815
f 806/806/806 805/805/805 812/812/812
f 806/806/806 812/812/812 813/813/813
f 811/811/811 810/810/810 817/817/817
f 811/811/811 817/817/817 818/818/818
f 809/809/809 808/808/808 815/815/815
f 809/809/809 815/815/815 816/816/816
f 856/856/856 818/818/818 825/825/825
f 817/817/817 816/816/816 823/823/823
f 817/817/817 823/823/823 824/824/824
f 815/815/815 814/814/814 821/821/821
f 815/815/815 821/821/821 822/822/822
f 813/813/813 812/812/812 819/819/819
f 813/813/813 819/819/819 820/820/820
f 818/818/818 817/817/817 824/824/824
f 818/818/818 824/824/824 825/825/825
f 816/816/816 815/815/815 822/822/822
f 816/816/816 822/822/822 823/823/823
f 814/814/814 813/813/813 820/820/820
f 814/814/814 820/820/820 821/821/821
f 812/812/812 762/762/762 819/819/819
f 820/820/820 819/819/819 826/826/826
f 820/820/820 826/826/826 827/827/827
f 825/825/825 824/824/824 831/831/831
f 825/825/825 831/831/831 832/832/832
f 823/823/823 822/822/822 829/829/829
f 823/823/823 829/829/829 830/830/830
f 821/821/821 820/820/820 827/827/827
f 821/821/821 827/827/827 828/828/828
f 819/819/819 762/762/762 826/826/826
f 856/856/856 825/825/825 832/832/832
f 824/824/824 823/823/823 830/830/830
f 824/824/824 830/830/830 831/831/831
f 822/822/822 821/821/821 828/828/828
f 822/822/822 828/828/828 829/829/829
f 832/832/832 831/831/831 838/838/838
f 832/832/832 838/838/838 839/839/839
f 830/830/830 829/829/829 836/836/836
f 830/830/830 836/836/836 837/837/837
f 828/828/828 827/827/827 834/834/834
f 828/828/828 834/834/834 835/835/835
f 826/826/826 762/762/762 833/833/833
f 856/856/856 832/832/832 839/839/839
f 831/831/831 830/830/830 837/837/837
f 831/831/831 837/837/837 838/838/838
f 829/829/829 828/828/828 835/835/835
f 829/829/829 835/835/835 836/836/836
f 827/827/827 826/826/826 833/833/833
f 827/827/827 833/833/833 834/834/834
f 833/833/833 762/762/762 840/840/840
f 856/856/856 839/839/839 846/846/846
f 838/838/838 837/837/837 844/844/844
f 838/838/838 844/844/844 845/845/845
f 836/836/836 835/835/835 842/842/842
f 836/836/836 842/842/842 843/843/843
f 834/834/834 833/833/833 840/840/840
f 834/834/834 840/840/840 841/841/841
f 839/839/839 838/838/838 845/845/845
f 839/839/839 845/845/845 846/846/846
f 837/837/837 836/836/836 843/843/843
f 837/837/837 843/843/843 844/844/844
f 835/835/835 834/834/834 841/841/841
f 835/835/835 841/841/841 842/842/842
f 845/845/845 844/844/844 851/851/851
f 845/845/845 851/851/851 852/852/852
f 843/843/843 842/842/842 849/849/849
f 843/843/843 849/849/849 850/850/850
f 841/841/841 840/840/840 847/847/847
f 841/841/841 847/847/847 848/848/848
f 846/846/846 845/845/845 852/852/852
f 846/846/846 852/852/852 853/853/853
f 844/844/844 843/843/843 850/850/850
f 844/844/844 850/850/850 851/851/851
f 842/842/842 841/841/841 848/848/848
f 842/842/842 848/848/848 849/849/849
f 840/840/840 762/762/762 847/847/847
f 856/856/856 846/846/846 853/853/853
f 853/853/853 852/852/852 855/855/855
f 853/853/853 855/855/855 761/761/761
f 851/851/851 850/850/850 759/759/759
f 851/851/851 759/759/759 760/760/760
f 849/849/849 848/848/848 854/854/854
f 849/849/849 854/854/854 758/758/758
f 847/847/847 762/762/762 757/757/757
f 856/856/856 853/853/853 761/761/761
f 852/852/852 851/851/851 760/760/760
f 852/852/852 760/760/760 855/855/855
f 850/850/850 849/849/849 758/758/758
f 850/850/850 758/758/758 759/759/759
f 848/848/848 847/847/847 757/757/757
f 848/848/848 757/757/757 854/854/854
f 894/894/894 893/893/893 900/900/900
f 894/894/894 900/900/900 901/901/901
f 884/884/884 882/882/882 889/889/889
f 884/884/884 889/889/889 891/891/891
f 859/859/859 860/860/860 862/862/862
f 859/859/859 862/862/862 861/861/861
f 898/898/898 896/896/896 903/903/903
f 898/898/898 903/903/903 905/905/905
f 885/885/885 884/884/884 891/891/891
f 885/885/885 891/891/891 892/892/892
f 861/861/861 862/862/862 864/864/864
f 861/861/861 864/864/864 863/863/863
f 892/892/892 891/891/891 898/898/898
f 892/892/892 898/898/898 899/899/899
f 882/882/882 918/918/918 889/889/889
f 863/863/863 864/864/864 866/866/866
f 863/863/863 866/866/866 865/865/865
f 893/893/893 892/892/892 899/899/899
f 893/893/893 899/899/899 900/900/900
f 945/945/945 943/943/943 882/882/882
f 945/945/945 882/882/882 884/884/884
f 865/865/865 866/866/866 868/868/868
f 865/865/865 868/868/868 867/867/867
f 930/930/930 894/894/894 901/901/901
f 930/930/930 948/948/948 887/887/887
f 867/867/867 868/868/868 870/870/870
f 867/867/867 870/870/870 869/869/869
f 891/891/891 889/889/889 896/896/896
f 891/891/891 896/896/896 898/898/898
f 946/946/946 945/945/945 884/884/884
f 946/946/946 884/884/884 885/885/885
f 869/869/869 870/870/870 872/872/872
f 869/869/869 872/872/872 871/871/871
f 930/930/930 887/887/887 894/894/894
f 947/947/947 946/946/946 885/885/885
f 947/947/947 885/885/885 886/886/886
f 871/871/871 872/872/872 874/874/874
f 871/871/871 874/874/874 873/873/873
f 886/886/886 885/885/885 892/892/892
f 886/886/886 892/892/892 893/893/893
f 943/943/943 918/918/918 882/882/882
f 873/873/873 874/874/874 876/876/876
f 873/873/873 876/876/876 875/875/875
f 864/864/864 862/862/862 860/860/860
f 860/860/860 878/878/878 876/876/876
f 876/876/876 874/874/874 872/872/872
f 872/872/872 870/870/870 868/868/868
f 868/868/868 866/866/866 864/864/864
f 864/864/864 860/860/860 876/876/876
f 876/876/876 872/872/872 868/868/868
f 876/876/876 868/868/868 864/864/864
f 948/948/948 947/947/947 886/886/886
f 948/948/948 886/886/886 887/887/887
f 875/875/875 876/876/876 878/878/878
f 875/875/875 878/878/878 877/877/877
f 889/889/889 918/918/918 896/896/896
f 887/887/887 886/886/886 893/893/893
f 887/887/887 893/893/893 894/894/894
f 877/877/877 878/878/878 860/860/860
f 877/877/877 860/860/860 859/859/859
f 877/877/877 859/859/859 861/861/861
f 861/861/861 863/863/863 865/865/865
f 865/865/865 867/867/867 869/869/869
f 869/869/869 871/871/871 873/873/873
f 873/873/873 875/875/875 877/877/877
f 877/877/877 861/861/861 865/865/865
f 865/865/865 869/869/869 873/873/873
f 865/865/865 873/873/873 877/877/877
f 930/930/930 901/901/901 908/908/908
f 900/900/900 899/899/899 906/906/906
f 900/900/900 906/906/906 907/907/907
f 896/896/896 918/918/918 903/903/903
f 901/901/901 900/900/900 907/907/907
f 901/901/901 907/907/907 908/908/908
f 899/899/899 898/898/898 905/905/905
f 899/899/899 905/905/905 906/906/906
f 905/905/905 903/903/903 910/910/910
f 905/905/905 910/910/910 912/912/912
f 930/930/930 908/908/908 915/915/915
f 907/907/907 906/906/906 913/913/913
f 907/907/907 913/913/913 914/914/914
f 903/903/903 918/918/918 910/910/910
f 908/908/908 907/907/907 914/914/914
f 908/908/908 914/914/914 915/915/915
f 906/906/906 905/905/905 912/912/912
f 906/906/906 912/912/912 913/913/913
f 912/912/912 910/910/910 917/917/917
f 912/912/912 917/917/917 919/919/919
f 930/930/930 915/915/915 922/922/922
f 914/914/914 913/913/913 920/920/920
f 914/914/914 920/920/920 921/921/921
f 910/910/910 918/918/918 917/917/917
f 915/915/915 914/914/914 921/921/921
f 915/915/915 921/921/921 922/922/922
f 913/913/913 912/912/912 919/919/919
f 913/913/913 919/919/919 920/920/920
f 930/930/930 922/922/922 929/929/929
f 921/921/921 920/920/920 927/927/927
f 921/921/921 927/927/927 928/928/928
f 917/917/917 918/918/918 924/924/924
f 922/922/922 921/921/921 928/928/928
f 922/922/922 928/928/928 929/929/929
f 920/920/920 919/919/919 926/926/926
f 920/920/920 926/926/926 927/927/927
f 919/919/919 917/917/917 924/924/924
f 919/919/919 924/924/924 926/926/926
f 928/928/928 927/927/927 933/933/933
f 928/928/928 933/933/933 934/934/934
f 924/924/924 918/918/918 931/931/931
f 929/929/929 928/928/928 934/934/934
f 929/929/929 934/934/934 935/935/935
f 927/927/927 926/926/926 932/932/932
f 927/927/927 932/932/932 933/933/933
f 926/926/926 924/924/924 931/931/931
f 926/926/926 931/931/931 932/932/932
f 930/930/930 929/929/929 935/935/935
f 931/931/931 918/918/918 936/936/936
f 935/935/935 934/934/934 940/940/940
f 935/935/935 940/940/940 941/941/941
f 933/933/933 932/932/932 938/938/938
f 933/933/933 938/938/938 939/939/939
f 932/932/932 931/931/931 936/936/936
f 932/932/932 936/936/936 938/938/938
f 930/930/930 935/935/935 941/941/941
f 934/934/934 933/933/933 939/939/939
f 934/934/934 939/939/939 940/940/940
f 936/936/936 918/918/918 943/943/943
f 941/941/941 940/940/940 947/947/947
f 941/941/941 947/947/947 948/948/948
f 939/939/939 938/938/938 945/945/945
f 939/939/939 945/945/945 946/946/946
f 938/938/938 936/936/936 943/943/943
f 938/938/938 943/943/943 945/945/945
f 930/930/930 941/941/941 948/948/948
f 940/940/940 939/939/939 946/946/946
f 940/940/940 946/946/946 947/947/947
f 988/988/988 991/991/991 904/904/904
f 988/988/988 904/904/904 909/909/909
f 991/991/991 992/992/992 902/902/902
f 991/991/991 902/902/902 904/904/904
f 980/980/980 990/990/990 916/916/916
f 989/989/989 988/988/988 909/909/909
f 989/989/989 909/909/909 911/911/911
f 992/992/992 971/971/971 902/902/902
f 990/990/990 989/989/989 911/911/911
f 990/990/990 911/911/911 916/916/916
f 980/980/980 916/916/916 880/880/880
f 904/904/904 902/902/902 890/890/890
f 904/904/904 890/890/890 888/888/888
f 909/909/909 904/904/904 888/888/888
f 909/909/909 888/888/888 883/883/883
f 916/916/916 911/911/911 881/881/881
f 916/916/916 881/881/881 880/880/880
f 902/902/902 971/971/971 890/890/890
f 911/911/911 909/909/909 883/883/883
f 911/911/911 883/883/883 881/881/881
f 883/883/883 888/888/888 950/950/950
f 883/883/883 950/950/950 857/857/857
f 881/881/881 883/883/883 857/857/857
f 881/881/881 857/857/857 858/858/858
f 890/890/890 971/971/971 951/951/951
f 880/880/880 881/881/881 858/858/858
f 880/880/880 858/858/858 879/879/879
f 888/888/888 890/890/890 951/951/951
f 888/888/888 951/951/951 950/950/950
f 980/980/980 880/880/880 879/879/879
f 950/950/950 951/951/951 956/956/956
f 950/950/950 956/956/956 955/955/955
f 858/858/858 857/857/857 952/952/952
f 858/858/858 952/952/952 953/953/953
f 879/879/879 858/858/858 953/953/953
f 879/879/879 953/953/953 954/954/954
f 951/951/951 971/971/971 956/956/956
f 980/980/980 879/879/879 954/954/954
f 857/857/857 950/950/950 955/955/955
f 857/857/857 955/955/955 952/952/952
f 980/980/980 954/954/954 960/960/960
f 953/953/953 952/952/952 958/958/958
f 953/953/953 958/958/958 959/959/959
f 952/952/952 955/955/955 962/962/962
f 952/952/952 962/962/962 958/958/958
f 956/956/956 971/971/971 963/963/963
f 954/954/954 953/953/953 959/959/959
f 954/954/954 959/959/959 960/960/960
f 955/955/955 956/956/956 963/963/963
f 955/955/955 963/963/963 962/962/962
f 980/980/980 960/960/960 967/967/967
f 963/963/963 971/971/971 970/970/970
f 958/958/958 962/962/962 969/969/969
f 958/958/958 969/969/969 965/965/965
f 960/960/960 959/959/959 966/966/966
f 960/960/960 966/966/966 967/967/967
f 962/962/962 963/963/963 970/970/970
f 962/962/962 970/970/970 969/969/969
f 959/959/959 958/958/958 965/965/965
f 959/959/959 965/965/965 966/966/966
f 970/970/970 971/971/971 976/976/976
f 965/965/965 969/969/969 975/975/975
f 965/965/965 975/975/975 972/972/972
f 967/967/967 966/966/966 973/973/973
f 967/967/967 973/973/973 974/974/974
f 969/969/969 970/970/970 976/976/976
f 969/969/969 976/976/976 975/975/975
f 966/966/966 965/965/965 972/972/972
f 966/966/966 972/972/972 973/973/973
f 980/980/980 967/967/967 974/974/974
f 972/972/972 975/975/975 981/981/981
f 972/972/972 981/981/981 977/977/977
f 974/974/974 973/973/973 978/978/978
f 974/974/974 978/978/978 979/979/979
f 975/975/975 976/976/976 982/982/982
f 975/975/975 982/982/982 981/981/981
f 973/973/973 972/972/972 977/977/977
f 973/973/973 977/977/977 978/978/978
f 980/980/980 974/974/974 979/979/979
f 976/976/976 971/971/971 982/982/982
f 979/979/979 978/978/978 984/984/984
f 979/979/979 984/984/984 985/985/985
f 981/981/981 982/982/982 987/987/987
f 981/981/981 987/987/987 986/986/986
f 978/978/978 977/977/977 983/983/983
f 978/978/978 983/983/983 984/984/984
f 980/980/980 979/979/979 985/985/985
f 982/982/982 971/971/971 987/987/987
f 977/977/977 981/981/981 986/986/986
f 977/977/977 986/986/986 983/983/983
f 985/985/985 984/984/984 989/989/989
f 985/985/985 989/989/989 990/990/990
f 986/986/986 987/987/987 992/992/992
f 986/986/986 992/992/992 991/991/991
f 984/984/984 983/983/983 988/988/988
f 984/984/984 988/988/988 989/989/989
f 980/980/980 985/985/985 990/990/990
f 987/987/987 971/971/971 992/992/992
f 983/983/983 986/986/986 991/991/991
f 983/983/983 991/991/991 988/988/988
f 1012/1012/1012 1011/1011/1011 957/957/957
f 1012/1012/1012 957/957/957 961/961/961
f 1013/1013/1013 1012/1012/1012 961/961/961
f 1013/1013/1013 961/961/961 964/964/964
f 1014/1014/1014 1013/1013/1013 964/964/964
f 1014/1014/1014 964/964/964 968/968/968
f 1011/1011/1011 1002/1002/1002 957/957/957
f 1001/1001/1001 1014/1014/1014 968/968/968
f 1001/1001/1001 968/968/968 937/937/937
f 957/957/957 1002/1002/1002 949/949/949
f 968/968/968 964/964/964 942/942/942
f 968/968/968 942/942/942 937/937/937
f 964/964/964 961/961/961 944/944/944
f 964/964/964 944/944/944 942/942/942
f 961/961/961 957/957/957 949/949/949
f 961/961/961 949/949/949 944/944/944
f 1001/1001/1001 937/937/937 925/925/925
f 942/942/942 944/944/944 897/897/897
f 942/942/942 897/897/897 923/923/923
f 949/949/949 1002/1002/1002 895/895/895
f 937/937/937 942/942/942 923/923/923
f 937/937/937 923/923/923 925/925/925
f 944/944/944 949/949/949 895/895/895
f 944/944/944 895/895/895 897/897/897
f 1001/1001/1001 925/925/925 996/996/996
f 895/895/895 1002/1002/1002 993/993/993
f 897/897/897 895/895/895 993/993/993
f 897/897/897 993/993/993 994/994/994
f 925/925/925 923/923/923 995/995/995
f 925/925/925 995/995/995 996/996/996
f 923/923/923 897/897/897 994/994/994
f 923/923/923 994/994/994 995/995/995
f 993/993/993 1002/1002/1002 997/997/997
f 1001/1001/1001 996/996/996 1000/1000/1000
f 994/994/994 993/993/993 997/997/997
f 994/994/994 997/997/997 998/998/998
f 995/995/995 994/994/994 998/998/998
f 995/995/995 998/998/998 999/999/999
f 996/996/996 995/995/995 999/999/999
f 996/996/996 999/999/999 1000/1000/1000
f 998/998/998 997/997/997 1003/1003/1003
f 998/998/998 1003/1003/1003 1004/1004/1004
f 1000/1000/1000 999/999/999 1005/1005/1005
f 1000/1000/1000 1005/1005/1005 1006/1006/1006
f 997/997/997 1002/1002/1002 1003/1003/1003
f 999/999/999 998/998/998 1004/1004/1004
f 999/999/999 1004/1004/1004 1005/1005/1005
f 1001/1001/1001 1000/1000/1000 1006/1006/1006
f 1004/1004/1004 1003/1003/1003 1007/1007/1007
f 1004/1004/1004 1007/1007/1007 1008/1008/1008
f 1006/1006/1006 1005/1005/1005 1009/1009/1009
f 1006/1006/1006 1009/1009/1009 1010/1010/1010
f 1003/1003/1003 1002/1002/1002 1007/1007/1007
f 1005/1005/1005 1004/1004/1004 1008/1008/1008
f 1005/1005/1005 1008/1008/1008 1009/1009/1009
f 1001/1001/1001 1006/1006/1006 1010/1010/1010
f 1008/1008/1008 1007/1007/1007 1011/1011/1011
f 1008/1008/1008 1011/1011/1011 1012/1012/1012
f 1010/1010/1010 1009/1009/1009 1013/1013/1013
f 1010/1010/1010 1013/1013/1013 1014/1014/1014
f 1007/1007/1007 1002/1002/1002 1011/1011/1011
f 1009/1009/1009 1008/1008/1008 1012/1012/1012
f 1009/1009/1009 1012/1012/1012 1013/1013/1013
f 1001/1001/1001 1010/1010/1010 1014/1014/1014
f 1021/1021/1021 1020/1020/1020 1030/1030/1030
f 1021/1021/1021 1030/1030/1030 1031/1031/1031
f 1018/1018/1018 1148/1148/1148 1027/1027/1027
f 1018/1018/1018 1027/1027/1027 1028/1028/1028
f 1015/1015/1015 1146/1146/1146 1024/1024/1024
f 1015/1015/1015 1024/1024/1024 1025/1025/1025
f 1032/1032/1032 1021/1021/1021 1031/1031/1031
f 1019/1019/1019 1018/1018/1018 1028/1028/1028
f 1019/1019/1019 1028/1028/1028 1029/1029/1029
f 1147/1147/1147 1015/1015/1015 1025/1025/1025
f 1147/1147/1147 1025/1025/1025 1026/1026/1026
f 1020/1020/1020 1019/1019/1019 1029/1029/1029
f 1020/1020/1020 1029/1029/1029 1030/1030/1030
f 1148/1148/1148 1147/1147/1147 1026/1026/1026
f 1148/1148/1148 1026/1026/1026 1027/1027/1027
f 1146/1146/1146 1023/1023/1023 1024/1024/1024
f 1029/1029/1029 1028/1028/1028 1038/1038/1038
f 1029/1029/1029 1038/1038/1038 1039/1039/1039
f 1026/1026/1026 1025/1025/1025 1035/1035/1035
f 1026/1026/1026 1035/1035/1035 1036/1036/1036
f 1030/1030/1030 1029/1029/1029 1039/1039/1039
f 1030/1030/1030 1039/1039/1039 1040/1040/1040
f 1027/1027/1027 1026/1026/1026 1036/1036/1036
f 1027/1027/1027 1036/1036/1036 1037/1037/1037
f 1024/1024/1024 1023/1023/1023 1034/1034/1034
f 1031/1031/1031 1030/1030/1030 1040/1040/1040
f 1031/1031/1031 1040/1040/1040 1041/1041/1041
f 1028/1028/1028 1027/1027/1027 1037/1037/1037
f 1028/1028/1028 1037/1037/1037 1038/1038/1038
f 1025/1025/1025 1024/1024/1024 1034/1034/1034
f 1025/1025/1025 1034/1034/1034 1035/1035/1035
f 1032/1032/1032 1031/1031/1031 1041/1041/1041
f 1037/1037/1037 1036/1036/1036 1045/1045/1045
f 1037/1037/1037 1045/1045/1045 1046/1046/1046
f 1034/1034/1034 1023/1023/1023 1043/1043/1043
f 1041/1041/1041 1040/1040/1040 1049/1049/1049
f 1041/1041/1041 1049/1049/1049 1050/1050/1050
f 1038/1038/1038 1037/1037/1037 1046/1046/1046
f 1038/1038/1038 1046/1046/1046 1047/1047/1047
f 1035/1035/1035 1034/1034/1034 1043/1043/1043
f 1035/1035/1035 1043/1043/1043 1044/1044/1044
f 1032/1032/1032 1041/1041/1041 1050/1050/1050
f 1039/1039/1039 1038/1038/1038 1047/1047/1047
f 1039/1039/1039 1047/1047/1047 1048/1048/1048
f 1036/1036/1036 1035/1035/1035 1044/1044/1044
f 1036/1036/1036 1044/1044/1044 1045/1045/1045
f 1040/1040/1040 1039/1039/1039 1048/1048/1048
f 1040/1040/1040 1048/1048/1048 1049/1049/1049
f 1044/1044/1044 1043/1043/1043 1052/1052/1052
f 1044/1044/1044 1052/1052/1052 1053/1053/1053
f 1032/1032/1032 1050/1050/1050 1059/1059/1059
f 1048/1048/1048 1047/1047/1047 1056/1056/1056
f 1048/1048/1048 1056/1056/1056 1057/1057/1057
f 1045/1045/1045 1044/1044/1044 1053/1053/1053
f 1045/1045/1045 1053/1053/1053 1054/1054/1054
f 1049/1049/1049 1048/1048/1048 1057/1057/1057
f 1049/1049/1049 1057/1057/1057 1058/1058/1058
f 1046/1046/1046 1045/1045/1045 1054/1054/1054
f 1046/1046/1046 1054/1054/1054 1055/1055/1055
f 1043/1043/1043 1023/1023/1023 1052/1052/1052
f 1050/1050/1050 1049/1049/1049 1058/1058/1058
f 1050/1050/1050 1058/1058/1058 1059/1059/1059
f 1047/1047/1047 1046/1046/1046 1055/1055/1055
f 1047/1047/1047 1055/1055/1055 1056/1056/1056
f 1058/1058/1058 1057/1057/1057 1067/1067/1067
f 1058/1058/1058 1067/1067/1067 1068/1068/1068
f 1055/1055/1055 1054/1054/1054 1064/1064/1064
f 1055/1055/1055 1064/1064/1064 1065/1065/1065
f 1052/1052/1052 1023/1023/1023 1062/1062/1062
f 1059/1059/1059 1058/1058/1058 1068/1068/1068
f 1059/1059/1059 1068/1068/1068 1069/1069/1069
f 1056/1056/1056 1055/1055/1055 1065/1065/1065
f 1056/1056/1056 1065/1065/1065 1066/1066/1066
f 1053/1053/1053 1052/1052/1052 1062/1062/1062
f 1053/1053/1053 1062/1062/1062 1063/1063/1063
f 1032/1032/1032 1059/1059/1059 1069/1069/1069
f 1057/1057/1057 1056/1056/1056 1066/1066/1066
f 1057/1057/1057 1066/1066/1066 1067/1067/1067
f 1054/1054/1054 1053/1053/1053 1063/1063/1063
f 1054/1054/1054 1063/1063/1063 1064/1064/1064
f 1069/1069/1069 1068/1068/1068 1078/1078/1078
f 1069/1069/1069 1078/1078/1078 1079/1079/1079
f 1066/1066/1066 1065/1065/1065 1075/1075/1075
f 1066/1066/1066 1075/1075/1075 1076/1076/1076
f 1063/1063/1063 1062/1062/1062 1072/1072/1072
f 1063/1063/1063 1072/1072/1072 1073/1073/1073
f 1032/1032/1032 1069/1069/1069 1079/1079/1079
f 1067/1067/1067 1066/1066/1066 1076/1076/1076
f 1067/1067/1067 1076/1076/1076 1077/1077/1077
f 1064/1064/1064 1063/1063/1063 1073/1073/1073
f 1064/1064/1064 1073/1073/1073 1074/1074/1074
f 1068/1068/1068 1067/1067/1067 1077/1077/1077
f 1068/1068/1068 1077/1077/1077 1078/1078/1078
f 1065/1065/1065 1064/1064/1064 1074/1074/1074
f 1065/1065/1065 1074/1074/1074 1075/1075/1075
f 1062/1062/1062 1023/1023/1023 1072/1072/1072
f 1077/1077/1077 1076/1076/1076 1084/1084/1084
f 1077/1077/1077 1084/1084/1084 1085/1085/1085
f 1074/1074/1074 1073/1073/1073 1081/1081/1081
f 1074/1074/1074 1081/1081/1081 1082/1082/1082
f 1078/1078/1078 1077/1077/1077 1085/1085/1085
f 1078/1078/1078 1085/1085/1085 1086/1086/1086
f 1075/1075/1075 1074/1074/1074 1082/1082/1082
f 1075/1075/1075 1082/1082/1082 1083/1083/1083
f 1072/1072/1072 1023/1023/1023 1080/1080/1080
f 1079/1079/1079 1078/1078/1078 1086/1086/1086
f 1079/1079/1079 1086/1086/1086 1087/1087/1087
f 1076/1076/1076 1075/1075/1075 1083/1083/1083
f 1076/1076/1076 1083/1083/1083 1084/1084/1084
f 1073/1073/1073 1072/1072/1072 1080/1080/1080
f 1073/1073/1073 1080/1080/1080 1081/1081/1081
f 1032/1032/1032 1079/1079/1079 1087/1087/1087
f 1083/1083/1083 1082/1082/1082 1092/1092/1092
f 1083/1083/1083 1092/1092/1092 1093/1093/1093
f 1080/1080/1080 1023/1023/1023 1090/1090/1090
f 1087/1087/1087 1086/1086/1086 1096/1096/1096
f 1087/1087/1087 1096/1096/1096 1097/1097/1097
f 1084/1084/1084 1083/1083/1083 1093/1093/1093
f 1084/1084/1084 1093/1093/1093 1094/1094/1094
f 1081/1081/1081 1080/1080/1080 1090/1090/1090
f 1081/1081/1081 1090/1090/1090 1091/1091/1091
f 1032/1032/1032 1087/1087/1087 1097/1097/1097
f 1085/1085/1085 1084/1084/1084 1094/1094/1094
f 1085/1085/1085 1094/1094/1094 1095/1095/1095
f 1082/1082/1082 1081/1081/1081 1091/1091/1091
f 1082/1082/1082 1091/1091/1091 1092/1092/1092
f 1086/1086/1086 1085/1085/1085 1095/1095/1095
f 1086/1086/1086 1095/1095/1095 1096/1096/1096
f 1091/1091/1091 1090/1090/1090 1100/1100/1100
f 1091/1091/1091 1100/1100/1100 1101/1101/1101
f 1032/1032/1032 1097/1097/1097 1107/1107/1107
f 1095/1095/1095 1094/1094/1094 1104/1104/1104
f 1095/1095/1095 1104/1104/1104 1105/1105/1105
f 1092/1092/1092 1091/1091/1091 1101/1101/1101
f 1092/1092/1092 1101/1101/1101 1102/1102/1102
f 1096/1096/1096 1095/1095/1095 1105/1105/1105
f 1096/1096/1096 1105/1105/1105 1106/1106/1106
f 1093/1093/1093 1092/1092/1092 1102/1102/1102
f 1093/1093/1093 1102/1102/1102 1103/1103/1103
f 1090/1090/1090 1023/1023/1023 1100/1100/1100
f 1097/1097/1097 1096/1096/1096 1106/1106/1106
f 1097/1097/1097 1106/1106/1106 1107/1107/1107
f 1094/1094/1094 1093/1093/1093 1103/1103/1103
f 1094/1094/1094 1103/1103/1103 1104/1104/1104
f 1106/1106/1106 1105/1105/1105 1114/1114/1114
f 1106/1106/1106 1114/1114/1114 1115/1115/1115
f 1103/1103/1103 1102/1102/1102 1111/1111/1111
f 1103/1103/1103 1111/1111/1111 1112/1112/1112
f 1100/1100/1100 1023/1023/1023 1109/1109/1109
f 1107/1107/1107 1106/1106/1106 1115/1115/1115
f 1107/1107/1107 1115/1115/1115 1116/1116/1116
f 1104/1104/1104 1103/1103/1103 1112/1112/1112
f 1104/1104/1104 1112/1112/1112 1113/1113/1113
f 1101/1101/1101 1100/1100/1100 1109/1109/1109
f 1101/1101/1101 1109/1109/1109 1110/1110/1110
f 1032/1032/1032 1107/1107/1107 1116/1116/1116
f 1105/1105/1105 1104/1104/1104 1113/1113/1113
f 1105/1105/1105 1113/1113/1113 1114/1114/1114
f 1102/1102/1102 1101/1101/1101 1110/1110/1110
f 1102/1102/1102 1110/1110/1110 1111/1111/1111
f 1113/1113/1113 1112/1112/1112 1121/1121/1121
f 1113/1113/1113 1121/1121/1121 1122/1122/1122
f 1110/1110/1110 1109/1109/1109 1118/1118/1118
f 1110/1110/1110 1118/1118/1118 1119/1119/1119
f 1032/1032/1032 1116/1116/1116 1125/1125/1125
f 1114/1114/1114 1113/1113/1113 1122/1122/1122
f 1114/1114/1114 1122/1122/1122 1123/1123/1123
f 1111/1111/1111 1110/1110/1110 1119/1119/1119
f 1111/1111/1111 1119/1119/1119 1120/1120/1120
f 1115/1115/1115 1114/1114/1114 1123/1123/1123
f 1115/1115/1115 1123/1123/1123 1124/1124/1124
f 1112/1112/1112 1111/1111/1111 1120/1120/1120
f 1112/1112/1112 1120/1120/1120 1121/1121/1121
f 1109/1109/1109 1023/1023/1023 1118/1118/1118
f 1116/1116/1116 1115/1115/1115 1124/1124/1124
f 1116/1116/1116 1124/1124/1124 1125/1125/1125
f 1120/1120/1120 1119/1119/1119 1129/1129/1129
f 1120/1120/1120 1129/1129/1129 1130/1130/1130
f 1124/1124/1124 1123/1123/1123 1133/1133/1133
f 1124/1124/1124 1133/1133/1133 1134/1134/1134
f 1121/1121/1121 1120/1120/1120 1130/1130/1130
f 1121/1121/1121 1130/1130/1130 1131/1131/1131
f 1118/1118/1118 1023/1023/1023 1128/1128/1128
f 1125/1125/1125 1124/1124/1124 1134/1134/1134
f 1125/1125/1125 1134/1134/1134 1135/1135/1135
f 1122/1122/1122 1121/1121/1121 1131/1131/1131
f 1122/1122/1122 1131/1131/1131 1132/1132/1132
f 1119/1119/1119 1118/1118/1118 1128/1128/1128
f 1119/1119/1119 1128/1128/1128 1129/1129/1129
f 1032/1032/1032 1125/1125/1125 1135/1135/1135
f 1123/1123/1123 1122/1122/1122 1132/1132/1132
f 1123/1123/1123 1132/1132/1132 1133/1133/1133
f 1128/1128/1128 1023/1023/1023 1138/1138/1138
f 1135/1135/1135 1134/1134/1134 1144/1144/1144
f 1135/1135/1135 1144/1144/1144 1145/1145/1145
f 1132/1132/1132 1131/1131/1131 1141/1141/1141
f 1132/1132/1132 1141/1141/1141 1142/1142/1142
f 1129/1129/1129 1128/1128/1128 1138/1138/1138
f 1129/1129/1129 1138/1138/1138 1139/1139/1139
f 1032/1032/1032 1135/1135/1135 1145/1145/1145
f 1133/1133/1133 1132/1132/1132 1142/1142/1142
f 1133/1133/1133 1142/1142/1142 1143/1143/1143
f 1130/1130/1130 1129/1129/1129 1139/1139/1139
f 1130/1130/1130 1139/1139/1139 1140/1140/1140
f 1134/1134/1134 1133/1133/1133 1143/1143/1143
f 1134/1134/1134 1143/1143/1143 1144/1144/1144
f 1131/1131/1131 1130/1130/1130 1140/1140/1140
f 1131/1131/1131 1140/1140/1140 1141/1141/1141
f 1032/1032/1032 1145/1145/1145 1021/1021/1021
f 1143/1143/1143 1142/1142/1142 1018/1018/1018
f 1143/1143/1143 1018/1018/1018 1019/1019/1019
f 1140/1140/1140 1139/1139/1139 1015/1015/1015
f 1140/1140/1140 1015/1015/1015 1147/1147/1147
f 1144/1144/1144 1143/1143/1143 1019/1019/1019
f 1144/1144/1144 1019/1019/1019 1020/1020/1020
f 1141/1141/1141 1140/1140/1140 1147/1147/1147
f 1141/1141/1141 1147/1147/1147 1148/1148/1148
f 1138/1138/1138 1023/1023/1023 1146/1146/1146
f 1145/1145/1145 1144/1144/1144 1020/1020/1020
f 1145/1145/1145 1020/1020/1020 1021/1021/1021
f 1142/1142/1142 1141/1141/1141 1148/1148/1148
f 1142/1142/1142 1148/1148/1148 1018/1018/1018
f 1139/1139/1139 1138/1138/1138 1146/1146/1146
f 1139/1139/1139 1146/1146/1146 1015/1015/1015
f 1190/1190/1190 1166/1166/1166 1117/1117/1117
f 1189/1189/1189 1150/1150/1150 1126/1126/1126
f 1189/1189/1189 1126/1126/1126 1127/1127/1127
f 1149/1149/1149 1189/1189/1189 1127/1127/1127
f 1149/1149/1149 1127/1127/1127 1136/1136/1136
f 1167/1167/1167 1188/1188/1188 1137/1137/1137
f 1150/1150/1150 1190/1190/1190 1117/1117/1117
f 1150/1150/1150 1117/1117/1117 1126/1126/1126
f 1188/1188/1188 1149/1149/1149 1136/1136/1136
f 1188/1188/1188 1136/1136/1136 1137/1137/1137
f 1167/1167/1167 1137/1137/1137 1088/1088/1088
f 1136/1136/1136 1127/1127/1127 1098/1098/1098
f 1136/1136/1136 1098/1098/1098 1089/1089/1089
f 1126/1126/1126 1117/1117/1117 1108/1108/1108
f 1126/1126/1126 1108/1108/1108 1099/1099/1099
f 1137/1137/1137 1136/1136/1136 1089/1089/1089
f 1137/1137/1137 1089/1089/1089 1088/1088/1088
f 1127/1127/1127 1126/1126/1126 1099/1099/1099
f 1127/1127/1127 1099/1099/1099 1098/1098/1098
f 1117/1117/1117 1166/1166/1166 1108/1108/1108
f 1088/1088/1088 1089/1089/1089 1070/1070/1070
f 1088/1088/1088 1070/1070/1070 1071/1071/1071
f 1098/1098/1098 1099/1099/1099 1060/1060/1060
f 1098/1098/1098 1060/1060/1060 1061/1061/1061
f 1099/1099/1099 1108/1108/1108 1051/1051/1051
f 1099/1099/1099 1051/1051/1051 1060/1060/1060
f 1089/1089/1089 1098/1098/1098 1061/1061/1061
f 1089/1089/1089 1061/1061/1061 1070/1070/1070
f 1108/1108/1108 1166/1166/1166 1051/1051/1051
f 1167/1167/1167 1088/1088/1088 1071/1071/1071
f 1071/1071/1071 1070/1070/1070 1017/1017/1017
f 1071/1071/1071 1017/1017/1017 1016/1016/1016
f 1060/1060/1060 1051/1051/1051 1042/1042/1042
f 1060/1060/1060 1042/1042/1042 1033/1033/1033
f 1167/1167/1167 1071/1071/1071 1016/1016/1016
f 1051/1051/1051 1166/1166/1166 1042/1042/1042
f 1070/1070/1070 1061/1061/1061 1022/1022/1022
f 1070/1070/1070 1022/1022/1022 1017/1017/1017
f 1061/1061/1061 1060/1060/1060 1033/1033/1033
f 1061/1061/1061 1033/1033/1033 1022/1022/1022
f 1167/1167/1167 1016/1016/1016 1151/1151/1151
f 1022/1022/1022 1033/1033/1033 1154/1154/1154
f 1022/1022/1022 1154/1154/1154 1153/1153/1153
f 1042/1042/1042 1166/1166/1166 1155/1155/1155
f 1017/1017/1017 1022/1022/1022 1153/1153/1153
f 1017/1017/1017 1153/1153/1153 1152/1152/1152
f 1033/1033/1033 1042/1042/1042 1155/1155/1155
f 1033/1033/1033 1155/1155/1155 1154/1154/1154
f 1016/1016/1016 1017/1017/1017 1152/1152/1152
f 1016/1016/1016 1152/1152/1152 1151/1151/1151
f 1154/1154/1154 1155/1155/1155 1160/1160/1160
f 1154/1154/1154 1160/1160/1160 1159/1159/1159
f 1151/1151/1151 1152/1152/1152 1157/1157/1157
f 1151/1151/1151 1157/1157/1157 1156/1156/1156
f 1152/1152/1152 1153/1153/1153 1158/1158/1158
f 1152/1152/1152 1158/1158/1158 1157/1157/1157
f 1155/1155/1155 1166/1166/1166 1160/1160/1160
f 1167/1167/1167 1151/1151/1151 1156/1156/1156
f 1153/1153/1153 1154/1154/1154 1159/1159/1159
f 1153/1153/1153 1159/1159/1159 1158/1158/1158
f 1159/1159/1159 1160/1160/1160 1165/1165/1165
f 1159/1159/1159 1165/1165/1165 1164/1164/1164
f 1167/1167/1167 1156/1156/1156 1161/1161/1161
f 1157/1157/1157 1158/1158/1158 1163/1163/1163
f 1157/1157/1157 1163/1163/1163 1162/1162/1162
f 1160/1160/1160 1166/1166/1166 1165/1165/1165
f 1158/1158/1158 1159/1159/1159 1164/1164/1164
f 1158/1158/1158 1164/1164/1164 1163/1163/1163
f 1156/1156/1156 1157/1157/1157 1162/1162/1162
f 1156/1156/1156 1162/1162/1162 1161/1161/1161
f 1167/1167/1167 1161/1161/1161 1168/1168/1168
f 1162/1162/1162 1163/1163/1163 1170/1170/1170
f 1162/1162/1162 1170/1170/1170 1169/1169/1169
f 1164/1164/1164 1165/1165/1165 1172/1172/1172
f 1164/1164/1164 1172/1172/1172 1171/1171/1171
f 1161/1161/1161 1162/1162/1162 1169/1169/1169
f 1161/1161/1161 1169/1169/1169 1168/1168/1168
f 1165/1165/1165 1166/1166/1166 1172/1172/1172
f 1163/1163/1163 1164/1164/1164 1171/1171/1171
f 1163/1163/1163 1171/1171/1171 1170/1170/1170
f 1167/1167/1167 1168/1168/1168 1173/1173/1173
f 1169/1169/1169 1170/1170/1170 1175/1175/1175
f 1169/1169/1169 1175/1175/1175 1174/1174/1174
f 1171/1171/1171 1172/1172/1172 1177/1177/1177
f 1171/1171/1171 1177/1177/1177 1176/1176/1176
f 1168/1168/1168 1169/1169/1169 1174/1174/1174
f 1168/1168/1168 1174/1174/1174 1173/1173/1173
f 1172/1172/1172 1166/1166/1166 1177/1177/1177
f 1170/1170/1170 1171/1171/1171 1176/1176/1176
f 1170/1170/1170 1176/1176/1176 1175/1175/1175
f 1167/1167/1167 1173/1173/1173 1178/1178/1178
f 1174/1174/1174 1175/1175/1175 1180/1180/1180
f 1174/1174/1174 1180/1180/1180 1179/1179/1179
f 1176/1176/1176 1177/1177/1177 1182/1182/1182
f 1176/1176/1176 1182/1182/1182 1181/1181/1181
f 1173/1173/1173 1174/1174/1174 1179/1179/1179
f 1173/1173/1173 1179/1179/1179 1178/1178/1178
f 1177/1177/1177 1166/1166/1166 1182/1182/1182
f 1175/1175/1175 1176/1176/1176 1181/1181/1181
f 1175/1175/1175 1181/1181/1181 1180/1180/1180
f 1179/1179/1179 1180/1180/1180 1185/1185/1185
f 1179/1179/1179 1185/1185/1185 1184/1184/1184
f 1181/1181/1181 1182/1182/1182 1187/1187/1187
f 1181/1181/1181 1187/1187/1187 1186/1186/1186
f 1178/1178/1178 1179/1179/1179 1184/1184/1184
f 1178/1178/1178 1184/1184/1184 1183/1183/1183
f 1182/1182/1182 1166/1166/1166 1187/1187/1187
f 1180/1180/1180 1181/1181/1181 1186/1186/1186
f 1180/1180/1180 1186/1186/1186 1185/1185/1185
f 1167/1167/1167 1178/1178/1178 1183/1183/1183
f 1186/1186/1186 1187/1187/1187 1190/1190/1190
f 1186/1186/1186 1190/1190/1190 1150/1150/1150
f 1183/1183/1183 1184/1184/1184 1149/1149/1149
f 1183/1183/1183 1149/1149/1149 1188/1188/1188
f 1187/1187/1187 1166/1166/1166 1190/1190/1190
f 1185/1185/1185 1186/1186/1186 1150/1150/1150
f 1185/1185/1185 1150/1150/1150 1189/1189/1189
f 1167/1167/1167 1183/1183/1183 1188/1188/1188
f 1184/1184/1184 1185/1185/1185 1189/1189/1189
f 1184/1184/1184 1189/1189/1189 1149/1149/1149
f 1323/1323/1323 1191/1191/1191 1201/1201/1201
f 1323/1323/1323 1201/1201/1201 1202/1202/1202
f 1196/1196/1196 1195/1195/1195 1205/1205/1205
f 1196/1196/1196 1205/1205/1205 1206/1206/1206
f 1324/1324/1324 1323/1323/1323 1202/1202/1202
f 1324/1324/1324 1202/1202/1202 1203/1203/1203
f 1322/1322/1322 1199/1199/1199 1200/1200/1200
f 1197/1197/1197 1196/1196/1196 1206/1206/1206
f 1197/1197/1197 1206/1206/1206 1207/1207/1207
f 1194/1194/1194 1324/1324/1324 1203/1203/1203
f 1194/1194/1194 1203/1203/1203 1204/1204/1204
f 1191/1191/1191 1322/1322/1322 1200/1200/1200
f 1191/1191/1191 1200/1200/1200 1201/1201/1201
f 1208/1208/1208 1197/1197/1197 1207/1207/1207
f 1195/1195/1195 1194/1194/1194 1204/1204/1204
f 1195/1195/1195 1204/1204/1204 1205/1205/1205
f 1203/1203/1203 1202/1202/1202 1212/1212/1212
f 1203/1203/1203 1212/1212/1212 1213/1213/1213
f 1200/1200/1200 1199/1199/1199 1210/1210/1210
f 1207/1207/1207 1206/1206/1206 1216/1216/1216
f 1207/1207/1207 1216/1216/1216 1217/1217/1217
f 1204/1204/1204 1203/1203/1203 1213/1213/1213
f 1204/1204/1204 1213/1213/1213 1214/1214/1214
f 1201/1201/1201 1200/1200/1200 1210/1210/1210
f 1201/1201/1201 1210/1210/1210 1211/1211/1211
f 1208/1208/1208 1207/1207/1207 1217/1217/1217
f 1205/1205/1205 1204/1204/1204 1214/1214/1214
f 1205/1205/1205 1214/1214/1214 1215/1215/1215
f 1202/1202/1202 1201/1201/1201 1211/1211/1211
f 1202/1202/1202 1211/1211/1211 1212/1212/1212
f 1206/1206/1206 1205/1205/1205 1215/1215/1215
f 1206/1206/1206 1215/1215/1215 1216/1216/1216
f 1211/1211/1211 1210/1210/1210 1219/1219/1219
f 1211/1211/1211 1219/1219/1219 1220/1220/1220
f 1208/1208/1208 1217/1217/1217 1226/1226/1226
f 1215/1215/1215 1214/1214/1214 1223/1223/1223
f 1215/1215/1215 1223/1223/1223 1224/1224/1224
f 1212/1212/1212 1211/1211/1211 1220/1220/1220
f 1212/1212/1212 1220/1220/1220 1221/1221/1221
f 1216/1216/1216 1215/1215/1215 1224/1224/1224
f 1216/1216/1216 1224/1224/1224 1225/1225/1225
f 1213/1213/1213 1212/1212/1212 1221/1221/1221
f 1213/1213/1213 1221/1221/1221 1222/1222/1222
f 1210/1210/1210 1199/1199/1199 1219/1219/1219
f 1217/1217/1217 1216/1216/1216 1225/1225/1225
f 1217/1217/1217 1225/1225/1225 1226/1226/1226
f 1214/1214/1214 1213/1213/1213 1222/1222/1222
f 1214/1214/1214 1222/1222/1222 1223/1223/1223
f 1225/1225/1225 1224/1224/1224 1233/1233/1233
f 1225/1225/1225 1233/1233/1233 1234/1234/1234
f 1222/1222/1222 1221/1221/1221 1230/1230/1230
f 1222/1222/1222 1230/1230/1230 1231/1231/1231
f 1219/1219/1219 1199/1199/1199 1228/1228/1228
f 1226/1226/1226 1225/1225/1225 1234/1234/1234
f 1226/1226/1226 1234/1234/1234 1235/1235/1235
f 1223/1223/1223 1222/1222/1222 1231/1231/1231
f 1223/1223/1223 1231/1231/1231 1232/1232/1232
f 1220/1220/1220 1219/1219/1219 1228/1228/1228
f 1220/1220/1220 1228/1228/1228 1229/1229/1229
f 1208/1208/1208 1226/1226/1226 1235/1235/1235
f 1224/1224/1224 1223/1223/1223 1232/1232/1232
f 1224/1224/1224 1232/1232/1232 1233/1233/1233
f 1221/1221/1221 1220/1220/1220 1229/1229/1229
f 1221/1221/1221 1229/1229/1229 1230/1230/1230
f 1232/1232/1232 1231/1231/1231 1241/1241/1241
f 1232/1232/1232 1241/1241/1241 1242/1242/1242
f 1229/1229/1229 1228/1228/1228 1238/1238/1238
f 1229/1229/1229 1238/1238/1238 1239/1239/1239
f 1208/1208/1208 1235/1235/1235 1245/1245/1245
f 1233/1233/1233 1232/1232/1232 1242/1242/1242
f 1233/1233/1233 1242/1242/1242 1243/1243/1243
f 1230/1230/1230 1229/1229/1229 1239/1239/1239
f 1230/1230/1230 1239/1239/1239 1240/1240/1240
f 1234/1234/1234 1233/1233/1233 1243/1243/1243
f 1234/1234/1234 1243/1243/1243 1244/1244/1244
f 1231/1231/1231 1230/1230/1230 1240/1240/1240
f 1231/1231/1231 1240/1240/1240 1241/1241/1241
f 1228/1228/1228 1199/1199/1199 1238/1238/1238
f 1235/1235/1235 1234/1234/1234 1244/1244/1244
f 1235/1235/1235 1244/1244/1244 1245/1245/1245
f 1240/1240/1240 1239/1239/1239 1249/1249/1249
f 1240/1240/1240 1249/1249/1249 1250/1250/1250
f 1244/1244/1244 1243/1243/1243 1253/1253/1253
f 1244/1244/1244 1253/1253/1253 1254/1254/1254
f 1241/1241/1241 1240/1240/1240 1250/1250/1250
f 1241/1241/1241 1250/1250/1250 1251/1251/1251
f 1238/1238/1238 1199/1199/1199 1248/1248/1248
f 1245/1245/1245 1244/1244/1244 1254/1254/1254
f 1245/1245/1245 1254/1254/1254 1255/1255/1255
f 1242/1242/1242 1241/1241/1241 1251/1251/1251
f 1242/1242/1242 1251/1251/1251 1252/1252/1252
f 1239/1239/1239 1238/1238/1238 1248/1248/1248
f 1239/1239/1239 1248/1248/1248 1249/1249/1249
f 1208/1208/1208 1245/1245/1245 1255/1255/1255
f 1243/1243/1243 1242/1242/1242 1252/1252/1252
f 1243/1243/1243 1252/1252/1252 1253/1253/1253
f 1248/1248/1248 1199/1199/1199 1256/1256/1256
f 1255/1255/1255 1254/1254/1254 1262/1262/1262
f 1255/1255/1255 1262/1262/1262 1263/1263/1263
f 1252/1252/1252 1251/1251/1251 1259/1259/1259
f 1252/1252/1252 1259/1259/1259 1260/1260/1260
f 1249/1249/1249 1248/1248/1248 1256/1256/1256
f 1249/1249/1249 1256/1256/1256 1257/1257/1257
f 1208/1208/1208 1255/1255/1255 1263/1263/1263
f 1253/1253/1253 1252/1252/1252 1260/1260/1260
f 1253/1253/1253 1260/1260/1260 1261/1261/1261
f 1250/1250/1250 1249/1249/1249 1257/1257/1257
f 1250/1250/1250 1257/1257/1257 1258/1258/1258
f 1254/1254/1254 1253/1253/1253 1261/1261/1261
f 1254/1254/1254 1261/1261/1261 1262/1262/1262
f 1251/1251/1251 1250/1250/1250 1258/1258/1258
f 1251/1251/1251 1258/1258/1258 1259/1259/1259
f 1208/1208/1208 1263/1263/1263 1273/1273/1273
f 1261/1261/1261 1260/1260/1260 1270/1270/1270
f 1261/1261/1261 1270/1270/1270 1271/1271/1271
f 1258/1258/1258 1257/1257/1257 1267/1267/1267
f 1258/1258/1258 1267/1267/1267 1268/1268/1268
f 1262/1262/1262 1261/1261/1261 1271/1271/1271
f 1262/1262/1262 1271/1271/1271 1272/1272/1272
f 1259/1259/1259 1258/1258/1258 1268/1268/1268
f 1259/1259/1259 1268/1268/1268 1269/1269/1269
f 1256/1256/1256 1199/1199/1199 1266/1266/1266
f 1263/1263/1263 1262/1262/1262 1272/1272/1272
f 1263/1263/1263 1272/1272/1272 1273/1273/1273
f 1260/1260/1260 1259/1259/1259 1269/1269/1269
f 1260/1260/1260 1269/1269/1269 1270/1270/1270
f 1257/1257/1257 1256/1256/1256 1266/1266/1266
f 1257/1257/1257 1266/1266/1266 1267/1267/1267
f 1272/1272/1272 1271/1271/1271 1281/1281/1281
f 1272/1272/1272 1281/1281/1281 1282/1282/1282
f 1269/1269/1269 1268/1268/1268 1278/1278/1278
f 1269/1269/1269 1278/1278/1278 1279/1279/1279
f 1266/1266/1266 1199/1199/1199 1276/1276/1276
f 1273/1273/1273 1272/1272/1272 1282/1282/1282
f 1273/1273/1273 1282/1282/1282 1283/1283/1283
f 1270/1270/1270 1269/1269/1269 1279/1279/1279
f 1270/1270/1270 1279/1279/1279 1280/1280/1280
f 1267/1267/1267 1266/1266/1266 1276/1276/1276
f 1267/1267/1267 1276/1276/1276 1277/1277/1277
f 1208/1208/1208 1273/1273/1273 1283/1283/1283
f 1271/1271/1271 1270/1270/1270 1280/1280/1280
f 1271/1271/1271 1280/1280/1280 1281/1281/1281
f 1268/1268/1268 1267/1267/1267 1277/1277/1277
f 1268/1268/1268 1277/1277/1277 1278/1278/1278
f 1280/1280/1280 1279/1279/1279 1288/1288/1288
f 1280/1280/1280 1288/1288/1288 1289/1289/1289
f 1277/1277/1277 1276/1276/1276 1285/1285/1285
f 1277/1277/1277 1285/1285/1285 1286/1286/1286
f 1208/1208/1208 1283/1283/1283 1292/1292/1292
f 1281/1281/1281 1280/1280/1280 1289/1289/1289
f 1281/1281/1281 1289/1289/1289 1290/1290/1290
f 1278/1278/1278 1277/1277/1277 1286/1286/1286
f 1278/1278/1278 1286/1286/1286 1287/1287/1287
f 1282/1282/1282 1281/1281/1281 1290/1290/1290
f 1282/1282/1282 1290/1290/1290 1291/1291/1291
f 1279/1279/1279 1278/1278/1278 1287/1287/1287
f 1279/1279/1279 1287/1287/1287 1288/1288/1288
f 1276/1276/1276 1199/1199/1199 1285/1285/1285
f 1283/1283/1283 1282/1282/1282 1291/1291/1291
f 1283/1283/1283 1291/1291/1291 1292/1292/1292
f 1287/1287/1287 1286/1286/1286 1295/1295/1295
f 1287/1287/1287 1295/1295/1295 1296/1296/1296
f 1291/1291/1291 1290/1290/1290 1299/1299/1299
f 1291/1291/1291 1299/1299/1299 1300/1300/1300
f 1288/1288/1288 1287/1287/1287 1296/1296/1296
f 1288/1288/1288 1296/1296/1296 1297/1297/1297
f 1285/1285/1285 1199/1199/1199 1294/1294/1294
f 1292/1292/1292 1291/1291/1291 1300/1300/1300
f 1292/1292/1292 1300/1300/1300 1301/1301/1301
f 1289/1289/1289 1288/1288/1288 1297/1297/1297
f 1289/1289/1289 1297/1297/1297 1298/1298/1298
f 1286/1286/1286 1285/1285/1285 1294/1294/1294
f 1286/1286/1286 1294/1294/1294 1295/1295/1295
f 1208/1208/1208 1292/1292/1292 1301/1301/1301
f 1290/1290/1290 1289/1289/1289 1298/1298/1298
f 1290/1290/1290 1298/1298/1298 1299/1299/1299
f 1294/1294/1294 1199/1199/1199 1304/1304/1304
f 1301/1301/1301 1300/1300/1300 1310/1310/1310
f 1301/1301/1301 1310/1310/1310 1311/1311/1311
f 1298/1298/1298 1297/1297/1297 1307/1307/1307
f 1298/1298/1298 1307/1307/1307 1308/1308/1308
f 1295/1295/1295 1294/1294/1294 1304/1304/1304
f 1295/1295/1295 1304/1304/1304 1305/1305/1305
f 1208/1208/1208 1301/1301/1301 1311/1311/1311
f 1299/1299/1299 1298/1298/1298 1308/1308/1308
f 1299/1299/1299 1308/1308/1308 1309/1309/1309
f 1296/1296/1296 1295/1295/1295 1305/1305/1305
f 1296/1296/1296 1305/1305/1305 1306/1306/1306
f 1300/1300/1300 1299/1299/1299 1309/1309/1309
f 1300/1300/1300 1309/1309/1309 1310/1310/1310
f 1297/1297/1297 1296/1296/1296 1306/1306/1306
f 1297/1297/1297 1306/1306/1306 1307/1307/1307
f 1309/1309/1309 1308/1308/1308 1318/1318/1318
f 1309/1309/1309 1318/1318/1318 1319/1319/1319
f 1306/1306/1306 1305/1305/1305 1315/1315/1315
f 1306/1306/1306 1315/1315/1315 1316/1316/1316
f 1310/1310/1310 1309/1309/1309 1319/1319/1319
f 1310/1310/1310 1319/1319/1319 1320/1320/1320
f 1307/1307/1307 1306/1306/1306 1316/1316/1316
f 1307/1307/1307 1316/1316/1316 1317/1317/1317
f 1304/1304/1304 1199/1199/1199 1314/1314/1314
f 1311/1311/1311 1310/1310/1310 1320/1320/1320
f 1311/1311/1311 1320/1320/1320 1321/1321/1321
f 1308/1308/1308 1307/1307/1307 1317/1317/1317
f 1308/1308/1308 1317/1317/1317 1318/1318/1318
f 1305/1305/1305 1304/1304/1304 1314/1314/1314
f 1305/1305/1305 1314/1314/1314 1315/1315/1315
f 1208/1208/1208 1311/1311/1311 1321/1321/1321
f 1317/1317/1317 1316/1316/1316 1323/1323/1323
f 1317/1317/1317 1323/1323/1323 1324/1324/1324
f 1314/1314/1314 1199/1199/1199 1322/1322/1322
f 1321/1321/1321 1320/1320/1320 1196/1196/1196
f 1321/1321/1321 1196/1196/1196 1197/1197/1197
f 1318/1318/1318 1317/1317/1317 1324/1324/1324
f 1318/1318/1318 1324/1324/1324 1194/1194/1194
f 1315/1315/1315 1314/1314/1314 1322/1322/1322
f 1315/1315/1315 1322/1322/1322 1191/1191/1191
f 1208/1208/1208 1321/1321/1321 1197/1197/1197
f 1319/1319/1319 1318/1318/1318 1194/1194/1194
f 1319/1319/1319 1194/1194/1194 1195/1195/1195
f 1316/1316/1316 1315/1315/1315 1191/1191/1191
f 1316/1316/1316 1191/1191/1191 1323/1323/1323
f 1320/1320/1320 1319/1319/1319 1195/1195/1195
f 1320/1320/1320 1195/1195/1195 1196/1196/1196
f 1326/1326/1326 1366/1366/1366 1293/1293/1293
f 1326/1326/1326 1293/1293/1293 1302/1302/1302
f 1325/1325/1325 1365/1365/1365 1303/1303/1303
f 1325/1325/1325 1303/1303/1303 1312/1312/1312
f 1343/1343/1343 1364/1364/1364 1313/1313/1313
f 1366/1366/1366 1342/1342/1342 1293/1293/1293
f 1365/1365/1365 1326/1326/1326 1302/1302/1302
f 1365/1365/1365 1302/1302/1302 1303/1303/1303
f 1364/1364/1364 1325/1325/1325 1312/1312/1312
f 1364/1364/1364 1312/1312/1312 1313/1313/1313
f 1313/1313/1313 1312/1312/1312 1265/1265/1265
f 1313/1313/1313 1265/1265/1265 1264/1264/1264
f 1303/1303/1303 1302/1302/1302 1275/1275/1275
f 1303/1303/1303 1275/1275/1275 1274/1274/1274
f 1293/1293/1293 1342/1342/1342 1284/1284/1284
f 1312/1312/1312 1303/1303/1303 1274/1274/1274
f 1312/1312/1312 1274/1274/1274 1265/1265/1265
f 1302/1302/1302 1293/1293/1293 1284/1284/1284
f 1302/1302/1302 1284/1284/1284 1275/1275/1275
f 1343/1343/1343 1313/1313/1313 1264/1264/1264
f 1265/1265/1265 1274/1274/1274 1237/1237/1237
f 1265/1265/1265 1237/1237/1237 1246/1246/1246
f 1343/1343/1343 1264/1264/1264 1247/1247/1247
f 1284/1284/1284 1342/1342/1342 1227/1227/1227
f 1275/1275/1275 1284/1284/1284 1227/1227/1227
f 1275/1275/1275 1227/1227/1227 1236/1236/1236
f 1264/1264/1264 1265/1265/1265 1246/1246/1246
f 1264/1264/1264 1246/1246/1246 1247/1247/1247
f 1274/1274/1274 1275/1275/1275 1236/1236/1236
f 1274/1274/1274 1236/1236/1236 1237/1237/1237
f 1227/1227/1227 1342/1342/1342 1218/1218/1218
f 1246/1246/1246 1237/1237/1237 1198/1198/1198
f 1246/1246/1246 1198/1198/1198 1193/1193/1193
f 1343/1343/1343 1247/1247/1247 1192/1192/1192
f 1236/1236/1236 1227/1227/1227 1218/1218/1218
f 1236/1236/1236 1218/1218/1218 1209/1209/1209
f 1237/1237/1237 1236/1236/1236 1209/1209/1209
f 1237/1237/1237 1209/1209/1209 1198/1198/1198
f 1247/1247/1247 1246/1246/1246 1193/1193/1193
f 1247/1247/1247 1193/1193/1193 1192/1192/1192
f 1209/1209/1209 1218/1218/1218 1331/1331/1331
f 1209/1209/1209 1331/1331/1331 1330/1330/1330
f 1192/1192/1192 1193/1193/1193 1328/1328/1328
f 1192/1192/1192 1328/1328/1328 1327/1327/1327
f 1193/1193/1193 1198/1198/1198 1329/1329/1329
f 1193/1193/1193 1329/1329/1329 1328/1328/1328
f 1343/1343/1343 1192/1192/1192 1327/1327/1327
f 1198/1198/1198 1209/1209/1209 1330/1330/1330
f 1198/1198/1198 1330/1330/1330 1329/1329/1329
f 1218/1218/1218 1342/1342/1342 1331/1331/1331
f 1328/1328/1328 1329/1329/1329 1334/1334/1334
f 1328/1328/1328 1334/1334/1334 1333/1333/1333
f 1331/1331/1331 1342/1342/1342 1336/1336/1336
f 1343/1343/1343 1327/1327/1327 1332/1332/1332
f 1329/1329/1329 1330/1330/1330 1335/1335/1335
f 1329/1329/1329 1335/1335/1335 1334/1334/1334
f 1327/1327/1327 1328/1328/1328 1333/1333/1333
f 1327/1327/1327 1333/1333/1333 1332/1332/1332
f 1330/1330/1330 1331/1331/1331 1336/1336/1336
f 1330/1330/1330 1336/1336/1336 1335/1335/1335
f 1334/1334/1334 1335/1335/1335 1340/1340/1340
f 1334/1334/1334 1340/1340/1340 1339/1339/1339
f 1332/1332/1332 1333/1333/1333 1338/1338/1338
f 1332/1332/1332 1338/1338/1338 1337/1337/1337
f 1335/1335/1335 1336/1336/1336 1341/1341/1341
f 1335/1335/1335 1341/1341/1341 1340/1340/1340
f 1343/1343/1343 1332/1332/1332 1337/1337/1337
f 1333/1333/1333 1334/1334/1334 1339/1339/1339
f 1333/1333/1333 1339/1339/1339 1338/1338/1338
f 1336/1336/1336 1342/1342/1342 1341/1341/1341
f 1337/1337/1337 1338/1338/1338 1345/1345/1345
f 1337/1337/1337 1345/1345/1345 1344/1344/1344
f 1341/1341/1341 1342/1342/1342 1348/1348/1348
f 1339/1339/1339 1340/1340/1340 1347/1347/1347
f 1339/1339/1339 1347/1347/1347 1346/1346/1346
f 1343/1343/1343 1337/1337/1337 1344/1344/1344
f 1338/1338/1338 1339/1339/1339 1346/1346/1346
f 1338/1338/1338 1346/1346/1346 1345/1345/1345
f 1340/1340/1340 1341/1341/1341 1348/1348/1348
f 1340/1340/1340 1348/1348/1348 1347/1347/1347
f 1344/1344/1344 1345/1345/1345 1350/1350/1350
f 1344/1344/1344 1350/1350/1350 1349/1349/1349
f 1348/1348/1348 1342/1342/1342 1353/1353/1353
f 1346/1346/1346 1347/1347/1347 1352/1352/1352
f 1346/1346/1346 1352/1352/1352 1351/1351/1351
f 1343/1343/1343 1344/1344/1344 1349/1349/1349
f 1345/1345/1345 1346/1346/1346 1351/1351/1351
f 1345/1345/1345 1351/1351/1351 1350/1350/1350
f 1347/1347/1347 1348/1348/1348 1353/1353/1353
f 1347/1347/1347 1353/1353/1353 1352/1352/1352
f 1349/1349/1349 1350/1350/1350 1355/1355/1355
f 1349/1349/1349 1355/1355/1355 1354/1354/1354
f 1353/1353/1353 1342/1342/1342 1358/1358/1358
f 1351/1351/1351 1352/1352/1352 1357/1357/1357
f 1351/1351/1351 1357/1357/1357 1356/1356/1356
f 1343/1343/1343 1349/1349/1349 1354/1354/1354
f 1350/1350/1350 1351/1351/1351 1356/1356/1356
f 1350/1350/1350 1356/1356/1356 1355/1355/1355
f 1352/1352/1352 1353/1353/1353 1358/1358/1358
f 1352/1352/1352 1358/1358/1358 1357/1357/1357
f 1358/1358/1358 1342/1342/1342 1363/1363/1363
f 1356/1356/1356 1357/1357/1357 1362/1362/1362
f 1356/1356/1356 1362/1362/1362 1361/1361/1361
f 1343/1343/1343 1354/1354/1354 1359/1359/1359
f 1355/1355/1355 1356/1356/1356 1361/1361/1361
f 1355/1355/1355 1361/1361/1361 1360/1360/1360
f 1357/1357/1357 1358/1358/1358 1363/1363/1363
f 1357/1357/1357 1363/1363/1363 1362/1362/1362
f 1354/1354/1354 1355/1355/1355 1360/1360/1360
f 1354/1354/1354 1360/1360/1360 1359/1359/1359
f 1361/1361/1361 1362/1362/1362 1326/1326/1326
f 1361/1361/1361 1326/1326/1326 1365/1365/1365
f 1343/1343/1343 1359/1359/1359 1364/1364/1364
f 1360/1360/1360 1361/1361/1361 1365/1365/1365
f 1360/1360/1360 1365/1365/1365 1325/1325/1325
f 1362/1362/1362 1363/1363/1363 1366/1366/1366
f 1362/1362/1362 1366/1366/1366 1326/1326/1326
f 1359/1359/1359 1360/1360/1360 1325/1325/1325
f 1359/1359/1359 1325/1325/1325 1364/1364/1364
f 1363/1363/1363 1342/1342/1342 1366/1366/1366
f 1410/1410/1410 1408/1408/1408 1415/1415/1415
f 1410/1410/1410 1415/1415/1415 1417/1417/1417
f 1396/1396/1396 1442/1442/1442 1402/1402/1402
f 1367/1367/1367 1368/1368/1368 1370/1370/1370
f 1367/1367/1367 1370/1370/1370 1369/1369/1369
f 1412/1412/1412 1411/1411/1411 1418/1418/1418
f 1412/1412/1412 1418/1418/1418 1419/1419/1419
f 1447/1447/1447 1401/1401/1401 1406/1406/1406
f 1369/1369/1369 1370/1370/1370 1372/1372/1372
f 1369/1369/1369 1372/1372/1372 1371/1371/1371
f 1413/1413/1413 1412/1412/1412 1419/1419/1419
f 1413/1413/1413 1419/1419/1419 1420/1420/1420
f 1401/1401/1401 1400/1400/1400 1405/1405/1405
f 1401/1401/1401 1405/1405/1405 1406/1406/1406
f 1371/1371/1371 1372/1372/1372 1374/1374/1374
f 1371/1371/1371 1374/1374/1374 1373/1373/1373
f 1411/1411/1411 1410/1410/1410 1417/1417/1417
f 1411/1411/1411 1417/1417/1417 1418/1418/1418
f 1400/1400/1400 1399/1399/1399 1404/1404/1404
f 1400/1400/1400 1404/1404/1404 1405/1405/1405
f 1373/1373/1373 1374/1374/1374 1376/1376/1376
f 1373/1373/1373 1376/1376/1376 1375/1375/1375
f 1404/1404/1404 1403/1403/1403 1410/1410/1410
f 1404/1404/1404 1410/1410/1410 1411/1411/1411
f 1398/1398/1398 1396/1396/1396 1402/1402/1402
f 1398/1398/1398 1402/1402/1402 1403/1403/1403
f 1375/1375/1375 1376/1376/1376 1378/1378/1378
f 1375/1375/1375 1378/1378/1378 1377/1377/1377
f 1405/1405/1405 1404/1404/1404 1411/1411/1411
f 1405/1405/1405 1411/1411/1411 1412/1412/1412
f 1467/1467/1467 1465/1465/1465 1396/1396/1396
f 1467/1467/1467 1396/1396/1396 1398/1398/1398
f 1377/1377/1377 1378/1378/1378 1380/1380/1380
f 1377/1377/1377 1380/1380/1380 1379/1379/1379
f 1447/1447/1447 1406/1406/1406 1413/1413/1413
f 1447/1447/1447 1469/1469/1469 1401/1401/1401
f 1379/1379/1379 1380/1380/1380 1382/1382/1382
f 1379/1379/1379 1382/1382/1382 1381/1381/1381
f 1402/1402/1402 1442/1442/1442 1408/1408/1408
f 1468/1468/1468 1467/1467/1467 1398/1398/1398
f 1468/1468/1468 1398/1398/1398 1399/1399/1399
f 1381/1381/1381 1382/1382/1382 1384/1384/1384
f 1381/1381/1381 1384/1384/1384 1383/1383/1383
f 1406/1406/1406 1405/1405/1405 1412/1412/1412
f 1406/1406/1406 1412/1412/1412 1413/1413/1413
f 1393/1393/1393 1468/1468/1468 1399/1399/1399
f 1393/1393/1393 1399/1399/1399 1400/1400/1400
f 1383/1383/1383 1384/1384/1384 1386/1386/1386
f 1383/1383/1383 1386/1386/1386 1385/1385/1385
f 1403/1403/1403 1402/1402/1402 1408/1408/1408
f 1403/1403/1403 1408/1408/1408 1410/1410/1410
f 1465/1465/1465 1442/1442/1442 1396/1396/1396
f 1385/1385/1385 1386/1386/1386 1388/1388/1388
f 1385/1385/1385 1388/1388/1388 1387/1387/1387
f 1372/1372/1372 1370/1370/1370 1368/1368/1368
f 1368/1368/1368 1390/1390/1390 1388/1388/1388
f 1388/1388/1388 1386/1386/1386 1384/1384/1384
f 1384/1384/1384 1382/1382/1382 1380/1380/1380
f 1380/1380/1380 1378/1378/1378 1376/1376/1376
f 1376/1376/1376 1374/1374/1374 1372/1372/1372
f 1372/1372/1372 1368/1368/1368 1388/1388/1388
f 1388/1388/1388 1384/1384/1384 1380/1380/1380
f 1380/1380/1380 1376/1376/1376 1372/1372/1372
f 1388/1388/1388 1380/1380/1380 1372/1372/1372
f 1469/1469/1469 1393/1393/1393 1400/1400/1400
f 1469/1469/1469 1400/1400/1400 1401/1401/1401
f 1387/1387/1387 1388/1388/1388 1390/1390/1390
f 1387/1387/1387 1390/1390/1390 1389/1389/1389
f 1447/1447/1447 1413/1413/1413 1420/1420/1420
f 1399/1399/1399 1398/1398/1398 1403/1403/1403
f 1399/1399/1399 1403/1403/1403 1404/1404/1404
f 1389/1389/1389 1390/1390/1390 1368/1368/1368
f 1389/1389/1389 1368/1368/1368 1367/1367/1367
f 1389/1389/1389 1367/1367/1367 1369/1369/1369
f 1369/1369/1369 1371/1371/1371 1373/1373/1373
f 1373/1373/1373 1375/1375/1375 1377/1377/1377
f 1377/1377/1377 1379/1379/1379 1381/1381/1381
f 1381/1381/1381 1383/1383/1383 1385/1385/1385
f 1385/1385/1385 1387/1387/1387 1389/1389/1389
f 1389/1389/1389 1369/1369/1369 1373/1373/1373
f 1373/1373/1373 1377/1377/1377 1381/1381/1381
f 1381/1381/1381 1385/1385/1385 1389/1389/1389
f 1373/1373/1373 1381/1381/1381 1389/1389/1389
f 1408/1408/1408 1442/1442/1442 1415/1415/1415
f 1420/1420/1420 1419/1419/1419 1425/1425/1425
f 1420/1420/1420 1425/1425/1425 1426/1426/1426
f 1447/1447/1447 1420/1420/1420 1426/1426/1426
f 1417/1417/1417 1415/1415/1415 1422/1422/1422
f 1417/1417/1417 1422/1422/1422 1423/1423/1423
f 1419/1419/1419 1418/1418/1418 1424/1424/1424
f 1419/1419/1419 1424/1424/1424 1425/1425/1425
f 1415/1415/1415 1442/1442/1442 1422/1422/1422
f 1418/1418/1418 1417/1417/1417 1423/1423/1423
f 1418/1418/1418 1423/1423/1423 1424/1424/1424
f 1447/1447/1447 1426/1426/1426 1432/1432/1432
f 1423/1423/1423 1422/1422/1422 1427/1427/1427
f 1423/1423/1423 1427/1427/1427 1429/1429/1429
f 1425/1425/1425 1424/1424/1424 1430/1430/1430
f 1425/1425/1425 1430/1430/1430 1431/1431/1431
f 1422/1422/1422 1442/1442/1442 1427/1427/1427
f 1424/1424/1424 1423/1423/1423 1429/1429/1429
f 1424/1424/1424 1429/1429/1429 1430/1430/1430
f 1426/1426/1426 1425/1425/1425 1431/1431/1431
f 1426/1426/1426 1431/1431/1431 1432/1432/1432
f 1447/1447/1447 1432/1432/1432 1439/1439/1439
f 1429/1429/1429 1427/1427/1427 1434/1434/1434
f 1429/1429/1429 1434/1434/1434 1436/1436/1436
f 1431/1431/1431 1430/1430/1430 1437/1437/1437
f 1431/1431/1431 1437/1437/1437 1438/1438/1438
f 1427/1427/1427 1442/1442/1442 1434/1434/1434
f 1430/1430/1430 1429/1429/1429 1436/1436/1436
f 1430/1430/1430 1436/1436/1436 1437/1437/1437
f 1432/1432/1432 1431/1431/1431 1438/1438/1438
f 1432/1432/1432 1438/1438/1438 1439/1439/1439
f 1447/1447/1447 1439/1439/1439 1446/1446/1446
f 1436/1436/1436 1434/1434/1434 1441/1441/1441
f 1436/1436/1436 1441/1441/1441 1443/1443/1443
f 1438/1438/1438 1437/1437/1437 1444/1444/1444
f 1438/1438/1438 1444/1444/1444 1445/1445/1445
f 1434/1434/1434 1442/1442/1442 1441/1441/1441
f 1437/1437/1437 1436/1436/1436 1443/1443/1443
f 1437/1437/1437 1443/1443/1443 1444/1444/1444
f 1439/1439/1439 1438/1438/1438 1445/1445/1445
f 1439/1439/1439 1445/1445/1445 1446/1446/1446
f 1443/1443/1443 1441/1441/1441 1448/1448/1448
f 1443/1443/1443 1448/1448/1448 1450/1450/1450
f 1445/1445/1445 1444/1444/1444 1451/1451/1451
f 1445/1445/1445 1451/1451/1451 1452/1452/1452
f 1441/1441/1441 1442/1442/1442 1448/1448/1448
f 1444/1444/1444 1443/1443/1443 1450/1450/1450
f 1444/1444/1444 1450/1450/1450 1451/1451/1451
f 1446/1446/1446 1445/1445/1445 1452/1452/1452
f 1446/1446/1446 1452/1452/1452 1453/1453/1453
f 1447/1447/1447 1446/1446/1446 1453/1453/1453
f 1452/1452/1452 1451/1451/1451 1456/1456/1456
f 1452/1452/1452 1456/1456/1456 1457/1457/1457
f 1448/1448/1448 1442/1442/1442 1454/1454/1454
f 1451/1451/1451 1450/1450/1450 1455/1455/1455
f 1451/1451/1451 1455/1455/1455 1456/1456/1456
f 1453/1453/1453 1452/1452/1452 1457/1457/1457
f 1453/1453/1453 1457/1457/1457 1458/1458/1458
f 1447/1447/1447 1453/1453/1453 1458/1458/1458
f 1450/1450/1450 1448/1448/1448 1454/1454/1454
f 1450/1450/1450 1454/1454/1454 1455/1455/1455
f 1454/1454/1454 1442/1442/1442 1459/1459/1459
f 1456/1456/1456 1455/1455/1455 1461/1461/1461
f 1456/1456/1456 1461/1461/1461 1462/1462/1462
f 1458/1458/1458 1457/1457/1457 1463/1463/1463
f 1458/1458/1458 1463/1463/1463 1464/1464/1464
f 1447/1447/1447 1458/1458/1458 1464/1464/1464
f 1455/1455/1455 1454/1454/1454 1459/1459/1459
f 1455/1455/1455 1459/1459/1459 1461/1461/1461
f 1457/1457/1457 1456/1456/1456 1462/1462/1462
f 1457/1457/1457 1462/1462/1462 1463/1463/1463
f 1459/1459/1459 1442/1442/1442 1465/1465/1465
f 1462/1462/1462 1461/1461/1461 1467/1467/1467
f 1462/1462/1462 1467/1467/1467 1468/1468/1468
f 1464/1464/1464 1463/1463/1463 1393/1393/1393
f 1464/1464/1464 1393/1393/1393 1469/1469/1469
f 1447/1447/1447 1464/1464/1464 1469/1469/1469
f 1461/1461/1461 1459/1459/1459 1465/1465/1465
f 1461/1461/1461 1465/1465/1465 1467/1467/1467
f 1463/1463/1463 1462/1462/1462 1468/1468/1468
f 1463/1463/1463 1468/1468/1468 1393/1393/1393
f 1514/1514/1514 1460/1460/1460 1440/1440/1440
f 1514/1514/1514 1440/1440/1440 1449/1449/1449
f 1466/1466/1466 1512/1512/1512 1428/1428/1428
f 1466/1466/1466 1428/1428/1428 1433/1433/1433
f 1513/1513/1513 1466/1466/1466 1433/1433/1433
f 1513/1513/1513 1433/1433/1433 1435/1435/1435
f 1460/1460/1460 1513/1513/1513 1435/1435/1435
f 1460/1460/1460 1435/1435/1435 1440/1440/1440
f 1512/1512/1512 1485/1485/1485 1428/1428/1428
f 1491/1491/1491 1514/1514/1514 1449/1449/1449
f 1433/1433/1433 1428/1428/1428 1421/1421/1421
f 1433/1433/1433 1421/1421/1421 1416/1416/1416
f 1491/1491/1491 1449/1449/1449 1407/1407/1407
f 1440/1440/1440 1435/1435/1435 1414/1414/1414
f 1440/1440/1440 1414/1414/1414 1409/1409/1409
f 1435/1435/1435 1433/1433/1433 1416/1416/1416
f 1435/1435/1435 1416/1416/1416 1414/1414/1414
f 1449/1449/1449 1440/1440/1440 1409/1409/1409
f 1449/1449/1449 1409/1409/1409 1407/1407/1407
f 1428/1428/1428 1485/1485/1485 1421/1421/1421
f 1407/1407/1407 1409/1409/1409 1395/1395/1395
f 1407/1407/1407 1395/1395/1395 1397/1397/1397
f 1421/1421/1421 1485/1485/1485 1391/1391/1391
f 1414/1414/1414 1416/1416/1416 1392/1392/1392
f 1414/1414/1414 1392/1392/1392 1394/1394/1394
f 1416/1416/1416 1421/1421/1421 1391/1391/1391
f 1416/1416/1416 1391/1391/1391 1392/1392/1392
f 1409/1409/1409 1414/1414/1414 1394/1394/1394
f 1409/1409/1409 1394/1394/1394 1395/1395/1395
f 1491/1491/1491 1407/1407/1407 1397/1397/1397
f 1391/1391/1391 1485/1485/1485 1470/1470/1470
f 1394/1394/1394 1392/1392/1392 1471/1471/1471
f 1394/1394/1394 1471/1471/1471 1472/1472/1472
f 1397/1397/1397 1395/1395/1395 1473/1473/1473
f 1397/1397/1397 1473/1473/1473 1474/1474/1474
f 1395/1395/1395 1394/1394/1394 1472/1472/1472
f 1395/1395/1395 1472/1472/1472 1473/1473/1473
f 1491/1491/1491 1397/1397/1397 1474/1474/1474
f 1392/1392/1392 1391/1391/1391 1470/1470/1470
f 1392/1392/1392 1470/1470/1470 1471/1471/1471
f 1470/1470/1470 1485/1485/1485 1475/1475/1475
f 1474/1474/1474 1473/1473/1473 1478/1478/1478
f 1474/1474/1474 1478/1478/1478 1479/1479/1479
f 1491/1491/1491 1474/1474/1474 1479/1479/1479
f 1472/1472/1472 1471/1471/1471 1476/1476/1476
f 1472/1472/1472 1476/1476/1476 1477/1477/1477
f 1473/1473/1473 1472/1472/1472 1477/1477/1477
f 1473/1473/1473 1477/1477/1477 1478/1478/1478
f 1471/1471/1471 1470/1470/1470 1475/1475/1475
f 1471/1471/1471 1475/1475/1475 1476/1476/1476
f 1475/1475/1475 1485/1485/1485 1480/1480/1480
f 1477/1477/1477 1476/1476/1476 1481/1481/1481
f 1477/1477/1477 1481/1481/1481 1482/1482/1482
f 1479/1479/1479 1478/1478/1478 1483/1483/1483
f 1479/1479/1479 1483/1483/1483 1484/1484/1484
f 1491/1491/1491 1479/1479/1479 1484/1484/1484
f 1476/1476/1476 1475/1475/1475 1480/1480/1480
f 1476/1476/1476 1480/1480/1480 1481/1481/1481
f 1478/1478/1478 1477/1477/1477 1482/1482/1482
f 1478/1478/1478 1482/1482/1482 1483/1483/1483
f 1480/1480/1480 1485/1485/1485 1486/1486/1486
f 1482/1482/1482 1481/1481/1481 1487/1487/1487
f 1482/1482/1482 1487/1487/1487 1488/1488/1488
f 1484/1484/1484 1483/1483/1483 1489/1489/1489
f 1484/1484/1484 1489/1489/1489 1490/1490/1490
f 1481/1481/1481 1480/1480/1480 1486/1486/1486
f 1481/1481/1481 1486/1486/1486 1487/1487/1487
f 1483/1483/1483 1482/1482/1482 1488/1488/1488
f 1483/1483/1483 1488/1488/1488 1489/1489/1489
f 1491/1491/1491 1484/1484/1484 1490/1490/1490
f 1486/1486/1486 1485/1485/1485 1492/1492/1492
f 1488/1488/1488 1487/1487/1487 1493/1493/1493
f 1488/1488/1488 1493/1493/1493 1494/1494/1494
f 1490/1490/1490 1489/1489/1489 1495/1495/1495
f 1490/1490/1490 1495/1495/1495 1496/1496/1496
f 1487/1487/1487 1486/1486/1486 1492/1492/1492
f 1487/1487/1487 1492/1492/1492 1493/1493/1493
f 1489/1489/1489 1488/1488/1488 1494/1494/1494
f 1489/1489/1489 1494/1494/1494 1495/1495/1495
f 1491/1491/1491 1490/1490/1490 1496/1496/1496
f 1494/1494/1494 1493/1493/1493 1498/1498/1498
f 1494/1494/1494 1498/1498/1498 1499/1499/1499
f 1496/1496/1496 1495/1495/1495 1500/1500/1500
f 1496/1496/1496 1500/1500/1500 1501/1501/1501
f 1493/1493/1493 1492/1492/1492 1497/1497/1497
f 1493/1493/1493 1497/1497/1497 1498/1498/1498
f 1495/1495/1495 1494/1494/1494 1499/1499/1499
f 1495/1495/1495 1499/1499/1499 1500/1500/1500
f 1491/1491/1491 1496/1496/1496 1501/1501/1501
f 1492/1492/1492 1485/1485/1485 1497/1497/1497
f 1501/1501/1501 1500/1500/1500 1505/1505/1505
f 1501/1501/1501 1505/1505/1505 1506/1506/1506
f 1498/1498/1498 1497/1497/1497 1502/1502/1502
f 1498/1498/1498 1502/1502/1502 1503/1503/1503
f 1500/1500/1500 1499/1499/1499 1504/1504/1504
f 1500/1500/1500 1504/1504/1504 1505/1505/1505
f 1491/1491/1491 1501/1501/1501 1506/1506/1506
f 1497/1497/1497 1485/1485/1485 1502/1502/1502
f 1499/1499/1499 1498/1498/1498 1503/1503/1503
f 1499/1499/1499 1503/1503/1503 1504/1504/1504
f 1503/1503/1503 1502/1502/1502 1507/1507/1507
f 1503/1503/1503 1507/1507/1507 1508/1508/1508
f 1505/1505/1505 1504/1504/1504 1509/1509/1509
f 1505/1505/1505 1509/1509/1509 1510/1510/1510
f 1491/1491/1491 1506/1506/1506 1511/1511/1511
f 1502/1502/1502 1485/1485/1485 1507/1507/1507
f 1504/1504/1504 1503/1503/1503 1508/1508/1508
f 1504/1504/1504 1508/1508/1508 1509/1509/1509
f 1506/1506/1506 1505/1505/1505 1510/1510/1510
f 1506/1506/1506 1510/1510/1510 1511/1511/1511
f 1508/1508/1508 1507/1507/1507 1512/1512/1512
f 1508/1508/1508 1512/1512/1512 1466/1466/1466
f 1510/1510/1510 1509/1509/1509 1513/1513/1513
f 1510/1510/1510 1513/1513/1513 1460/1460/1460
f 1491/1491/1491 1511/1511/1511 1514/1514/1514
f 1507/1507/1507 1485/1485/1485 1512/1512/1512
f 1509/1509/1509 1508/1508/1508 1466/1466/1466
f 1509/1509/1509 1466/1466/1466 1513/1513/1513
f 1511/1511/1511 1510/1510/1510 1460/1460/1460
f 1511/1511/1511 1460/1460/1460 1514/1514/1514
f 1558/1558/1558 1594/1594/1594 1565/1565/1565
f 1546/1546/1546 1544/1544/1544 1551/1551/1551
f 1546/1546/1546 1551/1551/1551 1553/1553/1553
f 1515/1515/1515 1516/1516/1516 1518/1518/1518
f 1515/1515/1515 1518/1518/1518 1517/1517/1517
f 1561/1561/1561 1560/1560/1560 1567/1567/1567
f 1561/1561/1561 1567/1567/1567 1568/1568/1568
f 1547/1547/1547 1546/1546/1546 1553/1553/1553
f 1547/1547/1547 1553/1553/1553 1554/1554/1554
f 1517/1517/1517 1518/1518/1518 1520/1520/1520
f 1517/1517/1517 1520/1520/1520 1519/1519/1519
f 1560/1560/1560 1558/1558/1558 1565/1565/1565
f 1560/1560/1560 1565/1565/1565 1567/1567/1567
f 1544/1544/1544 1594/1594/1594 1551/1551/1551
f 1519/1519/1519 1520/1520/1520 1522/1522/1522
f 1519/1519/1519 1522/1522/1522 1521/1521/1521
f 1599/1599/1599 1563/1563/1563 1570/1570/1570
f 1599/1599/1599 1549/1549/1549 1556/1556/1556
f 1521/1521/1521 1522/1522/1522 1524/1524/1524
f 1521/1521/1521 1524/1524/1524 1523/1523/1523
f 1553/1553/1553 1551/1551/1551 1558/1558/1558
f 1553/1553/1553 1558/1558/1558 1560/1560/1560
f 1549/1549/1549 1548/1548/1548 1555/1555/1555
f 1549/1549/1549 1555/1555/1555 1556/1556/1556
f 1523/1523/1523 1524/1524/1524 1526/1526/1526
f 1523/1523/1523 1526/1526/1526 1525/1525/1525
f 1554/1554/1554 1553/1553/1553 1560/1560/1560
f 1554/1554/1554 1560/1560/1560 1561/1561/1561
f 1624/1624/1624 1541/1541/1541 1548/1548/1548
f 1624/1624/1624 1548/1548/1548 1549/1549/1549
f 1525/1525/1525 1526/1526/1526 1528/1528/1528
f 1525/1525/1525 1528/1528/1528 1527/1527/1527
f 1555/1555/1555 1554/1554/1554 1561/1561/1561
f 1555/1555/1555 1561/1561/1561 1562/1562/1562
f 1621/1621/1621 1619/1619/1619 1544/1544/1544
f 1621/1621/1621 1544/1544/1544 1546/1546/1546
f 1527/1527/1527 1528/1528/1528 1530/1530/1530
f 1527/1527/1527 1530/1530/1530 1529/1529/1529
f 1599/1599/1599 1556/1556/1556 1563/1563/1563
f 1599/1599/1599 1624/1624/1624 1549/1549/1549
f 1529/1529/1529 1530/1530/1530 1532/1532/1532
f 1529/1529/1529 1532/1532/1532 1531/1531/1531
f 1551/1551/1551 1594/1594/1594 1558/1558/1558
f 1622/1622/1622 1621/1621/1621 1546/1546/1546
f 1622/1622/1622 1546/1546/1546 1547/1547/1547
f 1531/1531/1531 1532/1532/1532 1534/1534/1534
f 1531/1531/1531 1534/1534/1534 1533/1533/1533
f 1556/1556/1556 1555/1555/1555 1562/1562/1562
f 1556/1556/1556 1562/1562/1562 1563/1563/1563
f 1541/1541/1541 1622/1622/1622 1547/1547/1547
f 1541/1541/1541 1547/1547/1547 1548/1548/1548
f 1533/1533/1533 1534/1534/1534 1536/1536/1536
f 1533/1533/1533 1536/1536/1536 1535/1535/1535
f 1520/1520/1520 1518/1518/1518 1516/1516/1516
f 1516/1516/1516 1538/1538/1538 1536/1536/1536
f 1536/1536/1536 1534/1534/1534 1532/1532/1532
f 1532/1532/1532 1530/1530/1530 1528/1528/1528
f 1528/1528/1528 1526/1526/1526 1524/1524/1524
f 1524/1524/1524 1522/1522/1522 1520/1520/1520
f 1520/1520/1520 1516/1516/1516 1536/1536/1536
f 1536/1536/1536 1532/1532/1532 1528/1528/1528
f 1528/1528/1528 1524/1524/1524 1520/1520/1520
f 1536/1536/1536 1528/1528/1528 1520/1520/1520
f 1619/1619/1619 1594/1594/1594 1544/1544/1544
f 1535/1535/1535 1536/1536/1536 1538/1538/1538
f 1535/1535/1535 1538/1538/1538 1537/1537/1537
f 1562/1562/1562 1561/1561/1561 1568/1568/1568
f 1562/1562/1562 1568/1568/1568 1569/1569/1569
f 1548/1548/1548 1547/1547/1547 1554/1554/1554
f 1548/1548/1548 1554/1554/1554 1555/1555/1555
f 1537/1537/1537 1538/1538/1538 1516/1516/1516
f 1537/1537/1537 1516/1516/1516 1515/1515/1515
f 1537/1537/1537 1515/1515/1515 1517/1517/1517
f 1517/1517/1517 1519/1519/1519 1521/1521/1521
f 1521/1521/1521 1523/1523/1523 1525/1525/1525
f 1525/1525/1525 1527/1527/1527 1529/1529/1529
f 1529/1529/1529 1531/1531/1531 1533/1533/1533
f 1533/1533/1533 1535/1535/1535 1537/1537/1537
f 1537/1537/1537 1517/1517/1517 1521/1521/1521
f 1521/1521/1521 1525/1525/1525 1529/1529/1529
f 1529/1529/1529 1533/1533/1533 1537/1537/1537
f 1521/1521/1521 1529/1529/1529 1537/1537/1537
f 1563/1563/1563 1562/1562/1562 1569/1569/1569
f 1563/1563/1563 1569/1569/1569 1570/1570/1570
f 1599/1599/1599 1570/1570/1570 1577/1577/1577
f 1567/1567/1567 1565/1565/1565 1572/1572/1572
f 1567/1567/1567 1572/1572/1572 1574/1574/1574
f 1569/1569/1569 1568/1568/1568 1575/1575/1575
f 1569/1569/1569 1575/1575/1575 1576/1576/1576
f 1565/1565/1565 1594/1594/1594 1572/1572/1572
f 1568/1568/1568 1567/1567/1567 1574/1574/1574
f 1568/1568/1568 1574/1574/1574 1575/1575/1575
f 1570/1570/1570 1569/1569/1569 1576/1576/1576
f 1570/1570/1570 1576/1576/1576 1577/1577/1577
f 1599/1599/1599 1577/1577/1577 1584/1584/1584
f 1574/1574/1574 1572/1572/1572 1579/1579/1579
f 1574/1574/1574 1579/1579/1579 1581/1581/1581
f 1576/1576/1576 1575/1575/1575 1582/1582/1582
f 1576/1576/1576 1582/1582/1582 1583/1583/1583
f 1572/1572/1572 1594/1594/1594 1579/1579/1579
f 1575/1575/1575 1574/1574/1574 1581/1581/1581
f 1575/1575/1575 1581/1581/1581 1582/1582/1582
f 1577/1577/1577 1576/1576/1576 1583/1583/1583
f 1577/1577/1577 1583/1583/1583 1584/1584/1584
f 1581/1581/1581 1579/1579/1579 1586/1586/1586
f 1581/1581/1581 1586/1586/1586 1588/1588/1588
f 1583/1583/1583 1582/1582/1582 1589/1589/1589
f 1583/1583/1583 1589/1589/1589 1590/1590/1590
f 1579/1579/1579 1594/1594/1594 1586/1586/1586
f 1582/1582/1582 1581/1581/1581 1588/1588/1588
f 1582/1582/1582 1588/1588/1588 1589/1589/1589
f 1584/1584/1584 1583/1583/1583 1590/1590/1590
f 1584/1584/1584 1590/1590/1590 1591/1591/1591
f 1599/1599/1599 1584/1584/1584 1591/1591/1591
f 1590/1590/1590 1589/1589/1589 1596/1596/1596
f 1590/1590/1590 1596/1596/1596 1597/1597/1597
f 1586/1586/1586 1594/1594/1594 1593/1593/1593
f 1589/1589/1589 1588/1588/1588 1595/1595/1595
f 1589/1589/1589 1595/1595/1595 1596/1596/1596
f 1591/1591/1591 1590/1590/1590 1597/1597/1597
f 1591/1591/1591 1597/1597/1597 1598/1598/1598
f 1599/1599/1599 1591/1591/1591 1598/1598/1598
f 1588/1588/1588 1586/1586/1586 1593/1593/1593
f 1588/1588/1588 1593/1593/1593 1595/1595/1595
f 1593/1593/1593 1594/1594/1594 1600/1600/1600
f 1596/1596/1596 1595/1595/1595 1602/1602/1602
f 1596/1596/1596 1602/1602/1602 1603/1603/1603
f 1598/1598/1598 1597/1597/1597 1604/1604/1604
f 1598/1598/1598 1604/1604/1604 1605/1605/1605
f 1599/1599/1599 1598/1598/1598 1605/1605/1605
f 1595/1595/1595 1593/1593/1593 1600/1600/1600
f 1595/1595/1595 1600/1600/1600 1602/1602/1602
f 1597/1597/1597 1596/1596/1596 1603/1603/1603
f 1597/1597/1597 1603/1603/1603 1604/1604/1604
f 1600/1600/1600 1594/1594/1594 1607/1607/1607
f 1603/1603/1603 1602/1602/1602 1608/1608/1608
f 1603/1603/1603 1608/1608/1608 1609/1609/1609
f 1605/1605/1605 1604/1604/1604 1610/1610/1610
f 1605/1605/1605 1610/1610/1610 1611/1611/1611
f 1599/1599/1599 1605/1605/1605 1611/1611/1611
f 1602/1602/1602 1600/1600/1600 1607/1607/1607
f 1602/1602/1602 1607/1607/1607 1608/1608/1608
f 1604/1604/1604 1603/1603/1603 1609/1609/1609
f 1604/1604/1604 1609/1609/1609 1610/1610/1610
f 1607/1607/1607 1594/1594/1594 1612/1612/1612
f 1609/1609/1609 1608/1608/1608 1614/1614/1614
f 1609/1609/1609 1614/1614/1614 1615/1615/1615
f 1611/1611/1611 1610/1610/1610 1616/1616/1616
f 1611/1611/1611 1616/1616/1616 1617/1617/1617
f 1599/1599/1599 1611/1611/1611 1617/1617/1617
f 1608/1608/1608 1607/1607/1607 1612/1612/1612
f 1608/1608/1608 1612/1612/1612 1614/1614/1614
f 1610/1610/1610 1609/1609/1609 1615/1615/1615
f 1610/1610/1610 1615/1615/1615 1616/1616/1616
f 1612/1612/1612 1594/1594/1594 1619/1619/1619
f 1615/1615/1615 1614/1614/1614 1621/1621/1621
f 1615/1615/1615 1621/1621/1621 1622/1622/1622
f 1617/1617/1617 1616/1616/1616 1541/1541/1541
f 1617/1617/1617 1541/1541/1541 1624/1624/1624
f 1599/1599/1599 1617/1617/1617 1624/1624/1624
f 1614/1614/1614 1612/1612/1612 1619/1619/1619
f 1614/1614/1614 1619/1619/1619 1621/1621/1621
f 1616/1616/1616 1615/1615/1615 1622/1622/1622
f 1616/1616/1616 1622/1622/1622 1541/1541/1541
f 1620/1620/1620 1675/1675/1675 1580/1580/1580
f 1620/1620/1620 1580/1580/1580 1585/1585/1585
f 1676/1676/1676 1620/1620/1620 1585/1585/1585
f 1676/1676/1676 1585/1585/1585 1587/1587/1587
f 1613/1613/1613 1676/1676/1676 1587/1587/1587
f 1613/1613/1613 1587/1587/1587 1592/1592/1592
f 1675/1675/1675 1644/1644/1644 1580/1580/1580
f 1650/1650/1650 1677/1677/1677 1601/1601/1601
f 1677/1677/1677 1613/1613/1613 1592/1592/1592
f 1677/1677/1677 1592/1592/1592 1601/1601/1601
f 1585/1585/1585 1580/1580/1580 1571/1571/1571
f 1585/1585/1585 1571/1571/1571 1566/1566/1566
f 1650/1650/1650 1601/1601/1601 1557/1557/1557
f 1592/1592/1592 1587/1587/1587 1564/1564/1564
f 1592/1592/1592 1564/1564/1564 1559/1559/1559
f 1587/1587/1587 1585/1585/1585 1566/1566/1566
f 1587/1587/1587 1566/1566/1566 1564/1564/1564
f 1601/1601/1601 1592/1592/1592 1559/1559/1559
f 1601/1601/1601 1559/1559/1559 1557/1557/1557
f 1580/1580/1580 1644/1644/1644 1571/1571/1571
f 1564/1564/1564 1566/1566/1566 1540/1540/1540
f 1564/1564/1564 1540/1540/1540 1542/1542/1542
f 1559/1559/1559 1564/1564/1564 1542/1542/1542
f 1559/1559/1559 1542/1542/1542 1543/1543/1543
f 1650/1650/1650 1557/1557/1557 1545/1545/1545
f 1566/1566/1566 1571/1571/1571 1539/1539/1539
f 1566/1566/1566 1539/1539/1539 1540/1540/1540
f 1557/1557/1557 1559/1559/1559 1543/1543/1543
f 1557/1557/1557 1543/1543/1543 1545/1545/1545
f 1571/1571/1571 1644/1644/1644 1539/1539/1539
f 1542/1542/1542 1540/1540/1540 1627/1627/1627
f 1542/1542/1542 1627/1627/1627 1628/1628/1628
f 1545/1545/1545 1543/1543/1543 1629/1629/1629
f 1545/1545/1545 1629/1629/1629 1630/1630/1630
f 1539/1539/1539 1644/1644/1644 1626/1626/1626
f 1650/1650/1650 1545/1545/1545 1630/1630/1630
f 1543/1543/1543 1542/1542/1542 1628/1628/1628
f 1543/1543/1543 1628/1628/1628 1629/1629/1629
f 1540/1540/1540 1539/1539/1539 1626/1626/1626
f 1540/1540/1540 1626/1626/1626 1627/1627/1627
f 1626/1626/1626 1644/1644/1644 1633/1633/1633
f 1630/1630/1630 1629/1629/1629 1636/1636/1636
f 1630/1630/1630 1636/1636/1636 1637/1637/1637
f 1650/1650/1650 1630/1630/1630 1637/1637/1637
f 1629/1629/1629 1628/1628/1628 1635/1635/1635
f 1629/1629/1629 1635/1635/1635 1636/1636/1636
f 1627/1627/1627 1626/1626/1626 1633/1633/1633
f 1627/1627/1627 1633/1633/1633 1634/1634/1634
f 1628/1628/1628 1627/1627/1627 1634/1634/1634
f 1628/1628/1628 1634/1634/1634 1635/1635/1635
f 1633/1633/1633 1644/1644/1644 1638/1638/1638
f 1635/1635/1635 1634/1634/1634 1639/1639/1639
f 1635/1635/1635 1639/1639/1639 1640/1640/1640
f 1637/1637/1637 1636/1636/1636 1641/1641/1641
f 1637/1637/1637 1641/1641/1641 1642/1642/1642
f 1650/1650/1650 1637/1637/1637 1642/1642/1642
f 1634/1634/1634 1633/1633/1633 1638/1638/1638
f 1634/1634/1634 1638/1638/1638 1639/1639/1639
f 1636/1636/1636 1635/1635/1635 1640/1640/1640
f 1636/1636/1636 1640/1640/1640 1641/1641/1641
f 1640/1640/1640 1639/1639/1639 1646/1646/1646
f 1640/1640/1640 1646/1646/1646 1647/1647/1647
f 1642/1642/1642 1641/1641/1641 1648/1648/1648
f 1642/1642/1642 1648/1648/1648 1649/1649/1649
f 1639/1639/1639 1638/1638/1638 1645/1645/1645
f 1639/1639/1639 1645/1645/1645 1646/1646/1646
f 1641/1641/1641 1640/1640/1640 1647/1647/1647
f 1641/1641/1641 1647/1647/1647 1648/1648/1648
f 1650/1650/1650 1642/1642/1642 1649/1649/1649
f 1638/1638/1638 1644/1644/1644 1645/1645/1645
f 1649/1649/1649 1648/1648/1648 1655/1655/1655
f 1649/1649/1649 1655/1655/1655 1656/1656/1656
f 1646/1646/1646 1645/1645/1645 1652/1652/1652
f 1646/1646/1646 1652/1652/1652 1653/1653/1653
f 1648/1648/1648 1647/1647/1647 1654/1654/1654
f 1648/1648/1648 1654/1654/1654 1655/1655/1655
f 1650/1650/1650 1649/1649/1649 1656/1656/1656
f 1645/1645/1645 1644/1644/1644 1652/1652/1652
f 1647/1647/1647 1646/1646/1646 1653/1653/1653
f 1647/1647/1647 1653/1653/1653 1654/1654/1654
f 1653/1653/1653 1652/1652/1652 1659/1659/1659
f 1653/1653/1653 1659/1659/1659 1660/1660/1660
f 1655/1655/1655 1654/1654/1654 1661/1661/1661
f 1655/1655/1655 1661/1661/1661 1662/1662/1662
f 1650/1650/1650 1656/1656/1656 1663/1663/1663
f 1652/1652/1652 1644/1644/1644 1659/1659/1659
f 1654/1654/1654 1653/1653/1653 1660/1660/1660
f 1654/1654/1654 1660/1660/1660 1661/1661/1661
f 1656/1656/1656 1655/1655/1655 1662/1662/1662
f 1656/1656/1656 1662/1662/1662 1663/1663/1663
f 1660/1660/1660 1659/1659/1659 1665/1665/1665
f 1660/1660/1660 1665/1665/1665 1666/1666/1666
f 1662/1662/1662 1661/1661/1661 1667/1667/1667
f 1662/1662/1662 1667/1667/1667 1668/1668/1668
f 1650/1650/1650 1663/1663/1663 1669/1669/1669
f 1659/1659/1659 1644/1644/1644 1665/1665/1665
f 1661/1661/1661 1660/1660/1660 1666/1666/1666
f 1661/1661/1661 1666/1666/1666 1667/1667/1667
f 1663/1663/1663 1662/1662/1662 1668/1668/1668
f 1663/1663/1663 1668/1668/1668 1669/1669/1669
f 1666/1666/1666 1665/1665/1665 1670/1670/1670
f 1666/1666/1666 1670/1670/1670 1671/1671/1671
f 1668/1668/1668 1667/1667/1667 1672/1672/1672
f 1668/1668/1668 1672/1672/1672 1673/1673/1673
f 1650/1650/1650 1669/1669/1669 1674/1674/1674
f 1665/1665/1665 1644/1644/1644 1670/1670/1670
f 1667/1667/1667 1666/1666/1666 1671/1671/1671
f 1667/1667/1667 1671/1671/1671 1672/1672/1672
f 1669/1669/1669 1668/1668/1668 1673/1673/1673
f 1669/1669/1669 1673/1673/1673 1674/1674/1674
f 1671/1671/1671 1670/1670/1670 1675/1675/1675
f 1671/1671/1671 1675/1675/1675 1620/1620/1620
f 1673/1673/1673 1672/1672/1672 1676/1676/1676
f 1673/1673/1673 1676/1676/1676 1613/1613/1613
f 1650/1650/1650 1674/1674/1674 1677/1677/1677
f 1670/1670/1670 1644/1644/1644 1675/1675/1675
f 1672/1672/1672 1671/1671/1671 1620/1620/1620
f 1672/1672/1672 1620/1620/1620 1676/1676/1676
f 1674/1674/1674 1673/1673/1673 1613/1613/1613
f 1674/1674/1674 1613/1613/1613 1677/1677/1677
f 1713/1713/1713 1712/1712/1712 1658/1658/1658
f 1713/1713/1713 1658/1658/1658 1664/1664/1664
f 1709/1709/1709 1688/1688/1688 1643/1643/1643
f 1710/1710/1710 1709/1709/1709 1643/1643/1643
f 1710/1710/1710 1643/1643/1643 1651/1651/1651
f 1711/1711/1711 1710/1710/1710 1651/1651/1651
f 1711/1711/1711 1651/1651/1651 1657/1657/1657
f 1712/1712/1712 1711/1711/1711 1657/1657/1657
f 1712/1712/1712 1657/1657/1657 1658/1658/1658
f 1714/1714/1714 1713/1713/1713 1664/1664/1664
f 1664/1664/1664 1658/1658/1658 1623/1623/1623
f 1664/1664/1664 1623/1623/1623 1618/1618/1618
f 1657/1657/1657 1651/1651/1651 1631/1631/1631
f 1657/1657/1657 1631/1631/1631 1625/1625/1625
f 1714/1714/1714 1664/1664/1664 1618/1618/1618
f 1658/1658/1658 1657/1657/1657 1625/1625/1625
f 1658/1658/1658 1625/1625/1625 1623/1623/1623
f 1651/1651/1651 1643/1643/1643 1632/1632/1632
f 1651/1651/1651 1632/1632/1632 1631/1631/1631
f 1643/1643/1643 1688/1688/1688 1632/1632/1632
f 1625/1625/1625 1631/1631/1631 1552/1552/1552
f 1625/1625/1625 1552/1552/1552 1573/1573/1573
f 1618/1618/1618 1623/1623/1623 1578/1578/1578
f 1618/1618/1618 1578/1578/1578 1606/1606/1606
f 1631/1631/1631 1632/1632/1632 1550/1550/1550
f 1631/1631/1631 1550/1550/1550 1552/1552/1552
f 1714/1714/1714 1618/1618/1618 1606/1606/1606
f 1632/1632/1632 1688/1688/1688 1550/1550/1550
f 1623/1623/1623 1625/1625/1625 1573/1573/1573
f 1623/1623/1623 1573/1573/1573 1578/1578/1578
f 1578/1578/1578 1573/1573/1573 1680/1680/1680
f 1578/1578/1578 1680/1680/1680 1681/1681/1681
f 1552/1552/1552 1550/1550/1550 1678/1678/1678
f 1552/1552/1552 1678/1678/1678 1679/1679/1679
f 1714/1714/1714 1606/1606/1606 1682/1682/1682
f 1550/1550/1550 1688/1688/1688 1678/1678/1678
f 1573/1573/1573 1552/1552/1552 1679/1679/1679
f 1573/1573/1573 1679/1679/1679 1680/1680/1680
f 1606/1606/1606 1578/1578/1578 1681/1681/1681
f 1606/1606/1606 1681/1681/1681 1682/1682/1682
f 1680/1680/1680 1679/1679/1679 1684/1684/1684
f 1680/1680/1680 1684/1684/1684 1685/1685/1685
f 1682/1682/1682 1681/1681/1681 1686/1686/1686
f 1682/1682/1682 1686/1686/1686 1687/1687/1687
f 1678/1678/1678 1688/1688/1688 1683/1683/1683
f 1679/1679/1679 1678/1678/1678 1683/1683/1683
f 1679/1679/1679 1683/1683/1683 1684/1684/1684
f 1714/1714/1714 1682/1682/1682 1687/1687/1687
f 1681/1681/1681 1680/1680/1680 1685/1685/1685
f 1681/1681/1681 1685/1685/1685 1686/1686/1686
f 1683/1683/1683 1688/1688/1688 1689/1689/1689
f 1685/1685/1685 1684/1684/1684 1690/1690/1690
f 1685/1685/1685 1690/1690/1690 1691/1691/1691
f 1687/1687/1687 1686/1686/1686 1692/1692/1692
f 1687/1687/1687 1692/1692/1692 1693/1693/1693
f 1686/1686/1686 1685/1685/1685 1691/1691/1691
f 1686/1686/1686 1691/1691/1691 1692/1692/1692
f 1714/1714/1714 1687/1687/1687 1693/1693/1693
f 1684/1684/1684 1683/1683/1683 1689/1689/1689
f 1684/1684/1684 1689/1689/1689 1690/1690/1690
f 1691/1691/1691 1690/1690/1690 1695/1695/1695
f 1691/1691/1691 1695/1695/1695 1696/1696/1696
f 1693/1693/1693 1692/1692/1692 1697/1697/1697
f 1693/1693/1693 1697/1697/1697 1698/1698/1698
f 1690/1690/1690 1689/1689/1689 1694/1694/1694
f 1690/1690/1690 1694/1694/1694 1695/1695/1695
f 1714/1714/1714 1693/1693/1693 1698/1698/1698
f 1692/1692/1692 1691/1691/1691 1696/1696/1696
f 1692/1692/1692 1696/1696/1696 1697/1697/1697
f 1689/1689/1689 1688/1688/1688 1694/1694/1694
f 1698/1698/1698 1697/1697/1697 1702/1702/1702
f 1698/1698/1698 1702/1702/1702 1703/1703/1703
f 1695/1695/1695 1694/1694/1694 1699/1699/1699
f 1695/1695/1695 1699/1699/1699 1700/1700/1700
f 1714/1714/1714 1698/1698/1698 1703/1703/1703
f 1697/1697/1697 1696/1696/1696 1701/1701/1701
f 1697/1697/1697 1701/1701/1701 1702/1702/1702
f 1694/1694/1694 1688/1688/1688 1699/1699/1699
f 1696/1696/1696 1695/1695/1695 1700/1700/1700
f 1696/1696/1696 1700/1700/1700 1701/1701/1701
f 1700/1700/1700 1699/1699/1699 1704/1704/1704
f 1700/1700/1700 1704/1704/1704 1705/1705/1705
f 1714/1714/1714 1703/1703/1703 1708/1708/1708
f 1702/1702/1702 1701/1701/1701 1706/1706/1706
f 1702/1702/1702 1706/1706/1706 1707/1707/1707
f 1699/1699/1699 1688/1688/1688 1704/1704/1704
f 1701/1701/1701 1700/1700/1700 1705/1705/1705
f 1701/1701/1701 1705/1705/1705 1706/1706/1706
f 1703/1703/1703 1702/1702/1702 1707/1707/1707
f 1703/1703/1703 1707/1707/1707 1708/1708/1708
f 1705/1705/1705 1704/1704/1704 1709/1709/1709
f 1705/1705/1705 1709/1709/1709 1710/1710/1710
f 1714/1714/1714 1708/1708/1708 1713/1713/1713
f 1707/1707/1707 1706/1706/1706 1711/1711/1711
f 1707/1707/1707 1711/1711/1711 1712/1712/1712
f 1704/1704/1704 1688/1688/1688 1709/1709/1709
f 1706/1706/1706 1705/1705/1705 1710/1710/1710
f 1706/1706/1706 1710/1710/1710 1711/1711/1711
f 1708/1708/1708 1707/1707/1707 1712/1712/1712
f 1708/1708/1708 1712/1712/1712 1713/1713/1713
f 1774/1774/1774 1757/1757/1757 1719/1719/1719
f 1763/1763/1763 1778/1778/1778 1723/1723/1723
f 1777/1777/1777 1776/1776/1776 1721/1721/1721
f 1777/1777/1777 1721/1721/1721 1722/1722/1722
f 1775/1775/1775 1774/1774/1774 1719/1719/1719
f 1775/1775/1775 1719/1719/1719 1720/1720/1720
f 1778/1778/1778 1777/1777/1777 1722/1722/1722
f 1778/1778/1778 1722/1722/1722 1723/1723/1723
f 1776/1776/1776 1775/1775/1775 1720/1720/1720
f 1776/1776/1776 1720/1720/1720 1721/1721/1721
f 1763/1763/1763 1723/1723/1723 1730/1730/1730
f 1722/1722/1722 1721/1721/1721 1728/1728/1728
f 1722/1722/1722 1728/1728/1728 1729/1729/1729
f 1720/1720/1720 1719/1719/1719 1726/1726/1726
f 1720/1720/1720 1726/1726/1726 1727/1727/1727
f 1723/1723/1723 1722/1722/1722 1729/1729/1729
f 1723/1723/1723 1729/1729/1729 1730/1730/1730
f 1721/1721/1721 1720/1720/1720 1727/1727/1727
f 1721/1721/1721 1727/1727/1727 1728/1728/1728
f 1719/1719/1719 1757/1757/1757 1726/1726/1726
f 1729/1729/1729 1728/1728/1728 1735/1735/1735
f 1729/1729/1729 1735/1735/1735 1736/1736/1736
f 1727/1727/1727 1726/1726/1726 1733/1733/1733
f 1727/1727/1727 1733/1733/1733 1734/1734/1734
f 1730/1730/1730 1729/1729/1729 1736/1736/1736
f 1730/1730/1730 1736/1736/1736 1737/1737/1737
f 1728/1728/1728 1727/1727/1727 1734/1734/1734
f 1728/1728/1728 1734/1734/1734 1735/1735/1735
f 1726/1726/1726 1757/1757/1757 1733/1733/1733
f 1763/1763/1763 1730/1730/1730 1737/1737/1737
f 1734/1734/1734 1733/1733/1733 1738/1738/1738
f 1734/1734/1734 1738/1738/1738 1739/1739/1739
f 1737/1737/1737 1736/1736/1736 1741/1741/1741
f 1737/1737/1737 1741/1741/1741 1742/1742/1742
f 1735/1735/1735 1734/1734/1734 1739/1739/1739
f 1735/1735/1735 1739/1739/1739 1740/1740/1740
f 1733/1733/1733 1757/1757/1757 1738/1738/1738
f 1763/1763/1763 1737/1737/1737 1742/1742/1742
f 1736/1736/1736 1735/1735/1735 1740/1740/1740
f 1736/1736/1736 1740/1740/1740 1741/1741/1741
f 1742/1742/1742 1741/1741/1741 1748/1748/1748
f 1742/1742/1742 1748/1748/1748 1749/1749/1749
f 1740/1740/1740 1739/1739/1739 1746/1746/1746
f 1740/1740/1740 1746/1746/1746 1747/1747/1747
f 1738/1738/1738 1757/1757/1757 1745/1745/1745
f 1763/1763/1763 1742/1742/1742 1749/1749/1749
f 1741/1741/1741 1740/1740/1740 1747/1747/1747
f 1741/1741/1741 1747/1747/1747 1748/1748/1748
f 1739/1739/1739 1738/1738/1738 1745/1745/1745
f 1739/1739/1739 1745/1745/1745 1746/1746/1746
f 1749/1749/1749 1748/1748/1748 1755/1755/1755
f 1749/1749/1749 1755/1755/1755 1756/1756/1756
f 1747/1747/1747 1746/1746/1746 1753/1753/1753
f 1747/1747/1747 1753/1753/1753 1754/1754/1754
f 1745/1745/1745 1757/1757/1757 1752/1752/1752
f 1763/1763/1763 1749/1749/1749 1756/1756/1756
f 1748/1748/1748 1747/1747/1747 1754/1754/1754
f 1748/1748/1748 1754/1754/1754 1755/1755/1755
f 1746/1746/1746 1745/1745/1745 1752/1752/1752
f 1746/1746/1746 1752/1752/1752 1753/1753/1753
f 1756/1756/1756 1755/1755/1755 1761/1761/1761
f 1756/1756/1756 1761/1761/1761 1762/1762/1762
f 1754/1754/1754 1753/1753/1753 1759/1759/1759
f 1754/1754/1754 1759/1759/1759 1760/1760/1760
f 1752/1752/1752 1757/1757/1757 1758/1758/1758
f 1763/1763/1763 1756/1756/1756 1762/1762/1762
f 1755/1755/1755 1754/1754/1754 1760/1760/1760
f 1755/1755/1755 1760/1760/1760 1761/1761/1761
f 1753/1753/1753 1752/1752/1752 1758/1758/1758
f 1753/1753/1753 1758/1758/1758 1759/1759/1759
f 1762/1762/1762 1761/1761/1761 1767/1767/1767
f 1762/1762/1762 1767/1767/1767 1768/1768/1768
f 1760/1760/1760 1759/1759/1759 1765/1765/1765
f 1760/1760/1760 1765/1765/1765 1766/1766/1766
f 1758/1758/1758 1757/1757/1757 1764/1764/1764
f 1763/1763/1763 1762/1762/1762 1768/1768/1768
f 1761/1761/1761 1760/1760/1760 1766/1766/1766
f 1761/1761/1761 1766/1766/1766 1767/1767/1767
f 1759/1759/1759 1758/1758/1758 1764/1764/1764
f 1759/1759/1759 1764/1764/1764 1765/1765/1765
f 1766/1766/1766 1765/1765/1765 1770/1770/1770
f 1766/1766/1766 1770/1770/1770 1771/1771/1771
f 1764/1764/1764 1757/1757/1757 1769/1769/1769
f 1763/1763/1763 1768/1768/1768 1773/1773/1773
f 1767/1767/1767 1766/1766/1766 1771/1771/1771
f 1767/1767/1767 1771/1771/1771 1772/1772/1772
f 1765/1765/1765 1764/1764/1764 1769/1769/1769
f 1765/1765/1765 1769/1769/1769 1770/1770/1770
f 1768/1768/1768 1767/1767/1767 1772/1772/1772
f 1768/1768/1768 1772/1772/1772 1773/1773/1773
f 1769/1769/1769 1757/1757/1757 1774/1774/1774
f 1763/1763/1763 1773/1773/1773 1778/1778/1778
f 1772/1772/1772 1771/1771/1771 1776/1776/1776
f 1772/1772/1772 1776/1776/1776 1777/1777/1777
f 1770/1770/1770 1769/1769/1769 1774/1774/1774
f 1770/1770/1770 1774/1774/1774 1775/1775/1775
f 1773/1773/1773 1772/1772/1772 1777/1777/1777
f 1773/1773/1773 1777/1777/1777 1778/1778/1778
f 1771/1771/1771 1770/1770/1770 1775/1775/1775
f 1771/1771/1771 1775/1775/1775 1776/1776/1776
f 1798/1798/1798 1797/1797/1797 1743/1743/1743
f 1798/1798/1798 1743/1743/1743 1744/1744/1744
f 1799/1799/1799 1798/1798/1798 1744/1744/1744
f 1799/1799/1799 1744/1744/1744 1750/1750/1750
f 1797/1797/1797 1788/1788/1788 1743/1743/1743
f 1787/1787/1787 1800/1800/1800 1751/1751/1751
f 1800/1800/1800 1799/1799/1799 1750/1750/1750
f 1800/1800/1800 1750/1750/1750 1751/1751/1751
f 1750/1750/1750 1744/1744/1744 1731/1731/1731
f 1750/1750/1750 1731/1731/1731 1725/1725/1725
f 1787/1787/1787 1751/1751/1751 1724/1724/1724
f 1743/1743/1743 1788/1788/1788 1732/1732/1732
f 1751/1751/1751 1750/1750/1750 1725/1725/1725
f 1751/1751/1751 1725/1725/1725 1724/1724/1724
f 1744/1744/1744 1743/1743/1743 1732/1732/1732
f 1744/1744/1744 1732/1732/1732 1731/1731/1731
f 1731/1731/1731 1732/1732/1732 1715/1715/1715
f 1731/1731/1731 1715/1715/1715 1716/1716/1716
f 1724/1724/1724 1725/1725/1725 1717/1717/1717
f 1724/1724/1724 1717/1717/1717 1718/1718/1718
f 1732/1732/1732 1788/1788/1788 1715/1715/1715
f 1787/1787/1787 1724/1724/1724 1718/1718/1718
f 1725/1725/1725 1731/1731/1731 1716/1716/1716
f 1725/1725/1725 1716/1716/1716 1717/1717/1717
f 1716/1716/1716 1715/1715/1715 1779/1779/1779
f 1716/1716/1716 1779/1779/1779 1780/1780/1780
f 1715/1715/1715 1788/1788/1788 1779/1779/1779
f 1787/1787/1787 1718/1718/1718 1782/1782/1782
f 1717/1717/1717 1716/1716/1716 1780/1780/1780
f 1717/1717/1717 1780/1780/1780 1781/1781/1781
f 1718/1718/1718 1717/1717/1717 1781/1781/1781
f 1718/1718/1718 1781/1781/1781 1782/1782/1782
f 1782/1782/1782 1781/1781/1781 1785/1785/1785
f 1782/1782/1782 1785/1785/1785 1786/1786/1786
f 1779/1779/1779 1788/1788/1788 1783/1783/1783
f 1781/1781/1781 1780/1780/1780 1784/1784/1784
f 1781/1781/1781 1784/1784/1784 1785/1785/1785
f 1787/1787/1787 1782/1782/1782 1786/1786/1786
f 1780/1780/1780 1779/1779/1779 1783/1783/1783
f 1780/1780/1780 1783/1783/1783 1784/1784/1784
f 1783/1783/1783 1788/1788/1788 1789/1789/1789
f 1785/1785/1785 1784/1784/1784 1790/1790/1790
f 1785/1785/1785 1790/1790/1790 1791/1791/1791
f 1787/1787/1787 1786/1786/1786 1792/1792/1792
f 1784/1784/1784 1783/1783/1783 1789/1789/1789
f 1784/1784/1784 1789/1789/1789 1790/1790/1790
f 1786/1786/1786 1785/1785/1785 1791/1791/1791
f 1786/1786/1786 1791/1791/1791 1792/1792/1792
f 1789/1789/1789 1788/1788/1788 1793/1793/1793
f 1791/1791/1791 1790/1790/1790 1794/1794/1794
f 1791/1791/1791 1794/1794/1794 1795/1795/1795
f 1787/1787/1787 1792/1792/1792 1796/1796/1796
f 1790/1790/1790 1789/1789/1789 1793/1793/1793
f 1790/1790/1790 1793/1793/1793 1794/1794/1794
f 1792/1792/1792 1791/1791/1791 1795/1795/1795
f 1792/1792/1792 1795/1795/1795 1796/1796/1796
f 1793/1793/1793 1788/1788/1788 1797/1797/1797
f 1795/1795/1795 1794/1794/1794 1798/1798/1798
f 1795/1795/1795 1798/1798/1798 1799/1799/1799
f 1787/1787/1787 1796/1796/1796 1800/1800/1800
f 1794/1794/1794 1793/1793/1793 1797/1797/1797
f 1794/1794/1794 1797/1797/1797 1798/1798/1798
f 1796/1796/1796 1795/1795/1795 1799/1799/1799
f 1796/1796/1796 1799/1799/1799 1800/1800/1800
f 1846/1846/1846 1845/1845/1845 1852/1852/1852
f 1846/1846/1846 1852/1852/1852 1853/1853/1853
f 1832/1832/1832 1830/1830/1830 1836/1836/1836
f 1832/1832/1832 1836/1836/1836 1837/1837/1837
f 1801/1801/1801 1802/1802/1802 1804/1804/1804
f 1801/1801/1801 1804/1804/1804 1803/1803/1803
f 1842/1842/1842 1876/1876/1876 1849/1849/1849
f 1833/1833/1833 1832/1832/1832 1837/1837/1837
f 1833/1833/1833 1837/1837/1837 1838/1838/1838
f 1803/1803/1803 1804/1804/1804 1806/1806/1806
f 1803/1803/1803 1806/1806/1806 1805/1805/1805
f 1881/1881/1881 1847/1847/1847 1854/1854/1854
f 1830/1830/1830 1876/1876/1876 1836/1836/1836
f 1805/1805/1805 1806/1806/1806 1808/1808/1808
f 1805/1805/1805 1808/1808/1808 1807/1807/1807
f 1847/1847/1847 1846/1846/1846 1853/1853/1853
f 1847/1847/1847 1853/1853/1853 1854/1854/1854
f 1881/1881/1881 1835/1835/1835 1840/1840/1840
f 1807/1807/1807 1808/1808/1808 1810/1810/1810
f 1807/1807/1807 1810/1810/1810 1809/1809/1809
f 1838/1838/1838 1837/1837/1837 1844/1844/1844
f 1838/1838/1838 1844/1844/1844 1845/1845/1845
f 1835/1835/1835 1834/1834/1834 1839/1839/1839
f 1835/1835/1835 1839/1839/1839 1840/1840/1840
f 1809/1809/1809 1810/1810/1810 1812/1812/1812
f 1809/1809/1809 1812/1812/1812 1811/1811/1811
f 1839/1839/1839 1838/1838/1838 1845/1845/1845
f 1839/1839/1839 1845/1845/1845 1846/1846/1846
f 1901/1901/1901 1899/1899/1899 1830/1830/1830
f 1901/1901/1901 1830/1830/1830 1832/1832/1832
f 1811/1811/1811 1812/1812/1812 1814/1814/1814
f 1811/1811/1811 1814/1814/1814 1813/1813/1813
f 1881/1881/1881 1840/1840/1840 1847/1847/1847
f 1881/1881/1881 1903/1903/1903 1835/1835/1835
f 1813/1813/1813 1814/1814/1814 1816/1816/1816
f 1813/1813/1813 1816/1816/1816 1815/1815/1815
f 1836/1836/1836 1876/1876/1876 1842/1842/1842
f 1902/1902/1902 1901/1901/1901 1832/1832/1832
f 1902/1902/1902 1832/1832/1832 1833/1833/1833
f 1815/1815/1815 1816/1816/1816 1818/1818/1818
f 1815/1815/1815 1818/1818/1818 1817/1817/1817
f 1840/1840/1840 1839/1839/1839 1846/1846/1846
f 1840/1840/1840 1846/1846/1846 1847/1847/1847
f 1827/1827/1827 1902/1902/1902 1833/1833/1833
f 1827/1827/1827 1833/1833/1833 1834/1834/1834
f 1817/1817/1817 1818/1818/1818 1820/1820/1820
f 1817/1817/1817 1820/1820/1820 1819/1819/1819
f 1837/1837/1837 1836/1836/1836 1842/1842/1842
f 1837/1837/1837 1842/1842/1842 1844/1844/1844
f 1899/1899/1899 1876/1876/1876 1830/1830/1830
f 1819/1819/1819 1820/1820/1820 1822/1822/1822
f 1819/1819/1819 1822/1822/1822 1821/1821/1821
f 1806/1806/1806 1804/1804/1804 1802/1802/1802
f 1802/1802/1802 1824/1824/1824 1822/1822/1822
f 1822/1822/1822 1820/1820/1820 1818/1818/1818
f 1818/1818/1818 1816/1816/1816 1814/1814/1814
f 1814/1814/1814 1812/1812/1812 1810/1810/1810
f 1810/1810/1810 1808/1808/1808 1806/1806/1806
f 1806/1806/1806 1802/1802/1802 1822/1822/1822
f 1822/1822/1822 1818/1818/1818 1814/1814/1814
f 1814/1814/1814 1810/1810/1810 1806/1806/1806
f 1822/1822/1822 1814/1814/1814 1806/1806/1806
f 1903/1903/1903 1827/1827/1827 1834/1834/1834
f 1903/1903/1903 1834/1834/1834 1835/1835/1835
f 1821/1821/1821 1822/1822/1822 1824/1824/1824
f 1821/1821/1821 1824/1824/1824 1823/1823/1823
f 1844/1844/1844 1842/1842/1842 1849/1849/1849
f 1844/1844/1844 1849/1849/1849 1851/1851/1851
f 1834/1834/1834 1833/1833/1833 1838/1838/1838
f 1834/1834/1834 1838/1838/1838 1839/1839/1839
f 1823/1823/1823 1824/1824/1824 1802/1802/1802
f 1823/1823/1823 1802/1802/1802 1801/1801/1801
f 1823/1823/1823 1801/1801/1801 1803/1803/1803
f 1803/1803/1803 1805/1805/1805 1807/1807/1807
f 1807/1807/1807 1809/1809/1809 1811/1811/1811
f 1811/1811/1811 1813/1813/1813 1815/1815/1815
f 1815/1815/1815 1817/1817/1817 1819/1819/1819
f 1819/1819/1819 1821/1821/1821 1823/1823/1823
f 1823/1823/1823 1803/1803/1803 1807/1807/1807
f 1807/1807/1807 1811/1811/1811 1815/1815/1815
f 1815/1815/1815 1819/1819/1819 1823/1823/1823
f 1807/1807/1807 1815/1815/1815 1823/1823/1823
f 1845/1845/1845 1844/1844/1844 1851/1851/1851
f 1845/1845/1845 1851/1851/1851 1852/1852/1852
f 1881/1881/1881 1854/1854/1854 1860/1860/1860
f 1851/1851/1851 1849/1849/1849 1856/1856/1856
f 1851/1851/1851 1856/1856/1856 1857/1857/1857
f 1853/1853/1853 1852/1852/1852 1858/1858/1858
f 1853/1853/1853 1858/1858/1858 1859/1859/1859
f 1849/1849/1849 1876/1876/1876 1856/1856/1856
f 1852/1852/1852 1851/1851/1851 1857/1857/1857
f 1852/1852/1852 1857/1857/1857 1858/1858/1858
f 1854/1854/1854 1853/1853/1853 1859/1859/1859
f 1854/1854/1854 1859/1859/1859 1860/1860/1860
f 1881/1881/1881 1860/1860/1860 1866/1866/1866
f 1857/1857/1857 1856/1856/1856 1861/1861/1861
f 1857/1857/1857 1861/1861/1861 1863/1863/1863
f 1859/1859/1859 1858/1858/1858 1864/1864/1864
f 1859/1859/1859 1864/1864/1864 1865/1865/1865
f 1856/1856/1856 1876/1876/1876 1861/1861/1861
f 1858/1858/1858 1857/1857/1857 1863/1863/1863
f 1858/1858/1858 1863/1863/1863 1864/1864/1864
f 1860/1860/1860 1859/1859/1859 1865/1865/1865
f 1860/1860/1860 1865/1865/1865 1866/1866/1866
f 1881/1881/1881 1866/1866/1866 1873/1873/1873
f 1863/1863/1863 1861/1861/1861 1868/1868/1868
f 1863/1863/1863 1868/1868/1868 1870/1870/1870
f 1865/1865/1865 1864/1864/1864 1871/1871/1871
f 1865/1865/1865 1871/1871/1871 1872/1872/1872
f 1861/1861/1861 1876/1876/1876 1868/1868/1868
f 1864/1864/1864 1863/1863/1863 1870/1870/1870
f 1864/1864/1864 1870/1870/1870 1871/1871/1871
f 1866/1866/1866 1865/1865/1865 1872/1872/1872
f 1866/1866/1866 1872/1872/1872 1873/1873/1873
f 1870/1870/1870 1868/1868/1868 1875/1875/1875
f 1870/1870/1870 1875/1875/1875 1877/1877/1877
f 1872/1872/1872 1871/1871/1871 1878/1878/1878
f 1872/1872/1872 1878/1878/1878 1879/1879/1879
f 1868/1868/1868 1876/1876/1876 1875/1875/1875
f 1871/1871/1871 1870/1870/1870 1877/1877/1877
f 1871/1871/1871 1877/1877/1877 1878/1878/1878
f 1873/1873/1873 1872/1872/1872 1879/1879/1879
f 1873/1873/1873 1879/1879/1879 1880/1880/1880
f 1881/1881/1881 1873/1873/1873 1880/1880/1880
f 1879/1879/1879 1878/1878/1878 1885/1885/1885
f 1879/1879/1879 1885/1885/1885 1886/1886/1886
f 1875/1875/1875 1876/1876/1876 1882/1882/1882
f 1878/1878/1878 1877/1877/1877 1884/1884/1884
f 1878/1878/1878 1884/1884/1884 1885/1885/1885
f 1880/1880/1880 1879/1879/1879 1886/1886/1886
f 1880/1880/1880 1886/1886/1886 1887/1887/1887
f 1881/1881/1881 1880/1880/1880 1887/1887/1887
f 1877/1877/1877 1875/1875/1875 1882/1882/1882
f 1877/1877/1877 1882/1882/1882 1884/1884/1884
f 1882/1882/1882 1876/1876/1876 1888/1888/1888
f 1885/1885/1885 1884/1884/1884 1889/1889/1889
f 1885/1885/1885 1889/1889/1889 1890/1890/1890
f 1887/1887/1887 1886/1886/1886 1891/1891/1891
f 1887/1887/1887 1891/1891/1891 1892/1892/1892
f 1881/1881/1881 1887/1887/1887 1892/1892/1892
f 1884/1884/1884 1882/1882/1882 1888/1888/1888
f 1884/1884/1884 1888/1888/1888 1889/1889/1889
f 1886/1886/1886 1885/1885/1885 1890/1890/1890
f 1886/1886/1886 1890/1890/1890 1891/1891/1891
f 1888/1888/1888 1876/1876/1876 1893/1893/1893
f 1890/1890/1890 1889/1889/1889 1895/1895/1895
f 1890/1890/1890 1895/1895/1895 1896/1896/1896
f 1892/1892/1892 1891/1891/1891 1897/1897/1897
f 1892/1892/1892 1897/1897/1897 1898/1898/1898
f 1881/1881/1881 1892/1892/1892 1898/1898/1898
f 1889/1889/1889 1888/1888/1888 1893/1893/1893
f 1889/1889/1889 1893/1893/1893 1895/1895/1895
f 1891/1891/1891 1890/1890/1890 1896/1896/1896
f 1891/1891/1891 1896/1896/1896 1897/1897/1897
f 1893/1893/1893 1876/1876/1876 1899/1899/1899
f 1896/1896/1896 1895/1895/1895 1901/1901/1901
f 1896/1896/1896 1901/1901/1901 1902/1902/1902
f 1898/1898/1898 1897/1897/1897 1827/1827/1827
f 1898/1898/1898 1827/1827/1827 1903/1903/1903
f 1881/1881/1881 1898/1898/1898 1903/1903/1903
f 1895/1895/1895 1893/1893/1893 1899/1899/1899
f 1895/1895/1895 1899/1899/1899 1901/1901/1901
f 1897/1897/1897 1896/1896/1896 1902/1902/1902
f 1897/1897/1897 1902/1902/1902 1827/1827/1827
f 1948/1948/1948 1894/1894/1894 1874/1874/1874
f 1948/1948/1948 1874/1874/1874 1883/1883/1883
f 1900/1900/1900 1946/1946/1946 1862/1862/1862
f 1900/1900/1900 1862/1862/1862 1867/1867/1867
f 1947/1947/1947 1900/1900/1900 1867/1867/1867
f 1947/1947/1947 1867/1867/1867 1869/1869/1869
f 1894/1894/1894 1947/1947/1947 1869/1869/1869
f 1894/1894/1894 1869/1869/1869 1874/1874/1874
f 1946/1946/1946 1919/1919/1919 1862/1862/1862
f 1925/1925/1925 1948/1948/1948 1883/1883/1883
f 1867/1867/1867 1862/1862/1862 1855/1855/1855
f 1867/1867/1867 1855/1855/1855 1850/1850/1850
f 1925/1925/1925 1883/1883/1883 1841/1841/1841
f 1874/1874/1874 1869/1869/1869 1848/1848/1848
f 1874/1874/1874 1848/1848/1848 1843/1843/1843
f 1869/1869/1869 1867/1867/1867 1850/1850/1850
f 1869/1869/1869 1850/1850/1850 1848/1848/1848
f 1883/1883/1883 1874/1874/1874 1843/1843/1843
f 1883/1883/1883 1843/1843/1843 1841/1841/1841
f 1862/1862/1862 1919/1919/1919 1855/1855/1855
f 1855/1855/1855 1919/1919/1919 1825/1825/1825
f 1850/1850/1850 1855/1855/1855 1825/1825/1825
f 1850/1850/1850 1825/1825/1825 1826/1826/1826
f 1848/1848/1848 1850/1850/1850 1826/1826/1826
f 1848/1848/1848 1826/1826/1826 1828/1828/1828
f 1843/1843/1843 1848/1848/1848 1828/1828/1828
f 1843/1843/1843 1828/1828/1828 1829/1829/1829
f 1925/1925/1925 1841/1841/1841 1831/1831/1831
f 1841/1841/1841 1843/1843/1843 1829/1829/1829
f 1841/1841/1841 1829/1829/1829 1831/1831/1831
f 1825/1825/1825 1919/1919/1919 1904/1904/1904
f 1828/1828/1828 1826/1826/1826 1905/1905/1905
f 1828/1828/1828 1905/1905/1905 1906/1906/1906
f 1831/1831/1831 1829/1829/1829 1907/1907/1907
f 1831/1831/1831 1907/1907/1907 1908/1908/1908
f 1829/1829/1829 1828/1828/1828 1906/1906/1906
f 1829/1829/1829 1906/1906/1906 1907/1907/1907
f 1925/1925/1925 1831/1831/1831 1908/1908/1908
f 1826/1826/1826 1825/1825/1825 1904/1904/1904
f 1826/1826/1826 1904/1904/1904 1905/1905/1905
f 1904/1904/1904 1919/1919/1919 1909/1909/1909
f 1908/1908/1908 1907/1907/1907 1912/1912/1912
f 1908/1908/1908 1912/1912/1912 1913/1913/1913
f 1925/1925/1925 1908/1908/1908 1913/1913/1913
f 1906/1906/1906 1905/1905/1905 1910/1910/1910
f 1906/1906/1906 1910/1910/1910 1911/1911/1911
f 1907/1907/1907 1906/1906/1906 1911/1911/1911
f 1907/1907/1907 1911/1911/1911 1912/1912/1912
f 1905/1905/1905 1904/1904/1904 1909/1909/1909
f 1905/1905/1905 1909/1909/1909 1910/1910/1910
f 1909/1909/1909 1919/1919/1919 1914/1914/1914
f 1911/1911/1911 1910/1910/1910 1915/1915/1915
f 1911/1911/1911 1915/1915/1915 1916/1916/1916
f 1913/1913/1913 1912/1912/1912 1917/1917/1917
f 1913/1913/1913 1917/1917/1917 1918/1918/1918
f 1925/1925/1925 1913/1913/1913 1918/1918/1918
f 1910/1910/1910 1909/1909/1909 1914/1914/1914
f 1910/1910/1910 1914/1914/1914 1915/1915/1915
f 1912/1912/1912 1911/1911/1911 1916/1916/1916
f 1912/1912/1912 1916/1916/1916 1917/1917/1917
f 1914/1914/1914 1919/1919/1919 1920/1920/1920
f 1916/1916/1916 1915/1915/1915 1921/1921/1921
f 1916/1916/1916 1921/1921/1921 1922/1922/1922
f 1918/1918/1918 1917/1917/1917 1923/1923/1923
f 1918/1918/1918 1923/1923/1923 1924/1924/1924
f 1915/1915/1915 1914/1914/1914 1920/1920/1920
f 1915/1915/1915 1920/1920/1920 1921/1921/1921
f 1917/1917/1917 1916/1916/1916 1922/1922/1922
f 1917/1917/1917 1922/1922/1922 1923/1923/1923
f 1925/1925/1925 1918/1918/1918 1924/1924/1924
f 1922/1922/1922 1921/1921/1921 1927/1927/1927
f 1922/1922/1922 1927/1927/1927 1928/1928/1928
f 1924/1924/1924 1923/1923/1923 1929/1929/1929
f 1924/1924/1924 1929/1929/1929 1930/1930/1930
f 1921/1921/1921 1920/1920/1920 1926/1926/1926
f 1921/1921/1921 1926/1926/1926 1927/1927/1927
f 1923/1923/1923 1922/1922/1922 1928/1928/1928
f 1923/1923/1923 1928/1928/1928 1929/1929/1929
f 1925/1925/1925 1924/1924/1924 1930/1930/1930
f 1920/1920/1920 1919/1919/1919 1926/1926/1926
f 1930/1930/1930 1929/1929/1929 1934/1934/1934
f 1930/1930/1930 1934/1934/1934 1935/1935/1935
f 1927/1927/1927 1926/1926/1926 1931/1931/1931
f 1927/1927/1927 1931/1931/1931 1932/1932/1932
f 1929/1929/1929 1928/1928/1928 1933/1933/1933
f 1929/1929/1929 1933/1933/1933 1934/1934/1934
f 1925/1925/1925 1930/1930/1930 1935/1935/1935
f 1926/1926/1926 1919/1919/1919 1931/1931/1931
f 1928/1928/1928 1927/1927/1927 1932/1932/1932
f 1928/1928/1928 1932/1932/1932 1933/1933/1933
f 1932/1932/1932 1931/1931/1931 1936/1936/1936
f 1932/1932/1932 1936/1936/1936 1937/1937/1937
f 1934/1934/1934 1933/1933/1933 1938/1938/1938
f 1934/1934/1934 1938/1938/1938 1939/1939/1939
f 1925/1925/1925 1935/1935/1935 1940/1940/1940
f 1931/1931/1931 1919/1919/1919 1936/1936/1936
f 1933/1933/1933 1932/1932/1932 1937/1937/1937
f 1933/1933/1933 1937/1937/1937 1938/1938/1938
f 1935/1935/1935 1934/1934/1934 1939/1939/1939
f 1935/1935/1935 1939/1939/1939 1940/1940/1940
f 1937/1937/1937 1936/1936/1936 1941/1941/1941
f 1937/1937/1937 1941/1941/1941 1942/1942/1942
f 1939/1939/1939 1938/1938/1938 1943/1943/1943
f 1939/1939/1939 1943/1943/1943 1944/1944/1944
f 1925/1925/1925 1940/1940/1940 1945/1945/1945
f 1936/1936/1936 1919/1919/1919 1941/1941/1941
f 1938/1938/1938 1937/1937/1937 1942/1942/1942
f 1938/1938/1938 1942/1942/1942 1943/1943/1943
f 1940/1940/1940 1939/1939/1939 1944/1944/1944
f 1940/1940/1940 1944/1944/1944 1945/1945/1945
f 1942/1942/1942 1941/1941/1941 1946/1946/1946
f 1942/1942/1942 1946/1946/1946 1900/1900/1900
f 1944/1944/1944 1943/1943/1943 1947/1947/1947
f 1944/1944/1944 1947/1947/1947 1894/1894/1894
f 1925/1925/1925 1945/1945/1945 1948/1948/1948
f 1941/1941/1941 1919/1919/1919 1946/1946/1946
f 1943/1943/1943 1942/1942/1942 1900/1900/1900
f 1943/1943/1943 1900/1900/1900 1947/1947/1947
f 1945/1945/1945 1944/1944/1944 1894/1894/1894
f 1945/1945/1945 1894/1894/1894 1948/1948/1948
f 2033/2033/2033 1997/1997/1997 2004/2004/2004
f 2033/2033/2033 1983/1983/1983 1990/1990/1990
f 1949/1949/1949 1950/1950/1950 1952/1952/1952
f 1949/1949/1949 1952/1952/1952 1951/1951/1951
f 1994/1994/1994 1992/1992/1992 1999/1999/1999
f 1994/1994/1994 1999/1999/1999 2001/2001/2001
f 1983/1983/1983 1982/1982/1982 1989/1989/1989
f 1983/1983/1983 1989/1989/1989 1990/1990/1990
f 1951/1951/1951 1952/1952/1952 1954/1954/1954
f 1951/1951/1951 1954/1954/1954 1953/1953/1953
f 1995/1995/1995 1994/1994/1994 2001/2001/2001
f 1995/1995/1995 2001/2001/2001 2002/2002/2002
f 1982/1982/1982 1981/1981/1981 1988/1988/1988
f 1982/1982/1982 1988/1988/1988 1989/1989/1989
f 1953/1953/1953 1954/1954/1954 1956/1956/1956
f 1953/1953/1953 1956/1956/1956 1955/1955/1955
f 1992/1992/1992 2028/2028/2028 1999/1999/1999
f 1980/1980/1980 1978/1978/1978 1985/1985/1985
f 1980/1980/1980 1985/1985/1985 1987/1987/1987
f 1955/1955/1955 1956/1956/1956 1958/1958/1958
f 1955/1955/1955 1958/1958/1958 1957/1957/1957
f 2033/2033/2033 1990/1990/1990 1997/1997/1997
f 1981/1981/1981 1980/1980/1980 1987/1987/1987
f 1981/1981/1981 1987/1987/1987 1988/1988/1988
f 1957/1957/1957 1958/1958/1958 1960/1960/1960
f 1957/1957/1957 1960/1960/1960 1959/1959/1959
f 1985/1985/1985 2028/2028/2028 1992/1992/1992
f 1975/1975/1975 2056/2056/2056 1981/1981/1981
f 1975/1975/1975 1981/1981/1981 1982/1982/1982
f 1959/1959/1959 1960/1960/1960 1962/1962/1962
f 1959/1959/1959 1962/1962/1962 1961/1961/1961
f 1990/1990/1990 1989/1989/1989 1996/1996/1996
f 1990/1990/1990 1996/1996/1996 1997/1997/1997
f 2053/2053/2053 2028/2028/2028 1978/1978/1978
f 1961/1961/1961 1962/1962/1962 1964/1964/1964
f 1961/1961/1961 1964/1964/1964 1963/1963/1963
f 1987/1987/1987 1985/1985/1985 1992/1992/1992
f 1987/1987/1987 1992/1992/1992 1994/1994/1994
f 2058/2058/2058 1975/1975/1975 1982/1982/1982
f 2058/2058/2058 1982/1982/1982 1983/1983/1983
f 1963/1963/1963 1964/1964/1964 1966/1966/1966
f 1963/1963/1963 1966/1966/1966 1965/1965/1965
f 1988/1988/1988 1987/1987/1987 1994/1994/1994
f 1988/1988/1988 1994/1994/1994 1995/1995/1995
f 2055/2055/2055 2053/2053/2053 1978/1978/1978
f 2055/2055/2055 1978/1978/1978 1980/1980/1980
f 1965/1965/1965 1966/1966/1966 1968/1968/1968
f 1965/1965/1965 1968/1968/1968 1967/1967/1967
f 1989/1989/1989 1988/1988/1988 1995/1995/1995
f 1989/1989/1989 1995/1995/1995 1996/1996/1996
f 2033/2033/2033 2058/2058/2058 1983/1983/1983
f 1967/1967/1967 1968/1968/1968 1970/1970/1970
f 1967/1967/1967 1970/1970/1970 1969/1969/1969
f 1954/1954/1954 1952/1952/1952 1950/1950/1950
f 1950/1950/1950 1972/1972/1972 1970/1970/1970
f 1970/1970/1970 1968/1968/1968 1966/1966/1966
f 1966/1966/1966 1964/1964/1964 1962/1962/1962
f 1962/1962/1962 1960/1960/1960 1958/1958/1958
f 1958/1958/1958 1956/1956/1956 1954/1954/1954
f 1954/1954/1954 1950/1950/1950 1970/1970/1970
f 1970/1970/1970 1966/1966/1966 1962/1962/1962
f 1962/1962/1962 1958/1958/1958 1954/1954/1954
f 1970/1970/1970 1962/1962/1962 1954/1954/1954
f 2056/2056/2056 2055/2055/2055 1980/1980/1980
f 2056/2056/2056 1980/1980/1980 1981/1981/1981
f 1969/1969/1969 1970/1970/1970 1972/1972/1972
f 1969/1969/1969 1972/1972/1972 1971/1971/1971
f 1997/1997/1997 1996/1996/1996 2003/2003/2003
f 1997/1997/1997 2003/2003/2003 2004/2004/2004
f 1978/1978/1978 2028/2028/2028 1985/1985/1985
f 1971/1971/1971 1972/1972/1972 1950/1950/1950
f 1971/1971/1971 1950/1950/1950 1949/1949/1949
f 1971/1971/1971 1949/1949/1949 1951/1951/1951
f 1951/1951/1951 1953/1953/1953 1955/1955/1955
f 1955/1955/1955 1957/1957/1957 1959/1959/1959
f 1959/1959/1959 1961/1961/1961 1963/1963/1963
f 1963/1963/1963 1965/1965/1965 1967/1967/1967
f 1967/1967/1967 1969/1969/1969 1971/1971/1971
f 1971/1971/1971 1951/1951/1951 1955/1955/1955
f 1955/1955/1955 1959/1959/1959 1963/1963/1963
f 1963/1963/1963 1967/1967/1967 1971/1971/1971
f 1955/1955/1955 1963/1963/1963 1971/1971/1971
f 1996/1996/1996 1995/1995/1995 2002/2002/2002
f 1996/1996/1996 2002/2002/2002 2003/2003/2003
f 1999/1999/1999 2028/2028/2028 2006/2006/2006
f 2002/2002/2002 2001/2001/2001 2008/2008/2008
f 2002/2002/2002 2008/2008/2008 2009/2009/2009
f 2004/2004/2004 2003/2003/2003 2010/2010/2010
f 2004/2004/2004 2010/2010/2010 2011/2011/2011
f 2033/2033/2033 2004/2004/2004 2011/2011/2011
f 2001/2001/2001 1999/1999/1999 2006/2006/2006
f 2001/2001/2001 2006/2006/2006 2008/2008/2008
f 2003/2003/2003 2002/2002/2002 2009/2009/2009
f 2003/2003/2003 2009/2009/2009 2010/2010/2010
f 2006/2006/2006 2028/2028/2028 2013/2013/2013
f 2009/2009/2009 2008/2008/2008 2015/2015/2015
f 2009/2009/2009 2015/2015/2015 2016/2016/2016
f 2011/2011/2011 2010/2010/2010 2017/2017/2017
f 2011/2011/2011 2017/2017/2017 2018/2018/2018
f 2033/2033/2033 2011/2011/2011 2018/2018/2018
f 2008/2008/2008 2006/2006/2006 2013/2013/2013
f 2008/2008/2008 2013/2013/2013 2015/2015/2015
f 2010/2010/2010 2009/2009/2009 2016/2016/2016
f 2010/2010/2010 2016/2016/2016 2017/2017/2017
f 2013/2013/2013 2028/2028/2028 2020/2020/2020
f 2016/2016/2016 2015/2015/2015 2022/2022/2022
f 2016/2016/2016 2022/2022/2022 2023/2023/2023
f 2018/2018/2018 2017/2017/2017 2024/2024/2024
f 2018/2018/2018 2024/2024/2024 2025/2025/2025
f 2033/2033/2033 2018/2018/2018 2025/2025/2025
f 2015/2015/2015 2013/2013/2013 2020/2020/2020
f 2015/2015/2015 2020/2020/2020 2022/2022/2022
f 2017/2017/2017 2016/2016/2016 2023/2023/2023
f 2017/2017/2017 2023/2023/2023 2024/2024/2024
f 2023/2023/2023 2022/2022/2022 2029/2029/2029
f 2023/2023/2023 2029/2029/2029 2030/2030/2030
f 2025/2025/2025 2024/2024/2024 2031/2031/2031
f 2025/2025/2025 2031/2031/2031 2032/2032/2032
f 2033/2033/2033 2025/2025/2025 2032/2032/2032
f 2022/2022/2022 2020/2020/2020 2027/2027/2027
f 2022/2022/2022 2027/2027/2027 2029/2029/2029
f 2024/2024/2024 2023/2023/2023 2030/2030/2030
f 2024/2024/2024 2030/2030/2030 2031/2031/2031
f 2020/2020/2020 2028/2028/2028 2027/2027/2027
f 2032/2032/2032 2031/2031/2031 2038/2038/2038
f 2032/2032/2032 2038/2038/2038 2039/2039/2039
f 2033/2033/2033 2032/2032/2032 2039/2039/2039
f 2029/2029/2029 2027/2027/2027 2034/2034/2034
f 2029/2029/2029 2034/2034/2034 2036/2036/2036
f 2031/2031/2031 2030/2030/2030 2037/2037/2037
f 2031/2031/2031 2037/2037/2037 2038/2038/2038
f 2027/2027/2027 2028/2028/2028 2034/2034/2034
f 2030/2030/2030 2029/2029/2029 2036/2036/2036
f 2030/2030/2030 2036/2036/2036 2037/2037/2037
f 2033/2033/2033 2039/2039/2039 2045/2045/2045
f 2036/2036/2036 2034/2034/2034 2041/2041/2041
f 2036/2036/2036 2041/2041/2041 2042/2042/2042
f 2038/2038/2038 2037/2037/2037 2043/2043/2043
f 2038/2038/2038 2043/2043/2043 2044/2044/2044
f 2034/2034/2034 2028/2028/2028 2041/2041/2041
f 2037/2037/2037 2036/2036/2036 2042/2042/2042
f 2037/2037/2037 2042/2042/2042 2043/2043/2043
f 2039/2039/2039 2038/2038/2038 2044/2044/2044
f 2039/2039/2039 2044/2044/2044 2045/2045/2045
f 2033/2033/2033 2045/2045/2045 2051/2051/2051
f 2042/2042/2042 2041/2041/2041 2046/2046/2046
f 2042/2042/2042 2046/2046/2046 2048/2048/2048
f 2044/2044/2044 2043/2043/2043 2049/2049/2049
f 2044/2044/2044 2049/2049/2049 2050/2050/2050
f 2041/2041/2041 2028/2028/2028 2046/2046/2046
f 2043/2043/2043 2042/2042/2042 2048/2048/2048
f 2043/2043/2043 2048/2048/2048 2049/2049/2049
f 2045/2045/2045 2044/2044/2044 2050/2050/2050
f 2045/2045/2045 2050/2050/2050 2051/2051/2051
f 2033/2033/2033 2051/2051/2051 2058/2058/2058
f 2048/2048/2048 2046/2046/2046 2053/2053/2053
f 2048/2048/2048 2053/2053/2053 2055/2055/2055
f 2050/2050/2050 2049/2049/2049 2056/2056/2056
f 2050/2050/2050 2056/2056/2056 1975/1975/1975
f 2046/2046/2046 2028/2028/2028 2053/2053/2053
f 2049/2049/2049 2048/2048/2048 2055/2055/2055
f 2049/2049/2049 2055/2055/2055 2056/2056/2056
f 2051/2051/2051 2050/2050/2050 1975/1975/1975
f 2051/2051/2051 1975/1975/1975 2058/2058/2058
f 2109/2109/2109 2078/2078/2078 2014/2014/2014
f 2084/2084/2084 2111/2111/2111 2035/2035/2035
f 2054/2054/2054 2109/2109/2109 2014/2014/2014
f 2054/2054/2054 2014/2014/2014 2019/2019/2019
f 2110/2110/2110 2054/2054/2054 2019/2019/2019
f 2110/2110/2110 2019/2019/2019 2021/2021/2021
f 2111/2111/2111 2047/2047/2047 2026/2026/2026
f 2111/2111/2111 2026/2026/2026 2035/2035/2035
f 2047/2047/2047 2110/2110/2110 2021/2021/2021
f 2047/2047/2047 2021/2021/2021 2026/2026/2026
f 2021/2021/2021 2019/2019/2019 2000/2000/2000
f 2021/2021/2021 2000/2000/2000 1998/1998/1998
f 2035/2035/2035 2026/2026/2026 1993/1993/1993
f 2035/2035/2035 1993/1993/1993 1991/1991/1991
f 2014/2014/2014 2078/2078/2078 2005/2005/2005
f 2026/2026/2026 2021/2021/2021 1998/1998/1998
f 2026/2026/2026 1998/1998/1998 1993/1993/1993
f 2019/2019/2019 2014/2014/2014 2005/2005/2005
f 2019/2019/2019 2005/2005/2005 2000/2000/2000
f 2084/2084/2084 2035/2035/2035 1991/1991/1991
f 1993/1993/1993 1998/1998/1998 1976/1976/1976
f 1993/1993/1993 1976/1976/1976 1977/1977/1977
f 1991/1991/1991 1993/1993/1993 1977/1977/1977
f 1991/1991/1991 1977/1977/1977 1979/1979/1979
f 2005/2005/2005 2078/2078/2078 1973/1973/1973
f 2000/2000/2000 2005/2005/2005 1973/1973/1973
f 2000/2000/2000 1973/1973/1973 1974/1974/1974
f 1998/1998/1998 2000/2000/2000 1974/1974/1974
f 1998/1998/1998 1974/1974/1974 1976/1976/1976
f 2084/2084/2084 1991/1991/1991 1979/1979/1979
f 2084/2084/2084 1979/1979/1979 2064/2064/2064
f 1974/1974/1974 1973/1973/1973 2060/2060/2060
f 1974/1974/1974 2060/2060/2060 2061/2061/2061
f 1977/1977/1977 1976/1976/1976 2062/2062/2062
f 1977/1977/1977 2062/2062/2062 2063/2063/2063
f 1976/1976/1976 1974/1974/1974 2061/2061/2061
f 1976/1976/1976 2061/2061/2061 2062/2062/2062
f 1979/1979/1979 1977/1977/1977 2063/2063/2063
f 1979/1979/1979 2063/2063/2063 2064/2064/2064
f 1973/1973/1973 2078/2078/2078 2060/2060/2060
f 2063/2063/2063 2062/2062/2062 2069/2069/2069
f 2063/2063/2063 2069/2069/2069 2070/2070/2070
f 2064/2064/2064 2063/2063/2063 2070/2070/2070
f 2064/2064/2064 2070/2070/2070 2071/2071/2071
f 2061/2061/2061 2060/2060/2060 2067/2067/2067
f 2061/2061/2061 2067/2067/2067 2068/2068/2068
f 2062/2062/2062 2061/2061/2061 2068/2068/2068
f 2062/2062/2062 2068/2068/2068 2069/2069/2069
f 2060/2060/2060 2078/2078/2078 2067/2067/2067
f 2084/2084/2084 2064/2064/2064 2071/2071/2071
f 2068/2068/2068 2067/2067/2067 2072/2072/2072
f 2068/2068/2068 2072/2072/2072 2073/2073/2073
f 2070/2070/2070 2069/2069/2069 2074/2074/2074
f 2070/2070/2070 2074/2074/2074 2075/2075/2075
f 2067/2067/2067 2078/2078/2078 2072/2072/2072
f 2069/2069/2069 2068/2068/2068 2073/2073/2073
f 2069/2069/2069 2073/2073/2073 2074/2074/2074
f 2071/2071/2071 2070/2070/2070 2075/2075/2075
f 2071/2071/2071 2075/2075/2075 2076/2076/2076
f 2084/2084/2084 2071/2071/2071 2076/2076/2076
f 2073/2073/2073 2072/2072/2072 2079/2079/2079
f 2073/2073/2073 2079/2079/2079 2080/2080/2080
f 2075/2075/2075 2074/2074/2074 2081/2081/2081
f 2075/2075/2075 2081/2081/2081 2082/2082/2082
f 2084/2084/2084 2076/2076/2076 2083/2083/2083
f 2072/2072/2072 2078/2078/2078 2079/2079/2079
f 2074/2074/2074 2073/2073/2073 2080/2080/2080
f 2074/2074/2074 2080/2080/2080 2081/2081/2081
f 2076/2076/2076 2075/2075/2075 2082/2082/2082
f 2076/2076/2076 2082/2082/2082 2083/2083/2083
f 2082/2082/2082 2081/2081/2081 2088/2088/2088
f 2082/2082/2082 2088/2088/2088 2089/2089/2089
f 2084/2084/2084 2083/2083/2083 2090/2090/2090
f 2079/2079/2079 2078/2078/2078 2086/2086/2086
f 2081/2081/2081 2080/2080/2080 2087/2087/2087
f 2081/2081/2081 2087/2087/2087 2088/2088/2088
f 2083/2083/2083 2082/2082/2082 2089/2089/2089
f 2083/2083/2083 2089/2089/2089 2090/2090/2090
f 2080/2080/2080 2079/2079/2079 2086/2086/2086
f 2080/2080/2080 2086/2086/2086 2087/2087/2087
f 2084/2084/2084 2090/2090/2090 2097/2097/2097
f 2086/2086/2086 2078/2078/2078 2093/2093/2093
f 2088/2088/2088 2087/2087/2087 2094/2094/2094
f 2088/2088/2088 2094/2094/2094 2095/2095/2095
f 2090/2090/2090 2089/2089/2089 2096/2096/2096
f 2090/2090/2090 2096/2096/2096 2097/2097/2097
f 2087/2087/2087 2086/2086/2086 2093/2093/2093
f 2087/2087/2087 2093/2093/2093 2094/2094/2094
f 2089/2089/2089 2088/2088/2088 2095/2095/2095
f 2089/2089/2089 2095/2095/2095 2096/2096/2096
f 2093/2093/2093 2078/2078/2078 2099/2099/2099
f 2095/2095/2095 2094/2094/2094 2100/2100/2100
f 2095/2095/2095 2100/2100/2100 2101/2101/2101
f 2097/2097/2097 2096/2096/2096 2102/2102/2102
f 2097/2097/2097 2102/2102/2102 2103/2103/2103
f 2094/2094/2094 2093/2093/2093 2099/2099/2099
f 2094/2094/2094 2099/2099/2099 2100/2100/2100
f 2096/2096/2096 2095/2095/2095 2101/2101/2101
f 2096/2096/2096 2101/2101/2101 2102/2102/2102
f 2084/2084/2084 2097/2097/2097 2103/2103/2103
f 2099/2099/2099 2078/2078/2078 2104/2104/2104
f 2101/2101/2101 2100/2100/2100 2105/2105/2105
f 2101/2101/2101 2105/2105/2105 2106/2106/2106
f 2103/2103/2103 2102/2102/2102 2107/2107/2107
f 2103/2103/2103 2107/2107/2107 2108/2108/2108
f 2100/2100/2100 2099/2099/2099 2104/2104/2104
f 2100/2100/2100 2104/2104/2104 2105/2105/2105
f 2102/2102/2102 2101/2101/2101 2106/2106/2106
f 2102/2102/2102 2106/2106/2106 2107/2107/2107
f 2084/2084/2084 2103/2103/2103 2108/2108/2108
f 2104/2104/2104 2078/2078/2078 2109/2109/2109
f 2106/2106/2106 2105/2105/2105 2054/2054/2054
f 2106/2106/2106 2054/2054/2054 2110/2110/2110
f 2108/2108/2108 2107/2107/2107 2047/2047/2047
f 2108/2108/2108 2047/2047/2047 2111/2111/2111
f 2105/2105/2105 2104/2104/2104 2109/2109/2109
f 2105/2105/2105 2109/2109/2109 2054/2054/2054
f 2107/2107/2107 2106/2106/2106 2110/2110/2110
f 2107/2107/2107 2110/2110/2110 2047/2047/2047
f 2084/2084/2084 2108/2108/2108 2111/2111/2111
f 2143/2143/2143 2122/2122/2122 2077/2077/2077
f 2148/2148/2148 2147/2147/2147 2098/2098/2098
f 2144/2144/2144 2143/2143/2143 2077/2077/2077
f 2144/2144/2144 2077/2077/2077 2085/2085/2085
f 2145/2145/2145 2144/2144/2144 2085/2085/2085
f 2145/2145/2145 2085/2085/2085 2091/2091/2091
f 2146/2146/2146 2145/2145/2145 2091/2091/2091
f 2146/2146/2146 2091/2091/2091 2092/2092/2092
f 2147/2147/2147 2146/2146/2146 2092/2092/2092
f 2147/2147/2147 2092/2092/2092 2098/2098/2098
f 2148/2148/2148 2098/2098/2098 2052/2052/2052
f 2092/2092/2092 2091/2091/2091 2059/2059/2059
f 2092/2092/2092 2059/2059/2059 2057/2057/2057
f 2085/2085/2085 2077/2077/2077 2066/2066/2066
f 2085/2085/2085 2066/2066/2066 2065/2065/2065
f 2098/2098/2098 2092/2092/2092 2057/2057/2057
f 2098/2098/2098 2057/2057/2057 2052/2052/2052
f 2091/2091/2091 2085/2085/2085 2065/2065/2065
f 2091/2091/2091 2065/2065/2065 2059/2059/2059
f 2077/2077/2077 2122/2122/2122 2066/2066/2066
f 2057/2057/2057 2059/2059/2059 2007/2007/2007
f 2057/2057/2057 2007/2007/2007 2012/2012/2012
f 2065/2065/2065 2066/2066/2066 1984/1984/1984
f 2065/2065/2065 1984/1984/1984 1986/1986/1986
f 2148/2148/2148 2052/2052/2052 2040/2040/2040
f 2066/2066/2066 2122/2122/2122 1984/1984/1984
f 2052/2052/2052 2057/2057/2057 2012/2012/2012
f 2052/2052/2052 2012/2012/2012 2040/2040/2040
f 2059/2059/2059 2065/2065/2065 1986/1986/1986
f 2059/2059/2059 1986/1986/1986 2007/2007/2007
f 2007/2007/2007 1986/1986/1986 2113/2113/2113
f 2007/2007/2007 2113/2113/2113 2114/2114/2114
f 1986/1986/1986 1984/1984/1984 2112/2112/2112
f 1986/1986/1986 2112/2112/2112 2113/2113/2113
f 2040/2040/2040 2012/2012/2012 2115/2115/2115
f 2040/2040/2040 2115/2115/2115 2116/2116/2116
f 1984/1984/1984 2122/2122/2122 2112/2112/2112
f 2012/2012/2012 2007/2007/2007 2114/2114/2114
f 2012/2012/2012 2114/2114/2114 2115/2115/2115
f 2148/2148/2148 2040/2040/2040 2116/2116/2116
f 2114/2114/2114 2113/2113/2113 2118/2118/2118
f 2114/2114/2114 2118/2118/2118 2119/2119/2119
f 2113/2113/2113 2112/2112/2112 2117/2117/2117
f 2113/2113/2113 2117/2117/2117 2118/2118/2118
f 2148/2148/2148 2116/2116/2116 2121/2121/2121
f 2115/2115/2115 2114/2114/2114 2119/2119/2119
f 2115/2115/2115 2119/2119/2119 2120/2120/2120
f 2112/2112/2112 2122/2122/2122 2117/2117/2117
f 2116/2116/2116 2115/2115/2115 2120/2120/2120
f 2116/2116/2116 2120/2120/2120 2121/2121/2121
f 2118/2118/2118 2117/2117/2117 2123/2123/2123
f 2118/2118/2118 2123/2123/2123 2124/2124/2124
f 2117/2117/2117 2122/2122/2122 2123/2123/2123
f 2119/2119/2119 2118/2118/2118 2124/2124/2124
f 2119/2119/2119 2124/2124/2124 2125/2125/2125
f 2121/2121/2121 2120/2120/2120 2126/2126/2126
f 2121/2121/2121 2126/2126/2126 2127/2127/2127
f 2148/2148/2148 2121/2121/2121 2127/2127/2127
f 2120/2120/2120 2119/2119/2119 2125/2125/2125
f 2120/2120/2120 2125/2125/2125 2126/2126/2126
f 2124/2124/2124 2123/2123/2123 2128/2128/2128
f 2124/2124/2124 2128/2128/2128 2129/2129/2129
f 2148/2148/2148 2127/2127/2127 2132/2132/2132
f 2126/2126/2126 2125/2125/2125 2130/2130/2130
f 2126/2126/2126 2130/2130/2130 2131/2131/2131
f 2123/2123/2123 2122/2122/2122 2128/2128/2128
f 2125/2125/2125 2124/2124/2124 2129/2129/2129
f 2125/2125/2125 2129/2129/2129 2130/2130/2130
f 2127/2127/2127 2126/2126/2126 2131/2131/2131
f 2127/2127/2127 2131/2131/2131 2132/2132/2132
f 2148/2148/2148 2132/2132/2132 2137/2137/2137
f 2131/2131/2131 2130/2130/2130 2135/2135/2135
f 2131/2131/2131 2135/2135/2135 2136/2136/2136
f 2128/2128/2128 2122/2122/2122 2133/2133/2133
f 2130/2130/2130 2129/2129/2129 2134/2134/2134
f 2130/2130/2130 2134/2134/2134 2135/2135/2135
f 2132/2132/2132 2131/2131/2131 2136/2136/2136
f 2132/2132/2132 2136/2136/2136 2137/2137/2137
f 2129/2129/2129 2128/2128/2128 2133/2133/2133
f 2129/2129/2129 2133/2133/2133 2134/2134/2134
f 2136/2136/2136 2135/2135/2135 2140/2140/2140
f 2136/2136/2136 2140/2140/2140 2141/2141/2141
f 2133/2133/2133 2122/2122/2122 2138/2138/2138
f 2135/2135/2135 2134/2134/2134 2139/2139/2139
f 2135/2135/2135 2139/2139/2139 2140/2140/2140
f 2137/2137/2137 2136/2136/2136 2141/2141/2141
f 2137/2137/2137 2141/2141/2141 2142/2142/2142
f 2134/2134/2134 2133/2133/2133 2138/2138/2138
f 2134/2134/2134 2138/2138/2138 2139/2139/2139
f 2148/2148/2148 2137/2137/2137 2142/2142/2142
f 2138/2138/2138 2122/2122/2122 2143/2143/2143
f 2140/2140/2140 2139/2139/2139 2144/2144/2144
f 2140/2140/2140 2144/2144/2144 2145/2145/2145
f 2142/2142/2142 2141/2141/2141 2146/2146/2146
f 2142/2142/2142 2146/2146/2146 2147/2147/2147
f 2139/2139/2139 2138/2138/2138 2143/2143/2143
f 2139/2139/2139 2143/2143/2143 2144/2144/2144
f 2148/2148/2148 2142/2142/2142 2147/2147/2147
f 2141/2141/2141 2140/2140/2140 2145/2145/2145
f 2141/2141/2141 2145/2145/2145 2146/2146/2146
f 2197/2197/2197 2212/2212/2212 2157/2157/2157
f 2211/2211/2211 2210/2210/2210 2155/2155/2155
f 2211/2211/2211 2155/2155/2155 2156/2156/2156
f 2209/2209/2209 2208/2208/2208 2153/2153/2153
f 2209/2209/2209 2153/2153/2153 2154/2154/2154
f 2212/2212/2212 2211/2211/2211 2156/2156/2156
f 2212/2212/2212 2156/2156/2156 2157/2157/2157
f 2210/2210/2210 2209/2209/2209 2154/2154/2154
f 2210/2210/2210 2154/2154/2154 2155/2155/2155
f 2208/2208/2208 2191/2191/2191 2153/2153/2153
f 2154/2154/2154 2153/2153/2153 2160/2160/2160
f 2154/2154/2154 2160/2160/2160 2161/2161/2161
f 2157/2157/2157 2156/2156/2156 2163/2163/2163
f 2157/2157/2157 2163/2163/2163 2164/2164/2164
f 2155/2155/2155 2154/2154/2154 2161/2161/2161
f 2155/2155/2155 2161/2161/2161 2162/2162/2162
f 2153/2153/2153 2191/2191/2191 2160/2160/2160
f 2197/2197/2197 2157/2157/2157 2164/2164/2164
f 2156/2156/2156 2155/2155/2155 2162/2162/2162
f 2156/2156/2156 2162/2162/2162 2163/2163/2163
f 2164/2164/2164 2163/2163/2163 2170/2170/2170
f 2164/2164/2164 2170/2170/2170 2171/2171/2171
f 2162/2162/2162 2161/2161/2161 2168/2168/2168
f 2162/2162/2162 2168/2168/2168 2169/2169/2169
f 2160/2160/2160 2191/2191/2191 2167/2167/2167
f 2197/2197/2197 2164/2164/2164 2171/2171/2171
f 2163/2163/2163 2162/2162/2162 2169/2169/2169
f 2163/2163/2163 2169/2169/2169 2170/2170/2170
f 2161/2161/2161 2160/2160/2160 2167/2167/2167
f 2161/2161/2161 2167/2167/2167 2168/2168/2168
f 2171/2171/2171 2170/2170/2170 2175/2175/2175
f 2171/2171/2171 2175/2175/2175 2176/2176/2176
f 2169/2169/2169 2168/2168/2168 2173/2173/2173
f 2169/2169/2169 2173/2173/2173 2174/2174/2174
f 2167/2167/2167 2191/2191/2191 2172/2172/2172
f 2197/2197/2197 2171/2171/2171 2176/2176/2176
f 2170/2170/2170 2169/2169/2169 2174/2174/2174
f 2170/2170/2170 2174/2174/2174 2175/2175/2175
f 2168/2168/2168 2167/2167/2167 2172/2172/2172
f 2168/2168/2168 2172/2172/2172 2173/2173/2173
f 2176/2176/2176 2175/2175/2175 2182/2182/2182
f 2176/2176/2176 2182/2182/2182 2183/2183/2183
f 2174/2174/2174 2173/2173/2173 2180/2180/2180
f 2174/2174/2174 2180/2180/2180 2181/2181/2181
f 2172/2172/2172 2191/2191/2191 2179/2179/2179
f 2197/2197/2197 2176/2176/2176 2183/2183/2183
f 2175/2175/2175 2174/2174/2174 2181/2181/2181
f 2175/2175/2175 2181/2181/2181 2182/2182/2182
f 2173/2173/2173 2172/2172/2172 2179/2179/2179
f 2173/2173/2173 2179/2179/2179 2180/2180/2180
f 2183/2183/2183 2182/2182/2182 2189/2189/2189
f 2183/2183/2183 2189/2189/2189 2190/2190/2190
f 2181/2181/2181 2180/2180/2180 2187/2187/2187
f 2181/2181/2181 2187/2187/2187 2188/2188/2188
f 2179/2179/2179 2191/2191/2191 2186/2186/2186
f 2197/2197/2197 2183/2183/2183 2190/2190/2190
f 2182/2182/2182 2181/2181/2181 2188/2188/2188
f 2182/2182/2182 2188/2188/2188 2189/2189/2189
f 2180/2180/2180 2179/2179/2179 2186/2186/2186
f 2180/2180/2180 2186/2186/2186 2187/2187/2187
f 2188/2188/2188 2187/2187/2187 2193/2193/2193
f 2188/2188/2188 2193/2193/2193 2194/2194/2194
f 2186/2186/2186 2191/2191/2191 2192/2192/2192
f 2197/2197/2197 2190/2190/2190 2196/2196/2196
f 2189/2189/2189 2188/2188/2188 2194/2194/2194
f 2189/2189/2189 2194/2194/2194 2195/2195/2195
f 2187/2187/2187 2186/2186/2186 2192/2192/2192
f 2187/2187/2187 2192/2192/2192 2193/2193/2193
f 2190/2190/2190 2189/2189/2189 2195/2195/2195
f 2190/2190/2190 2195/2195/2195 2196/2196/2196
f 2192/2192/2192 2191/2191/2191 2198/2198/2198
f 2197/2197/2197 2196/2196/2196 2202/2202/2202
f 2195/2195/2195 2194/2194/2194 2200/2200/2200
f 2195/2195/2195 2200/2200/2200 2201/2201/2201
f 2193/2193/2193 2192/2192/2192 2198/2198/2198
f 2193/2193/2193 2198/2198/2198 2199/2199/2199
f 2196/2196/2196 2195/2195/2195 2201/2201/2201
f 2196/2196/2196 2201/2201/2201 2202/2202/2202
f 2194/2194/2194 2193/2193/2193 2199/2199/2199
f 2194/2194/2194 2199/2199/2199 2200/2200/2200
f 2197/2197/2197 2202/2202/2202 2207/2207/2207
f 2201/2201/2201 2200/2200/2200 2205/2205/2205
f 2201/2201/2201 2205/2205/2205 2206/2206/2206
f 2199/2199/2199 2198/2198/2198 2203/2203/2203
f 2199/2199/2199 2203/2203/2203 2204/2204/2204
f 2202/2202/2202 2201/2201/2201 2206/2206/2206
f 2202/2202/2202 2206/2206/2206 2207/2207/2207
f 2200/2200/2200 2199/2199/2199 2204/2204/2204
f 2200/2200/2200 2204/2204/2204 2205/2205/2205
f 2198/2198/2198 2191/2191/2191 2203/2203/2203
f 2197/2197/2197 2207/2207/2207 2212/2212/2212
f 2206/2206/2206 2205/2205/2205 2210/2210/2210
f 2206/2206/2206 2210/2210/2210 2211/2211/2211
f 2204/2204/2204 2203/2203/2203 2208/2208/2208
f 2204/2204/2204 2208/2208/2208 2209/2209/2209
f 2207/2207/2207 2206/2206/2206 2211/2211/2211
f 2207/2207/2207 2211/2211/2211 2212/2212/2212
f 2205/2205/2205 2204/2204/2204 2209/2209/2209
f 2205/2205/2205 2209/2209/2209 2210/2210/2210
f 2203/2203/2203 2191/2191/2191 2208/2208/2208
f 2233/2233/2233 2232/2232/2232 2178/2178/2178
f 2233/2233/2233 2178/2178/2178 2184/2184/2184
f 2231/2231/2231 2222/2222/2222 2177/2177/2177
f 2221/2221/2221 2234/2234/2234 2185/2185/2185
f 2232/2232/2232 2231/2231/2231 2177/2177/2177
f 2232/2232/2232 2177/2177/2177 2178/2178/2178
f 2234/2234/2234 2233/2233/2233 2184/2184/2184
f 2234/2234/2234 2184/2184/2184 2185/2185/2185
f 2177/2177/2177 2222/2222/2222 2166/2166/2166
f 2185/2185/2185 2184/2184/2184 2159/2159/2159
f 2185/2185/2185 2159/2159/2159 2158/2158/2158
f 2221/2221/2221 2185/2185/2185 2158/2158/2158
f 2178/2178/2178 2177/2177/2177 2166/2166/2166
f 2178/2178/2178 2166/2166/2166 2165/2165/2165
f 2184/2184/2184 2178/2178/2178 2165/2165/2165
f 2184/2184/2184 2165/2165/2165 2159/2159/2159
f 2165/2165/2165 2166/2166/2166 2149/2149/2149
f 2165/2165/2165 2149/2149/2149 2150/2150/2150
f 2158/2158/2158 2159/2159/2159 2151/2151/2151
f 2158/2158/2158 2151/2151/2151 2152/2152/2152
f 2166/2166/2166 2222/2222/2222 2149/2149/2149
f 2221/2221/2221 2158/2158/2158 2152/2152/2152
f 2159/2159/2159 2165/2165/2165 2150/2150/2150
f 2159/2159/2159 2150/2150/2150 2151/2151/2151
f 2221/2221/2221 2152/2152/2152 2216/2216/2216
f 2151/2151/2151 2150/2150/2150 2214/2214/2214
f 2151/2151/2151 2214/2214/2214 2215/2215/2215
f 2149/2149/2149 2222/2222/2222 2213/2213/2213
f 2152/2152/2152 2151/2151/2151 2215/2215/2215
f 2152/2152/2152 2215/2215/2215 2216/2216/2216
f 2150/2150/2150 2149/2149/2149 2213/2213/2213
f 2150/2150/2150 2213/2213/2213 2214/2214/2214
f 2213/2213/2213 2222/2222/2222 2217/2217/2217
f 2215/2215/2215 2214/2214/2214 2218/2218/2218
f 2215/2215/2215 2218/2218/2218 2219/2219/2219
f 2221/2221/2221 2216/2216/2216 2220/2220/2220
f 2214/2214/2214 2213/2213/2213 2217/2217/2217
f 2214/2214/2214 2217/2217/2217 2218/2218/2218
f 2216/2216/2216 2215/2215/2215 2219/2219/2219
f 2216/2216/2216 2219/2219/2219 2220/2220/2220
f 2219/2219/2219 2218/2218/2218 2224/2224/2224
f 2219/2219/2219 2224/2224/2224 2225/2225/2225
f 2221/2221/2221 2220/2220/2220 2226/2226/2226
f 2218/2218/2218 2217/2217/2217 2223/2223/2223
f 2218/2218/2218 2223/2223/2223 2224/2224/2224
f 2220/2220/2220 2219/2219/2219 2225/2225/2225
f 2220/2220/2220 2225/2225/2225 2226/2226/2226
f 2217/2217/2217 2222/2222/2222 2223/2223/2223
f 2225/2225/2225 2224/2224/2224 2228/2228/2228
f 2225/2225/2225 2228/2228/2228 2229/2229/2229
f 2221/2221/2221 2226/2226/2226 2230/2230/2230
f 2224/2224/2224 2223/2223/2223 2227/2227/2227
f 2224/2224/2224 2227/2227/2227 2228/2228/2228
f 2226/2226/2226 2225/2225/2225 2229/2229/2229
f 2226/2226/2226 2229/2229/2229 2230/2230/2230
f 2223/2223/2223 2222/2222/2222 2227/2227/2227
f 2229/2229/2229 2228/2228/2228 2232/2232/2232
f 2229/2229/2229 2232/2232/2232 2233/2233/2233
f 2221/2221/2221 2230/2230/2230 2234/2234/2234
f 2228/2228/2228 2227/2227/2227 2231/2231/2231
f 2228/2228/2228 2231/2231/2231 2232/2232/2232
f 2230/2230/2230 2229/2229/2229 2233/2233/2233
f 2230/2230/2230 2233/2233/2233 2234/2234/2234
f 2227/2227/2227 2222/2222/2222 2231/2231/2231
f 2277/2277/2277 2276/2276/2276 2283/2283/2283
f 2277/2277/2277 2283/2283/2283 2284/2284/2284
f 2307/2307/2307 2327/2327/2327 2278/2278/2278
f 2237/2237/2237 2238/2238/2238 2240/2240/2240
f 2237/2237/2237 2240/2240/2240 2239/2239/2239
f 2261/2261/2261 2262/2262/2262 2264/2264/2264
f 2261/2261/2261 2264/2264/2264 2263/2263/2263
f 2255/2255/2255 2256/2256/2256 2258/2258/2258
f 2255/2255/2255 2258/2258/2258 2257/2257/2257
f 2239/2239/2239 2240/2240/2240 2242/2242/2242
f 2239/2239/2239 2242/2242/2242 2241/2241/2241
f 2259/2259/2259 2260/2260/2260 2262/2262/2262
f 2259/2259/2259 2262/2262/2262 2261/2261/2261
f 2283/2283/2283 2282/2282/2282 2289/2289/2289
f 2283/2283/2283 2289/2289/2289 2290/2290/2290
f 2241/2241/2241 2242/2242/2242 2244/2244/2244
f 2241/2241/2241 2244/2244/2244 2243/2243/2243
f 2307/2307/2307 2278/2278/2278 2285/2285/2285
f 2276/2276/2276 2275/2275/2275 2282/2282/2282
f 2276/2276/2276 2282/2282/2282 2283/2283/2283
f 2243/2243/2243 2244/2244/2244 2246/2246/2246
f 2243/2243/2243 2246/2246/2246 2245/2245/2245
f 2322/2322/2322 2323/2323/2323 2274/2274/2274
f 2253/2253/2253 2254/2254/2254 2256/2256/2256
f 2253/2253/2253 2256/2256/2256 2255/2255/2255
f 2245/2245/2245 2246/2246/2246 2248/2248/2248
f 2245/2245/2245 2248/2248/2248 2247/2247/2247
f 2257/2257/2257 2258/2258/2258 2260/2260/2260
f 2257/2257/2257 2260/2260/2260 2259/2259/2259
f 2280/2280/2280 2323/2323/2323 2287/2287/2287
f 2247/2247/2247 2248/2248/2248 2250/2250/2250
f 2247/2247/2247 2250/2250/2250 2249/2249/2249
f 2242/2242/2242 2240/2240/2240 2238/2238/2238
f 2238/2238/2238 2252/2252/2252 2250/2250/2250
f 2250/2250/2250 2248/2248/2248 2246/2246/2246
f 2246/2246/2246 2244/2244/2244 2242/2242/2242
f 2242/2242/2242 2238/2238/2238 2250/2250/2250
f 2250/2250/2250 2246/2246/2246 2242/2242/2242
f 2275/2275/2275 2274/2274/2274 2280/2280/2280
f 2275/2275/2275 2280/2280/2280 2282/2282/2282
f 2249/2249/2249 2250/2250/2250 2252/2252/2252
f 2249/2249/2249 2252/2252/2252 2251/2251/2251
f 2327/2327/2327 2326/2326/2326 2277/2277/2277
f 2327/2327/2327 2277/2277/2277 2278/2278/2278
f 2274/2274/2274 2323/2323/2323 2280/2280/2280
f 2251/2251/2251 2252/2252/2252 2238/2238/2238
f 2251/2251/2251 2238/2238/2238 2237/2237/2237
f 2251/2251/2251 2237/2237/2237 2239/2239/2239
f 2239/2239/2239 2241/2241/2241 2243/2243/2243
f 2243/2243/2243 2245/2245/2245 2247/2247/2247
f 2247/2247/2247 2249/2249/2249 2251/2251/2251
f 2251/2251/2251 2239/2239/2239 2243/2243/2243
f 2243/2243/2243 2247/2247/2247 2251/2251/2251
f 2324/2324/2324 2322/2322/2322 2274/2274/2274
f 2324/2324/2324 2274/2274/2274 2275/2275/2275
f 2278/2278/2278 2277/2277/2277 2284/2284/2284
f 2278/2278/2278 2284/2284/2284 2285/2285/2285
f 2263/2263/2263 2264/2264/2264 2266/2266/2266
f 2263/2263/2263 2266/2266/2266 2265/2265/2265
f 2325/2325/2325 2324/2324/2324 2275/2275/2275
f 2325/2325/2325 2275/2275/2275 2276/2276/2276
f 2255/2255/2255 2257/2257/2257 2259/2259/2259
f 2259/2259/2259 2261/2261/2261 2263/2263/2263
f 2263/2263/2263 2265/2265/2265 2267/2267/2267
f 2267/2267/2267 2253/2253/2253 2255/2255/2255
f 2255/2255/2255 2259/2259/2259 2263/2263/2263
f 2263/2263/2263 2267/2267/2267 2255/2255/2255
f 2265/2265/2265 2266/2266/2266 2268/2268/2268
f 2265/2265/2265 2268/2268/2268 2267/2267/2267
f 2326/2326/2326 2325/2325/2325 2276/2276/2276
f 2326/2326/2326 2276/2276/2276 2277/2277/2277
f 2285/2285/2285 2284/2284/2284 2291/2291/2291
f 2285/2285/2285 2291/2291/2291 2292/2292/2292
f 2267/2267/2267 2268/2268/2268 2254/2254/2254
f 2267/2267/2267 2254/2254/2254 2253/2253/2253
f 2266/2266/2266 2264/2264/2264 2262/2262/2262
f 2262/2262/2262 2260/2260/2260 2258/2258/2258
f 2258/2258/2258 2256/2256/2256 2254/2254/2254
f 2254/2254/2254 2268/2268/2268 2266/2266/2266
f 2266/2266/2266 2262/2262/2262 2258/2258/2258
f 2258/2258/2258 2254/2254/2254 2266/2266/2266
f 2284/2284/2284 2283/2283/2283 2290/2290/2290
f 2284/2284/2284 2290/2290/2290 2291/2291/2291
f 2282/2282/2282 2280/2280/2280 2287/2287/2287
f 2282/2282/2282 2287/2287/2287 2289/2289/2289
f 2307/2307/2307 2285/2285/2285 2292/2292/2292
f 2287/2287/2287 2323/2323/2323 2294/2294/2294
f 2292/2292/2292 2291/2291/2291 2298/2298/2298
f 2292/2292/2292 2298/2298/2298 2299/2299/2299
f 2291/2291/2291 2290/2290/2290 2297/2297/2297
f 2291/2291/2291 2297/2297/2297 2298/2298/2298
f 2289/2289/2289 2287/2287/2287 2294/2294/2294
f 2289/2289/2289 2294/2294/2294 2296/2296/2296
f 2307/2307/2307 2292/2292/2292 2299/2299/2299
f 2290/2290/2290 2289/2289/2289 2296/2296/2296
f 2290/2290/2290 2296/2296/2296 2297/2297/2297
f 2299/2299/2299 2298/2298/2298 2305/2305/2305
f 2299/2299/2299 2305/2305/2305 2306/2306/2306
f 2298/2298/2298 2297/2297/2297 2304/2304/2304
f 2298/2298/2298 2304/2304/2304 2305/2305/2305
f 2296/2296/2296 2294/2294/2294 2301/2301/2301
f 2296/2296/2296 2301/2301/2301 2303/2303/2303
f 2307/2307/2307 2299/2299/2299 2306/2306/2306
f 2297/2297/2297 2296/2296/2296 2303/2303/2303
f 2297/2297/2297 2303/2303/2303 2304/2304/2304
f 2294/2294/2294 2323/2323/2323 2301/2301/2301
f 2305/2305/2305 2304/2304/2304 2311/2311/2311
f 2305/2305/2305 2311/2311/2311 2312/2312/2312
f 2303/2303/2303 2301/2301/2301 2308/2308/2308
f 2303/2303/2303 2308/2308/2308 2310/2310/2310
f 2307/2307/2307 2306/2306/2306 2313/2313/2313
f 2304/2304/2304 2303/2303/2303 2310/2310/2310
f 2304/2304/2304 2310/2310/2310 2311/2311/2311
f 2301/2301/2301 2323/2323/2323 2308/2308/2308
f 2306/2306/2306 2305/2305/2305 2312/2312/2312
f 2306/2306/2306 2312/2312/2312 2313/2313/2313
f 2312/2312/2312 2311/2311/2311 2318/2318/2318
f 2312/2312/2312 2318/2318/2318 2319/2319/2319
f 2310/2310/2310 2308/2308/2308 2315/2315/2315
f 2310/2310/2310 2315/2315/2315 2317/2317/2317
f 2307/2307/2307 2313/2313/2313 2320/2320/2320
f 2311/2311/2311 2310/2310/2310 2317/2317/2317
f 2311/2311/2311 2317/2317/2317 2318/2318/2318
f 2308/2308/2308 2323/2323/2323 2315/2315/2315
f 2313/2313/2313 2312/2312/2312 2319/2319/2319
f 2313/2313/2313 2319/2319/2319 2320/2320/2320
f 2319/2319/2319 2318/2318/2318 2325/2325/2325
f 2319/2319/2319 2325/2325/2325 2326/2326/2326
f 2317/2317/2317 2315/2315/2315 2322/2322/2322
f 2317/2317/2317 2322/2322/2322 2324/2324/2324
f 2307/2307/2307 2320/2320/2320 2327/2327/2327
f 2318/2318/2318 2317/2317/2317 2324/2324/2324
f 2318/2318/2318 2324/2324/2324 2325/2325/2325
f 2315/2315/2315 2323/2323/2323 2322/2322/2322
f 2320/2320/2320 2319/2319/2319 2326/2326/2326
f 2320/2320/2320 2326/2326/2326 2327/2327/2327
f 2369/2369/2369 2349/2349/2349 2279/2279/2279
f 2367/2367/2367 2368/2368/2368 2281/2281/2281
f 2367/2367/2367 2281/2281/2281 2286/2286/2286
f 2368/2368/2368 2369/2369/2369 2279/2279/2279
f 2368/2368/2368 2279/2279/2279 2281/2281/2281
f 2366/2366/2366 2367/2367/2367 2286/2286/2286
f 2366/2366/2366 2286/2286/2286 2288/2288/2288
f 2365/2365/2365 2366/2366/2366 2288/2288/2288
f 2365/2365/2365 2288/2288/2288 2293/2293/2293
f 2350/2350/2350 2365/2365/2365 2293/2293/2293
f 2350/2350/2350 2293/2293/2293 2236/2236/2236
f 2293/2293/2293 2288/2288/2288 2269/2269/2269
f 2293/2293/2293 2269/2269/2269 2236/2236/2236
f 2281/2281/2281 2279/2279/2279 2272/2272/2272
f 2281/2281/2281 2272/2272/2272 2271/2271/2271
f 2279/2279/2279 2349/2349/2349 2272/2272/2272
f 2288/2288/2288 2286/2286/2286 2270/2270/2270
f 2288/2288/2288 2270/2270/2270 2269/2269/2269
f 2286/2286/2286 2281/2281/2281 2271/2271/2271
f 2286/2286/2286 2271/2271/2271 2270/2270/2270
f 2271/2271/2271 2272/2272/2272 2334/2334/2334
f 2271/2271/2271 2334/2334/2334 2333/2333/2333
f 2350/2350/2350 2236/2236/2236 2330/2330/2330
f 2272/2272/2272 2349/2349/2349 2334/2334/2334
f 2236/2236/2236 2269/2269/2269 2331/2331/2331
f 2236/2236/2236 2331/2331/2331 2330/2330/2330
f 2270/2270/2270 2271/2271/2271 2333/2333/2333
f 2270/2270/2270 2333/2333/2333 2332/2332/2332
f 2269/2269/2269 2270/2270/2270 2332/2332/2332
f 2269/2269/2269 2332/2332/2332 2331/2331/2331
f 2333/2333/2333 2334/2334/2334 2341/2341/2341
f 2333/2333/2333 2341/2341/2341 2340/2340/2340
f 2331/2331/2331 2332/2332/2332 2339/2339/2339
f 2331/2331/2331 2339/2339/2339 2338/2338/2338
f 2350/2350/2350 2330/2330/2330 2337/2337/2337
f 2332/2332/2332 2333/2333/2333 2340/2340/2340
f 2332/2332/2332 2340/2340/2340 2339/2339/2339
f 2330/2330/2330 2331/2331/2331 2338/2338/2338
f 2330/2330/2330 2338/2338/2338 2337/2337/2337
f 2334/2334/2334 2349/2349/2349 2341/2341/2341
f 2341/2341/2341 2349/2349/2349 2348/2348/2348
f 2350/2350/2350 2337/2337/2337 2344/2344/2344
f 2338/2338/2338 2339/2339/2339 2346/2346/2346
f 2338/2338/2338 2346/2346/2346 2345/2345/2345
f 2340/2340/2340 2341/2341/2341 2348/2348/2348
f 2340/2340/2340 2348/2348/2348 2347/2347/2347
f 2337/2337/2337 2338/2338/2338 2345/2345/2345
f 2337/2337/2337 2345/2345/2345 2344/2344/2344
f 2339/2339/2339 2340/2340/2340 2347/2347/2347
f 2339/2339/2339 2347/2347/2347 2346/2346/2346
f 2350/2350/2350 2344/2344/2344 2351/2351/2351
f 2345/2345/2345 2346/2346/2346 2353/2353/2353
f 2345/2345/2345 2353/2353/2353 2352/2352/2352
f 2347/2347/2347 2348/2348/2348 2355/2355/2355
f 2347/2347/2347 2355/2355/2355 2354/2354/2354
f 2344/2344/2344 2345/2345/2345 2352/2352/2352
f 2344/2344/2344 2352/2352/2352 2351/2351/2351
f 2346/2346/2346 2347/2347/2347 2354/2354/2354
f 2346/2346/2346 2354/2354/2354 2353/2353/2353
f 2348/2348/2348 2349/2349/2349 2355/2355/2355
f 2350/2350/2350 2351/2351/2351 2358/2358/2358
f 2352/2352/2352 2353/2353/2353 2360/2360/2360
f 2352/2352/2352 2360/2360/2360 2359/2359/2359
f 2354/2354/2354 2355/2355/2355 2362/2362/2362
f 2354/2354/2354 2362/2362/2362 2361/2361/2361
f 2351/2351/2351 2352/2352/2352 2359/2359/2359
f 2351/2351/2351 2359/2359/2359 2358/2358/2358
f 2353/2353/2353 2354/2354/2354 2361/2361/2361
f 2353/2353/2353 2361/2361/2361 2360/2360/2360
f 2355/2355/2355 2349/2349/2349 2362/2362/2362
f 2350/2350/2350 2358/2358/2358 2365/2365/2365
f 2359/2359/2359 2360/2360/2360 2367/2367/2367
f 2359/2359/2359 2367/2367/2367 2366/2366/2366
f 2361/2361/2361 2362/2362/2362 2369/2369/2369
f 2361/2361/2361 2369/2369/2369 2368/2368/2368
f 2358/2358/2358 2359/2359/2359 2366/2366/2366
f 2358/2358/2358 2366/2366/2366 2365/2365/2365
f 2360/2360/2360 2361/2361/2361 2368/2368/2368
f 2360/2360/2360 2368/2368/2368 2367/2367/2367
f 2362/2362/2362 2349/2349/2349 2369/2369/2369
f 2402/2402/2402 2385/2385/2385 2328/2328/2328
f 2388/2388/2388 2399/2399/2399 2336/2336/2336
f 2401/2401/2401 2402/2402/2402 2328/2328/2328
f 2401/2401/2401 2328/2328/2328 2329/2329/2329
f 2399/2399/2399 2398/2398/2398 2335/2335/2335
f 2399/2399/2399 2335/2335/2335 2336/2336/2336
f 2398/2398/2398 2401/2401/2401 2329/2329/2329
f 2398/2398/2398 2329/2329/2329 2335/2335/2335
f 2336/2336/2336 2335/2335/2335 2302/2302/2302
f 2336/2336/2336 2302/2302/2302 2300/2300/2300
f 2329/2329/2329 2328/2328/2328 2314/2314/2314
f 2329/2329/2329 2314/2314/2314 2309/2309/2309
f 2388/2388/2388 2336/2336/2336 2300/2300/2300
f 2328/2328/2328 2385/2385/2385 2314/2314/2314
f 2335/2335/2335 2329/2329/2329 2309/2309/2309
f 2335/2335/2335 2309/2309/2309 2302/2302/2302
f 2309/2309/2309 2314/2314/2314 2372/2372/2372
f 2309/2309/2309 2372/2372/2372 2371/2371/2371
f 2300/2300/2300 2302/2302/2302 2235/2235/2235
f 2300/2300/2300 2235/2235/2235 2273/2273/2273
f 2388/2388/2388 2300/2300/2300 2273/2273/2273
f 2314/2314/2314 2385/2385/2385 2372/2372/2372
f 2302/2302/2302 2309/2309/2309 2371/2371/2371
f 2302/2302/2302 2371/2371/2371 2235/2235/2235
f 2371/2371/2371 2372/2372/2372 2378/2378/2378
f 2371/2371/2371 2378/2378/2378 2377/2377/2377
f 2235/2235/2235 2371/2371/2371 2377/2377/2377
f 2235/2235/2235 2377/2377/2377 2374/2374/2374
f 2273/2273/2273 2235/2235/2235 2374/2374/2374
f 2273/2273/2273 2374/2374/2374 2375/2375/2375
f 2388/2388/2388 2273/2273/2273 2375/2375/2375
f 2372/2372/2372 2385/2385/2385 2378/2378/2378
f 2375/2375/2375 2374/2374/2374 2380/2380/2380
f 2375/2375/2375 2380/2380/2380 2381/2381/2381
f 2388/2388/2388 2375/2375/2375 2381/2381/2381
f 2374/2374/2374 2377/2377/2377 2383/2383/2383
f 2374/2374/2374 2383/2383/2383 2380/2380/2380
f 2378/2378/2378 2385/2385/2385 2384/2384/2384
f 2377/2377/2377 2378/2378/2378 2384/2384/2384
f 2377/2377/2377 2384/2384/2384 2383/2383/2383
f 2381/2381/2381 2380/2380/2380 2386/2386/2386
f 2381/2381/2381 2386/2386/2386 2387/2387/2387
f 2383/2383/2383 2384/2384/2384 2390/2390/2390
f 2383/2383/2383 2390/2390/2390 2389/2389/2389
f 2388/2388/2388 2381/2381/2381 2387/2387/2387
f 2384/2384/2384 2385/2385/2385 2390/2390/2390
f 2380/2380/2380 2383/2383/2383 2389/2389/2389
f 2380/2380/2380 2389/2389/2389 2386/2386/2386
f 2387/2387/2387 2386/2386/2386 2392/2392/2392
f 2387/2387/2387 2392/2392/2392 2393/2393/2393
f 2389/2389/2389 2390/2390/2390 2396/2396/2396
f 2389/2389/2389 2396/2396/2396 2395/2395/2395
f 2388/2388/2388 2387/2387/2387 2393/2393/2393
f 2390/2390/2390 2385/2385/2385 2396/2396/2396
f 2386/2386/2386 2389/2389/2389 2395/2395/2395
f 2386/2386/2386 2395/2395/2395 2392/2392/2392
f 2393/2393/2393 2392/2392/2392 2398/2398/2398
f 2393/2393/2393 2398/2398/2398 2399/2399/2399
f 2395/2395/2395 2396/2396/2396 2402/2402/2402
f 2395/2395/2395 2402/2402/2402 2401/2401/2401
f 2388/2388/2388 2393/2393/2393 2399/2399/2399
f 2396/2396/2396 2385/2385/2385 2402/2402/2402
f 2392/2392/2392 2395/2395/2395 2401/2401/2401
f 2392/2392/2392 2401/2401/2401 2398/2398/2398
f 2436/2436/2436 2417/2417/2417 2424/2424/2424
f 2408/2408/2408 2439/2439/2439 2415/2415/2415
f 2397/2397/2397 2394/2394/2394 2382/2382/2382
f 2397/2397/2397 2382/2382/2382 2391/2391/2391
f 2416/2416/2416 2412/2412/2412 2419/2419/2419
f 2416/2416/2416 2419/2419/2419 2423/2423/2423
f 2450/2450/2450 2439/2439/2439 2408/2408/2408
f 2391/2391/2391 2382/2382/2382 2376/2376/2376
f 2391/2391/2391 2376/2376/2376 2379/2379/2379
f 2407/2407/2407 2408/2408/2408 2415/2415/2415
f 2407/2407/2407 2415/2415/2415 2413/2413/2413
f 2452/2452/2452 2451/2451/2451 2409/2409/2409
f 2452/2452/2452 2409/2409/2409 2410/2410/2410
f 2379/2379/2379 2376/2376/2376 2370/2370/2370
f 2379/2379/2379 2370/2370/2370 2373/2373/2373
f 2410/2410/2410 2409/2409/2409 2416/2416/2416
f 2410/2410/2410 2416/2416/2416 2417/2417/2417
f 2436/2436/2436 2452/2452/2452 2410/2410/2410
f 2373/2373/2373 2370/2370/2370 2363/2363/2363
f 2373/2373/2373 2363/2363/2363 2364/2364/2364
f 2409/2409/2409 2406/2406/2406 2412/2412/2412
f 2409/2409/2409 2412/2412/2412 2416/2416/2416
f 2451/2451/2451 2448/2448/2448 2406/2406/2406
f 2451/2451/2451 2406/2406/2406 2409/2409/2409
f 2364/2364/2364 2363/2363/2363 2356/2356/2356
f 2364/2364/2364 2356/2356/2356 2357/2357/2357
f 2436/2436/2436 2410/2410/2410 2417/2417/2417
f 2448/2448/2448 2449/2449/2449 2407/2407/2407
f 2448/2448/2448 2407/2407/2407 2406/2406/2406
f 2357/2357/2357 2356/2356/2356 2342/2342/2342
f 2357/2357/2357 2342/2342/2342 2343/2343/2343
f 2376/2376/2376 2382/2382/2382 2394/2394/2394
f 2394/2394/2394 2316/2316/2316 2342/2342/2342
f 2342/2342/2342 2356/2356/2356 2363/2363/2363
f 2363/2363/2363 2370/2370/2370 2376/2376/2376
f 2376/2376/2376 2394/2394/2394 2342/2342/2342
f 2342/2342/2342 2363/2363/2363 2376/2376/2376
f 2449/2449/2449 2450/2450/2450 2408/2408/2408
f 2449/2449/2449 2408/2408/2408 2407/2407/2407
f 2343/2343/2343 2342/2342/2342 2316/2316/2316
f 2343/2343/2343 2316/2316/2316 2321/2321/2321
f 2413/2413/2413 2415/2415/2415 2422/2422/2422
f 2413/2413/2413 2422/2422/2422 2420/2420/2420
f 2406/2406/2406 2407/2407/2407 2413/2413/2413
f 2406/2406/2406 2413/2413/2413 2412/2412/2412
f 2321/2321/2321 2316/2316/2316 2394/2394/2394
f 2321/2321/2321 2394/2394/2394 2397/2397/2397
f 2321/2321/2321 2397/2397/2397 2391/2391/2391
f 2391/2391/2391 2379/2379/2379 2373/2373/2373
f 2373/2373/2373 2364/2364/2364 2357/2357/2357
f 2357/2357/2357 2343/2343/2343 2321/2321/2321
f 2321/2321/2321 2391/2391/2391 2373/2373/2373
f 2373/2373/2373 2357/2357/2357 2321/2321/2321
f 2415/2415/2415 2439/2439/2439 2422/2422/2422
f 2417/2417/2417 2416/2416/2416 2423/2423/2423
f 2417/2417/2417 2423/2423/2423 2424/2424/2424
f 2412/2412/2412 2413/2413/2413 2420/2420/2420
f 2412/2412/2412 2420/2420/2420 2419/2419/2419
f 2420/2420/2420 2422/2422/2422 2428/2428/2428
f 2420/2420/2420 2428/2428/2428 2427/2427/2427
f 2436/2436/2436 2424/2424/2424 2430/2430/2430
f 2423/2423/2423 2419/2419/2419 2426/2426/2426
f 2423/2423/2423 2426/2426/2426 2429/2429/2429
f 2422/2422/2422 2439/2439/2439 2428/2428/2428
f 2424/2424/2424 2423/2423/2423 2429/2429/2429
f 2424/2424/2424 2429/2429/2429 2430/2430/2430
f 2419/2419/2419 2420/2420/2420 2427/2427/2427
f 2419/2419/2419 2427/2427/2427 2426/2426/2426
f 2436/2436/2436 2430/2430/2430 2435/2435/2435
f 2429/2429/2429 2426/2426/2426 2431/2431/2431
f 2429/2429/2429 2431/2431/2431 2434/2434/2434
f 2428/2428/2428 2439/2439/2439 2433/2433/2433
f 2430/2430/2430 2429/2429/2429 2434/2434/2434
f 2430/2430/2430 2434/2434/2434 2435/2435/2435
f 2426/2426/2426 2427/2427/2427 2432/2432/2432
f 2426/2426/2426 2432/2432/2432 2431/2431/2431
f 2427/2427/2427 2428/2428/2428 2433/2433/2433
f 2427/2427/2427 2433/2433/2433 2432/2432/2432
f 2434/2434/2434 2431/2431/2431 2437/2437/2437
f 2434/2434/2434 2437/2437/2437 2441/2441/2441
f 2433/2433/2433 2439/2439/2439 2440/2440/2440
f 2435/2435/2435 2434/2434/2434 2441/2441/2441
f 2435/2435/2435 2441/2441/2441 2442/2442/2442
f 2431/2431/2431 2432/2432/2432 2438/2438/2438
f 2431/2431/2431 2438/2438/2438 2437/2437/2437
f 2432/2432/2432 2433/2433/2433 2440/2440/2440
f 2432/2432/2432 2440/2440/2440 2438/2438/2438
f 2436/2436/2436 2435/2435/2435 2442/2442/2442
f 2440/2440/2440 2439/2439/2439 2445/2445/2445
f 2442/2442/2442 2441/2441/2441 2446/2446/2446
f 2442/2442/2442 2446/2446/2446 2447/2447/2447
f 2437/2437/2437 2438/2438/2438 2444/2444/2444
f 2437/2437/2437 2444/2444/2444 2443/2443/2443
f 2438/2438/2438 2440/2440/2440 2445/2445/2445
f 2438/2438/2438 2445/2445/2445 2444/2444/2444
f 2436/2436/2436 2442/2442/2442 2447/2447/2447
f 2441/2441/2441 2437/2437/2437 2443/2443/2443
f 2441/2441/2441 2443/2443/2443 2446/2446/2446
f 2445/2445/2445 2439/2439/2439 2450/2450/2450
f 2447/2447/2447 2446/2446/2446 2451/2451/2451
f 2447/2447/2447 2451/2451/2451 2452/2452/2452
f 2443/2443/2443 2444/2444/2444 2449/2449/2449
f 2443/2443/2443 2449/2449/2449 2448/2448/2448
f 2444/2444/2444 2445/2445/2445 2450/2450/2450
f 2444/2444/2444 2450/2450/2450 2449/2449/2449
f 2436/2436/2436 2447/2447/2447 2452/2452/2452
f 2446/2446/2446 2443/2443/2443 2448/2448/2448
f 2446/2446/2446 2448/2448/2448 2451/2451/2451
f 2482/2482/2482 2483/2483/2483 2414/2414/2414
f 2482/2482/2482 2414/2414/2414 2418/2418/2418
f 2483/2483/2483 2484/2484/2484 2411/2411/2411
f 2483/2483/2483 2411/2411/2411 2414/2414/2414
f 2469/2469/2469 2480/2480/2480 2425/2425/2425
f 2481/2481/2481 2482/2482/2482 2418/2418/2418
f 2481/2481/2481 2418/2418/2418 2421/2421/2421
f 2484/2484/2484 2468/2468/2468 2411/2411/2411
f 2480/2480/2480 2481/2481/2481 2421/2421/2421
f 2480/2480/2480 2421/2421/2421 2425/2425/2425
f 2469/2469/2469 2425/2425/2425 2295/2295/2295
f 2411/2411/2411 2468/2468/2468 2405/2405/2405
f 2418/2418/2418 2414/2414/2414 2404/2404/2404
f 2418/2418/2418 2404/2404/2404 2403/2403/2403
f 2425/2425/2425 2421/2421/2421 2400/2400/2400
f 2425/2425/2425 2400/2400/2400 2295/2295/2295
f 2414/2414/2414 2411/2411/2411 2405/2405/2405
f 2414/2414/2414 2405/2405/2405 2404/2404/2404
f 2421/2421/2421 2418/2418/2418 2403/2403/2403
f 2421/2421/2421 2403/2403/2403 2400/2400/2400
f 2295/2295/2295 2400/2400/2400 2454/2454/2454
f 2295/2295/2295 2454/2454/2454 2453/2453/2453
f 2403/2403/2403 2404/2404/2404 2456/2456/2456
f 2403/2403/2403 2456/2456/2456 2455/2455/2455
f 2405/2405/2405 2468/2468/2468 2457/2457/2457
f 2400/2400/2400 2403/2403/2403 2455/2455/2455
f 2400/2400/2400 2455/2455/2455 2454/2454/2454
f 2404/2404/2404 2405/2405/2405 2457/2457/2457
f 2404/2404/2404 2457/2457/2457 2456/2456/2456
f 2469/2469/2469 2295/2295/2295 2453/2453/2453
f 2469/2469/2469 2453/2453/2453 2458/2458/2458
f 2456/2456/2456 2457/2457/2457 2462/2462/2462
f 2456/2456/2456 2462/2462/2462 2461/2461/2461
f 2457/2457/2457 2468/2468/2468 2462/2462/2462
f 2454/2454/2454 2455/2455/2455 2460/2460/2460
f 2454/2454/2454 2460/2460/2460 2459/2459/2459
f 2453/2453/2453 2454/2454/2454 2459/2459/2459
f 2453/2453/2453 2459/2459/2459 2458/2458/2458
f 2455/2455/2455 2456/2456/2456 2461/2461/2461
f 2455/2455/2455 2461/2461/2461 2460/2460/2460
f 2459/2459/2459 2460/2460/2460 2465/2465/2465
f 2459/2459/2459 2465/2465/2465 2464/2464/2464
f 2461/2461/2461 2462/2462/2462 2467/2467/2467
f 2461/2461/2461 2467/2467/2467 2466/2466/2466
f 2458/2458/2458 2459/2459/2459 2464/2464/2464
f 2458/2458/2458 2464/2464/2464 2463/2463/2463
f 2460/2460/2460 2461/2461/2461 2466/2466/2466
f 2460/2460/2460 2466/2466/2466 2465/2465/2465
f 2462/2462/2462 2468/2468/2468 2467/2467/2467
f 2469/2469/2469 2458/2458/2458 2463/2463/2463
f 2466/2466/2466 2467/2467/2467 2474/2474/2474
f 2466/2466/2466 2474/2474/2474 2473/2473/2473
f 2463/2463/2463 2464/2464/2464 2471/2471/2471
f 2463/2463/2463 2471/2471/2471 2470/2470/2470
f 2465/2465/2465 2466/2466/2466 2473/2473/2473
f 2465/2465/2465 2473/2473/2473 2472/2472/2472
f 2467/2467/2467 2468/2468/2468 2474/2474/2474
f 2469/2469/2469 2463/2463/2463 2470/2470/2470
f 2464/2464/2464 2465/2465/2465 2472/2472/2472
f 2464/2464/2464 2472/2472/2472 2471/2471/2471
f 2470/2470/2470 2471/2471/2471 2476/2476/2476
f 2470/2470/2470 2476/2476/2476 2475/2475/2475
f 2472/2472/2472 2473/2473/2473 2478/2478/2478
f 2472/2472/2472 2478/2478/2478 2477/2477/2477
f 2474/2474/2474 2468/2468/2468 2479/2479/2479
f 2469/2469/2469 2470/2470/2470 2475/2475/2475
f 2471/2471/2471 2472/2472/2472 2477/2477/2477
f 2471/2471/2471 2477/2477/2477 2476/2476/2476
f 2473/2473/2473 2474/2474/2474 2479/2479/2479
f 2473/2473/2473 2479/2479/2479 2478/2478/2478
f 2475/2475/2475 2476/2476/2476 2481/2481/2481
f 2475/2475/2475 2481/2481/2481 2480/2480/2480
f 2477/2477/2477 2478/2478/2478 2483/2483/2483
f 2477/2477/2477 2483/2483/2483 2482/2482/2482
f 2479/2479/2479 2468/2468/2468 2484/2484/2484
f 2469/2469/2469 2475/2475/2475 2480/2480/2480
f 2476/2476/2476 2477/2477/2477 2482/2482/2482
f 2476/2476/2476 2482/2482/2482 2481/2481/2481
f 2478/2478/2478 2479/2479/2479 2484/2484/2484
f 2478/2478/2478 2484/2484/2484 2483/2483/2483
f 2485/2485/2485 2486/2486/2486 2488/2488/2488
f 2485/2485/2485 2488/2488/2488 2487/2487/2487
f 2487/2487/2487 2488/2488/2488 2490/2490/2490
f 2487/2487/2487 2490/2490/2490 2489/2489/2489
f 2489/2489/2489 2490/2490/2490 2492/2492/2492
f 2489/2489/2489 2492/2492/2492 2491/2491/2491
f 2491/2491/2491 2492/2492/2492 2494/2494/2494
f 2491/2491/2491 2494/2494/2494 2493/2493/2493
f 2493/2493/2493 2494/2494/2494 2496/2496/2496
f 2493/2493/2493 2496/2496/2496 2495/2495/2495
f 2495/2495/2495 2496/2496/2496 2498/2498/2498
f 2495/2495/2495 2498/2498/2498 2497/2497/2497
f 2497/2497/2497 2498/2498/2498 2500/2500/2500
f 2497/2497/2497 2500/2500/2500 2499/2499/2499
f 2499/2499/2499 2500/2500/2500 2502/2502/2502
f 2499/2499/2499 2502/2502/2502 2501/2501/2501
f 2501/2501/2501 2502/2502/2502 2504/2504/2504
f 2501/2501/2501 2504/2504/2504 2503/2503/2503
f 2503/2503/2503 2504/2504/2504 2506/2506/2506
f 2503/2503/2503 2506/2506/2506 2505/2505/2505
f 2505/2505/2505 2506/2506/2506 2508/2508/2508
f 2505/2505/2505 2508/2508/2508 2507/2507/2507
f 2507/2507/2507 2508/2508/2508 2510/2510/2510
f 2507/2507/2507 2510/2510/2510 2509/2509/2509
f 2490/2490/2490 2488/2488/2488 2486/2486/2486
f 2486/2486/2486 2512/2512/2512 2510/2510/2510
f 2510/2510/2510 2508/2508/2508 2506/2506/2506
f 2506/2506/2506 2504/2504/2504 2502/2502/2502
f 2502/2502/2502 2500/2500/2500 2498/2498/2498
f 2498/2498/2498 2496/2496/2496 2494/2494/2494
f 2494/2494/2494 2492/2492/2492 2490/2490/2490
f 2490/2490/2490 2486/2486/2486 2510/2510/2510
f 2510/2510/2510 2506/2506/2506 2502/2502/2502
f 2502/2502/2502 2498/2498/2498 2494/2494/2494
f 2494/2494/2494 2490/2490/2490 2510/2510/2510
f 2510/2510/2510 2502/2502/2502 2494/2494/2494
f 2509/2509/2509 2510/2510/2510 2512/2512/2512
f 2509/2509/2509 2512/2512/2512 2511/2511/2511
f 2511/2511/2511 2512/2512/2512 2486/2486/2486
f 2511/2511/2511 2486/2486/2486 2485/2485/2485
f 2511/2511/2511 2485/2485/2485 2487/2487/2487
f 2487/2487/2487 2489/2489/2489 2491/2491/2491
f 2491/2491/2491 2493/2493/2493 2495/2495/2495
f 2495/2495/2495 2497/2497/2497 2499/2499/2499
f 2499/2499/2499 2501/2501/2501 2503/2503/2503
f 2503/2503/2503 2505/2505/2505 2507/2507/2507
f 2507/2507/2507 2509/2509/2509 2511/2511/2511
f 2511/2511/2511 2487/2487/2487 2491/2491/2491
f 2491/2491/2491 2495/2495/2495 2499/2499/2499
f 2499/2499/2499 2503/2503/2503 2507/2507/2507
f 2507/2507/2507 2511/2511/2511 2491/2491/2491
f 2491/2491/2491 2499/2499/2499 2507/2507/2507
f 2577/2577/2577 2560/2560/2560 2565/2565/2565
f 2549/2549/2549 2548/2548/2548 2553/2553/2553
f 2549/2549/2549 2553/2553/2553 2554/2554/2554
f 2513/2513/2513 2514/2514/2514 2516/2516/2516
f 2513/2513/2513 2516/2516/2516 2515/2515/2515
f 2556/2556/2556 2567/2567/2567 2561/2561/2561
f 2544/2544/2544 2543/2543/2543 2548/2548/2548
f 2544/2544/2544 2548/2548/2548 2549/2549/2549
f 2515/2515/2515 2516/2516/2516 2518/2518/2518
f 2515/2515/2515 2518/2518/2518 2517/2517/2517
f 2555/2555/2555 2554/2554/2554 2559/2559/2559
f 2555/2555/2555 2559/2559/2559 2560/2560/2560
f 2543/2543/2543 2542/2542/2542 2547/2547/2547
f 2543/2543/2543 2547/2547/2547 2548/2548/2548
f 2517/2517/2517 2518/2518/2518 2520/2520/2520
f 2517/2517/2517 2520/2520/2520 2519/2519/2519
f 2553/2553/2553 2552/2552/2552 2557/2557/2557
f 2553/2553/2553 2557/2557/2557 2558/2558/2558
f 2577/2577/2577 2545/2545/2545 2550/2550/2550
f 2519/2519/2519 2520/2520/2520 2522/2522/2522
f 2519/2519/2519 2522/2522/2522 2521/2521/2521
f 2551/2551/2551 2567/2567/2567 2556/2556/2556
f 2542/2542/2542 2541/2541/2541 2546/2546/2546
f 2542/2542/2542 2546/2546/2546 2547/2547/2547
f 2521/2521/2521 2522/2522/2522 2524/2524/2524
f 2521/2521/2521 2524/2524/2524 2523/2523/2523
f 2577/2577/2577 2555/2555/2555 2560/2560/2560
f 2545/2545/2545 2544/2544/2544 2549/2549/2549
f 2545/2545/2545 2549/2549/2549 2550/2550/2550
f 2523/2523/2523 2524/2524/2524 2526/2526/2526
f 2523/2523/2523 2526/2526/2526 2525/2525/2525
f 2554/2554/2554 2553/2553/2553 2558/2558/2558
f 2554/2554/2554 2558/2558/2558 2559/2559/2559
f 2541/2541/2541 2567/2567/2567 2546/2546/2546
f 2525/2525/2525 2526/2526/2526 2528/2528/2528
f 2525/2525/2525 2528/2528/2528 2527/2527/2527
f 2552/2552/2552 2551/2551/2551 2556/2556/2556
f 2552/2552/2552 2556/2556/2556 2557/2557/2557
f 2589/2589/2589 2588/2588/2588 2541/2541/2541
f 2589/2589/2589 2541/2541/2541 2542/2542/2542
f 2527/2527/2527 2528/2528/2528 2530/2530/2530
f 2527/2527/2527 2530/2530/2530 2529/2529/2529
f 2546/2546/2546 2567/2567/2567 2551/2551/2551
f 2577/2577/2577 2592/2592/2592 2545/2545/2545
f 2529/2529/2529 2530/2530/2530 2532/2532/2532
f 2529/2529/2529 2532/2532/2532 2531/2531/2531
f 2550/2550/2550 2549/2549/2549 2554/2554/2554
f 2550/2550/2550 2554/2554/2554 2555/2555/2555
f 2590/2590/2590 2589/2589/2589 2542/2542/2542
f 2590/2590/2590 2542/2542/2542 2543/2543/2543
f 2531/2531/2531 2532/2532/2532 2534/2534/2534
f 2531/2531/2531 2534/2534/2534 2533/2533/2533
f 2547/2547/2547 2546/2546/2546 2551/2551/2551
f 2547/2547/2547 2551/2551/2551 2552/2552/2552
f 2591/2591/2591 2590/2590/2590 2543/2543/2543
f 2591/2591/2591 2543/2543/2543 2544/2544/2544
f 2533/2533/2533 2534/2534/2534 2536/2536/2536
f 2533/2533/2533 2536/2536/2536 2535/2535/2535
f 2577/2577/2577 2550/2550/2550 2555/2555/2555
f 2588/2588/2588 2567/2567/2567 2541/2541/2541
f 2535/2535/2535 2536/2536/2536 2538/2538/2538
f 2535/2535/2535 2538/2538/2538 2537/2537/2537
f 2518/2518/2518 2516/2516/2516 2514/2514/2514
f 2514/2514/2514 2540/2540/2540 2538/2538/2538
f 2538/2538/2538 2536/2536/2536 2534/2534/2534
f 2534/2534/2534 2532/2532/2532 2530/2530/2530
f 2530/2530/2530 2528/2528/2528 2526/2526/2526
f 2526/2526/2526 2524/2524/2524 2522/2522/2522
f 2522/2522/2522 2520/2520/2520 2518/2518/2518
f 2518/2518/2518 2514/2514/2514 2538/2538/2538
f 2538/2538/2538 2534/2534/2534 2530/2530/2530
f 2530/2530/2530 2526/2526/2526 2522/2522/2522
f 2522/2522/2522 2518/2518/2518 2538/2538/2538
f 2538/2538/2538 2530/2530/2530 2522/2522/2522
f 2592/2592/2592 2591/2591/2591 2544/2544/2544
f 2592/2592/2592 2544/2544/2544 2545/2545/2545
f 2537/2537/2537 2538/2538/2538 2540/2540/2540
f 2537/2537/2537 2540/2540/2540 2539/2539/2539
f 2559/2559/2559 2558/2558/2558 2563/2563/2563
f 2559/2559/2559 2563/2563/2563 2564/2564/2564
f 2548/2548/2548 2547/2547/2547 2552/2552/2552
f 2548/2548/2548 2552/2552/2552 2553/2553/2553
f 2539/2539/2539 2540/2540/2540 2514/2514/2514
f 2539/2539/2539 2514/2514/2514 2513/2513/2513
f 2539/2539/2539 2513/2513/2513 2515/2515/2515
f 2515/2515/2515 2517/2517/2517 2519/2519/2519
f 2519/2519/2519 2521/2521/2521 2523/2523/2523
f 2523/2523/2523 2525/2525/2525 2527/2527/2527
f 2527/2527/2527 2529/2529/2529 2531/2531/2531
f 2531/2531/2531 2533/2533/2533 2535/2535/2535
f 2535/2535/2535 2537/2537/2537 2539/2539/2539
f 2539/2539/2539 2515/2515/2515 2519/2519/2519
f 2519/2519/2519 2523/2523/2523 2527/2527/2527
f 2527/2527/2527 2531/2531/2531 2535/2535/2535
f 2535/2535/2535 2539/2539/2539 2519/2519/2519
f 2519/2519/2519 2527/2527/2527 2535/2535/2535
f 2558/2558/2558 2557/2557/2557 2562/2562/2562
f 2558/2558/2558 2562/2562/2562 2563/2563/2563
f 2560/2560/2560 2559/2559/2559 2564/2564/2564
f 2560/2560/2560 2564/2564/2564 2565/2565/2565
f 2557/2557/2557 2556/2556/2556 2561/2561/2561
f 2557/2557/2557 2561/2561/2561 2562/2562/2562
f 2577/2577/2577 2565/2565/2565 2571/2571/2571
f 2561/2561/2561 2567/2567/2567 2566/2566/2566
f 2563/2563/2563 2562/2562/2562 2568/2568/2568
f 2563/2563/2563 2568/2568/2568 2569/2569/2569
f 2565/2565/2565 2564/2564/2564 2570/2570/2570
f 2565/2565/2565 2570/2570/2570 2571/2571/2571
f 2562/2562/2562 2561/2561/2561 2566/2566/2566
f 2562/2562/2562 2566/2566/2566 2568/2568/2568
f 2564/2564/2564 2563/2563/2563 2569/2569/2569
f 2564/2564/2564 2569/2569/2569 2570/2570/2570
f 2566/2566/2566 2567/2567/2567 2572/2572/2572
f 2569/2569/2569 2568/2568/2568 2573/2573/2573
f 2569/2569/2569 2573/2573/2573 2574/2574/2574
f 2571/2571/2571 2570/2570/2570 2575/2575/2575
f 2571/2571/2571 2575/2575/2575 2576/2576/2576
f 2568/2568/2568 2566/2566/2566 2572/2572/2572
f 2568/2568/2568 2572/2572/2572 2573/2573/2573
f 2570/2570/2570 2569/2569/2569 2574/2574/2574
f 2570/2570/2570 2574/2574/2574 2575/2575/2575
f 2577/2577/2577 2571/2571/2571 2576/2576/2576
f 2572/2572/2572 2567/2567/2567 2578/2578/2578
f 2574/2574/2574 2573/2573/2573 2579/2579/2579
f 2574/2574/2574 2579/2579/2579 2580/2580/2580
f 2576/2576/2576 2575/2575/2575 2581/2581/2581
f 2576/2576/2576 2581/2581/2581 2582/2582/2582
f 2573/2573/2573 2572/2572/2572 2578/2578/2578
f 2573/2573/2573 2578/2578/2578 2579/2579/2579
f 2575/2575/2575 2574/2574/2574 2580/2580/2580
f 2575/2575/2575 2580/2580/2580 2581/2581/2581
f 2577/2577/2577 2576/2576/2576 2582/2582/2582
f 2578/2578/2578 2567/2567/2567 2583/2583/2583
f 2580/2580/2580 2579/2579/2579 2584/2584/2584
f 2580/2580/2580 2584/2584/2584 2585/2585/2585
f 2582/2582/2582 2581/2581/2581 2586/2586/2586
f 2582/2582/2582 2586/2586/2586 2587/2587/2587
f 2579/2579/2579 2578/2578/2578 2583/2583/2583
f 2579/2579/2579 2583/2583/2583 2584/2584/2584
f 2581/2581/2581 2580/2580/2580 2585/2585/2585
f 2581/2581/2581 2585/2585/2585 2586/2586/2586
f 2577/2577/2577 2582/2582/2582 2587/2587/2587
f 2585/2585/2585 2584/2584/2584 2589/2589/2589
f 2585/2585/2585 2589/2589/2589 2590/2590/2590
f 2587/2587/2587 2586/2586/2586 2591/2591/2591
f 2587/2587/2587 2591/2591/2591 2592/2592/2592
f 2584/2584/2584 2583/2583/2583 2588/2588/2588
f 2584/2584/2584 2588/2588/2588 2589/2589/2589
f 2586/2586/2586 2585/2585/2585 2590/2590/2590
f 2586/2586/2586 2590/2590/2590 2591/2591/2591
f 2577/2577/2577 2587/2587/2587 2592/2592/2592
f 2583/2583/2583 2567/2567/2567 2588/2588/2588
f 2599/2599/2599 2689/2689/2689 2604/2604/2604
f 2599/2599/2599 2604/2604/2604 2605/2605/2605
f 2597/2597/2597 2596/2596/2596 2602/2602/2602
f 2597/2597/2597 2602/2602/2602 2603/2603/2603
f 2686/2686/2686 2594/2594/2594 2600/2600/2600
f 2686/2686/2686 2600/2600/2600 2601/2601/2601
f 2651/2651/2651 2599/2599/2599 2605/2605/2605
f 2689/2689/2689 2597/2597/2597 2603/2603/2603
f 2689/2689/2689 2603/2603/2603 2604/2604/2604
f 2596/2596/2596 2686/2686/2686 2601/2601/2601
f 2596/2596/2596 2601/2601/2601 2602/2602/2602
f 2594/2594/2594 2606/2606/2606 2600/2600/2600
f 2605/2605/2605 2604/2604/2604 2611/2611/2611
f 2605/2605/2605 2611/2611/2611 2612/2612/2612
f 2603/2603/2603 2602/2602/2602 2609/2609/2609
f 2603/2603/2603 2609/2609/2609 2610/2610/2610
f 2601/2601/2601 2600/2600/2600 2607/2607/2607
f 2601/2601/2601 2607/2607/2607 2608/2608/2608
f 2651/2651/2651 2605/2605/2605 2612/2612/2612
f 2604/2604/2604 2603/2603/2603 2610/2610/2610
f 2604/2604/2604 2610/2610/2610 2611/2611/2611
f 2602/2602/2602 2601/2601/2601 2608/2608/2608
f 2602/2602/2602 2608/2608/2608 2609/2609/2609
f 2600/2600/2600 2606/2606/2606 2607/2607/2607
f 2612/2612/2612 2611/2611/2611 2617/2617/2617
f 2612/2612/2612 2617/2617/2617 2618/2618/2618
f 2610/2610/2610 2609/2609/2609 2615/2615/2615
f 2610/2610/2610 2615/2615/2615 2616/2616/2616
f 2608/2608/2608 2607/2607/2607 2613/2613/2613
f 2608/2608/2608 2613/2613/2613 2614/2614/2614
f 2651/2651/2651 2612/2612/2612 2618/2618/2618
f 2611/2611/2611 2610/2610/2610 2616/2616/2616
f 2611/2611/2611 2616/2616/2616 2617/2617/2617
f 2609/2609/2609 2608/2608/2608 2614/2614/2614
f 2609/2609/2609 2614/2614/2614 2615/2615/2615
f 2607/2607/2607 2606/2606/2606 2613/2613/2613
f 2614/2614/2614 2613/2613/2613 2621/2621/2621
f 2614/2614/2614 2621/2621/2621 2622/2622/2622
f 2651/2651/2651 2618/2618/2618 2626/2626/2626
f 2617/2617/2617 2616/2616/2616 2624/2624/2624
f 2617/2617/2617 2624/2624/2624 2625/2625/2625
f 2615/2615/2615 2614/2614/2614 2622/2622/2622
f 2615/2615/2615 2622/2622/2622 2623/2623/2623
f 2613/2613/2613 2606/2606/2606 2621/2621/2621
f 2618/2618/2618 2617/2617/2617 2625/2625/2625
f 2618/2618/2618 2625/2625/2625 2626/2626/2626
f 2616/2616/2616 2615/2615/2615 2623/2623/2623
f 2616/2616/2616 2623/2623/2623 2624/2624/2624
f 2651/2651/2651 2626/2626/2626 2634/2634/2634
f 2625/2625/2625 2624/2624/2624 2632/2632/2632
f 2625/2625/2625 2632/2632/2632 2633/2633/2633
f 2623/2623/2623 2622/2622/2622 2630/2630/2630
f 2623/2623/2623 2630/2630/2630 2631/2631/2631
f 2621/2621/2621 2606/2606/2606 2629/2629/2629
f 2626/2626/2626 2625/2625/2625 2633/2633/2633
f 2626/2626/2626 2633/2633/2633 2634/2634/2634
f 2624/2624/2624 2623/2623/2623 2631/2631/2631
f 2624/2624/2624 2631/2631/2631 2632/2632/2632
f 2622/2622/2622 2621/2621/2621 2629/2629/2629
f 2622/2622/2622 2629/2629/2629 2630/2630/2630
f 2633/2633/2633 2632/2632/2632 2640/2640/2640
f 2633/2633/2633 2640/2640/2640 2641/2641/2641
f 2631/2631/2631 2630/2630/2630 2638/2638/2638
f 2631/2631/2631 2638/2638/2638 2639/2639/2639
f 2629/2629/2629 2606/2606/2606 2637/2637/2637
f 2634/2634/2634 2633/2633/2633 2641/2641/2641
f 2634/2634/2634 2641/2641/2641 2642/2642/2642
f 2632/2632/2632 2631/2631/2631 2639/2639/2639
f 2632/2632/2632 2639/2639/2639 2640/2640/2640
f 2630/2630/2630 2629/2629/2629 2637/2637/2637
f 2630/2630/2630 2637/2637/2637 2638/2638/2638
f 2651/2651/2651 2634/2634/2634 2642/2642/2642
f 2637/2637/2637 2606/2606/2606 2645/2645/2645
f 2642/2642/2642 2641/2641/2641 2649/2649/2649
f 2642/2642/2642 2649/2649/2649 2650/2650/2650
f 2640/2640/2640 2639/2639/2639 2647/2647/2647
f 2640/2640/2640 2647/2647/2647 2648/2648/2648
f 2638/2638/2638 2637/2637/2637 2645/2645/2645
f 2638/2638/2638 2645/2645/2645 2646/2646/2646
f 2651/2651/2651 2642/2642/2642 2650/2650/2650
f 2641/2641/2641 2640/2640/2640 2648/2648/2648
f 2641/2641/2641 2648/2648/2648 2649/2649/2649
f 2639/2639/2639 2638/2638/2638 2646/2646/2646
f 2639/2639/2639 2646/2646/2646 2647/2647/2647
f 2650/2650/2650 2649/2649/2649 2657/2657/2657
f 2650/2650/2650 2657/2657/2657 2658/2658/2658
f 2648/2648/2648 2647/2647/2647 2655/2655/2655
f 2648/2648/2648 2655/2655/2655 2656/2656/2656
f 2646/2646/2646 2645/2645/2645 2653/2653/2653
f 2646/2646/2646 2653/2653/2653 2654/2654/2654
f 2651/2651/2651 2650/2650/2650 2658/2658/2658
f 2649/2649/2649 2648/2648/2648 2656/2656/2656
f 2649/2649/2649 2656/2656/2656 2657/2657/2657
f 2647/2647/2647 2646/2646/2646 2654/2654/2654
f 2647/2647/2647 2654/2654/2654 2655/2655/2655
f 2645/2645/2645 2606/2606/2606 2653/2653/2653
f 2656/2656/2656 2655/2655/2655 2663/2663/2663
f 2656/2656/2656 2663/2663/2663 2664/2664/2664
f 2654/2654/2654 2653/2653/2653 2661/2661/2661
f 2654/2654/2654 2661/2661/2661 2662/2662/2662
f 2651/2651/2651 2658/2658/2658 2666/2666/2666
f 2657/2657/2657 2656/2656/2656 2664/2664/2664
f 2657/2657/2657 2664/2664/2664 2665/2665/2665
f 2655/2655/2655 2654/2654/2654 2662/2662/2662
f 2655/2655/2655 2662/2662/2662 2663/2663/2663
f 2653/2653/2653 2606/2606/2606 2661/2661/2661
f 2658/2658/2658 2657/2657/2657 2665/2665/2665
f 2658/2658/2658 2665/2665/2665 2666/2666/2666
f 2651/2651/2651 2666/2666/2666 2674/2674/2674
f 2665/2665/2665 2664/2664/2664 2672/2672/2672
f 2665/2665/2665 2672/2672/2672 2673/2673/2673
f 2663/2663/2663 2662/2662/2662 2670/2670/2670
f 2663/2663/2663 2670/2670/2670 2671/2671/2671
f 2661/2661/2661 2606/2606/2606 2669/2669/2669
f 2666/2666/2666 2665/2665/2665 2673/2673/2673
f 2666/2666/2666 2673/2673/2673 2674/2674/2674
f 2664/2664/2664 2663/2663/2663 2671/2671/2671
f 2664/2664/2664 2671/2671/2671 2672/2672/2672
f 2662/2662/2662 2661/2661/2661 2669/2669/2669
f 2662/2662/2662 2669/2669/2669 2670/2670/2670
f 2651/2651/2651 2674/2674/2674 2682/2682/2682
f 2673/2673/2673 2672/2672/2672 2680/2680/2680
f 2673/2673/2673 2680/2680/2680 2681/2681/2681
f 2671/2671/2671 2670/2670/2670 2678/2678/2678
f 2671/2671/2671 2678/2678/2678 2679/2679/2679
f 2669/2669/2669 2606/2606/2606 2677/2677/2677
f 2674/2674/2674 2673/2673/2673 2681/2681/2681
f 2674/2674/2674 2681/2681/2681 2682/2682/2682
f 2672/2672/2672 2671/2671/2671 2679/2679/2679
f 2672/2672/2672 2679/2679/2679 2680/2680/2680
f 2670/2670/2670 2669/2669/2669 2677/2677/2677
f 2670/2670/2670 2677/2677/2677 2678/2678/2678
f 2679/2679/2679 2678/2678/2678 2686/2686/2686
f 2679/2679/2679 2686/2686/2686 2596/2596/2596
f 2677/2677/2677 2606/2606/2606 2594/2594/2594
f 2682/2682/2682 2681/2681/2681 2689/2689/2689
f 2682/2682/2682 2689/2689/2689 2599/2599/2599
f 2680/2680/2680 2679/2679/2679 2596/2596/2596
f 2680/2680/2680 2596/2596/2596 2597/2597/2597
f 2678/2678/2678 2677/2677/2677 2594/2594/2594
f 2678/2678/2678 2594/2594/2594 2686/2686/2686
f 2651/2651/2651 2682/2682/2682 2599/2599/2599
f 2681/2681/2681 2680/2680/2680 2597/2597/2597
f 2681/2681/2681 2597/2597/2597 2689/2689/2689
f 2706/2706/2706 2697/2697/2697 2701/2701/2701
f 2593/2593/2593 2690/2690/2690 2694/2694/2694
f 2593/2593/2593 2694/2694/2694 2691/2691/2691
f 2688/2688/2688 2687/2687/2687 2684/2684/2684
f 2688/2688/2688 2684/2684/2684 2685/2685/2685
f 2695/2695/2695 2698/2698/2698 2702/2702/2702
f 2695/2695/2695 2702/2702/2702 2699/2699/2699
f 2706/2706/2706 2598/2598/2598 2693/2693/2693
f 2685/2685/2685 2684/2684/2684 2676/2676/2676
f 2685/2685/2685 2676/2676/2676 2683/2683/2683
f 2698/2698/2698 2707/2707/2707 2702/2702/2702
f 2690/2690/2690 2707/2707/2707 2694/2694/2694
f 2683/2683/2683 2676/2676/2676 2668/2668/2668
f 2683/2683/2683 2668/2668/2668 2675/2675/2675
f 2692/2692/2692 2691/2691/2691 2695/2695/2695
f 2692/2692/2692 2695/2695/2695 2696/2696/2696
f 2598/2598/2598 2595/2595/2595 2692/2692/2692
f 2598/2598/2598 2692/2692/2692 2693/2693/2693
f 2675/2675/2675 2668/2668/2668 2660/2660/2660
f 2675/2675/2675 2660/2660/2660 2667/2667/2667
f 2691/2691/2691 2694/2694/2694 2698/2698/2698
f 2691/2691/2691 2698/2698/2698 2695/2695/2695
f 2717/2717/2717 2720/2720/2720 2690/2690/2690
f 2717/2717/2717 2690/2690/2690 2593/2593/2593
f 2667/2667/2667 2660/2660/2660 2652/2652/2652
f 2667/2667/2667 2652/2652/2652 2659/2659/2659
f 2694/2694/2694 2707/2707/2707 2698/2698/2698
f 2719/2719/2719 2718/2718/2718 2595/2595/2595
f 2719/2719/2719 2595/2595/2595 2598/2598/2598
f 2659/2659/2659 2652/2652/2652 2643/2643/2643
f 2659/2659/2659 2643/2643/2643 2644/2644/2644
f 2706/2706/2706 2693/2693/2693 2697/2697/2697
f 2720/2720/2720 2707/2707/2707 2690/2690/2690
f 2644/2644/2644 2643/2643/2643 2635/2635/2635
f 2644/2644/2644 2635/2635/2635 2636/2636/2636
f 2693/2693/2693 2692/2692/2692 2696/2696/2696
f 2693/2693/2693 2696/2696/2696 2697/2697/2697
f 2718/2718/2718 2717/2717/2717 2593/2593/2593
f 2718/2718/2718 2593/2593/2593 2595/2595/2595
f 2636/2636/2636 2635/2635/2635 2627/2627/2627
f 2636/2636/2636 2627/2627/2627 2628/2628/2628
f 2676/2676/2676 2684/2684/2684 2687/2687/2687
f 2687/2687/2687 2619/2619/2619 2627/2627/2627
f 2627/2627/2627 2635/2635/2635 2643/2643/2643
f 2643/2643/2643 2652/2652/2652 2660/2660/2660
f 2660/2660/2660 2668/2668/2668 2676/2676/2676
f 2676/2676/2676 2687/2687/2687 2627/2627/2627
f 2627/2627/2627 2643/2643/2643 2660/2660/2660
f 2627/2627/2627 2660/2660/2660 2676/2676/2676
f 2706/2706/2706 2719/2719/2719 2598/2598/2598
f 2628/2628/2628 2627/2627/2627 2619/2619/2619
f 2628/2628/2628 2619/2619/2619 2620/2620/2620
f 2697/2697/2697 2696/2696/2696 2700/2700/2700
f 2697/2697/2697 2700/2700/2700 2701/2701/2701
f 2595/2595/2595 2593/2593/2593 2691/2691/2691
f 2595/2595/2595 2691/2691/2691 2692/2692/2692
f 2620/2620/2620 2619/2619/2619 2687/2687/2687
f 2620/2620/2620 2687/2687/2687 2688/2688/2688
f 2620/2620/2620 2688/2688/2688 2685/2685/2685
f 2685/2685/2685 2683/2683/2683 2675/2675/2675
f 2675/2675/2675 2667/2667/2667 2659/2659/2659
f 2659/2659/2659 2644/2644/2644 2636/2636/2636
f 2636/2636/2636 2628/2628/2628 2620/2620/2620
f 2620/2620/2620 2685/2685/2685 2675/2675/2675
f 2675/2675/2675 2659/2659/2659 2636/2636/2636
f 2675/2675/2675 2636/2636/2636 2620/2620/2620
f 2696/2696/2696 2695/2695/2695 2699/2699/2699
f 2696/2696/2696 2699/2699/2699 2700/2700/2700
f 2700/2700/2700 2699/2699/2699 2703/2703/2703
f 2700/2700/2700 2703/2703/2703 2704/2704/2704
f 2706/2706/2706 2701/2701/2701 2705/2705/2705
f 2699/2699/2699 2702/2702/2702 2708/2708/2708
f 2699/2699/2699 2708/2708/2708 2703/2703/2703
f 2701/2701/2701 2700/2700/2700 2704/2704/2704
f 2701/2701/2701 2704/2704/2704 2705/2705/2705
f 2702/2702/2702 2707/2707/2707 2708/2708/2708
f 2704/2704/2704 2703/2703/2703 2709/2709/2709
f 2704/2704/2704 2709/2709/2709 2710/2710/2710
f 2706/2706/2706 2705/2705/2705 2711/2711/2711
f 2703/2703/2703 2708/2708/2708 2712/2712/2712
f 2703/2703/2703 2712/2712/2712 2709/2709/2709
f 2705/2705/2705 2704/2704/2704 2710/2710/2710
f 2705/2705/2705 2710/2710/2710 2711/2711/2711
f 2708/2708/2708 2707/2707/2707 2712/2712/2712
f 2710/2710/2710 2709/2709/2709 2713/2713/2713
f 2710/2710/2710 2713/2713/2713 2714/2714/2714
f 2706/2706/2706 2711/2711/2711 2715/2715/2715
f 2709/2709/2709 2712/2712/2712 2716/2716/2716
f 2709/2709/2709 2716/2716/2716 2713/2713/2713
f 2711/2711/2711 2710/2710/2710 2714/2714/2714
f 2711/2711/2711 2714/2714/2714 2715/2715/2715
f 2712/2712/2712 2707/2707/2707 2716/2716/2716
f 2714/2714/2714 2713/2713/2713 2717/2717/2717
f 2714/2714/2714 2717/2717/2717 2718/2718/2718
f 2706/2706/2706 2715/2715/2715 2719/2719/2719
f 2713/2713/2713 2716/2716/2716 2720/2720/2720
f 2713/2713/2713 2720/2720/2720 2717/2717/2717
f 2715/2715/2715 2714/2714/2714 2718/2718/2718
f 2715/2715/2715 2718/2718/2718 2719/2719/2719
f 2716/2716/2716 2707/2707/2707 2720/2720/2720
f 2721/2721/2721 2722/2722/2722 2724/2724/2724
f 2721/2721/2721 2724/2724/2724 2723/2723/2723
f 2723/2723/2723 2724/2724/2724 2726/2726/2726
f 2723/2723/2723 2726/2726/2726 2725/2725/2725
f 2725/2725/2725 2726/2726/2726 2728/2728/2728
f 2725/2725/2725 2728/2728/2728 2727/2727/2727
f 2727/2727/2727 2728/2728/2728 2730/2730/2730
f 2727/2727/2727 2730/2730/2730 2729/2729/2729
f 2729/2729/2729 2730/2730/2730 2732/2732/2732
f 2729/2729/2729 2732/2732/2732 2731/2731/2731
f 2731/2731/2731 2732/2732/2732 2734/2734/2734
f 2731/2731/2731 2734/2734/2734 2733/2733/2733
f 2733/2733/2733 2734/2734/2734 2736/2736/2736
f 2733/2733/2733 2736/2736/2736 2735/2735/2735
f 2735/2735/2735 2736/2736/2736 2738/2738/2738
f 2735/2735/2735 2738/2738/2738 2737/2737/2737
f 2737/2737/2737 2738/2738/2738 2740/2740/2740
f 2737/2737/2737 2740/2740/2740 2739/2739/2739
f 2739/2739/2739 2740/2740/2740 2742/2742/2742
f 2739/2739/2739 2742/2742/2742 2741/2741/2741
f 2741/2741/2741 2742/2742/2742 2744/2744/2744
f 2741/2741/2741 2744/2744/2744 2743/2743/2743
f 2743/2743/2743 2744/2744/2744 2746/2746/2746
f 2743/2743/2743 2746/2746/2746 2745/2745/2745
f 2726/2726/2726 2724/2724/2724 2722/2722/2722
f 2722/2722/2722 2748/2748/2748 2746/2746/2746
f 2746/2746/2746 2744/2744/2744 2742/2742/2742
f 2742/2742/2742 2740/2740/2740 2738/2738/2738
f 2738/2738/2738 2736/2736/2736 2734/2734/2734
f 2734/2734/2734 2732/2732/2732 2730/2730/2730
f 2730/2730/2730 2728/2728/2728 2726/2726/2726
f 2726/2726/2726 2722/2722/2722 2746/2746/2746
f 2746/2746/2746 2742/2742/2742 2738/2738/2738
f 2738/2738/2738 2734/2734/2734 2730/2730/2730
f 2730/2730/2730 2726/2726/2726 2746/2746/2746
f 2746/2746/2746 2738/2738/2738 2730/2730/2730
f 2745/2745/2745 2746/2746/2746 2748/2748/2748
f 2745/2745/2745 2748/2748/2748 2747/2747/2747
f 2747/2747/2747 2748/2748/2748 2722/2722/2722
f 2747/2747/2747 2722/2722/2722 2721/2721/2721
f 2747/2747/2747 2721/2721/2721 2723/2723/2723
f 2723/2723/2723 2725/2725/2725 2727/2727/2727
f 2727/2727/2727 2729/2729/2729 2731/2731/2731
f 2731/2731/2731 2733/2733/2733 2735/2735/2735
f 2735/2735/2735 2737/2737/2737 2739/2739/2739
f 2739/2739/2739 2741/2741/2741 2743/2743/2743
f 2743/2743/2743 2745/2745/2745 2747/2747/2747
f 2747/2747/2747 2723/2723/2723 2727/2727/2727
f 2727/2727/2727 2731/2731/2731 2735/2735/2735
f 2735/2735/2735 2739/2739/2739 2743/2743/2743
f 2743/2743/2743 2747/2747/2747 2727/2727/2727
f 2727/2727/2727 2735/2735/2735 2743/2743/2743
f 2794/2794/2794 2793/2793/2793 2798/2798/2798
f 2794/2794/2794 2798/2798/2798 2799/2799/2799
f 2784/2784/2784 2783/2783/2783 2788/2788/2788
f 2784/2784/2784 2788/2788/2788 2789/2789/2789
f 2749/2749/2749 2750/2750/2750 2752/2752/2752
f 2749/2749/2749 2752/2752/2752 2751/2751/2751
f 2796/2796/2796 2795/2795/2795 2800/2800/2800
f 2796/2796/2796 2800/2800/2800 2801/2801/2801
f 2781/2781/2781 2780/2780/2780 2785/2785/2785
f 2781/2781/2781 2785/2785/2785 2786/2786/2786
f 2751/2751/2751 2752/2752/2752 2754/2754/2754
f 2751/2751/2751 2754/2754/2754 2753/2753/2753
f 2813/2813/2813 2791/2791/2791 2796/2796/2796
f 2777/2777/2777 2803/2803/2803 2782/2782/2782
f 2753/2753/2753 2754/2754/2754 2756/2756/2756
f 2753/2753/2753 2756/2756/2756 2755/2755/2755
f 2790/2790/2790 2789/2789/2789 2794/2794/2794
f 2790/2790/2790 2794/2794/2794 2795/2795/2795
f 2780/2780/2780 2779/2779/2779 2784/2784/2784
f 2780/2780/2780 2784/2784/2784 2785/2785/2785
f 2755/2755/2755 2756/2756/2756 2758/2758/2758
f 2755/2755/2755 2758/2758/2758 2757/2757/2757
f 2788/2788/2788 2787/2787/2787 2792/2792/2792
f 2788/2788/2788 2792/2792/2792 2793/2793/2793
f 2779/2779/2779 2778/2778/2778 2783/2783/2783
f 2779/2779/2779 2783/2783/2783 2784/2784/2784
f 2757/2757/2757 2758/2758/2758 2760/2760/2760
f 2757/2757/2757 2760/2760/2760 2759/2759/2759
f 2791/2791/2791 2790/2790/2790 2795/2795/2795
f 2791/2791/2791 2795/2795/2795 2796/2796/2796
f 2813/2813/2813 2781/2781/2781 2786/2786/2786
f 2759/2759/2759 2760/2760/2760 2762/2762/2762
f 2759/2759/2759 2762/2762/2762 2761/2761/2761
f 2789/2789/2789 2788/2788/2788 2793/2793/2793
f 2789/2789/2789 2793/2793/2793 2794/2794/2794
f 2778/2778/2778 2777/2777/2777 2782/2782/2782
f 2778/2778/2778 2782/2782/2782 2783/2783/2783
f 2761/2761/2761 2762/2762/2762 2764/2764/2764
f 2761/2761/2761 2764/2764/2764 2763/2763/2763
f 2787/2787/2787 2803/2803/2803 2792/2792/2792
f 2824/2824/2824 2803/2803/2803 2777/2777/2777
f 2763/2763/2763 2764/2764/2764 2766/2766/2766
f 2763/2763/2763 2766/2766/2766 2765/2765/2765
f 2785/2785/2785 2784/2784/2784 2789/2789/2789
f 2785/2785/2785 2789/2789/2789 2790/2790/2790
f 2828/2828/2828 2827/2827/2827 2780/2780/2780
f 2828/2828/2828 2780/2780/2780 2781/2781/2781
f 2765/2765/2765 2766/2766/2766 2768/2768/2768
f 2765/2765/2765 2768/2768/2768 2767/2767/2767
f 2782/2782/2782 2803/2803/2803 2787/2787/2787
f 2825/2825/2825 2824/2824/2824 2777/2777/2777
f 2825/2825/2825 2777/2777/2777 2778/2778/2778
f 2767/2767/2767 2768/2768/2768 2770/2770/2770
f 2767/2767/2767 2770/2770/2770 2769/2769/2769
f 2786/2786/2786 2785/2785/2785 2790/2790/2790
f 2786/2786/2786 2790/2790/2790 2791/2791/2791
f 2813/2813/2813 2828/2828/2828 2781/2781/2781
f 2769/2769/2769 2770/2770/2770 2772/2772/2772
f 2769/2769/2769 2772/2772/2772 2771/2771/2771
f 2783/2783/2783 2782/2782/2782 2787/2787/2787
f 2783/2783/2783 2787/2787/2787 2788/2788/2788
f 2826/2826/2826 2825/2825/2825 2778/2778/2778
f 2826/2826/2826 2778/2778/2778 2779/2779/2779
f 2771/2771/2771 2772/2772/2772 2774/2774/2774
f 2771/2771/2771 2774/2774/2774 2773/2773/2773
f 2754/2754/2754 2752/2752/2752 2750/2750/2750
f 2750/2750/2750 2776/2776/2776 2774/2774/2774
f 2774/2774/2774 2772/2772/2772 2770/2770/2770
f 2770/2770/2770 2768/2768/2768 2766/2766/2766
f 2766/2766/2766 2764/2764/2764 2762/2762/2762
f 2762/2762/2762 2760/2760/2760 2758/2758/2758
f 2758/2758/2758 2756/2756/2756 2754/2754/2754
f 2754/2754/2754 2750/2750/2750 2774/2774/2774
f 2774/2774/2774 2770/2770/2770 2766/2766/2766
f 2766/2766/2766 2762/2762/2762 2758/2758/2758
f 2758/2758/2758 2754/2754/2754 2774/2774/2774
f 2774/2774/2774 2766/2766/2766 2758/2758/2758
f 2827/2827/2827 2826/2826/2826 2779/2779/2779
f 2827/2827/2827 2779/2779/2779 2780/2780/2780
f 2773/2773/2773 2774/2774/2774 2776/2776/2776
f 2773/2773/2773 2776/2776/2776 2775/2775/2775
f 2792/2792/2792 2803/2803/2803 2797/2797/2797
f 2813/2813/2813 2786/2786/2786 2791/2791/2791
f 2775/2775/2775 2776/2776/2776 2750/2750/2750
f 2775/2775/2775 2750/2750/2750 2749/2749/2749
f 2775/2775/2775 2749/2749/2749 2751/2751/2751
f 2751/2751/2751 2753/2753/2753 2755/2755/2755
f 2755/2755/2755 2757/2757/2757 2759/2759/2759
f 2759/2759/2759 2761/2761/2761 2763/2763/2763
f 2763/2763/2763 2765/2765/2765 2767/2767/2767
f 2767/2767/2767 2769/2769/2769 2771/2771/2771
f 2771/2771/2771 2773/2773/2773 2775/2775/2775
f 2775/2775/2775 2751/2751/2751 2755/2755/2755
f 2755/2755/2755 2759/2759/2759 2763/2763/2763
f 2763/2763/2763 2767/2767/2767 2771/2771/2771
f 2771/2771/2771 2775/2775/2775 2755/2755/2755
f 2755/2755/2755 2763/2763/2763 2771/2771/2771
f 2793/2793/2793 2792/2792/2792 2797/2797/2797
f 2793/2793/2793 2797/2797/2797 2798/2798/2798
f 2795/2795/2795 2794/2794/2794 2799/2799/2799
f 2795/2795/2795 2799/2799/2799 2800/2800/2800
f 2813/2813/2813 2796/2796/2796 2801/2801/2801
f 2797/2797/2797 2803/2803/2803 2802/2802/2802
f 2799/2799/2799 2798/2798/2798 2804/2804/2804
f 2799/2799/2799 2804/2804/2804 2805/2805/2805
f 2801/2801/2801 2800/2800/2800 2806/2806/2806
f 2801/2801/2801 2806/2806/2806 2807/2807/2807
f 2798/2798/2798 2797/2797/2797 2802/2802/2802
f 2798/2798/2798 2802/2802/2802 2804/2804/2804
f 2800/2800/2800 2799/2799/2799 2805/2805/2805
f 2800/2800/2800 2805/2805/2805 2806/2806/2806
f 2813/2813/2813 2801/2801/2801 2807/2807/2807
f 2805/2805/2805 2804/2804/2804 2809/2809/2809
f 2805/2805/2805 2809/2809/2809 2810/2810/2810
f 2807/2807/2807 2806/2806/2806 2811/2811/2811
f 2807/2807/2807 2811/2811/2811 2812/2812/2812
f 2804/2804/2804 2802/2802/2802 2808/2808/2808
f 2804/2804/2804 2808/2808/2808 2809/2809/2809
f 2806/2806/2806 2805/2805/2805 2810/2810/2810
f 2806/2806/2806 2810/2810/2810 2811/2811/2811
f 2813/2813/2813 2807/2807/2807 2812/2812/2812
f 2802/2802/2802 2803/2803/2803 2808/2808/2808
f 2812/2812/2812 2811/2811/2811 2817/2817/2817
f 2812/2812/2812 2817/2817/2817 2818/2818/2818
f 2809/2809/2809 2808/2808/2808 2814/2814/2814
f 2809/2809/2809 2814/2814/2814 2815/2815/2815
f 2811/2811/2811 2810/2810/2810 2816/2816/2816
f 2811/2811/2811 2816/2816/2816 2817/2817/2817
f 2813/2813/2813 2812/2812/2812 2818/2818/2818
f 2808/2808/2808 2803/2803/2803 2814/2814/2814
f 2810/2810/2810 2809/2809/2809 2815/2815/2815
f 2810/2810/2810 2815/2815/2815 2816/2816/2816
f 2815/2815/2815 2814/2814/2814 2819/2819/2819
f 2815/2815/2815 2819/2819/2819 2820/2820/2820
f 2817/2817/2817 2816/2816/2816 2821/2821/2821
f 2817/2817/2817 2821/2821/2821 2822/2822/2822
f 2813/2813/2813 2818/2818/2818 2823/2823/2823
f 2814/2814/2814 2803/2803/2803 2819/2819/2819
f 2816/2816/2816 2815/2815/2815 2820/2820/2820
f 2816/2816/2816 2820/2820/2820 2821/2821/2821
f 2818/2818/2818 2817/2817/2817 2822/2822/2822
f 2818/2818/2818 2822/2822/2822 2823/2823/2823
f 2820/2820/2820 2819/2819/2819 2824/2824/2824
f 2820/2820/2820 2824/2824/2824 2825/2825/2825
f 2822/2822/2822 2821/2821/2821 2826/2826/2826
f 2822/2822/2822 2826/2826/2826 2827/2827/2827
f 2813/2813/2813 2823/2823/2823 2828/2828/2828
f 2819/2819/2819 2803/2803/2803 2824/2824/2824
f 2821/2821/2821 2820/2820/2820 2825/2825/2825
f 2821/2821/2821 2825/2825/2825 2826/2826/2826
f 2823/2823/2823 2822/2822/2822 2827/2827/2827
f 2823/2823/2823 2827/2827/2827 2828/2828/2828
f 2835/2835/2835 2925/2925/2925 2840/2840/2840
f 2835/2835/2835 2840/2840/2840 2841/2841/2841
f 2833/2833/2833 2832/2832/2832 2838/2838/2838
f 2833/2833/2833 2838/2838/2838 2839/2839/2839
f 2922/2922/2922 2830/2830/2830 2836/2836/2836
f 2922/2922/2922 2836/2836/2836 2837/2837/2837
f 2887/2887/2887 2835/2835/2835 2841/2841/2841
f 2925/2925/2925 2833/2833/2833 2839/2839/2839
f 2925/2925/2925 2839/2839/2839 2840/2840/2840
f 2832/2832/2832 2922/2922/2922 2837/2837/2837
f 2832/2832/2832 2837/2837/2837 2838/2838/2838
f 2830/2830/2830 2842/2842/2842 2836/2836/2836
f 2841/2841/2841 2840/2840/2840 2847/2847/2847
f 2841/2841/2841 2847/2847/2847 2848/2848/2848
f 2839/2839/2839 2838/2838/2838 2845/2845/2845
f 2839/2839/2839 2845/2845/2845 2846/2846/2846
f 2837/2837/2837 2836/2836/2836 2843/2843/2843
f 2837/2837/2837 2843/2843/2843 2844/2844/2844
f 2887/2887/2887 2841/2841/2841 2848/2848/2848
f 2840/2840/2840 2839/2839/2839 2846/2846/2846
f 2840/2840/2840 2846/2846/2846 2847/2847/2847
f 2838/2838/2838 2837/2837/2837 2844/2844/2844
f 2838/2838/2838 2844/2844/2844 2845/2845/2845
f 2836/2836/2836 2842/2842/2842 2843/2843/2843
f 2848/2848/2848 2847/2847/2847 2853/2853/2853
f 2848/2848/2848 2853/2853/2853 2854/2854/2854
f 2846/2846/2846 2845/2845/2845 2851/2851/2851
f 2846/2846/2846 2851/2851/2851 2852/2852/2852
f 2844/2844/2844 2843/2843/2843 2849/2849/2849
f 2844/2844/2844 2849/2849/2849 2850/2850/2850
f 2887/2887/2887 2848/2848/2848 2854/2854/2854
f 2847/2847/2847 2846/2846/2846 2852/2852/2852
f 2847/2847/2847 2852/2852/2852 2853/2853/2853
f 2845/2845/2845 2844/2844/2844 2850/2850/2850
f 2845/2845/2845 2850/2850/2850 2851/2851/2851
f 2843/2843/2843 2842/2842/2842 2849/2849/2849
f 2850/2850/2850 2849/2849/2849 2857/2857/2857
f 2850/2850/2850 2857/2857/2857 2858/2858/2858
f 2887/2887/2887 2854/2854/2854 2862/2862/2862
f 2853/2853/2853 2852/2852/2852 2860/2860/2860
f 2853/2853/2853 2860/2860/2860 2861/2861/2861
f 2851/2851/2851 2850/2850/2850 2858/2858/2858
f 2851/2851/2851 2858/2858/2858 2859/2859/2859
f 2849/2849/2849 2842/2842/2842 2857/2857/2857
f 2854/2854/2854 2853/2853/2853 2861/2861/2861
f 2854/2854/2854 2861/2861/2861 2862/2862/2862
f 2852/2852/2852 2851/2851/2851 2859/2859/2859
f 2852/2852/2852 2859/2859/2859 2860/2860/2860
f 2887/2887/2887 2862/2862/2862 2870/2870/2870
f 2861/2861/2861 2860/2860/2860 2868/2868/2868
f 2861/2861/2861 2868/2868/2868 2869/2869/2869
f 2859/2859/2859 2858/2858/2858 2866/2866/2866
f 2859/2859/2859 2866/2866/2866 2867/2867/2867
f 2857/2857/2857 2842/2842/2842 2865/2865/2865
f 2862/2862/2862 2861/2861/2861 2869/2869/2869
f 2862/2862/2862 2869/2869/2869 2870/2870/2870
f 2860/2860/2860 2859/2859/2859 2867/2867/2867
f 2860/2860/2860 2867/2867/2867 2868/2868/2868
f 2858/2858/2858 2857/2857/2857 2865/2865/2865
f 2858/2858/2858 2865/2865/2865 2866/2866/2866
f 2869/2869/2869 2868/2868/2868 2876/2876/2876
f 2869/2869/2869 2876/2876/2876 2877/2877/2877
f 2867/2867/2867 2866/2866/2866 2874/2874/2874
f 2867/2867/2867 2874/2874/2874 2875/2875/2875
f 2865/2865/2865 2842/2842/2842 2873/2873/2873
f 2870/2870/2870 2869/2869/2869 2877/2877/2877
f 2870/2870/2870 2877/2877/2877 2878/2878/2878
f 2868/2868/2868 2867/2867/2867 2875/2875/2875
f 2868/2868/2868 2875/2875/2875 2876/2876/2876
f 2866/2866/2866 2865/2865/2865 2873/2873/2873
f 2866/2866/2866 2873/2873/2873 2874/2874/2874
f 2887/2887/2887 2870/2870/2870 2878/2878/2878
f 2873/2873/2873 2842/2842/2842 2881/2881/2881
f 2878/2878/2878 2877/2877/2877 2885/2885/2885
f 2878/2878/2878 2885/2885/2885 2886/2886/2886
f 2876/2876/2876 2875/2875/2875 2883/2883/2883
f 2876/2876/2876 2883/2883/2883 2884/2884/2884
f 2874/2874/2874 2873/2873/2873 2881/2881/2881
f 2874/2874/2874 2881/2881/2881 2882/2882/2882
f 2887/2887/2887 2878/2878/2878 2886/2886/2886
f 2877/2877/2877 2876/2876/2876 2884/2884/2884
f 2877/2877/2877 2884/2884/2884 2885/2885/2885
f 2875/2875/2875 2874/2874/2874 2882/2882/2882
f 2875/2875/2875 2882/2882/2882 2883/2883/2883
f 2886/2886/2886 2885/2885/2885 2893/2893/2893
f 2886/2886/2886 2893/2893/2893 2894/2894/2894
f 2884/2884/2884 2883/2883/2883 2891/2891/2891
f 2884/2884/2884 2891/2891/2891 2892/2892/2892
f 2882/2882/2882 2881/2881/2881 2889/2889/2889
f 2882/2882/2882 2889/2889/2889 2890/2890/2890
f 2887/2887/2887 2886/2886/2886 2894/2894/2894
f 2885/2885/2885 2884/2884/2884 2892/2892/2892
f 2885/2885/2885 2892/2892/2892 2893/2893/2893
f 2883/2883/2883 2882/2882/2882 2890/2890/2890
f 2883/2883/2883 2890/2890/2890 2891/2891/2891
f 2881/2881/2881 2842/2842/2842 2889/2889/2889
f 2892/2892/2892 2891/2891/2891 2899/2899/2899
f 2892/2892/2892 2899/2899/2899 2900/2900/2900
f 2890/2890/2890 2889/2889/2889 2897/2897/2897
f 2890/2890/2890 2897/2897/2897 2898/2898/2898
f 2887/2887/2887 2894/2894/2894 2902/2902/2902
f 2893/2893/2893 2892/2892/2892 2900/2900/2900
f 2893/2893/2893 2900/2900/2900 2901/2901/2901
f 2891/2891/2891 2890/2890/2890 2898/2898/2898
f 2891/2891/2891 2898/2898/2898 2899/2899/2899
f 2889/2889/2889 2842/2842/2842 2897/2897/2897
f 2894/2894/2894 2893/2893/2893 2901/2901/2901
f 2894/2894/2894 2901/2901/2901 2902/2902/2902
f 2887/2887/2887 2902/2902/2902 2910/2910/2910
f 2901/2901/2901 2900/2900/2900 2908/2908/2908
f 2901/2901/2901 2908/2908/2908 2909/2909/2909
f 2899/2899/2899 2898/2898/2898 2906/2906/2906
f 2899/2899/2899 2906/2906/2906 2907/2907/2907
f 2897/2897/2897 2842/2842/2842 2905/2905/2905
f 2902/2902/2902 2901/2901/2901 2909/2909/2909
f 2902/2902/2902 2909/2909/2909 2910/2910/2910
f 2900/2900/2900 2899/2899/2899 2907/2907/2907
f 2900/2900/2900 2907/2907/2907 2908/2908/2908
f 2898/2898/2898 2897/2897/2897 2905/2905/2905
f 2898/2898/2898 2905/2905/2905 2906/2906/2906
f 2887/2887/2887 2910/2910/2910 2918/2918/2918
f 2909/2909/2909 2908/2908/2908 2916/2916/2916
f 2909/2909/2909 2916/2916/2916 2917/2917/2917
f 2907/2907/2907 2906/2906/2906 2914/2914/2914
f 2907/2907/2907 2914/2914/2914 2915/2915/2915
f 2905/2905/2905 2842/2842/2842 2913/2913/2913
f 2910/2910/2910 2909/2909/2909 2917/2917/2917
f 2910/2910/2910 2917/2917/2917 2918/2918/2918
f 2908/2908/2908 2907/2907/2907 2915/2915/2915
f 2908/2908/2908 2915/2915/2915 2916/2916/2916
f 2906/2906/2906 2905/2905/2905 2913/2913/2913
f 2906/2906/2906 2913/2913/2913 2914/2914/2914
f 2915/2915/2915 2914/2914/2914 2922/2922/2922
f 2915/2915/2915 2922/2922/2922 2832/2832/2832
f 2913/2913/2913 2842/2842/2842 2830/2830/2830
f 2918/2918/2918 2917/2917/2917 2925/2925/2925
f 2918/2918/2918 2925/2925/2925 2835/2835/2835
f 2916/2916/2916 2915/2915/2915 2832/2832/2832
f 2916/2916/2916 2832/2832/2832 2833/2833/2833
f 2914/2914/2914 2913/2913/2913 2830/2830/2830
f 2914/2914/2914 2830/2830/2830 2922/2922/2922
f 2887/2887/2887 2918/2918/2918 2835/2835/2835
f 2917/2917/2917 2916/2916/2916 2833/2833/2833
f 2917/2917/2917 2833/2833/2833 2925/2925/2925
f 2942/2942/2942 2933/2933/2933 2937/2937/2937
f 2829/2829/2829 2926/2926/2926 2930/2930/2930
f 2829/2829/2829 2930/2930/2930 2927/2927/2927
f 2924/2924/2924 2923/2923/2923 2920/2920/2920
f 2924/2924/2924 2920/2920/2920 2921/2921/2921
f 2931/2931/2931 2934/2934/2934 2938/2938/2938
f 2931/2931/2931 2938/2938/2938 2935/2935/2935
f 2942/2942/2942 2834/2834/2834 2929/2929/2929
f 2921/2921/2921 2920/2920/2920 2912/2912/2912
f 2921/2921/2921 2912/2912/2912 2919/2919/2919
f 2934/2934/2934 2943/2943/2943 2938/2938/2938
f 2926/2926/2926 2943/2943/2943 2930/2930/2930
f 2919/2919/2919 2912/2912/2912 2904/2904/2904
f 2919/2919/2919 2904/2904/2904 2911/2911/2911
f 2928/2928/2928 2927/2927/2927 2931/2931/2931
f 2928/2928/2928 2931/2931/2931 2932/2932/2932
f 2834/2834/2834 2831/2831/2831 2928/2928/2928
f 2834/2834/2834 2928/2928/2928 2929/2929/2929
f 2911/2911/2911 2904/2904/2904 2896/2896/2896
f 2911/2911/2911 2896/2896/2896 2903/2903/2903
f 2927/2927/2927 2930/2930/2930 2934/2934/2934
f 2927/2927/2927 2934/2934/2934 2931/2931/2931
f 2953/2953/2953 2956/2956/2956 2926/2926/2926
f 2953/2953/2953 2926/2926/2926 2829/2829/2829
f 2903/2903/2903 2896/2896/2896 2888/2888/2888
f 2903/2903/2903 2888/2888/2888 2895/2895/2895
f 2930/2930/2930 2943/2943/2943 2934/2934/2934
f 2955/2955/2955 2954/2954/2954 2831/2831/2831
f 2955/2955/2955 2831/2831/2831 2834/2834/2834
f 2895/2895/2895 2888/2888/2888 2879/2879/2879
f 2895/2895/2895 2879/2879/2879 2880/2880/2880
f 2942/2942/2942 2929/2929/2929 2933/2933/2933
f 2956/2956/2956 2943/2943/2943 2926/2926/2926
f 2880/2880/2880 2879/2879/2879 2871/2871/2871
f 2880/2880/2880 2871/2871/2871 2872/2872/2872
f 2929/2929/2929 2928/2928/2928 2932/2932/2932
f 2929/2929/2929 2932/2932/2932 2933/2933/2933
f 2954/2954/2954 2953/2953/2953 2829/2829/2829
f 2954/2954/2954 2829/2829/2829 2831/2831/2831
f 2872/2872/2872 2871/2871/2871 2863/2863/2863
f 2872/2872/2872 2863/2863/2863 2864/2864/2864
f 2912/2912/2912 2920/2920/2920 2923/2923/2923
f 2923/2923/2923 2855/2855/2855 2863/2863/2863
f 2863/2863/2863 2871/2871/2871 2879/2879/2879
f 2879/2879/2879 2888/2888/2888 2896/2896/2896
f 2896/2896/2896 2904/2904/2904 2912/2912/2912
f 2912/2912/2912 2923/2923/2923 2863/2863/2863
f 2863/2863/2863 2879/2879/2879 2896/2896/2896
f 2863/2863/2863 2896/2896/2896 2912/2912/2912
f 2942/2942/2942 2955/2955/2955 2834/2834/2834
f 2864/2864/2864 2863/2863/2863 2855/2855/2855
f 2864/2864/2864 2855/2855/2855 2856/2856/2856
f 2933/2933/2933 2932/2932/2932 2936/2936/2936
f 2933/2933/2933 2936/2936/2936 2937/2937/2937
f 2831/2831/2831 2829/2829/2829 2927/2927/2927
f 2831/2831/2831 2927/2927/2927 2928/2928/2928
f 2856/2856/2856 2855/2855/2855 2923/2923/2923
f 2856/2856/2856 2923/2923/2923 2924/2924/2924
f 2856/2856/2856 2924/2924/2924 2921/2921/2921
f 2921/2921/2921 2919/2919/2919 2911/2911/2911
f 2911/2911/2911 2903/2903/2903 2895/2895/2895
f 2895/2895/2895 2880/2880/2880 2872/2872/2872
f 2872/2872/2872 2864/2864/2864 2856/2856/2856
f 2856/2856/2856 2921/2921/2921 2911/2911/2911
f 2911/2911/2911 2895/2895/2895 2872/2872/2872
f 2911/2911/2911 2872/2872/2872 2856/2856/2856
f 2932/2932/2932 2931/2931/2931 2935/2935/2935
f 2932/2932/2932 2935/2935/2935 2936/2936/2936
f 2936/2936/2936 2935/2935/2935 2939/2939/2939
f 2936/2936/2936 2939/2939/2939 2940/2940/2940
f 2942/2942/2942 2937/2937/2937 2941/2941/2941
f 2935/2935/2935 2938/2938/2938 2944/2944/2944
f 2935/2935/2935 2944/2944/2944 2939/2939/2939
f 2937/2937/2937 2936/2936/2936 2940/2940/2940
f 2937/2937/2937 2940/2940/2940 2941/2941/2941
f 2938/2938/2938 2943/2943/2943 2944/2944/2944
f 2940/2940/2940 2939/2939/2939 2945/2945/2945
f 2940/2940/2940 2945/2945/2945 2946/2946/2946
f 2942/2942/2942 2941/2941/2941 2947/2947/2947
f 2939/2939/2939 2944/2944/2944 2948/2948/2948
f 2939/2939/2939 2948/2948/2948 2945/2945/2945
f 2941/2941/2941 2940/2940/2940 2946/2946/2946
f 2941/2941/2941 2946/2946/2946 2947/2947/2947
f 2944/2944/2944 2943/2943/2943 2948/2948/2948
f 2946/2946/2946 2945/2945/2945 2949/2949/2949
f 2946/2946/2946 2949/2949/2949 2950/2950/2950
f 2942/2942/2942 2947/2947/2947 2951/2951/2951
f 2945/2945/2945 2948/2948/2948 2952/2952/2952
f 2945/2945/2945 2952/2952/2952 2949/2949/2949
f 2947/2947/2947 2946/2946/2946 2950/2950/2950
f 2947/2947/2947 2950/2950/2950 2951/2951/2951
f 2948/2948/2948 2943/2943/2943 2952/2952/2952
f 2950/2950/2950 2949/2949/2949 2953/2953/2953
f 2950/2950/2950 2953/2953/2953 2954/2954/2954
f 2942/2942/2942 2951/2951/2951 2955/2955/2955
f 2949/2949/2949 2952/2952/2952 2956/2956/2956
f 2949/2949/2949 2956/2956/2956 2953/2953/2953
f 2951/2951/2951 2950/2950/2950 2954/2954/2954
f 2951/2951/2951 2954/2954/2954 2955/2955/2955
f 2952/2952/2952 2943/2943/2943 2956/2956/2956
f 3006/3006/3006 3005/3005/3005 3011/3011/3011
f 3006/3006/3006 3011/3011/3011 3012/3012/3012
f 2994/2994/2994 2993/2993/2993 2999/2999/2999
f 2994/2994/2994 2999/2999/2999 3000/3000/3000
f 2959/2959/2959 2960/2960/2960 2962/2962/2962
f 2959/2959/2959 2962/2962/2962 2961/2961/2961
f 3014/3014/3014 3007/3007/3007 3013/3013/3013
f 2990/2990/2990 2989/2989/2989 2994/2994/2994
f 2990/2990/2990 2994/2994/2994 2995/2995/2995
f 2961/2961/2961 2962/2962/2962 2964/2964/2964
f 2961/2961/2961 2964/2964/2964 2963/2963/2963
f 3001/3001/3001 3000/3000/3000 3006/3006/3006
f 3001/3001/3001 3006/3006/3006 3007/3007/3007
f 2989/2989/2989 2988/2988/2988 2993/2993/2993
f 2989/2989/2989 2993/2993/2993 2994/2994/2994
f 2963/2963/2963 2964/2964/2964 2966/2966/2966
f 2963/2963/2963 2966/2966/2966 2965/2965/2965
f 2999/2999/2999 2997/2997/2997 3003/3003/3003
f 2999/2999/2999 3003/3003/3003 3005/3005/3005
f 2988/2988/2988 2986/2986/2986 2991/2991/2991
f 2988/2988/2988 2991/2991/2991 2993/2993/2993
f 2965/2965/2965 2966/2966/2966 2968/2968/2968
f 2965/2965/2965 2968/2968/2968 2967/2967/2967
f 3014/3014/3014 3001/3001/3001 3007/3007/3007
f 3014/3014/3014 2990/2990/2990 2995/2995/2995
f 2967/2967/2967 2968/2968/2968 2970/2970/2970
f 2967/2967/2967 2970/2970/2970 2969/2969/2969
f 3000/3000/3000 2999/2999/2999 3005/3005/3005
f 3000/3000/3000 3005/3005/3005 3006/3006/3006
f 2986/2986/2986 3016/3016/3016 2991/2991/2991
f 2969/2969/2969 2970/2970/2970 2972/2972/2972
f 2969/2969/2969 2972/2972/2972 2971/2971/2971
f 2997/2997/2997 3016/3016/3016 3003/3003/3003
f 3029/3029/3029 3028/3028/3028 2989/2989/2989
f 3029/3029/3029 2989/2989/2989 2990/2990/2990
f 2971/2971/2971 2972/2972/2972 2974/2974/2974
f 2971/2971/2971 2974/2974/2974 2973/2973/2973
f 2995/2995/2995 2994/2994/2994 3000/3000/3000
f 2995/2995/2995 3000/3000/3000 3001/3001/3001
f 3025/3025/3025 3016/3016/3016 2986/2986/2986
f 2973/2973/2973 2974/2974/2974 2976/2976/2976
f 2973/2973/2973 2976/2976/2976 2975/2975/2975
f 2991/2991/2991 3016/3016/3016 2997/2997/2997
f 3014/3014/3014 3029/3029/3029 2990/2990/2990
f 2975/2975/2975 2976/2976/2976 2978/2978/2978
f 2975/2975/2975 2978/2978/2978 2977/2977/2977
f 3014/3014/3014 2995/2995/2995 3001/3001/3001
f 3027/3027/3027 3025/3025/3025 2986/2986/2986
f 3027/3027/3027 2986/2986/2986 2988/2988/2988
f 2977/2977/2977 2978/2978/2978 2980/2980/2980
f 2977/2977/2977 2980/2980/2980 2979/2979/2979
f 2964/2964/2964 2962/2962/2962 2960/2960/2960
f 2960/2960/2960 2982/2982/2982 2980/2980/2980
f 2980/2980/2980 2978/2978/2978 2976/2976/2976
f 2976/2976/2976 2974/2974/2974 2972/2972/2972
f 2972/2972/2972 2970/2970/2970 2968/2968/2968
f 2968/2968/2968 2966/2966/2966 2964/2964/2964
f 2964/2964/2964 2960/2960/2960 2980/2980/2980
f 2980/2980/2980 2976/2976/2976 2972/2972/2972
f 2972/2972/2972 2968/2968/2968 2964/2964/2964
f 2980/2980/2980 2972/2972/2972 2964/2964/2964
f 3028/3028/3028 3027/3027/3027 2988/2988/2988
f 3028/3028/3028 2988/2988/2988 2989/2989/2989
f 2979/2979/2979 2980/2980/2980 2982/2982/2982
f 2979/2979/2979 2982/2982/2982 2981/2981/2981
f 3003/3003/3003 3016/3016/3016 3009/3009/3009
f 2993/2993/2993 2991/2991/2991 2997/2997/2997
f 2993/2993/2993 2997/2997/2997 2999/2999/2999
f 2981/2981/2981 2982/2982/2982 2960/2960/2960
f 2981/2981/2981 2960/2960/2960 2959/2959/2959
f 2981/2981/2981 2959/2959/2959 2961/2961/2961
f 2961/2961/2961 2963/2963/2963 2965/2965/2965
f 2965/2965/2965 2967/2967/2967 2969/2969/2969
f 2969/2969/2969 2971/2971/2971 2973/2973/2973
f 2973/2973/2973 2975/2975/2975 2977/2977/2977
f 2977/2977/2977 2979/2979/2979 2981/2981/2981
f 2981/2981/2981 2961/2961/2961 2965/2965/2965
f 2965/2965/2965 2969/2969/2969 2973/2973/2973
f 2973/2973/2973 2977/2977/2977 2981/2981/2981
f 2965/2965/2965 2973/2973/2973 2981/2981/2981
f 3005/3005/3005 3003/3003/3003 3009/3009/3009
f 3005/3005/3005 3009/3009/3009 3011/3011/3011
f 3007/3007/3007 3006/3006/3006 3012/3012/3012
f 3007/3007/3007 3012/3012/3012 3013/3013/3013
f 3009/3009/3009 3016/3016/3016 3015/3015/3015
f 3012/3012/3012 3011/3011/3011 3017/3017/3017
f 3012/3012/3012 3017/3017/3017 3018/3018/3018
f 3014/3014/3014 3013/3013/3013 3019/3019/3019
f 3011/3011/3011 3009/3009/3009 3015/3015/3015
f 3011/3011/3011 3015/3015/3015 3017/3017/3017
f 3013/3013/3013 3012/3012/3012 3018/3018/3018
f 3013/3013/3013 3018/3018/3018 3019/3019/3019
f 3015/3015/3015 3016/3016/3016 3021/3021/3021
f 3018/3018/3018 3017/3017/3017 3022/3022/3022
f 3018/3018/3018 3022/3022/3022 3023/3023/3023
f 3014/3014/3014 3019/3019/3019 3024/3024/3024
f 3017/3017/3017 3015/3015/3015 3021/3021/3021
f 3017/3017/3017 3021/3021/3021 3022/3022/3022
f 3019/3019/3019 3018/3018/3018 3023/3023/3023
f 3019/3019/3019 3023/3023/3023 3024/3024/3024
f 3021/3021/3021 3016/3016/3016 3025/3025/3025
f 3023/3023/3023 3022/3022/3022 3027/3027/3027
f 3023/3023/3023 3027/3027/3027 3028/3028/3028
f 3014/3014/3014 3024/3024/3024 3029/3029/3029
f 3022/3022/3022 3021/3021/3021 3025/3025/3025
f 3022/3022/3022 3025/3025/3025 3027/3027/3027
f 3024/3024/3024 3023/3023/3023 3028/3028/3028
f 3024/3024/3024 3028/3028/3028 3029/3029/3029
f 3055/3055/3055 3056/3056/3056 2998/2998/2998
f 3055/3055/3055 2998/2998/2998 3002/3002/3002
f 3054/3054/3054 3055/3055/3055 3002/3002/3002
f 3054/3054/3054 3002/3002/3002 3004/3004/3004
f 3057/3057/3057 3045/3045/3045 2996/2996/2996
f 3041/3041/3041 3054/3054/3054 3004/3004/3004
f 3056/3056/3056 3057/3057/3057 2996/2996/2996
f 3056/3056/3056 2996/2996/2996 2998/2998/2998
f 3004/3004/3004 3002/3002/3002 2984/2984/2984
f 3004/3004/3004 2984/2984/2984 2983/2983/2983
f 3002/3002/3002 2998/2998/2998 2985/2985/2985
f 3002/3002/3002 2985/2985/2985 2984/2984/2984
f 2998/2998/2998 2996/2996/2996 2987/2987/2987
f 2998/2998/2998 2987/2987/2987 2985/2985/2985
f 3041/3041/3041 3004/3004/3004 2983/2983/2983
f 2996/2996/2996 3045/3045/3045 2987/2987/2987
f 2987/2987/2987 3045/3045/3045 3033/3033/3033
f 3041/3041/3041 2983/2983/2983 2957/2957/2957
f 2985/2985/2985 2987/2987/2987 3033/3033/3033
f 2985/2985/2985 3033/3033/3033 3032/3032/3032
f 2984/2984/2984 2985/2985/2985 3032/3032/3032
f 2984/2984/2984 3032/3032/3032 3031/3031/3031
f 2983/2983/2983 2984/2984/2984 3031/3031/3031
f 2983/2983/2983 3031/3031/3031 2957/2957/2957
f 3041/3041/3041 2957/2957/2957 3035/3035/3035
f 3032/3032/3032 3033/3033/3033 3039/3039/3039
f 3032/3032/3032 3039/3039/3039 3038/3038/3038
f 3033/3033/3033 3045/3045/3045 3039/3039/3039
f 2957/2957/2957 3031/3031/3031 3037/3037/3037
f 2957/2957/2957 3037/3037/3037 3035/3035/3035
f 3031/3031/3031 3032/3032/3032 3038/3038/3038
f 3031/3031/3031 3038/3038/3038 3037/3037/3037
f 3035/3035/3035 3037/3037/3037 3042/3042/3042
f 3035/3035/3035 3042/3042/3042 3040/3040/3040
f 3038/3038/3038 3039/3039/3039 3044/3044/3044
f 3038/3038/3038 3044/3044/3044 3043/3043/3043
f 3039/3039/3039 3045/3045/3045 3044/3044/3044
f 3041/3041/3041 3035/3035/3035 3040/3040/3040
f 3037/3037/3037 3038/3038/3038 3043/3043/3043
f 3037/3037/3037 3043/3043/3043 3042/3042/3042
f 3040/3040/3040 3042/3042/3042 3047/3047/3047
f 3040/3040/3040 3047/3047/3047 3046/3046/3046
f 3043/3043/3043 3044/3044/3044 3049/3049/3049
f 3043/3043/3043 3049/3049/3049 3048/3048/3048
f 3041/3041/3041 3040/3040/3040 3046/3046/3046
f 3042/3042/3042 3043/3043/3043 3048/3048/3048
f 3042/3042/3042 3048/3048/3048 3047/3047/3047
f 3044/3044/3044 3045/3045/3045 3049/3049/3049
f 3046/3046/3046 3047/3047/3047 3051/3051/3051
f 3046/3046/3046 3051/3051/3051 3050/3050/3050
f 3048/3048/3048 3049/3049/3049 3053/3053/3053
f 3048/3048/3048 3053/3053/3053 3052/3052/3052
f 3041/3041/3041 3046/3046/3046 3050/3050/3050
f 3047/3047/3047 3048/3048/3048 3052/3052/3052
f 3047/3047/3047 3052/3052/3052 3051/3051/3051
f 3049/3049/3049 3045/3045/3045 3053/3053/3053
f 3050/3050/3050 3051/3051/3051 3055/3055/3055
f 3050/3050/3050 3055/3055/3055 3054/3054/3054
f 3052/3052/3052 3053/3053/3053 3057/3057/3057
f 3052/3052/3052 3057/3057/3057 3056/3056/3056
f 3041/3041/3041 3050/3050/3050 3054/3054/3054
f 3051/3051/3051 3052/3052/3052 3056/3056/3056
f 3051/3051/3051 3056/3056/3056 3055/3055/3055
f 3053/3053/3053 3045/3045/3045 3057/3057/3057
f 3081/3081/3081 3082/3082/3082 3026/3026/3026
f 3081/3081/3081 3026/3026/3026 3030/3030/3030
f 3082/3082/3082 3070/3070/3070 3026/3026/3026
f 3066/3066/3066 3079/3079/3079 3036/3036/3036
f 3080/3080/3080 3081/3081/3081 3030/3030/3030
f 3080/3080/3080 3030/3030/3030 3034/3034/3034
f 3079/3079/3079 3080/3080/3080 3034/3034/3034
f 3079/3079/3079 3034/3034/3034 3036/3036/3036
f 3066/3066/3066 3036/3036/3036 2992/2992/2992
f 3026/3026/3026 3070/3070/3070 3020/3020/3020
f 3030/3030/3030 3026/3026/3026 3020/3020/3020
f 3030/3030/3030 3020/3020/3020 3010/3010/3010
f 3036/3036/3036 3034/3034/3034 3008/3008/3008
f 3036/3036/3036 3008/3008/3008 2992/2992/2992
f 3034/3034/3034 3030/3030/3030 3010/3010/3010
f 3034/3034/3034 3010/3010/3010 3008/3008/3008
f 2992/2992/2992 3008/3008/3008 3058/3058/3058
f 2992/2992/2992 3058/3058/3058 2958/2958/2958
f 3066/3066/3066 2992/2992/2992 2958/2958/2958
f 3010/3010/3010 3020/3020/3020 3060/3060/3060
f 3010/3010/3010 3060/3060/3060 3059/3059/3059
f 3020/3020/3020 3070/3070/3070 3060/3060/3060
f 3008/3008/3008 3010/3010/3010 3059/3059/3059
f 3008/3008/3008 3059/3059/3059 3058/3058/3058
f 3066/3066/3066 2958/2958/2958 3061/3061/3061
f 3060/3060/3060 3070/3070/3070 3064/3064/3064
f 3059/3059/3059 3060/3060/3060 3064/3064/3064
f 3059/3059/3059 3064/3064/3064 3063/3063/3063
f 2958/2958/2958 3058/3058/3058 3062/3062/3062
f 2958/2958/2958 3062/3062/3062 3061/3061/3061
f 3058/3058/3058 3059/3059/3059 3063/3063/3063
f 3058/3058/3058 3063/3063/3063 3062/3062/3062
f 3061/3061/3061 3062/3062/3062 3067/3067/3067
f 3061/3061/3061 3067/3067/3067 3065/3065/3065
f 3063/3063/3063 3064/3064/3064 3069/3069/3069
f 3063/3063/3063 3069/3069/3069 3068/3068/3068
f 3066/3066/3066 3061/3061/3061 3065/3065/3065
f 3064/3064/3064 3070/3070/3070 3069/3069/3069
f 3062/3062/3062 3063/3063/3063 3068/3068/3068
f 3062/3062/3062 3068/3068/3068 3067/3067/3067
f 3065/3065/3065 3067/3067/3067 3072/3072/3072
f 3065/3065/3065 3072/3072/3072 3071/3071/3071
f 3068/3068/3068 3069/3069/3069 3074/3074/3074
f 3068/3068/3068 3074/3074/3074 3073/3073/3073
f 3066/3066/3066 3065/3065/3065 3071/3071/3071
f 3067/3067/3067 3068/3068/3068 3073/3073/3073
f 3067/3067/3067 3073/3073/3073 3072/3072/3072
f 3069/3069/3069 3070/3070/3070 3074/3074/3074
f 3071/3071/3071 3072/3072/3072 3076/3076/3076
f 3071/3071/3071 3076/3076/3076 3075/3075/3075
f 3073/3073/3073 3074/3074/3074 3078/3078/3078
f 3073/3073/3073 3078/3078/3078 3077/3077/3077
f 3066/3066/3066 3071/3071/3071 3075/3075/3075
f 3072/3072/3072 3073/3073/3073 3077/3077/3077
f 3072/3072/3072 3077/3077/3077 3076/3076/3076
f 3074/3074/3074 3070/3070/3070 3078/3078/3078
f 3075/3075/3075 3076/3076/3076 3080/3080/3080
f 3075/3075/3075 3080/3080/3080 3079/3079/3079
f 3077/3077/3077 3078/3078/3078 3082/3082/3082
f 3077/3077/3077 3082/3082/3082 3081/3081/3081
f 3066/3066/3066 3075/3075/3075 3079/3079/3079
f 3076/3076/3076 3077/3077/3077 3081/3081/3081
f 3076/3076/3076 3081/3081/3081 3080/3080/3080
f 3078/3078/3078 3070/3070/3070 3082/3082/3082
