# SirAldric mid-poly  look_targets SoT  scabbard=+X
FMT v3
BONE Head
V 0.00000 0.29500 0.01000 0.0000 1.0000 0.0000 0.1250 0.8750
V 0.06250 0.27423 0.01000 0.5821 0.8131 0.0000 0.1250 0.8750
V 0.00000 0.29500 0.01000 0.0000 1.0000 0.0000 0.1250 0.8750
T
V 0.00000 0.29500 0.01000 0.0000 1.0000 0.0000 0.1250 0.8750
V 0.06250 0.27423 0.01000 0.5821 0.8131 0.0000 0.1250 0.8750
V 0.05056 0.27423 0.04968 0.4749 0.8200 0.3195 0.1250 0.8750
T
V 0.00000 0.29500 0.01000 0.0000 1.0000 0.0000 0.1250 0.8750
V 0.05056 0.27423 0.04968 0.4749 0.8200 0.3195 0.1250 0.8750
V 0.00000 0.29500 0.01000 0.0000 1.0000 0.0000 0.1250 0.8750
T
V 0.00000 0.29500 0.01000 0.0000 1.0000 0.0000 0.1250 0.8750
V 0.05056 0.27423 0.04968 0.4749 0.8200 0.3195 0.1250 0.8750
V 0.01931 0.27423 0.07420 0.1839 0.8315 0.5242 0.1250 0.8750
T
V 0.00000 0.29500 0.01000 0.0000 1.0000 0.0000 0.1250 0.8750
V 0.01931 0.27423 0.07420 0.1839 0.8315 0.5242 0.1250 0.8750
V 0.00000 0.29500 0.01000 -0.0000 1.0000 0.0000 0.1250 0.8750
T
V 0.00000 0.29500 0.01000 -0.0000 1.0000 0.0000 0.1250 0.8750
V 0.01931 0.27423 0.07420 0.1839 0.8315 0.5242 0.1250 0.8750
V -0.01931 0.27423 0.07420 -0.1839 0.8315 0.5242 0.1250 0.8750
T
V 0.00000 0.29500 0.01000 -0.0000 1.0000 0.0000 0.1250 0.8750
V -0.01931 0.27423 0.07420 -0.1839 0.8315 0.5242 0.1250 0.8750
V 0.00000 0.29500 0.01000 -0.0000 1.0000 0.0000 0.1250 0.8750
T
V 0.00000 0.29500 0.01000 -0.0000 1.0000 0.0000 0.1250 0.8750
V -0.01931 0.27423 0.07420 -0.1839 0.8315 0.5242 0.1250 0.8750
V -0.05056 0.27423 0.04968 -0.4749 0.8200 0.3195 0.1250 0.8750
T
V 0.00000 0.29500 0.01000 -0.0000 1.0000 0.0000 0.1250 0.8750
V -0.05056 0.27423 0.04968 -0.4749 0.8200 0.3195 0.1250 0.8750
V 0.00000 0.29500 0.01000 -0.0000 1.0000 0.0000 0.1250 0.8750
T
V 0.00000 0.29500 0.01000 -0.0000 1.0000 0.0000 0.1250 0.8750
V -0.05056 0.27423 0.04968 -0.4749 0.8200 0.3195 0.1250 0.8750
V -0.06250 0.27423 0.01000 -0.5821 0.8131 0.0000 0.1250 0.8750
T
V 0.00000 0.29500 0.01000 -0.0000 1.0000 0.0000 0.1250 0.8750
V -0.06250 0.27423 0.01000 -0.5821 0.8131 0.0000 0.1250 0.8750
V 0.00000 0.29500 0.01000 -0.0000 1.0000 -0.0000 0.1250 0.8750
T
V 0.00000 0.29500 0.01000 -0.0000 1.0000 -0.0000 0.1250 0.8750
V -0.06250 0.27423 0.01000 -0.5821 0.8131 0.0000 0.1250 0.8750
V -0.05056 0.27423 -0.02968 -0.4749 0.8200 -0.3195 0.1250 0.8750
T
V 0.00000 0.29500 0.01000 -0.0000 1.0000 -0.0000 0.1250 0.8750
V -0.05056 0.27423 -0.02968 -0.4749 0.8200 -0.3195 0.1250 0.8750
V 0.00000 0.29500 0.01000 -0.0000 1.0000 -0.0000 0.1250 0.8750
T
V 0.00000 0.29500 0.01000 -0.0000 1.0000 -0.0000 0.1250 0.8750
V -0.05056 0.27423 -0.02968 -0.4749 0.8200 -0.3195 0.1250 0.8750
V -0.01931 0.27423 -0.05420 -0.1839 0.8315 -0.5242 0.1250 0.8750
T
V 0.00000 0.29500 0.01000 -0.0000 1.0000 -0.0000 0.1250 0.8750
V -0.01931 0.27423 -0.05420 -0.1839 0.8315 -0.5242 0.1250 0.8750
V 0.00000 0.29500 0.01000 0.0000 1.0000 -0.0000 0.1250 0.8750
T
V 0.00000 0.29500 0.01000 0.0000 1.0000 -0.0000 0.1250 0.8750
V -0.01931 0.27423 -0.05420 -0.1839 0.8315 -0.5242 0.1250 0.8750
V 0.01931 0.27423 -0.05420 0.1839 0.8315 -0.5242 0.1250 0.8750
T
V 0.00000 0.29500 0.01000 0.0000 1.0000 -0.0000 0.1250 0.8750
V 0.01931 0.27423 -0.05420 0.1839 0.8315 -0.5242 0.1250 0.8750
V 0.00000 0.29500 0.01000 0.0000 1.0000 -0.0000 0.1250 0.8750
T
V 0.00000 0.29500 0.01000 0.0000 1.0000 -0.0000 0.1250 0.8750
V 0.01931 0.27423 -0.05420 0.1839 0.8315 -0.5242 0.1250 0.8750
V 0.05056 0.27423 -0.02968 0.4749 0.8200 -0.3195 0.1250 0.8750
T
V 0.00000 0.29500 0.01000 0.0000 1.0000 -0.0000 0.1250 0.8750
V 0.05056 0.27423 -0.02968 0.4749 0.8200 -0.3195 0.1250 0.8750
V 0.00000 0.29500 0.01000 0.0000 1.0000 -0.0000 0.1250 0.8750
T
V 0.00000 0.29500 0.01000 0.0000 1.0000 -0.0000 0.1250 0.8750
V 0.05056 0.27423 -0.02968 0.4749 0.8200 -0.3195 0.1250 0.8750
V 0.06250 0.27423 0.01000 0.5821 0.8131 -0.0000 0.1250 0.8750
T
V 0.06250 0.27423 0.01000 0.5821 0.8131 0.0000 0.1250 0.8750
V 0.10825 0.21750 0.01000 0.9066 0.4221 0.0000 0.1250 0.8750
V 0.05056 0.27423 0.04968 0.4749 0.8200 0.3195 0.1250 0.8750
T
V 0.05056 0.27423 0.04968 0.4749 0.8200 0.3195 0.1250 0.8750
V 0.10825 0.21750 0.01000 0.9066 0.4221 0.0000 0.1250 0.8750
V 0.08758 0.21750 0.07872 0.7487 0.4309 0.5037 0.1250 0.8750
T
V 0.05056 0.27423 0.04968 0.4749 0.8200 0.3195 0.1250 0.8750
V 0.08758 0.21750 0.07872 0.7487 0.4309 0.5037 0.1250 0.8750
V 0.01931 0.27423 0.07420 0.1839 0.8315 0.5242 0.1250 0.8750
T
V 0.01931 0.27423 0.07420 0.1839 0.8315 0.5242 0.1250 0.8750
V 0.08758 0.21750 0.07872 0.7487 0.4309 0.5037 0.1250 0.8750
V 0.03345 0.21750 0.12119 0.2963 0.4464 0.8443 0.1250 0.8750
T
V 0.01931 0.27423 0.07420 0.1839 0.8315 0.5242 0.1250 0.8750
V 0.03345 0.21750 0.12119 0.2963 0.4464 0.8443 0.1250 0.8750
V -0.01931 0.27423 0.07420 -0.1839 0.8315 0.5242 0.1250 0.8750
T
V -0.01931 0.27423 0.07420 -0.1839 0.8315 0.5242 0.1250 0.8750
V 0.03345 0.21750 0.12119 0.2963 0.4464 0.8443 0.1250 0.8750
V -0.03345 0.21750 0.12119 -0.2963 0.4464 0.8443 0.1250 0.8750
T
V -0.01931 0.27423 0.07420 -0.1839 0.8315 0.5242 0.1250 0.8750
V -0.03345 0.21750 0.12119 -0.2963 0.4464 0.8443 0.1250 0.8750
V -0.05056 0.27423 0.04968 -0.4749 0.8200 0.3195 0.1250 0.8750
T
V -0.05056 0.27423 0.04968 -0.4749 0.8200 0.3195 0.1250 0.8750
V -0.03345 0.21750 0.12119 -0.2963 0.4464 0.8443 0.1250 0.8750
V -0.08758 0.21750 0.07872 -0.7487 0.4309 0.5037 0.1250 0.8750
T
V -0.05056 0.27423 0.04968 -0.4749 0.8200 0.3195 0.1250 0.8750
V -0.08758 0.21750 0.07872 -0.7487 0.4309 0.5037 0.1250 0.8750
V -0.06250 0.27423 0.01000 -0.5821 0.8131 0.0000 0.1250 0.8750
T
V -0.06250 0.27423 0.01000 -0.5821 0.8131 0.0000 0.1250 0.8750
V -0.08758 0.21750 0.07872 -0.7487 0.4309 0.5037 0.1250 0.8750
V -0.10825 0.21750 0.01000 -0.9066 0.4221 0.0000 0.1250 0.8750
T
V -0.06250 0.27423 0.01000 -0.5821 0.8131 0.0000 0.1250 0.8750
V -0.10825 0.21750 0.01000 -0.9066 0.4221 0.0000 0.1250 0.8750
V -0.05056 0.27423 -0.02968 -0.4749 0.8200 -0.3195 0.1250 0.8750
T
V -0.05056 0.27423 -0.02968 -0.4749 0.8200 -0.3195 0.1250 0.8750
V -0.10825 0.21750 0.01000 -0.9066 0.4221 0.0000 0.1250 0.8750
V -0.08758 0.21750 -0.05872 -0.7487 0.4309 -0.5037 0.1250 0.8750
T
V -0.05056 0.27423 -0.02968 -0.4749 0.8200 -0.3195 0.1250 0.8750
V -0.08758 0.21750 -0.05872 -0.7487 0.4309 -0.5037 0.1250 0.8750
V -0.01931 0.27423 -0.05420 -0.1839 0.8315 -0.5242 0.1250 0.8750
T
V -0.01931 0.27423 -0.05420 -0.1839 0.8315 -0.5242 0.1250 0.8750
V -0.08758 0.21750 -0.05872 -0.7487 0.4309 -0.5037 0.1250 0.8750
V -0.03345 0.21750 -0.10119 -0.2963 0.4464 -0.8443 0.1250 0.8750
T
V -0.01931 0.27423 -0.05420 -0.1839 0.8315 -0.5242 0.1250 0.8750
V -0.03345 0.21750 -0.10119 -0.2963 0.4464 -0.8443 0.1250 0.8750
V 0.01931 0.27423 -0.05420 0.1839 0.8315 -0.5242 0.1250 0.8750
T
V 0.01931 0.27423 -0.05420 0.1839 0.8315 -0.5242 0.1250 0.8750
V -0.03345 0.21750 -0.10119 -0.2963 0.4464 -0.8443 0.1250 0.8750
V 0.03345 0.21750 -0.10119 0.2963 0.4464 -0.8443 0.1250 0.8750
T
V 0.01931 0.27423 -0.05420 0.1839 0.8315 -0.5242 0.1250 0.8750
V 0.03345 0.21750 -0.10119 0.2963 0.4464 -0.8443 0.1250 0.8750
V 0.05056 0.27423 -0.02968 0.4749 0.8200 -0.3195 0.1250 0.8750
T
V 0.05056 0.27423 -0.02968 0.4749 0.8200 -0.3195 0.1250 0.8750
V 0.03345 0.21750 -0.10119 0.2963 0.4464 -0.8443 0.1250 0.8750
V 0.08758 0.21750 -0.05872 0.7487 0.4309 -0.5037 0.1250 0.8750
T
V 0.05056 0.27423 -0.02968 0.4749 0.8200 -0.3195 0.1250 0.8750
V 0.08758 0.21750 -0.05872 0.7487 0.4309 -0.5037 0.1250 0.8750
V 0.06250 0.27423 0.01000 0.5821 0.8131 -0.0000 0.1250 0.8750
T
V 0.06250 0.27423 0.01000 0.5821 0.8131 -0.0000 0.1250 0.8750
V 0.08758 0.21750 -0.05872 0.7487 0.4309 -0.5037 0.1250 0.8750
V 0.10825 0.21750 0.01000 0.9066 0.4221 -0.0000 0.1250 0.8750
T
V 0.10825 0.21750 0.01000 0.9066 0.4221 0.0000 0.1250 0.8750
V 0.12500 0.14000 0.01000 1.0000 0.0000 0.0000 0.1250 0.8750
V 0.08758 0.21750 0.07872 0.7487 0.4309 0.5037 0.1250 0.8750
T
V 0.08758 0.21750 0.07872 0.7487 0.4309 0.5037 0.1250 0.8750
V 0.12500 0.14000 0.01000 1.0000 0.0000 0.0000 0.1250 0.8750
V 0.10113 0.14000 0.08935 0.8297 0.0000 0.5582 0.1250 0.8750
T
V 0.08758 0.21750 0.07872 0.7487 0.4309 0.5037 0.1250 0.8750
V 0.10113 0.14000 0.08935 0.8297 0.0000 0.5582 0.1250 0.8750
V 0.03345 0.21750 0.12119 0.2963 0.4464 0.8443 0.1250 0.8750
T
V 0.03345 0.21750 0.12119 0.2963 0.4464 0.8443 0.1250 0.8750
V 0.10113 0.14000 0.08935 0.8297 0.0000 0.5582 0.1250 0.8750
V 0.03863 0.14000 0.13839 0.3311 0.0000 0.9436 0.1250 0.8750
T
V 0.03345 0.21750 0.12119 0.2963 0.4464 0.8443 0.1250 0.8750
V 0.03863 0.14000 0.13839 0.3311 0.0000 0.9436 0.1250 0.8750
V -0.03345 0.21750 0.12119 -0.2963 0.4464 0.8443 0.1250 0.8750
T
V -0.03345 0.21750 0.12119 -0.2963 0.4464 0.8443 0.1250 0.8750
V 0.03863 0.14000 0.13839 0.3311 0.0000 0.9436 0.1250 0.8750
V -0.03863 0.14000 0.13839 -0.3311 0.0000 0.9436 0.1250 0.8750
T
V -0.03345 0.21750 0.12119 -0.2963 0.4464 0.8443 0.1250 0.8750
V -0.03863 0.14000 0.13839 -0.3311 0.0000 0.9436 0.1250 0.8750
V -0.08758 0.21750 0.07872 -0.7487 0.4309 0.5037 0.1250 0.8750
T
V -0.08758 0.21750 0.07872 -0.7487 0.4309 0.5037 0.1250 0.8750
V -0.03863 0.14000 0.13839 -0.3311 0.0000 0.9436 0.1250 0.8750
V -0.10113 0.14000 0.08935 -0.8297 0.0000 0.5582 0.1250 0.8750
T
V -0.08758 0.21750 0.07872 -0.7487 0.4309 0.5037 0.1250 0.8750
V -0.10113 0.14000 0.08935 -0.8297 0.0000 0.5582 0.1250 0.8750
V -0.10825 0.21750 0.01000 -0.9066 0.4221 0.0000 0.1250 0.8750
T
V -0.10825 0.21750 0.01000 -0.9066 0.4221 0.0000 0.1250 0.8750
V -0.10113 0.14000 0.08935 -0.8297 0.0000 0.5582 0.1250 0.8750
V -0.12500 0.14000 0.01000 -1.0000 0.0000 0.0000 0.1250 0.8750
T
V -0.10825 0.21750 0.01000 -0.9066 0.4221 0.0000 0.1250 0.8750
V -0.12500 0.14000 0.01000 -1.0000 0.0000 0.0000 0.1250 0.8750
V -0.08758 0.21750 -0.05872 -0.7487 0.4309 -0.5037 0.1250 0.8750
T
V -0.08758 0.21750 -0.05872 -0.7487 0.4309 -0.5037 0.1250 0.8750
V -0.12500 0.14000 0.01000 -1.0000 0.0000 0.0000 0.1250 0.8750
V -0.10113 0.14000 -0.06935 -0.8297 0.0000 -0.5582 0.1250 0.8750
T
V -0.08758 0.21750 -0.05872 -0.7487 0.4309 -0.5037 0.1250 0.8750
V -0.10113 0.14000 -0.06935 -0.8297 0.0000 -0.5582 0.1250 0.8750
V -0.03345 0.21750 -0.10119 -0.2963 0.4464 -0.8443 0.1250 0.8750
T
V -0.03345 0.21750 -0.10119 -0.2963 0.4464 -0.8443 0.1250 0.8750
V -0.10113 0.14000 -0.06935 -0.8297 0.0000 -0.5582 0.1250 0.8750
V -0.03863 0.14000 -0.11839 -0.3311 0.0000 -0.9436 0.1250 0.8750
T
V -0.03345 0.21750 -0.10119 -0.2963 0.4464 -0.8443 0.1250 0.8750
V -0.03863 0.14000 -0.11839 -0.3311 0.0000 -0.9436 0.1250 0.8750
V 0.03345 0.21750 -0.10119 0.2963 0.4464 -0.8443 0.1250 0.8750
T
V 0.03345 0.21750 -0.10119 0.2963 0.4464 -0.8443 0.1250 0.8750
V -0.03863 0.14000 -0.11839 -0.3311 0.0000 -0.9436 0.1250 0.8750
V 0.03863 0.14000 -0.11839 0.3311 0.0000 -0.9436 0.1250 0.8750
T
V 0.03345 0.21750 -0.10119 0.2963 0.4464 -0.8443 0.1250 0.8750
V 0.03863 0.14000 -0.11839 0.3311 0.0000 -0.9436 0.1250 0.8750
V 0.08758 0.21750 -0.05872 0.7487 0.4309 -0.5037 0.1250 0.8750
T
V 0.08758 0.21750 -0.05872 0.7487 0.4309 -0.5037 0.1250 0.8750
V 0.03863 0.14000 -0.11839 0.3311 0.0000 -0.9436 0.1250 0.8750
V 0.10113 0.14000 -0.06935 0.8297 0.0000 -0.5582 0.1250 0.8750
T
V 0.08758 0.21750 -0.05872 0.7487 0.4309 -0.5037 0.1250 0.8750
V 0.10113 0.14000 -0.06935 0.8297 0.0000 -0.5582 0.1250 0.8750
V 0.10825 0.21750 0.01000 0.9066 0.4221 -0.0000 0.1250 0.8750
T
V 0.10825 0.21750 0.01000 0.9066 0.4221 -0.0000 0.1250 0.8750
V 0.10113 0.14000 -0.06935 0.8297 0.0000 -0.5582 0.1250 0.8750
V 0.12500 0.14000 0.01000 1.0000 0.0000 -0.0000 0.1250 0.8750
T
V 0.12500 0.14000 0.01000 1.0000 0.0000 0.0000 0.1250 0.8750
V 0.10825 0.06250 0.01000 0.9066 -0.4221 0.0000 0.1250 0.8750
V 0.10113 0.14000 0.08935 0.8297 0.0000 0.5582 0.1250 0.8750
T
V 0.10113 0.14000 0.08935 0.8297 0.0000 0.5582 0.1250 0.8750
V 0.10825 0.06250 0.01000 0.9066 -0.4221 0.0000 0.1250 0.8750
V 0.08758 0.06250 0.07872 0.7487 -0.4309 0.5037 0.1250 0.8750
T
V 0.10113 0.14000 0.08935 0.8297 0.0000 0.5582 0.1250 0.8750
V 0.08758 0.06250 0.07872 0.7487 -0.4309 0.5037 0.1250 0.8750
V 0.03863 0.14000 0.13839 0.3311 0.0000 0.9436 0.1250 0.8750
T
V 0.03863 0.14000 0.13839 0.3311 0.0000 0.9436 0.1250 0.8750
V 0.08758 0.06250 0.07872 0.7487 -0.4309 0.5037 0.1250 0.8750
V 0.03345 0.06250 0.12119 0.2963 -0.4464 0.8443 0.1250 0.8750
T
V 0.03863 0.14000 0.13839 0.3311 0.0000 0.9436 0.1250 0.8750
V 0.03345 0.06250 0.12119 0.2963 -0.4464 0.8443 0.1250 0.8750
V -0.03863 0.14000 0.13839 -0.3311 0.0000 0.9436 0.1250 0.8750
T
V -0.03863 0.14000 0.13839 -0.3311 0.0000 0.9436 0.1250 0.8750
V 0.03345 0.06250 0.12119 0.2963 -0.4464 0.8443 0.1250 0.8750
V -0.03345 0.06250 0.12119 -0.2963 -0.4464 0.8443 0.1250 0.8750
T
V -0.03863 0.14000 0.13839 -0.3311 0.0000 0.9436 0.1250 0.8750
V -0.03345 0.06250 0.12119 -0.2963 -0.4464 0.8443 0.1250 0.8750
V -0.10113 0.14000 0.08935 -0.8297 0.0000 0.5582 0.1250 0.8750
T
V -0.10113 0.14000 0.08935 -0.8297 0.0000 0.5582 0.1250 0.8750
V -0.03345 0.06250 0.12119 -0.2963 -0.4464 0.8443 0.1250 0.8750
V -0.08758 0.06250 0.07872 -0.7487 -0.4309 0.5037 0.1250 0.8750
T
V -0.10113 0.14000 0.08935 -0.8297 0.0000 0.5582 0.1250 0.8750
V -0.08758 0.06250 0.07872 -0.7487 -0.4309 0.5037 0.1250 0.8750
V -0.12500 0.14000 0.01000 -1.0000 0.0000 0.0000 0.1250 0.8750
T
V -0.12500 0.14000 0.01000 -1.0000 0.0000 0.0000 0.1250 0.8750
V -0.08758 0.06250 0.07872 -0.7487 -0.4309 0.5037 0.1250 0.8750
V -0.10825 0.06250 0.01000 -0.9066 -0.4221 0.0000 0.1250 0.8750
T
V -0.12500 0.14000 0.01000 -1.0000 0.0000 0.0000 0.1250 0.8750
V -0.10825 0.06250 0.01000 -0.9066 -0.4221 0.0000 0.1250 0.8750
V -0.10113 0.14000 -0.06935 -0.8297 0.0000 -0.5582 0.1250 0.8750
T
V -0.10113 0.14000 -0.06935 -0.8297 0.0000 -0.5582 0.1250 0.8750
V -0.10825 0.06250 0.01000 -0.9066 -0.4221 0.0000 0.1250 0.8750
V -0.08758 0.06250 -0.05872 -0.7487 -0.4309 -0.5037 0.1250 0.8750
T
V -0.10113 0.14000 -0.06935 -0.8297 0.0000 -0.5582 0.1250 0.8750
V -0.08758 0.06250 -0.05872 -0.7487 -0.4309 -0.5037 0.1250 0.8750
V -0.03863 0.14000 -0.11839 -0.3311 0.0000 -0.9436 0.1250 0.8750
T
V -0.03863 0.14000 -0.11839 -0.3311 0.0000 -0.9436 0.1250 0.8750
V -0.08758 0.06250 -0.05872 -0.7487 -0.4309 -0.5037 0.1250 0.8750
V -0.03345 0.06250 -0.10119 -0.2963 -0.4464 -0.8443 0.1250 0.8750
T
V -0.03863 0.14000 -0.11839 -0.3311 0.0000 -0.9436 0.1250 0.8750
V -0.03345 0.06250 -0.10119 -0.2963 -0.4464 -0.8443 0.1250 0.8750
V 0.03863 0.14000 -0.11839 0.3311 0.0000 -0.9436 0.1250 0.8750
T
V 0.03863 0.14000 -0.11839 0.3311 0.0000 -0.9436 0.1250 0.8750
V -0.03345 0.06250 -0.10119 -0.2963 -0.4464 -0.8443 0.1250 0.8750
V 0.03345 0.06250 -0.10119 0.2963 -0.4464 -0.8443 0.1250 0.8750
T
V 0.03863 0.14000 -0.11839 0.3311 0.0000 -0.9436 0.1250 0.8750
V 0.03345 0.06250 -0.10119 0.2963 -0.4464 -0.8443 0.1250 0.8750
V 0.10113 0.14000 -0.06935 0.8297 0.0000 -0.5582 0.1250 0.8750
T
V 0.10113 0.14000 -0.06935 0.8297 0.0000 -0.5582 0.1250 0.8750
V 0.03345 0.06250 -0.10119 0.2963 -0.4464 -0.8443 0.1250 0.8750
V 0.08758 0.06250 -0.05872 0.7487 -0.4309 -0.5037 0.1250 0.8750
T
V 0.10113 0.14000 -0.06935 0.8297 0.0000 -0.5582 0.1250 0.8750
V 0.08758 0.06250 -0.05872 0.7487 -0.4309 -0.5037 0.1250 0.8750
V 0.12500 0.14000 0.01000 1.0000 0.0000 -0.0000 0.1250 0.8750
T
V 0.12500 0.14000 0.01000 1.0000 0.0000 -0.0000 0.1250 0.8750
V 0.08758 0.06250 -0.05872 0.7487 -0.4309 -0.5037 0.1250 0.8750
V 0.10825 0.06250 0.01000 0.9066 -0.4221 -0.0000 0.1250 0.8750
T
V 0.10825 0.06250 0.01000 0.9066 -0.4221 0.0000 0.1250 0.8750
V 0.06250 0.00577 0.01000 0.5821 -0.8131 0.0000 0.1250 0.8750
V 0.08758 0.06250 0.07872 0.7487 -0.4309 0.5037 0.1250 0.8750
T
V 0.08758 0.06250 0.07872 0.7487 -0.4309 0.5037 0.1250 0.8750
V 0.06250 0.00577 0.01000 0.5821 -0.8131 0.0000 0.1250 0.8750
V 0.05056 0.00577 0.04968 0.4749 -0.8200 0.3195 0.1250 0.8750
T
V 0.08758 0.06250 0.07872 0.7487 -0.4309 0.5037 0.1250 0.8750
V 0.05056 0.00577 0.04968 0.4749 -0.8200 0.3195 0.1250 0.8750
V 0.03345 0.06250 0.12119 0.2963 -0.4464 0.8443 0.1250 0.8750
T
V 0.03345 0.06250 0.12119 0.2963 -0.4464 0.8443 0.1250 0.8750
V 0.05056 0.00577 0.04968 0.4749 -0.8200 0.3195 0.1250 0.8750
V 0.01931 0.00577 0.07420 0.1839 -0.8315 0.5242 0.1250 0.8750
T
V 0.03345 0.06250 0.12119 0.2963 -0.4464 0.8443 0.1250 0.8750
V 0.01931 0.00577 0.07420 0.1839 -0.8315 0.5242 0.1250 0.8750
V -0.03345 0.06250 0.12119 -0.2963 -0.4464 0.8443 0.1250 0.8750
T
V -0.03345 0.06250 0.12119 -0.2963 -0.4464 0.8443 0.1250 0.8750
V 0.01931 0.00577 0.07420 0.1839 -0.8315 0.5242 0.1250 0.8750
V -0.01931 0.00577 0.07420 -0.1839 -0.8315 0.5242 0.1250 0.8750
T
V -0.03345 0.06250 0.12119 -0.2963 -0.4464 0.8443 0.1250 0.8750
V -0.01931 0.00577 0.07420 -0.1839 -0.8315 0.5242 0.1250 0.8750
V -0.08758 0.06250 0.07872 -0.7487 -0.4309 0.5037 0.1250 0.8750
T
V -0.08758 0.06250 0.07872 -0.7487 -0.4309 0.5037 0.1250 0.8750
V -0.01931 0.00577 0.07420 -0.1839 -0.8315 0.5242 0.1250 0.8750
V -0.05056 0.00577 0.04968 -0.4749 -0.8200 0.3195 0.1250 0.8750
T
V -0.08758 0.06250 0.07872 -0.7487 -0.4309 0.5037 0.1250 0.8750
V -0.05056 0.00577 0.04968 -0.4749 -0.8200 0.3195 0.1250 0.8750
V -0.10825 0.06250 0.01000 -0.9066 -0.4221 0.0000 0.1250 0.8750
T
V -0.10825 0.06250 0.01000 -0.9066 -0.4221 0.0000 0.1250 0.8750
V -0.05056 0.00577 0.04968 -0.4749 -0.8200 0.3195 0.1250 0.8750
V -0.06250 0.00577 0.01000 -0.5821 -0.8131 0.0000 0.1250 0.8750
T
V -0.10825 0.06250 0.01000 -0.9066 -0.4221 0.0000 0.1250 0.8750
V -0.06250 0.00577 0.01000 -0.5821 -0.8131 0.0000 0.1250 0.8750
V -0.08758 0.06250 -0.05872 -0.7487 -0.4309 -0.5037 0.1250 0.8750
T
V -0.08758 0.06250 -0.05872 -0.7487 -0.4309 -0.5037 0.1250 0.8750
V -0.06250 0.00577 0.01000 -0.5821 -0.8131 0.0000 0.1250 0.8750
V -0.05056 0.00577 -0.02968 -0.4749 -0.8200 -0.3195 0.1250 0.8750
T
V -0.08758 0.06250 -0.05872 -0.7487 -0.4309 -0.5037 0.1250 0.8750
V -0.05056 0.00577 -0.02968 -0.4749 -0.8200 -0.3195 0.1250 0.8750
V -0.03345 0.06250 -0.10119 -0.2963 -0.4464 -0.8443 0.1250 0.8750
T
V -0.03345 0.06250 -0.10119 -0.2963 -0.4464 -0.8443 0.1250 0.8750
V -0.05056 0.00577 -0.02968 -0.4749 -0.8200 -0.3195 0.1250 0.8750
V -0.01931 0.00577 -0.05420 -0.1839 -0.8315 -0.5242 0.1250 0.8750
T
V -0.03345 0.06250 -0.10119 -0.2963 -0.4464 -0.8443 0.1250 0.8750
V -0.01931 0.00577 -0.05420 -0.1839 -0.8315 -0.5242 0.1250 0.8750
V 0.03345 0.06250 -0.10119 0.2963 -0.4464 -0.8443 0.1250 0.8750
T
V 0.03345 0.06250 -0.10119 0.2963 -0.4464 -0.8443 0.1250 0.8750
V -0.01931 0.00577 -0.05420 -0.1839 -0.8315 -0.5242 0.1250 0.8750
V 0.01931 0.00577 -0.05420 0.1839 -0.8315 -0.5242 0.1250 0.8750
T
V 0.03345 0.06250 -0.10119 0.2963 -0.4464 -0.8443 0.1250 0.8750
V 0.01931 0.00577 -0.05420 0.1839 -0.8315 -0.5242 0.1250 0.8750
V 0.08758 0.06250 -0.05872 0.7487 -0.4309 -0.5037 0.1250 0.8750
T
V 0.08758 0.06250 -0.05872 0.7487 -0.4309 -0.5037 0.1250 0.8750
V 0.01931 0.00577 -0.05420 0.1839 -0.8315 -0.5242 0.1250 0.8750
V 0.05056 0.00577 -0.02968 0.4749 -0.8200 -0.3195 0.1250 0.8750
T
V 0.08758 0.06250 -0.05872 0.7487 -0.4309 -0.5037 0.1250 0.8750
V 0.05056 0.00577 -0.02968 0.4749 -0.8200 -0.3195 0.1250 0.8750
V 0.10825 0.06250 0.01000 0.9066 -0.4221 -0.0000 0.1250 0.8750
T
V 0.10825 0.06250 0.01000 0.9066 -0.4221 -0.0000 0.1250 0.8750
V 0.05056 0.00577 -0.02968 0.4749 -0.8200 -0.3195 0.1250 0.8750
V 0.06250 0.00577 0.01000 0.5821 -0.8131 -0.0000 0.1250 0.8750
T
V 0.06250 0.00577 0.01000 0.5821 -0.8131 0.0000 0.1250 0.8750
V 0.00000 -0.01500 0.01000 0.0000 -1.0000 0.0000 0.1250 0.8750
V 0.05056 0.00577 0.04968 0.4749 -0.8200 0.3195 0.1250 0.8750
T
V 0.05056 0.00577 0.04968 0.4749 -0.8200 0.3195 0.1250 0.8750
V 0.00000 -0.01500 0.01000 0.0000 -1.0000 0.0000 0.1250 0.8750
V 0.00000 -0.01500 0.01000 0.0000 -1.0000 0.0000 0.1250 0.8750
T
V 0.05056 0.00577 0.04968 0.4749 -0.8200 0.3195 0.1250 0.8750
V 0.00000 -0.01500 0.01000 0.0000 -1.0000 0.0000 0.1250 0.8750
V 0.01931 0.00577 0.07420 0.1839 -0.8315 0.5242 0.1250 0.8750
T
V 0.01931 0.00577 0.07420 0.1839 -0.8315 0.5242 0.1250 0.8750
V 0.00000 -0.01500 0.01000 0.0000 -1.0000 0.0000 0.1250 0.8750
V 0.00000 -0.01500 0.01000 0.0000 -1.0000 0.0000 0.1250 0.8750
T
V 0.01931 0.00577 0.07420 0.1839 -0.8315 0.5242 0.1250 0.8750
V 0.00000 -0.01500 0.01000 0.0000 -1.0000 0.0000 0.1250 0.8750
V -0.01931 0.00577 0.07420 -0.1839 -0.8315 0.5242 0.1250 0.8750
T
V -0.01931 0.00577 0.07420 -0.1839 -0.8315 0.5242 0.1250 0.8750
V 0.00000 -0.01500 0.01000 0.0000 -1.0000 0.0000 0.1250 0.8750
V -0.00000 -0.01500 0.01000 -0.0000 -1.0000 0.0000 0.1250 0.8750
T
V -0.01931 0.00577 0.07420 -0.1839 -0.8315 0.5242 0.1250 0.8750
V -0.00000 -0.01500 0.01000 -0.0000 -1.0000 0.0000 0.1250 0.8750
V -0.05056 0.00577 0.04968 -0.4749 -0.8200 0.3195 0.1250 0.8750
T
V -0.05056 0.00577 0.04968 -0.4749 -0.8200 0.3195 0.1250 0.8750
V -0.00000 -0.01500 0.01000 -0.0000 -1.0000 0.0000 0.1250 0.8750
V -0.00000 -0.01500 0.01000 -0.0000 -1.0000 0.0000 0.1250 0.8750
T
V -0.05056 0.00577 0.04968 -0.4749 -0.8200 0.3195 0.1250 0.8750
V -0.00000 -0.01500 0.01000 -0.0000 -1.0000 0.0000 0.1250 0.8750
V -0.06250 0.00577 0.01000 -0.5821 -0.8131 0.0000 0.1250 0.8750
T
V -0.06250 0.00577 0.01000 -0.5821 -0.8131 0.0000 0.1250 0.8750
V -0.00000 -0.01500 0.01000 -0.0000 -1.0000 0.0000 0.1250 0.8750
V -0.00000 -0.01500 0.01000 -0.0000 -1.0000 0.0000 0.1250 0.8750
T
V -0.06250 0.00577 0.01000 -0.5821 -0.8131 0.0000 0.1250 0.8750
V -0.00000 -0.01500 0.01000 -0.0000 -1.0000 0.0000 0.1250 0.8750
V -0.05056 0.00577 -0.02968 -0.4749 -0.8200 -0.3195 0.1250 0.8750
T
V -0.05056 0.00577 -0.02968 -0.4749 -0.8200 -0.3195 0.1250 0.8750
V -0.00000 -0.01500 0.01000 -0.0000 -1.0000 0.0000 0.1250 0.8750
V -0.00000 -0.01500 0.01000 -0.0000 -1.0000 -0.0000 0.1250 0.8750
T
V -0.05056 0.00577 -0.02968 -0.4749 -0.8200 -0.3195 0.1250 0.8750
V -0.00000 -0.01500 0.01000 -0.0000 -1.0000 -0.0000 0.1250 0.8750
V -0.01931 0.00577 -0.05420 -0.1839 -0.8315 -0.5242 0.1250 0.8750
T
V -0.01931 0.00577 -0.05420 -0.1839 -0.8315 -0.5242 0.1250 0.8750
V -0.00000 -0.01500 0.01000 -0.0000 -1.0000 -0.0000 0.1250 0.8750
V -0.00000 -0.01500 0.01000 -0.0000 -1.0000 -0.0000 0.1250 0.8750
T
V -0.01931 0.00577 -0.05420 -0.1839 -0.8315 -0.5242 0.1250 0.8750
V -0.00000 -0.01500 0.01000 -0.0000 -1.0000 -0.0000 0.1250 0.8750
V 0.01931 0.00577 -0.05420 0.1839 -0.8315 -0.5242 0.1250 0.8750
T
V 0.01931 0.00577 -0.05420 0.1839 -0.8315 -0.5242 0.1250 0.8750
V -0.00000 -0.01500 0.01000 -0.0000 -1.0000 -0.0000 0.1250 0.8750
V 0.00000 -0.01500 0.01000 0.0000 -1.0000 -0.0000 0.1250 0.8750
T
V 0.01931 0.00577 -0.05420 0.1839 -0.8315 -0.5242 0.1250 0.8750
V 0.00000 -0.01500 0.01000 0.0000 -1.0000 -0.0000 0.1250 0.8750
V 0.05056 0.00577 -0.02968 0.4749 -0.8200 -0.3195 0.1250 0.8750
T
V 0.05056 0.00577 -0.02968 0.4749 -0.8200 -0.3195 0.1250 0.8750
V 0.00000 -0.01500 0.01000 0.0000 -1.0000 -0.0000 0.1250 0.8750
V 0.00000 -0.01500 0.01000 0.0000 -1.0000 -0.0000 0.1250 0.8750
T
V 0.05056 0.00577 -0.02968 0.4749 -0.8200 -0.3195 0.1250 0.8750
V 0.00000 -0.01500 0.01000 0.0000 -1.0000 -0.0000 0.1250 0.8750
V 0.06250 0.00577 0.01000 0.5821 -0.8131 -0.0000 0.1250 0.8750
T
V 0.06250 0.00577 0.01000 0.5821 -0.8131 -0.0000 0.1250 0.8750
V 0.00000 -0.01500 0.01000 0.0000 -1.0000 -0.0000 0.1250 0.8750
V 0.00000 -0.01500 0.01000 0.0000 -1.0000 -0.0000 0.1250 0.8750
T
BONE Head
V -0.01750 0.26000 -0.02000 0.0000 0.0000 -1.0000 0.3750 0.8750
V 0.01750 0.26000 -0.02000 0.0000 0.0000 -1.0000 0.3750 0.8750
V 0.01750 0.34000 -0.02000 0.0000 0.0000 -1.0000 0.3750 0.8750
T
V -0.01750 0.26000 -0.02000 0.0000 0.0000 -1.0000 0.3750 0.8750
V 0.01750 0.34000 -0.02000 0.0000 0.0000 -1.0000 0.3750 0.8750
V -0.01750 0.34000 -0.02000 0.0000 0.0000 -1.0000 0.3750 0.8750
T
V 0.01750 0.26000 0.02000 0.0000 0.0000 1.0000 0.3750 0.8750
V -0.01750 0.26000 0.02000 0.0000 0.0000 1.0000 0.3750 0.8750
V -0.01750 0.34000 0.02000 0.0000 0.0000 1.0000 0.3750 0.8750
T
V 0.01750 0.26000 0.02000 0.0000 0.0000 1.0000 0.3750 0.8750
V -0.01750 0.34000 0.02000 0.0000 0.0000 1.0000 0.3750 0.8750
V 0.01750 0.34000 0.02000 0.0000 0.0000 1.0000 0.3750 0.8750
T
V -0.01750 0.26000 0.02000 -1.0000 0.0000 0.0000 0.3750 0.8750
V -0.01750 0.26000 -0.02000 -1.0000 0.0000 0.0000 0.3750 0.8750
V -0.01750 0.34000 -0.02000 -1.0000 0.0000 0.0000 0.3750 0.8750
T
V -0.01750 0.26000 0.02000 -1.0000 0.0000 0.0000 0.3750 0.8750
V -0.01750 0.34000 -0.02000 -1.0000 0.0000 0.0000 0.3750 0.8750
V -0.01750 0.34000 0.02000 -1.0000 0.0000 0.0000 0.3750 0.8750
T
V 0.01750 0.26000 -0.02000 1.0000 0.0000 0.0000 0.3750 0.8750
V 0.01750 0.26000 0.02000 1.0000 0.0000 0.0000 0.3750 0.8750
V 0.01750 0.34000 0.02000 1.0000 0.0000 0.0000 0.3750 0.8750
T
V 0.01750 0.26000 -0.02000 1.0000 0.0000 0.0000 0.3750 0.8750
V 0.01750 0.34000 0.02000 1.0000 0.0000 0.0000 0.3750 0.8750
V 0.01750 0.34000 -0.02000 1.0000 0.0000 0.0000 0.3750 0.8750
T
V -0.01750 0.34000 -0.02000 0.0000 1.0000 0.0000 0.3750 0.8750
V 0.01750 0.34000 -0.02000 0.0000 1.0000 0.0000 0.3750 0.8750
V 0.01750 0.34000 0.02000 0.0000 1.0000 0.0000 0.3750 0.8750
T
V -0.01750 0.34000 -0.02000 0.0000 1.0000 0.0000 0.3750 0.8750
V 0.01750 0.34000 0.02000 0.0000 1.0000 0.0000 0.3750 0.8750
V -0.01750 0.34000 0.02000 0.0000 1.0000 0.0000 0.3750 0.8750
T
V -0.01750 0.26000 0.02000 0.0000 -1.0000 0.0000 0.3750 0.8750
V 0.01750 0.26000 0.02000 0.0000 -1.0000 0.0000 0.3750 0.8750
V 0.01750 0.26000 -0.02000 0.0000 -1.0000 0.0000 0.3750 0.8750
T
V -0.01750 0.26000 0.02000 0.0000 -1.0000 0.0000 0.3750 0.8750
V 0.01750 0.26000 -0.02000 0.0000 -1.0000 0.0000 0.3750 0.8750
V -0.01750 0.26000 -0.02000 0.0000 -1.0000 0.0000 0.3750 0.8750
T
BONE Head
V -0.03500 0.32750 -0.01500 0.0000 0.0000 -1.0000 0.3750 0.8750
V 0.03500 0.32750 -0.01500 0.0000 0.0000 -1.0000 0.3750 0.8750
V 0.03500 0.35250 -0.01500 0.0000 0.0000 -1.0000 0.3750 0.8750
T
V -0.03500 0.32750 -0.01500 0.0000 0.0000 -1.0000 0.3750 0.8750
V 0.03500 0.35250 -0.01500 0.0000 0.0000 -1.0000 0.3750 0.8750
V -0.03500 0.35250 -0.01500 0.0000 0.0000 -1.0000 0.3750 0.8750
T
V 0.03500 0.32750 0.01500 0.0000 0.0000 1.0000 0.3750 0.8750
V -0.03500 0.32750 0.01500 0.0000 0.0000 1.0000 0.3750 0.8750
V -0.03500 0.35250 0.01500 0.0000 0.0000 1.0000 0.3750 0.8750
T
V 0.03500 0.32750 0.01500 0.0000 0.0000 1.0000 0.3750 0.8750
V -0.03500 0.35250 0.01500 0.0000 0.0000 1.0000 0.3750 0.8750
V 0.03500 0.35250 0.01500 0.0000 0.0000 1.0000 0.3750 0.8750
T
V -0.03500 0.32750 0.01500 -1.0000 0.0000 0.0000 0.3750 0.8750
V -0.03500 0.32750 -0.01500 -1.0000 0.0000 0.0000 0.3750 0.8750
V -0.03500 0.35250 -0.01500 -1.0000 0.0000 0.0000 0.3750 0.8750
T
V -0.03500 0.32750 0.01500 -1.0000 0.0000 0.0000 0.3750 0.8750
V -0.03500 0.35250 -0.01500 -1.0000 0.0000 0.0000 0.3750 0.8750
V -0.03500 0.35250 0.01500 -1.0000 0.0000 0.0000 0.3750 0.8750
T
V 0.03500 0.32750 -0.01500 1.0000 0.0000 0.0000 0.3750 0.8750
V 0.03500 0.32750 0.01500 1.0000 0.0000 0.0000 0.3750 0.8750
V 0.03500 0.35250 0.01500 1.0000 0.0000 0.0000 0.3750 0.8750
T
V 0.03500 0.32750 -0.01500 1.0000 0.0000 0.0000 0.3750 0.8750
V 0.03500 0.35250 0.01500 1.0000 0.0000 0.0000 0.3750 0.8750
V 0.03500 0.35250 -0.01500 1.0000 0.0000 0.0000 0.3750 0.8750
T
V -0.03500 0.35250 -0.01500 0.0000 1.0000 0.0000 0.3750 0.8750
V 0.03500 0.35250 -0.01500 0.0000 1.0000 0.0000 0.3750 0.8750
V 0.03500 0.35250 0.01500 0.0000 1.0000 0.0000 0.3750 0.8750
T
V -0.03500 0.35250 -0.01500 0.0000 1.0000 0.0000 0.3750 0.8750
V 0.03500 0.35250 0.01500 0.0000 1.0000 0.0000 0.3750 0.8750
V -0.03500 0.35250 0.01500 0.0000 1.0000 0.0000 0.3750 0.8750
T
V -0.03500 0.32750 0.01500 0.0000 -1.0000 0.0000 0.3750 0.8750
V 0.03500 0.32750 0.01500 0.0000 -1.0000 0.0000 0.3750 0.8750
V 0.03500 0.32750 -0.01500 0.0000 -1.0000 0.0000 0.3750 0.8750
T
V -0.03500 0.32750 0.01500 0.0000 -1.0000 0.0000 0.3750 0.8750
V 0.03500 0.32750 -0.01500 0.0000 -1.0000 0.0000 0.3750 0.8750
V -0.03500 0.32750 -0.01500 0.0000 -1.0000 0.0000 0.3750 0.8750
T
BONE Head
V 0.00000 0.06000 -0.10400 0.0000 0.0000 1.0000 0.3750 0.8750
V 0.00000 0.11333 -0.10400 0.0000 0.0000 1.0000 0.3750 0.8750
V 0.01386 0.06000 -0.11200 0.8660 0.0000 0.5000 0.3750 0.8750
T
V 0.01386 0.06000 -0.11200 0.8660 0.0000 0.5000 0.3750 0.8750
V 0.00000 0.11333 -0.10400 0.0000 0.0000 1.0000 0.3750 0.8750
V 0.01386 0.11333 -0.11200 0.8660 0.0000 0.5000 0.3750 0.8750
T
V 0.01386 0.06000 -0.11200 0.8660 0.0000 0.5000 0.3750 0.8750
V 0.01386 0.11333 -0.11200 0.8660 0.0000 0.5000 0.3750 0.8750
V 0.01386 0.06000 -0.12800 0.8660 0.0000 -0.5000 0.3750 0.8750
T
V 0.01386 0.06000 -0.12800 0.8660 0.0000 -0.5000 0.3750 0.8750
V 0.01386 0.11333 -0.11200 0.8660 0.0000 0.5000 0.3750 0.8750
V 0.01386 0.11333 -0.12800 0.8660 0.0000 -0.5000 0.3750 0.8750
T
V 0.01386 0.06000 -0.12800 0.8660 0.0000 -0.5000 0.3750 0.8750
V 0.01386 0.11333 -0.12800 0.8660 0.0000 -0.5000 0.3750 0.8750
V 0.00000 0.06000 -0.13600 0.0000 0.0000 -1.0000 0.3750 0.8750
T
V 0.00000 0.06000 -0.13600 0.0000 0.0000 -1.0000 0.3750 0.8750
V 0.01386 0.11333 -0.12800 0.8660 0.0000 -0.5000 0.3750 0.8750
V 0.00000 0.11333 -0.13600 0.0000 0.0000 -1.0000 0.3750 0.8750
T
V 0.00000 0.06000 -0.13600 0.0000 0.0000 -1.0000 0.3750 0.8750
V 0.00000 0.11333 -0.13600 0.0000 0.0000 -1.0000 0.3750 0.8750
V -0.01386 0.06000 -0.12800 -0.8660 -0.0000 -0.5000 0.3750 0.8750
T
V -0.01386 0.06000 -0.12800 -0.8660 -0.0000 -0.5000 0.3750 0.8750
V 0.00000 0.11333 -0.13600 0.0000 0.0000 -1.0000 0.3750 0.8750
V -0.01386 0.11333 -0.12800 -0.8660 -0.0000 -0.5000 0.3750 0.8750
T
V -0.01386 0.06000 -0.12800 -0.8660 -0.0000 -0.5000 0.3750 0.8750
V -0.01386 0.11333 -0.12800 -0.8660 -0.0000 -0.5000 0.3750 0.8750
V -0.01386 0.06000 -0.11200 -0.8660 0.0000 0.5000 0.3750 0.8750
T
V -0.01386 0.06000 -0.11200 -0.8660 0.0000 0.5000 0.3750 0.8750
V -0.01386 0.11333 -0.12800 -0.8660 -0.0000 -0.5000 0.3750 0.8750
V -0.01386 0.11333 -0.11200 -0.8660 0.0000 0.5000 0.3750 0.8750
T
V -0.01386 0.06000 -0.11200 -0.8660 0.0000 0.5000 0.3750 0.8750
V -0.01386 0.11333 -0.11200 -0.8660 0.0000 0.5000 0.3750 0.8750
V 0.00000 0.06000 -0.10400 0.0000 0.0000 1.0000 0.3750 0.8750
T
V 0.00000 0.06000 -0.10400 0.0000 0.0000 1.0000 0.3750 0.8750
V -0.01386 0.11333 -0.11200 -0.8660 0.0000 0.5000 0.3750 0.8750
V 0.00000 0.11333 -0.10400 0.0000 0.0000 1.0000 0.3750 0.8750
T
V 0.00000 0.11333 -0.10400 0.0000 0.0000 1.0000 0.3750 0.8750
V 0.00000 0.16667 -0.10400 0.0000 0.0000 1.0000 0.3750 0.8750
V 0.01386 0.11333 -0.11200 0.8660 0.0000 0.5000 0.3750 0.8750
T
V 0.01386 0.11333 -0.11200 0.8660 0.0000 0.5000 0.3750 0.8750
V 0.00000 0.16667 -0.10400 0.0000 0.0000 1.0000 0.3750 0.8750
V 0.01386 0.16667 -0.11200 0.8660 0.0000 0.5000 0.3750 0.8750
T
V 0.01386 0.11333 -0.11200 0.8660 0.0000 0.5000 0.3750 0.8750
V 0.01386 0.16667 -0.11200 0.8660 0.0000 0.5000 0.3750 0.8750
V 0.01386 0.11333 -0.12800 0.8660 0.0000 -0.5000 0.3750 0.8750
T
V 0.01386 0.11333 -0.12800 0.8660 0.0000 -0.5000 0.3750 0.8750
V 0.01386 0.16667 -0.11200 0.8660 0.0000 0.5000 0.3750 0.8750
V 0.01386 0.16667 -0.12800 0.8660 0.0000 -0.5000 0.3750 0.8750
T
V 0.01386 0.11333 -0.12800 0.8660 0.0000 -0.5000 0.3750 0.8750
V 0.01386 0.16667 -0.12800 0.8660 0.0000 -0.5000 0.3750 0.8750
V 0.00000 0.11333 -0.13600 0.0000 0.0000 -1.0000 0.3750 0.8750
T
V 0.00000 0.11333 -0.13600 0.0000 0.0000 -1.0000 0.3750 0.8750
V 0.01386 0.16667 -0.12800 0.8660 0.0000 -0.5000 0.3750 0.8750
V 0.00000 0.16667 -0.13600 0.0000 0.0000 -1.0000 0.3750 0.8750
T
V 0.00000 0.11333 -0.13600 0.0000 0.0000 -1.0000 0.3750 0.8750
V 0.00000 0.16667 -0.13600 0.0000 0.0000 -1.0000 0.3750 0.8750
V -0.01386 0.11333 -0.12800 -0.8660 -0.0000 -0.5000 0.3750 0.8750
T
V -0.01386 0.11333 -0.12800 -0.8660 -0.0000 -0.5000 0.3750 0.8750
V 0.00000 0.16667 -0.13600 0.0000 0.0000 -1.0000 0.3750 0.8750
V -0.01386 0.16667 -0.12800 -0.8660 -0.0000 -0.5000 0.3750 0.8750
T
V -0.01386 0.11333 -0.12800 -0.8660 -0.0000 -0.5000 0.3750 0.8750
V -0.01386 0.16667 -0.12800 -0.8660 -0.0000 -0.5000 0.3750 0.8750
V -0.01386 0.11333 -0.11200 -0.8660 0.0000 0.5000 0.3750 0.8750
T
V -0.01386 0.11333 -0.11200 -0.8660 0.0000 0.5000 0.3750 0.8750
V -0.01386 0.16667 -0.12800 -0.8660 -0.0000 -0.5000 0.3750 0.8750
V -0.01386 0.16667 -0.11200 -0.8660 0.0000 0.5000 0.3750 0.8750
T
V -0.01386 0.11333 -0.11200 -0.8660 0.0000 0.5000 0.3750 0.8750
V -0.01386 0.16667 -0.11200 -0.8660 0.0000 0.5000 0.3750 0.8750
V 0.00000 0.11333 -0.10400 0.0000 0.0000 1.0000 0.3750 0.8750
T
V 0.00000 0.11333 -0.10400 0.0000 0.0000 1.0000 0.3750 0.8750
V -0.01386 0.16667 -0.11200 -0.8660 0.0000 0.5000 0.3750 0.8750
V 0.00000 0.16667 -0.10400 0.0000 0.0000 1.0000 0.3750 0.8750
T
V 0.00000 0.16667 -0.10400 0.0000 0.0000 1.0000 0.3750 0.8750
V 0.00000 0.22000 -0.10400 0.0000 0.0000 1.0000 0.3750 0.8750
V 0.01386 0.16667 -0.11200 0.8660 0.0000 0.5000 0.3750 0.8750
T
V 0.01386 0.16667 -0.11200 0.8660 0.0000 0.5000 0.3750 0.8750
V 0.00000 0.22000 -0.10400 0.0000 0.0000 1.0000 0.3750 0.8750
V 0.01386 0.22000 -0.11200 0.8660 0.0000 0.5000 0.3750 0.8750
T
V 0.01386 0.16667 -0.11200 0.8660 0.0000 0.5000 0.3750 0.8750
V 0.01386 0.22000 -0.11200 0.8660 0.0000 0.5000 0.3750 0.8750
V 0.01386 0.16667 -0.12800 0.8660 0.0000 -0.5000 0.3750 0.8750
T
V 0.01386 0.16667 -0.12800 0.8660 0.0000 -0.5000 0.3750 0.8750
V 0.01386 0.22000 -0.11200 0.8660 0.0000 0.5000 0.3750 0.8750
V 0.01386 0.22000 -0.12800 0.8660 0.0000 -0.5000 0.3750 0.8750
T
V 0.01386 0.16667 -0.12800 0.8660 0.0000 -0.5000 0.3750 0.8750
V 0.01386 0.22000 -0.12800 0.8660 0.0000 -0.5000 0.3750 0.8750
V 0.00000 0.16667 -0.13600 0.0000 0.0000 -1.0000 0.3750 0.8750
T
V 0.00000 0.16667 -0.13600 0.0000 0.0000 -1.0000 0.3750 0.8750
V 0.01386 0.22000 -0.12800 0.8660 0.0000 -0.5000 0.3750 0.8750
V 0.00000 0.22000 -0.13600 0.0000 0.0000 -1.0000 0.3750 0.8750
T
V 0.00000 0.16667 -0.13600 0.0000 0.0000 -1.0000 0.3750 0.8750
V 0.00000 0.22000 -0.13600 0.0000 0.0000 -1.0000 0.3750 0.8750
V -0.01386 0.16667 -0.12800 -0.8660 -0.0000 -0.5000 0.3750 0.8750
T
V -0.01386 0.16667 -0.12800 -0.8660 -0.0000 -0.5000 0.3750 0.8750
V 0.00000 0.22000 -0.13600 0.0000 0.0000 -1.0000 0.3750 0.8750
V -0.01386 0.22000 -0.12800 -0.8660 -0.0000 -0.5000 0.3750 0.8750
T
V -0.01386 0.16667 -0.12800 -0.8660 -0.0000 -0.5000 0.3750 0.8750
V -0.01386 0.22000 -0.12800 -0.8660 -0.0000 -0.5000 0.3750 0.8750
V -0.01386 0.16667 -0.11200 -0.8660 0.0000 0.5000 0.3750 0.8750
T
V -0.01386 0.16667 -0.11200 -0.8660 0.0000 0.5000 0.3750 0.8750
V -0.01386 0.22000 -0.12800 -0.8660 -0.0000 -0.5000 0.3750 0.8750
V -0.01386 0.22000 -0.11200 -0.8660 0.0000 0.5000 0.3750 0.8750
T
V -0.01386 0.16667 -0.11200 -0.8660 0.0000 0.5000 0.3750 0.8750
V -0.01386 0.22000 -0.11200 -0.8660 0.0000 0.5000 0.3750 0.8750
V 0.00000 0.16667 -0.10400 0.0000 0.0000 1.0000 0.3750 0.8750
T
V 0.00000 0.16667 -0.10400 0.0000 0.0000 1.0000 0.3750 0.8750
V -0.01386 0.22000 -0.11200 -0.8660 0.0000 0.5000 0.3750 0.8750
V 0.00000 0.22000 -0.10400 0.0000 0.0000 1.0000 0.3750 0.8750
T
V 0.00000 0.07600 -0.12000 0.0000 1.0000 0.0000 0.3750 0.8750
V 0.01386 0.06800 -0.12000 0.8660 0.5000 0.0000 0.3750 0.8750
V 0.00000 0.07600 -0.12000 0.0000 1.0000 0.0000 0.3750 0.8750
T
V 0.00000 0.07600 -0.12000 0.0000 1.0000 0.0000 0.3750 0.8750
V 0.01386 0.06800 -0.12000 0.8660 0.5000 0.0000 0.3750 0.8750
V 0.00693 0.06800 -0.10800 0.4330 0.5000 0.7500 0.3750 0.8750
T
V 0.00000 0.07600 -0.12000 0.0000 1.0000 0.0000 0.3750 0.8750
V 0.00693 0.06800 -0.10800 0.4330 0.5000 0.7500 0.3750 0.8750
V 0.00000 0.07600 -0.12000 -0.0000 1.0000 0.0000 0.3750 0.8750
T
V 0.00000 0.07600 -0.12000 -0.0000 1.0000 0.0000 0.3750 0.8750
V 0.00693 0.06800 -0.10800 0.4330 0.5000 0.7500 0.3750 0.8750
V -0.00693 0.06800 -0.10800 -0.4330 0.5000 0.7500 0.3750 0.8750
T
V 0.00000 0.07600 -0.12000 -0.0000 1.0000 0.0000 0.3750 0.8750
V -0.00693 0.06800 -0.10800 -0.4330 0.5000 0.7500 0.3750 0.8750
V 0.00000 0.07600 -0.12000 -0.0000 1.0000 0.0000 0.3750 0.8750
T
V 0.00000 0.07600 -0.12000 -0.0000 1.0000 0.0000 0.3750 0.8750
V -0.00693 0.06800 -0.10800 -0.4330 0.5000 0.7500 0.3750 0.8750
V -0.01386 0.06800 -0.12000 -0.8660 0.5000 0.0000 0.3750 0.8750
T
V 0.00000 0.07600 -0.12000 -0.0000 1.0000 0.0000 0.3750 0.8750
V -0.01386 0.06800 -0.12000 -0.8660 0.5000 0.0000 0.3750 0.8750
V 0.00000 0.07600 -0.12000 -0.0000 1.0000 -0.0000 0.3750 0.8750
T
V 0.00000 0.07600 -0.12000 -0.0000 1.0000 -0.0000 0.3750 0.8750
V -0.01386 0.06800 -0.12000 -0.8660 0.5000 0.0000 0.3750 0.8750
V -0.00693 0.06800 -0.13200 -0.4330 0.5000 -0.7500 0.3750 0.8750
T
V 0.00000 0.07600 -0.12000 -0.0000 1.0000 -0.0000 0.3750 0.8750
V -0.00693 0.06800 -0.13200 -0.4330 0.5000 -0.7500 0.3750 0.8750
V 0.00000 0.07600 -0.12000 0.0000 1.0000 -0.0000 0.3750 0.8750
T
V 0.00000 0.07600 -0.12000 0.0000 1.0000 -0.0000 0.3750 0.8750
V -0.00693 0.06800 -0.13200 -0.4330 0.5000 -0.7500 0.3750 0.8750
V 0.00693 0.06800 -0.13200 0.4330 0.5000 -0.7500 0.3750 0.8750
T
V 0.00000 0.07600 -0.12000 0.0000 1.0000 -0.0000 0.3750 0.8750
V 0.00693 0.06800 -0.13200 0.4330 0.5000 -0.7500 0.3750 0.8750
V 0.00000 0.07600 -0.12000 0.0000 1.0000 -0.0000 0.3750 0.8750
T
V 0.00000 0.07600 -0.12000 0.0000 1.0000 -0.0000 0.3750 0.8750
V 0.00693 0.06800 -0.13200 0.4330 0.5000 -0.7500 0.3750 0.8750
V 0.01386 0.06800 -0.12000 0.8660 0.5000 -0.0000 0.3750 0.8750
T
V 0.01386 0.06800 -0.12000 0.8660 0.5000 0.0000 0.3750 0.8750
V 0.01386 0.05200 -0.12000 0.8660 -0.5000 0.0000 0.3750 0.8750
V 0.00693 0.06800 -0.10800 0.4330 0.5000 0.7500 0.3750 0.8750
T
V 0.00693 0.06800 -0.10800 0.4330 0.5000 0.7500 0.3750 0.8750
V 0.01386 0.05200 -0.12000 0.8660 -0.5000 0.0000 0.3750 0.8750
V 0.00693 0.05200 -0.10800 0.4330 -0.5000 0.7500 0.3750 0.8750
T
V 0.00693 0.06800 -0.10800 0.4330 0.5000 0.7500 0.3750 0.8750
V 0.00693 0.05200 -0.10800 0.4330 -0.5000 0.7500 0.3750 0.8750
V -0.00693 0.06800 -0.10800 -0.4330 0.5000 0.7500 0.3750 0.8750
T
V -0.00693 0.06800 -0.10800 -0.4330 0.5000 0.7500 0.3750 0.8750
V 0.00693 0.05200 -0.10800 0.4330 -0.5000 0.7500 0.3750 0.8750
V -0.00693 0.05200 -0.10800 -0.4330 -0.5000 0.7500 0.3750 0.8750
T
V -0.00693 0.06800 -0.10800 -0.4330 0.5000 0.7500 0.3750 0.8750
V -0.00693 0.05200 -0.10800 -0.4330 -0.5000 0.7500 0.3750 0.8750
V -0.01386 0.06800 -0.12000 -0.8660 0.5000 0.0000 0.3750 0.8750
T
V -0.01386 0.06800 -0.12000 -0.8660 0.5000 0.0000 0.3750 0.8750
V -0.00693 0.05200 -0.10800 -0.4330 -0.5000 0.7500 0.3750 0.8750
V -0.01386 0.05200 -0.12000 -0.8660 -0.5000 0.0000 0.3750 0.8750
T
V -0.01386 0.06800 -0.12000 -0.8660 0.5000 0.0000 0.3750 0.8750
V -0.01386 0.05200 -0.12000 -0.8660 -0.5000 0.0000 0.3750 0.8750
V -0.00693 0.06800 -0.13200 -0.4330 0.5000 -0.7500 0.3750 0.8750
T
V -0.00693 0.06800 -0.13200 -0.4330 0.5000 -0.7500 0.3750 0.8750
V -0.01386 0.05200 -0.12000 -0.8660 -0.5000 0.0000 0.3750 0.8750
V -0.00693 0.05200 -0.13200 -0.4330 -0.5000 -0.7500 0.3750 0.8750
T
V -0.00693 0.06800 -0.13200 -0.4330 0.5000 -0.7500 0.3750 0.8750
V -0.00693 0.05200 -0.13200 -0.4330 -0.5000 -0.7500 0.3750 0.8750
V 0.00693 0.06800 -0.13200 0.4330 0.5000 -0.7500 0.3750 0.8750
T
V 0.00693 0.06800 -0.13200 0.4330 0.5000 -0.7500 0.3750 0.8750
V -0.00693 0.05200 -0.13200 -0.4330 -0.5000 -0.7500 0.3750 0.8750
V 0.00693 0.05200 -0.13200 0.4330 -0.5000 -0.7500 0.3750 0.8750
T
V 0.00693 0.06800 -0.13200 0.4330 0.5000 -0.7500 0.3750 0.8750
V 0.00693 0.05200 -0.13200 0.4330 -0.5000 -0.7500 0.3750 0.8750
V 0.01386 0.06800 -0.12000 0.8660 0.5000 -0.0000 0.3750 0.8750
T
V 0.01386 0.06800 -0.12000 0.8660 0.5000 -0.0000 0.3750 0.8750
V 0.00693 0.05200 -0.13200 0.4330 -0.5000 -0.7500 0.3750 0.8750
V 0.01386 0.05200 -0.12000 0.8660 -0.5000 -0.0000 0.3750 0.8750
T
V 0.01386 0.05200 -0.12000 0.8660 -0.5000 0.0000 0.3750 0.8750
V 0.00000 0.04400 -0.12000 0.0000 -1.0000 0.0000 0.3750 0.8750
V 0.00693 0.05200 -0.10800 0.4330 -0.5000 0.7500 0.3750 0.8750
T
V 0.00693 0.05200 -0.10800 0.4330 -0.5000 0.7500 0.3750 0.8750
V 0.00000 0.04400 -0.12000 0.0000 -1.0000 0.0000 0.3750 0.8750
V 0.00000 0.04400 -0.12000 0.0000 -1.0000 0.0000 0.3750 0.8750
T
V 0.00693 0.05200 -0.10800 0.4330 -0.5000 0.7500 0.3750 0.8750
V 0.00000 0.04400 -0.12000 0.0000 -1.0000 0.0000 0.3750 0.8750
V -0.00693 0.05200 -0.10800 -0.4330 -0.5000 0.7500 0.3750 0.8750
T
V -0.00693 0.05200 -0.10800 -0.4330 -0.5000 0.7500 0.3750 0.8750
V 0.00000 0.04400 -0.12000 0.0000 -1.0000 0.0000 0.3750 0.8750
V -0.00000 0.04400 -0.12000 -0.0000 -1.0000 0.0000 0.3750 0.8750
T
V -0.00693 0.05200 -0.10800 -0.4330 -0.5000 0.7500 0.3750 0.8750
V -0.00000 0.04400 -0.12000 -0.0000 -1.0000 0.0000 0.3750 0.8750
V -0.01386 0.05200 -0.12000 -0.8660 -0.5000 0.0000 0.3750 0.8750
T
V -0.01386 0.05200 -0.12000 -0.8660 -0.5000 0.0000 0.3750 0.8750
V -0.00000 0.04400 -0.12000 -0.0000 -1.0000 0.0000 0.3750 0.8750
V -0.00000 0.04400 -0.12000 -0.0000 -1.0000 0.0000 0.3750 0.8750
T
V -0.01386 0.05200 -0.12000 -0.8660 -0.5000 0.0000 0.3750 0.8750
V -0.00000 0.04400 -0.12000 -0.0000 -1.0000 0.0000 0.3750 0.8750
V -0.00693 0.05200 -0.13200 -0.4330 -0.5000 -0.7500 0.3750 0.8750
T
V -0.00693 0.05200 -0.13200 -0.4330 -0.5000 -0.7500 0.3750 0.8750
V -0.00000 0.04400 -0.12000 -0.0000 -1.0000 0.0000 0.3750 0.8750
V -0.00000 0.04400 -0.12000 -0.0000 -1.0000 -0.0000 0.3750 0.8750
T
V -0.00693 0.05200 -0.13200 -0.4330 -0.5000 -0.7500 0.3750 0.8750
V -0.00000 0.04400 -0.12000 -0.0000 -1.0000 -0.0000 0.3750 0.8750
V 0.00693 0.05200 -0.13200 0.4330 -0.5000 -0.7500 0.3750 0.8750
T
V 0.00693 0.05200 -0.13200 0.4330 -0.5000 -0.7500 0.3750 0.8750
V -0.00000 0.04400 -0.12000 -0.0000 -1.0000 -0.0000 0.3750 0.8750
V 0.00000 0.04400 -0.12000 0.0000 -1.0000 -0.0000 0.3750 0.8750
T
V 0.00693 0.05200 -0.13200 0.4330 -0.5000 -0.7500 0.3750 0.8750
V 0.00000 0.04400 -0.12000 0.0000 -1.0000 -0.0000 0.3750 0.8750
V 0.01386 0.05200 -0.12000 0.8660 -0.5000 -0.0000 0.3750 0.8750
T
V 0.01386 0.05200 -0.12000 0.8660 -0.5000 -0.0000 0.3750 0.8750
V 0.00000 0.04400 -0.12000 0.0000 -1.0000 -0.0000 0.3750 0.8750
V 0.00000 0.04400 -0.12000 0.0000 -1.0000 -0.0000 0.3750 0.8750
T
V 0.00000 0.23600 -0.12000 0.0000 1.0000 0.0000 0.3750 0.8750
V 0.01386 0.22800 -0.12000 0.8660 0.5000 0.0000 0.3750 0.8750
V 0.00000 0.23600 -0.12000 0.0000 1.0000 0.0000 0.3750 0.8750
T
V 0.00000 0.23600 -0.12000 0.0000 1.0000 0.0000 0.3750 0.8750
V 0.01386 0.22800 -0.12000 0.8660 0.5000 0.0000 0.3750 0.8750
V 0.00693 0.22800 -0.10800 0.4330 0.5000 0.7500 0.3750 0.8750
T
V 0.00000 0.23600 -0.12000 0.0000 1.0000 0.0000 0.3750 0.8750
V 0.00693 0.22800 -0.10800 0.4330 0.5000 0.7500 0.3750 0.8750
V 0.00000 0.23600 -0.12000 -0.0000 1.0000 0.0000 0.3750 0.8750
T
V 0.00000 0.23600 -0.12000 -0.0000 1.0000 0.0000 0.3750 0.8750
V 0.00693 0.22800 -0.10800 0.4330 0.5000 0.7500 0.3750 0.8750
V -0.00693 0.22800 -0.10800 -0.4330 0.5000 0.7500 0.3750 0.8750
T
V 0.00000 0.23600 -0.12000 -0.0000 1.0000 0.0000 0.3750 0.8750
V -0.00693 0.22800 -0.10800 -0.4330 0.5000 0.7500 0.3750 0.8750
V 0.00000 0.23600 -0.12000 -0.0000 1.0000 0.0000 0.3750 0.8750
T
V 0.00000 0.23600 -0.12000 -0.0000 1.0000 0.0000 0.3750 0.8750
V -0.00693 0.22800 -0.10800 -0.4330 0.5000 0.7500 0.3750 0.8750
V -0.01386 0.22800 -0.12000 -0.8660 0.5000 0.0000 0.3750 0.8750
T
V 0.00000 0.23600 -0.12000 -0.0000 1.0000 0.0000 0.3750 0.8750
V -0.01386 0.22800 -0.12000 -0.8660 0.5000 0.0000 0.3750 0.8750
V 0.00000 0.23600 -0.12000 -0.0000 1.0000 -0.0000 0.3750 0.8750
T
V 0.00000 0.23600 -0.12000 -0.0000 1.0000 -0.0000 0.3750 0.8750
V -0.01386 0.22800 -0.12000 -0.8660 0.5000 0.0000 0.3750 0.8750
V -0.00693 0.22800 -0.13200 -0.4330 0.5000 -0.7500 0.3750 0.8750
T
V 0.00000 0.23600 -0.12000 -0.0000 1.0000 -0.0000 0.3750 0.8750
V -0.00693 0.22800 -0.13200 -0.4330 0.5000 -0.7500 0.3750 0.8750
V 0.00000 0.23600 -0.12000 0.0000 1.0000 -0.0000 0.3750 0.8750
T
V 0.00000 0.23600 -0.12000 0.0000 1.0000 -0.0000 0.3750 0.8750
V -0.00693 0.22800 -0.13200 -0.4330 0.5000 -0.7500 0.3750 0.8750
V 0.00693 0.22800 -0.13200 0.4330 0.5000 -0.7500 0.3750 0.8750
T
V 0.00000 0.23600 -0.12000 0.0000 1.0000 -0.0000 0.3750 0.8750
V 0.00693 0.22800 -0.13200 0.4330 0.5000 -0.7500 0.3750 0.8750
V 0.00000 0.23600 -0.12000 0.0000 1.0000 -0.0000 0.3750 0.8750
T
V 0.00000 0.23600 -0.12000 0.0000 1.0000 -0.0000 0.3750 0.8750
V 0.00693 0.22800 -0.13200 0.4330 0.5000 -0.7500 0.3750 0.8750
V 0.01386 0.22800 -0.12000 0.8660 0.5000 -0.0000 0.3750 0.8750
T
V 0.01386 0.22800 -0.12000 0.8660 0.5000 0.0000 0.3750 0.8750
V 0.01386 0.21200 -0.12000 0.8660 -0.5000 0.0000 0.3750 0.8750
V 0.00693 0.22800 -0.10800 0.4330 0.5000 0.7500 0.3750 0.8750
T
V 0.00693 0.22800 -0.10800 0.4330 0.5000 0.7500 0.3750 0.8750
V 0.01386 0.21200 -0.12000 0.8660 -0.5000 0.0000 0.3750 0.8750
V 0.00693 0.21200 -0.10800 0.4330 -0.5000 0.7500 0.3750 0.8750
T
V 0.00693 0.22800 -0.10800 0.4330 0.5000 0.7500 0.3750 0.8750
V 0.00693 0.21200 -0.10800 0.4330 -0.5000 0.7500 0.3750 0.8750
V -0.00693 0.22800 -0.10800 -0.4330 0.5000 0.7500 0.3750 0.8750
T
V -0.00693 0.22800 -0.10800 -0.4330 0.5000 0.7500 0.3750 0.8750
V 0.00693 0.21200 -0.10800 0.4330 -0.5000 0.7500 0.3750 0.8750
V -0.00693 0.21200 -0.10800 -0.4330 -0.5000 0.7500 0.3750 0.8750
T
V -0.00693 0.22800 -0.10800 -0.4330 0.5000 0.7500 0.3750 0.8750
V -0.00693 0.21200 -0.10800 -0.4330 -0.5000 0.7500 0.3750 0.8750
V -0.01386 0.22800 -0.12000 -0.8660 0.5000 0.0000 0.3750 0.8750
T
V -0.01386 0.22800 -0.12000 -0.8660 0.5000 0.0000 0.3750 0.8750
V -0.00693 0.21200 -0.10800 -0.4330 -0.5000 0.7500 0.3750 0.8750
V -0.01386 0.21200 -0.12000 -0.8660 -0.5000 0.0000 0.3750 0.8750
T
V -0.01386 0.22800 -0.12000 -0.8660 0.5000 0.0000 0.3750 0.8750
V -0.01386 0.21200 -0.12000 -0.8660 -0.5000 0.0000 0.3750 0.8750
V -0.00693 0.22800 -0.13200 -0.4330 0.5000 -0.7500 0.3750 0.8750
T
V -0.00693 0.22800 -0.13200 -0.4330 0.5000 -0.7500 0.3750 0.8750
V -0.01386 0.21200 -0.12000 -0.8660 -0.5000 0.0000 0.3750 0.8750
V -0.00693 0.21200 -0.13200 -0.4330 -0.5000 -0.7500 0.3750 0.8750
T
V -0.00693 0.22800 -0.13200 -0.4330 0.5000 -0.7500 0.3750 0.8750
V -0.00693 0.21200 -0.13200 -0.4330 -0.5000 -0.7500 0.3750 0.8750
V 0.00693 0.22800 -0.13200 0.4330 0.5000 -0.7500 0.3750 0.8750
T
V 0.00693 0.22800 -0.13200 0.4330 0.5000 -0.7500 0.3750 0.8750
V -0.00693 0.21200 -0.13200 -0.4330 -0.5000 -0.7500 0.3750 0.8750
V 0.00693 0.21200 -0.13200 0.4330 -0.5000 -0.7500 0.3750 0.8750
T
V 0.00693 0.22800 -0.13200 0.4330 0.5000 -0.7500 0.3750 0.8750
V 0.00693 0.21200 -0.13200 0.4330 -0.5000 -0.7500 0.3750 0.8750
V 0.01386 0.22800 -0.12000 0.8660 0.5000 -0.0000 0.3750 0.8750
T
V 0.01386 0.22800 -0.12000 0.8660 0.5000 -0.0000 0.3750 0.8750
V 0.00693 0.21200 -0.13200 0.4330 -0.5000 -0.7500 0.3750 0.8750
V 0.01386 0.21200 -0.12000 0.8660 -0.5000 -0.0000 0.3750 0.8750
T
V 0.01386 0.21200 -0.12000 0.8660 -0.5000 0.0000 0.3750 0.8750
V 0.00000 0.20400 -0.12000 0.0000 -1.0000 0.0000 0.3750 0.8750
V 0.00693 0.21200 -0.10800 0.4330 -0.5000 0.7500 0.3750 0.8750
T
V 0.00693 0.21200 -0.10800 0.4330 -0.5000 0.7500 0.3750 0.8750
V 0.00000 0.20400 -0.12000 0.0000 -1.0000 0.0000 0.3750 0.8750
V 0.00000 0.20400 -0.12000 0.0000 -1.0000 0.0000 0.3750 0.8750
T
V 0.00693 0.21200 -0.10800 0.4330 -0.5000 0.7500 0.3750 0.8750
V 0.00000 0.20400 -0.12000 0.0000 -1.0000 0.0000 0.3750 0.8750
V -0.00693 0.21200 -0.10800 -0.4330 -0.5000 0.7500 0.3750 0.8750
T
V -0.00693 0.21200 -0.10800 -0.4330 -0.5000 0.7500 0.3750 0.8750
V 0.00000 0.20400 -0.12000 0.0000 -1.0000 0.0000 0.3750 0.8750
V -0.00000 0.20400 -0.12000 -0.0000 -1.0000 0.0000 0.3750 0.8750
T
V -0.00693 0.21200 -0.10800 -0.4330 -0.5000 0.7500 0.3750 0.8750
V -0.00000 0.20400 -0.12000 -0.0000 -1.0000 0.0000 0.3750 0.8750
V -0.01386 0.21200 -0.12000 -0.8660 -0.5000 0.0000 0.3750 0.8750
T
V -0.01386 0.21200 -0.12000 -0.8660 -0.5000 0.0000 0.3750 0.8750
V -0.00000 0.20400 -0.12000 -0.0000 -1.0000 0.0000 0.3750 0.8750
V -0.00000 0.20400 -0.12000 -0.0000 -1.0000 0.0000 0.3750 0.8750
T
V -0.01386 0.21200 -0.12000 -0.8660 -0.5000 0.0000 0.3750 0.8750
V -0.00000 0.20400 -0.12000 -0.0000 -1.0000 0.0000 0.3750 0.8750
V -0.00693 0.21200 -0.13200 -0.4330 -0.5000 -0.7500 0.3750 0.8750
T
V -0.00693 0.21200 -0.13200 -0.4330 -0.5000 -0.7500 0.3750 0.8750
V -0.00000 0.20400 -0.12000 -0.0000 -1.0000 0.0000 0.3750 0.8750
V -0.00000 0.20400 -0.12000 -0.0000 -1.0000 -0.0000 0.3750 0.8750
T
V -0.00693 0.21200 -0.13200 -0.4330 -0.5000 -0.7500 0.3750 0.8750
V -0.00000 0.20400 -0.12000 -0.0000 -1.0000 -0.0000 0.3750 0.8750
V 0.00693 0.21200 -0.13200 0.4330 -0.5000 -0.7500 0.3750 0.8750
T
V 0.00693 0.21200 -0.13200 0.4330 -0.5000 -0.7500 0.3750 0.8750
V -0.00000 0.20400 -0.12000 -0.0000 -1.0000 -0.0000 0.3750 0.8750
V 0.00000 0.20400 -0.12000 0.0000 -1.0000 -0.0000 0.3750 0.8750
T
V 0.00693 0.21200 -0.13200 0.4330 -0.5000 -0.7500 0.3750 0.8750
V 0.00000 0.20400 -0.12000 0.0000 -1.0000 -0.0000 0.3750 0.8750
V 0.01386 0.21200 -0.12000 0.8660 -0.5000 -0.0000 0.3750 0.8750
T
V 0.01386 0.21200 -0.12000 0.8660 -0.5000 -0.0000 0.3750 0.8750
V 0.00000 0.20400 -0.12000 0.0000 -1.0000 -0.0000 0.3750 0.8750
V 0.00000 0.20400 -0.12000 0.0000 -1.0000 -0.0000 0.3750 0.8750
T
BONE Head
V -0.05000 0.01000 -0.06000 0.0000 0.0000 -1.0000 0.3750 0.8750
V 0.05000 0.01000 -0.06000 0.0000 0.0000 -1.0000 0.3750 0.8750
V 0.05000 0.03000 -0.06000 0.0000 0.0000 -1.0000 0.3750 0.8750
T
V -0.05000 0.01000 -0.06000 0.0000 0.0000 -1.0000 0.3750 0.8750
V 0.05000 0.03000 -0.06000 0.0000 0.0000 -1.0000 0.3750 0.8750
V -0.05000 0.03000 -0.06000 0.0000 0.0000 -1.0000 0.3750 0.8750
T
V 0.05000 0.01000 0.06000 0.0000 0.0000 1.0000 0.3750 0.8750
V -0.05000 0.01000 0.06000 0.0000 0.0000 1.0000 0.3750 0.8750
V -0.05000 0.03000 0.06000 0.0000 0.0000 1.0000 0.3750 0.8750
T
V 0.05000 0.01000 0.06000 0.0000 0.0000 1.0000 0.3750 0.8750
V -0.05000 0.03000 0.06000 0.0000 0.0000 1.0000 0.3750 0.8750
V 0.05000 0.03000 0.06000 0.0000 0.0000 1.0000 0.3750 0.8750
T
V -0.05000 0.01000 0.06000 -1.0000 0.0000 0.0000 0.3750 0.8750
V -0.05000 0.01000 -0.06000 -1.0000 0.0000 0.0000 0.3750 0.8750
V -0.05000 0.03000 -0.06000 -1.0000 0.0000 0.0000 0.3750 0.8750
T
V -0.05000 0.01000 0.06000 -1.0000 0.0000 0.0000 0.3750 0.8750
V -0.05000 0.03000 -0.06000 -1.0000 0.0000 0.0000 0.3750 0.8750
V -0.05000 0.03000 0.06000 -1.0000 0.0000 0.0000 0.3750 0.8750
T
V 0.05000 0.01000 -0.06000 1.0000 0.0000 0.0000 0.3750 0.8750
V 0.05000 0.01000 0.06000 1.0000 0.0000 0.0000 0.3750 0.8750
V 0.05000 0.03000 0.06000 1.0000 0.0000 0.0000 0.3750 0.8750
T
V 0.05000 0.01000 -0.06000 1.0000 0.0000 0.0000 0.3750 0.8750
V 0.05000 0.03000 0.06000 1.0000 0.0000 0.0000 0.3750 0.8750
V 0.05000 0.03000 -0.06000 1.0000 0.0000 0.0000 0.3750 0.8750
T
V -0.05000 0.03000 -0.06000 0.0000 1.0000 0.0000 0.3750 0.8750
V 0.05000 0.03000 -0.06000 0.0000 1.0000 0.0000 0.3750 0.8750
V 0.05000 0.03000 0.06000 0.0000 1.0000 0.0000 0.3750 0.8750
T
V -0.05000 0.03000 -0.06000 0.0000 1.0000 0.0000 0.3750 0.8750
V 0.05000 0.03000 0.06000 0.0000 1.0000 0.0000 0.3750 0.8750
V -0.05000 0.03000 0.06000 0.0000 1.0000 0.0000 0.3750 0.8750
T
V -0.05000 0.01000 0.06000 0.0000 -1.0000 0.0000 0.3750 0.8750
V 0.05000 0.01000 0.06000 0.0000 -1.0000 0.0000 0.3750 0.8750
V 0.05000 0.01000 -0.06000 0.0000 -1.0000 0.0000 0.3750 0.8750
T
V -0.05000 0.01000 0.06000 0.0000 -1.0000 0.0000 0.3750 0.8750
V 0.05000 0.01000 -0.06000 0.0000 -1.0000 0.0000 0.3750 0.8750
V -0.05000 0.01000 -0.06000 0.0000 -1.0000 0.0000 0.3750 0.8750
T
BONE Neck
V 0.00000 -0.03000 0.06500 0.0000 0.0000 1.0000 0.1250 0.8750
V 0.00000 0.00667 0.06500 0.0000 0.0000 1.0000 0.1250 0.8750
V 0.05629 -0.03000 0.03250 0.8660 0.0000 0.5000 0.1250 0.8750
T
V 0.05629 -0.03000 0.03250 0.8660 0.0000 0.5000 0.1250 0.8750
V 0.00000 0.00667 0.06500 0.0000 0.0000 1.0000 0.1250 0.8750
V 0.05629 0.00667 0.03250 0.8660 0.0000 0.5000 0.1250 0.8750
T
V 0.05629 -0.03000 0.03250 0.8660 0.0000 0.5000 0.1250 0.8750
V 0.05629 0.00667 0.03250 0.8660 0.0000 0.5000 0.1250 0.8750
V 0.05629 -0.03000 -0.03250 0.8660 0.0000 -0.5000 0.1250 0.8750
T
V 0.05629 -0.03000 -0.03250 0.8660 0.0000 -0.5000 0.1250 0.8750
V 0.05629 0.00667 0.03250 0.8660 0.0000 0.5000 0.1250 0.8750
V 0.05629 0.00667 -0.03250 0.8660 0.0000 -0.5000 0.1250 0.8750
T
V 0.05629 -0.03000 -0.03250 0.8660 0.0000 -0.5000 0.1250 0.8750
V 0.05629 0.00667 -0.03250 0.8660 0.0000 -0.5000 0.1250 0.8750
V 0.00000 -0.03000 -0.06500 0.0000 0.0000 -1.0000 0.1250 0.8750
T
V 0.00000 -0.03000 -0.06500 0.0000 0.0000 -1.0000 0.1250 0.8750
V 0.05629 0.00667 -0.03250 0.8660 0.0000 -0.5000 0.1250 0.8750
V 0.00000 0.00667 -0.06500 0.0000 0.0000 -1.0000 0.1250 0.8750
T
V 0.00000 -0.03000 -0.06500 0.0000 0.0000 -1.0000 0.1250 0.8750
V 0.00000 0.00667 -0.06500 0.0000 0.0000 -1.0000 0.1250 0.8750
V -0.05629 -0.03000 -0.03250 -0.8660 -0.0000 -0.5000 0.1250 0.8750
T
V -0.05629 -0.03000 -0.03250 -0.8660 -0.0000 -0.5000 0.1250 0.8750
V 0.00000 0.00667 -0.06500 0.0000 0.0000 -1.0000 0.1250 0.8750
V -0.05629 0.00667 -0.03250 -0.8660 -0.0000 -0.5000 0.1250 0.8750
T
V -0.05629 -0.03000 -0.03250 -0.8660 -0.0000 -0.5000 0.1250 0.8750
V -0.05629 0.00667 -0.03250 -0.8660 -0.0000 -0.5000 0.1250 0.8750
V -0.05629 -0.03000 0.03250 -0.8660 0.0000 0.5000 0.1250 0.8750
T
V -0.05629 -0.03000 0.03250 -0.8660 0.0000 0.5000 0.1250 0.8750
V -0.05629 0.00667 -0.03250 -0.8660 -0.0000 -0.5000 0.1250 0.8750
V -0.05629 0.00667 0.03250 -0.8660 0.0000 0.5000 0.1250 0.8750
T
V -0.05629 -0.03000 0.03250 -0.8660 0.0000 0.5000 0.1250 0.8750
V -0.05629 0.00667 0.03250 -0.8660 0.0000 0.5000 0.1250 0.8750
V 0.00000 -0.03000 0.06500 0.0000 0.0000 1.0000 0.1250 0.8750
T
V 0.00000 -0.03000 0.06500 0.0000 0.0000 1.0000 0.1250 0.8750
V -0.05629 0.00667 0.03250 -0.8660 0.0000 0.5000 0.1250 0.8750
V 0.00000 0.00667 0.06500 0.0000 0.0000 1.0000 0.1250 0.8750
T
V 0.00000 0.00667 0.06500 0.0000 0.0000 1.0000 0.1250 0.8750
V 0.00000 0.04333 0.06500 0.0000 0.0000 1.0000 0.1250 0.8750
V 0.05629 0.00667 0.03250 0.8660 0.0000 0.5000 0.1250 0.8750
T
V 0.05629 0.00667 0.03250 0.8660 0.0000 0.5000 0.1250 0.8750
V 0.00000 0.04333 0.06500 0.0000 0.0000 1.0000 0.1250 0.8750
V 0.05629 0.04333 0.03250 0.8660 0.0000 0.5000 0.1250 0.8750
T
V 0.05629 0.00667 0.03250 0.8660 0.0000 0.5000 0.1250 0.8750
V 0.05629 0.04333 0.03250 0.8660 0.0000 0.5000 0.1250 0.8750
V 0.05629 0.00667 -0.03250 0.8660 0.0000 -0.5000 0.1250 0.8750
T
V 0.05629 0.00667 -0.03250 0.8660 0.0000 -0.5000 0.1250 0.8750
V 0.05629 0.04333 0.03250 0.8660 0.0000 0.5000 0.1250 0.8750
V 0.05629 0.04333 -0.03250 0.8660 0.0000 -0.5000 0.1250 0.8750
T
V 0.05629 0.00667 -0.03250 0.8660 0.0000 -0.5000 0.1250 0.8750
V 0.05629 0.04333 -0.03250 0.8660 0.0000 -0.5000 0.1250 0.8750
V 0.00000 0.00667 -0.06500 0.0000 0.0000 -1.0000 0.1250 0.8750
T
V 0.00000 0.00667 -0.06500 0.0000 0.0000 -1.0000 0.1250 0.8750
V 0.05629 0.04333 -0.03250 0.8660 0.0000 -0.5000 0.1250 0.8750
V 0.00000 0.04333 -0.06500 0.0000 0.0000 -1.0000 0.1250 0.8750
T
V 0.00000 0.00667 -0.06500 0.0000 0.0000 -1.0000 0.1250 0.8750
V 0.00000 0.04333 -0.06500 0.0000 0.0000 -1.0000 0.1250 0.8750
V -0.05629 0.00667 -0.03250 -0.8660 -0.0000 -0.5000 0.1250 0.8750
T
V -0.05629 0.00667 -0.03250 -0.8660 -0.0000 -0.5000 0.1250 0.8750
V 0.00000 0.04333 -0.06500 0.0000 0.0000 -1.0000 0.1250 0.8750
V -0.05629 0.04333 -0.03250 -0.8660 -0.0000 -0.5000 0.1250 0.8750
T
V -0.05629 0.00667 -0.03250 -0.8660 -0.0000 -0.5000 0.1250 0.8750
V -0.05629 0.04333 -0.03250 -0.8660 -0.0000 -0.5000 0.1250 0.8750
V -0.05629 0.00667 0.03250 -0.8660 0.0000 0.5000 0.1250 0.8750
T
V -0.05629 0.00667 0.03250 -0.8660 0.0000 0.5000 0.1250 0.8750
V -0.05629 0.04333 -0.03250 -0.8660 -0.0000 -0.5000 0.1250 0.8750
V -0.05629 0.04333 0.03250 -0.8660 0.0000 0.5000 0.1250 0.8750
T
V -0.05629 0.00667 0.03250 -0.8660 0.0000 0.5000 0.1250 0.8750
V -0.05629 0.04333 0.03250 -0.8660 0.0000 0.5000 0.1250 0.8750
V 0.00000 0.00667 0.06500 0.0000 0.0000 1.0000 0.1250 0.8750
T
V 0.00000 0.00667 0.06500 0.0000 0.0000 1.0000 0.1250 0.8750
V -0.05629 0.04333 0.03250 -0.8660 0.0000 0.5000 0.1250 0.8750
V 0.00000 0.04333 0.06500 0.0000 0.0000 1.0000 0.1250 0.8750
T
V 0.00000 0.04333 0.06500 0.0000 0.0000 1.0000 0.1250 0.8750
V 0.00000 0.08000 0.06500 0.0000 0.0000 1.0000 0.1250 0.8750
V 0.05629 0.04333 0.03250 0.8660 0.0000 0.5000 0.1250 0.8750
T
V 0.05629 0.04333 0.03250 0.8660 0.0000 0.5000 0.1250 0.8750
V 0.00000 0.08000 0.06500 0.0000 0.0000 1.0000 0.1250 0.8750
V 0.05629 0.08000 0.03250 0.8660 0.0000 0.5000 0.1250 0.8750
T
V 0.05629 0.04333 0.03250 0.8660 0.0000 0.5000 0.1250 0.8750
V 0.05629 0.08000 0.03250 0.8660 0.0000 0.5000 0.1250 0.8750
V 0.05629 0.04333 -0.03250 0.8660 0.0000 -0.5000 0.1250 0.8750
T
V 0.05629 0.04333 -0.03250 0.8660 0.0000 -0.5000 0.1250 0.8750
V 0.05629 0.08000 0.03250 0.8660 0.0000 0.5000 0.1250 0.8750
V 0.05629 0.08000 -0.03250 0.8660 0.0000 -0.5000 0.1250 0.8750
T
V 0.05629 0.04333 -0.03250 0.8660 0.0000 -0.5000 0.1250 0.8750
V 0.05629 0.08000 -0.03250 0.8660 0.0000 -0.5000 0.1250 0.8750
V 0.00000 0.04333 -0.06500 0.0000 0.0000 -1.0000 0.1250 0.8750
T
V 0.00000 0.04333 -0.06500 0.0000 0.0000 -1.0000 0.1250 0.8750
V 0.05629 0.08000 -0.03250 0.8660 0.0000 -0.5000 0.1250 0.8750
V 0.00000 0.08000 -0.06500 0.0000 0.0000 -1.0000 0.1250 0.8750
T
V 0.00000 0.04333 -0.06500 0.0000 0.0000 -1.0000 0.1250 0.8750
V 0.00000 0.08000 -0.06500 0.0000 0.0000 -1.0000 0.1250 0.8750
V -0.05629 0.04333 -0.03250 -0.8660 -0.0000 -0.5000 0.1250 0.8750
T
V -0.05629 0.04333 -0.03250 -0.8660 -0.0000 -0.5000 0.1250 0.8750
V 0.00000 0.08000 -0.06500 0.0000 0.0000 -1.0000 0.1250 0.8750
V -0.05629 0.08000 -0.03250 -0.8660 -0.0000 -0.5000 0.1250 0.8750
T
V -0.05629 0.04333 -0.03250 -0.8660 -0.0000 -0.5000 0.1250 0.8750
V -0.05629 0.08000 -0.03250 -0.8660 -0.0000 -0.5000 0.1250 0.8750
V -0.05629 0.04333 0.03250 -0.8660 0.0000 0.5000 0.1250 0.8750
T
V -0.05629 0.04333 0.03250 -0.8660 0.0000 0.5000 0.1250 0.8750
V -0.05629 0.08000 -0.03250 -0.8660 -0.0000 -0.5000 0.1250 0.8750
V -0.05629 0.08000 0.03250 -0.8660 0.0000 0.5000 0.1250 0.8750
T
V -0.05629 0.04333 0.03250 -0.8660 0.0000 0.5000 0.1250 0.8750
V -0.05629 0.08000 0.03250 -0.8660 0.0000 0.5000 0.1250 0.8750
V 0.00000 0.04333 0.06500 0.0000 0.0000 1.0000 0.1250 0.8750
T
V 0.00000 0.04333 0.06500 0.0000 0.0000 1.0000 0.1250 0.8750
V -0.05629 0.08000 0.03250 -0.8660 0.0000 0.5000 0.1250 0.8750
V 0.00000 0.08000 0.06500 0.0000 0.0000 1.0000 0.1250 0.8750
T
V 0.00000 0.03500 0.00000 0.0000 1.0000 0.0000 0.1250 0.8750
V 0.05629 0.00250 0.00000 0.8660 0.5000 0.0000 0.1250 0.8750
V 0.00000 0.03500 0.00000 0.0000 1.0000 0.0000 0.1250 0.8750
T
V 0.00000 0.03500 0.00000 0.0000 1.0000 0.0000 0.1250 0.8750
V 0.05629 0.00250 0.00000 0.8660 0.5000 0.0000 0.1250 0.8750
V 0.02815 0.00250 0.04875 0.4330 0.5000 0.7500 0.1250 0.8750
T
V 0.00000 0.03500 0.00000 0.0000 1.0000 0.0000 0.1250 0.8750
V 0.02815 0.00250 0.04875 0.4330 0.5000 0.7500 0.1250 0.8750
V 0.00000 0.03500 0.00000 -0.0000 1.0000 0.0000 0.1250 0.8750
T
V 0.00000 0.03500 0.00000 -0.0000 1.0000 0.0000 0.1250 0.8750
V 0.02815 0.00250 0.04875 0.4330 0.5000 0.7500 0.1250 0.8750
V -0.02815 0.00250 0.04875 -0.4330 0.5000 0.7500 0.1250 0.8750
T
V 0.00000 0.03500 0.00000 -0.0000 1.0000 0.0000 0.1250 0.8750
V -0.02815 0.00250 0.04875 -0.4330 0.5000 0.7500 0.1250 0.8750
V 0.00000 0.03500 0.00000 -0.0000 1.0000 0.0000 0.1250 0.8750
T
V 0.00000 0.03500 0.00000 -0.0000 1.0000 0.0000 0.1250 0.8750
V -0.02815 0.00250 0.04875 -0.4330 0.5000 0.7500 0.1250 0.8750
V -0.05629 0.00250 0.00000 -0.8660 0.5000 0.0000 0.1250 0.8750
T
V 0.00000 0.03500 0.00000 -0.0000 1.0000 0.0000 0.1250 0.8750
V -0.05629 0.00250 0.00000 -0.8660 0.5000 0.0000 0.1250 0.8750
V 0.00000 0.03500 0.00000 -0.0000 1.0000 -0.0000 0.1250 0.8750
T
V 0.00000 0.03500 0.00000 -0.0000 1.0000 -0.0000 0.1250 0.8750
V -0.05629 0.00250 0.00000 -0.8660 0.5000 0.0000 0.1250 0.8750
V -0.02815 0.00250 -0.04875 -0.4330 0.5000 -0.7500 0.1250 0.8750
T
V 0.00000 0.03500 0.00000 -0.0000 1.0000 -0.0000 0.1250 0.8750
V -0.02815 0.00250 -0.04875 -0.4330 0.5000 -0.7500 0.1250 0.8750
V 0.00000 0.03500 0.00000 0.0000 1.0000 -0.0000 0.1250 0.8750
T
V 0.00000 0.03500 0.00000 0.0000 1.0000 -0.0000 0.1250 0.8750
V -0.02815 0.00250 -0.04875 -0.4330 0.5000 -0.7500 0.1250 0.8750
V 0.02815 0.00250 -0.04875 0.4330 0.5000 -0.7500 0.1250 0.8750
T
V 0.00000 0.03500 0.00000 0.0000 1.0000 -0.0000 0.1250 0.8750
V 0.02815 0.00250 -0.04875 0.4330 0.5000 -0.7500 0.1250 0.8750
V 0.00000 0.03500 0.00000 0.0000 1.0000 -0.0000 0.1250 0.8750
T
V 0.00000 0.03500 0.00000 0.0000 1.0000 -0.0000 0.1250 0.8750
V 0.02815 0.00250 -0.04875 0.4330 0.5000 -0.7500 0.1250 0.8750
V 0.05629 0.00250 -0.00000 0.8660 0.5000 -0.0000 0.1250 0.8750
T
V 0.05629 0.00250 0.00000 0.8660 0.5000 0.0000 0.1250 0.8750
V 0.05629 -0.06250 0.00000 0.8660 -0.5000 0.0000 0.1250 0.8750
V 0.02815 0.00250 0.04875 0.4330 0.5000 0.7500 0.1250 0.8750
T
V 0.02815 0.00250 0.04875 0.4330 0.5000 0.7500 0.1250 0.8750
V 0.05629 -0.06250 0.00000 0.8660 -0.5000 0.0000 0.1250 0.8750
V 0.02815 -0.06250 0.04875 0.4330 -0.5000 0.7500 0.1250 0.8750
T
V 0.02815 0.00250 0.04875 0.4330 0.5000 0.7500 0.1250 0.8750
V 0.02815 -0.06250 0.04875 0.4330 -0.5000 0.7500 0.1250 0.8750
V -0.02815 0.00250 0.04875 -0.4330 0.5000 0.7500 0.1250 0.8750
T
V -0.02815 0.00250 0.04875 -0.4330 0.5000 0.7500 0.1250 0.8750
V 0.02815 -0.06250 0.04875 0.4330 -0.5000 0.7500 0.1250 0.8750
V -0.02815 -0.06250 0.04875 -0.4330 -0.5000 0.7500 0.1250 0.8750
T
V -0.02815 0.00250 0.04875 -0.4330 0.5000 0.7500 0.1250 0.8750
V -0.02815 -0.06250 0.04875 -0.4330 -0.5000 0.7500 0.1250 0.8750
V -0.05629 0.00250 0.00000 -0.8660 0.5000 0.0000 0.1250 0.8750
T
V -0.05629 0.00250 0.00000 -0.8660 0.5000 0.0000 0.1250 0.8750
V -0.02815 -0.06250 0.04875 -0.4330 -0.5000 0.7500 0.1250 0.8750
V -0.05629 -0.06250 0.00000 -0.8660 -0.5000 0.0000 0.1250 0.8750
T
V -0.05629 0.00250 0.00000 -0.8660 0.5000 0.0000 0.1250 0.8750
V -0.05629 -0.06250 0.00000 -0.8660 -0.5000 0.0000 0.1250 0.8750
V -0.02815 0.00250 -0.04875 -0.4330 0.5000 -0.7500 0.1250 0.8750
T
V -0.02815 0.00250 -0.04875 -0.4330 0.5000 -0.7500 0.1250 0.8750
V -0.05629 -0.06250 0.00000 -0.8660 -0.5000 0.0000 0.1250 0.8750
V -0.02815 -0.06250 -0.04875 -0.4330 -0.5000 -0.7500 0.1250 0.8750
T
V -0.02815 0.00250 -0.04875 -0.4330 0.5000 -0.7500 0.1250 0.8750
V -0.02815 -0.06250 -0.04875 -0.4330 -0.5000 -0.7500 0.1250 0.8750
V 0.02815 0.00250 -0.04875 0.4330 0.5000 -0.7500 0.1250 0.8750
T
V 0.02815 0.00250 -0.04875 0.4330 0.5000 -0.7500 0.1250 0.8750
V -0.02815 -0.06250 -0.04875 -0.4330 -0.5000 -0.7500 0.1250 0.8750
V 0.02815 -0.06250 -0.04875 0.4330 -0.5000 -0.7500 0.1250 0.8750
T
V 0.02815 0.00250 -0.04875 0.4330 0.5000 -0.7500 0.1250 0.8750
V 0.02815 -0.06250 -0.04875 0.4330 -0.5000 -0.7500 0.1250 0.8750
V 0.05629 0.00250 -0.00000 0.8660 0.5000 -0.0000 0.1250 0.8750
T
V 0.05629 0.00250 -0.00000 0.8660 0.5000 -0.0000 0.1250 0.8750
V 0.02815 -0.06250 -0.04875 0.4330 -0.5000 -0.7500 0.1250 0.8750
V 0.05629 -0.06250 -0.00000 0.8660 -0.5000 -0.0000 0.1250 0.8750
T
V 0.05629 -0.06250 0.00000 0.8660 -0.5000 0.0000 0.1250 0.8750
V 0.00000 -0.09500 0.00000 0.0000 -1.0000 0.0000 0.1250 0.8750
V 0.02815 -0.06250 0.04875 0.4330 -0.5000 0.7500 0.1250 0.8750
T
V 0.02815 -0.06250 0.04875 0.4330 -0.5000 0.7500 0.1250 0.8750
V 0.00000 -0.09500 0.00000 0.0000 -1.0000 0.0000 0.1250 0.8750
V 0.00000 -0.09500 0.00000 0.0000 -1.0000 0.0000 0.1250 0.8750
T
V 0.02815 -0.06250 0.04875 0.4330 -0.5000 0.7500 0.1250 0.8750
V 0.00000 -0.09500 0.00000 0.0000 -1.0000 0.0000 0.1250 0.8750
V -0.02815 -0.06250 0.04875 -0.4330 -0.5000 0.7500 0.1250 0.8750
T
V -0.02815 -0.06250 0.04875 -0.4330 -0.5000 0.7500 0.1250 0.8750
V 0.00000 -0.09500 0.00000 0.0000 -1.0000 0.0000 0.1250 0.8750
V -0.00000 -0.09500 0.00000 -0.0000 -1.0000 0.0000 0.1250 0.8750
T
V -0.02815 -0.06250 0.04875 -0.4330 -0.5000 0.7500 0.1250 0.8750
V -0.00000 -0.09500 0.00000 -0.0000 -1.0000 0.0000 0.1250 0.8750
V -0.05629 -0.06250 0.00000 -0.8660 -0.5000 0.0000 0.1250 0.8750
T
V -0.05629 -0.06250 0.00000 -0.8660 -0.5000 0.0000 0.1250 0.8750
V -0.00000 -0.09500 0.00000 -0.0000 -1.0000 0.0000 0.1250 0.8750
V -0.00000 -0.09500 0.00000 -0.0000 -1.0000 0.0000 0.1250 0.8750
T
V -0.05629 -0.06250 0.00000 -0.8660 -0.5000 0.0000 0.1250 0.8750
V -0.00000 -0.09500 0.00000 -0.0000 -1.0000 0.0000 0.1250 0.8750
V -0.02815 -0.06250 -0.04875 -0.4330 -0.5000 -0.7500 0.1250 0.8750
T
V -0.02815 -0.06250 -0.04875 -0.4330 -0.5000 -0.7500 0.1250 0.8750
V -0.00000 -0.09500 0.00000 -0.0000 -1.0000 0.0000 0.1250 0.8750
V -0.00000 -0.09500 -0.00000 -0.0000 -1.0000 -0.0000 0.1250 0.8750
T
V -0.02815 -0.06250 -0.04875 -0.4330 -0.5000 -0.7500 0.1250 0.8750
V -0.00000 -0.09500 -0.00000 -0.0000 -1.0000 -0.0000 0.1250 0.8750
V 0.02815 -0.06250 -0.04875 0.4330 -0.5000 -0.7500 0.1250 0.8750
T
V 0.02815 -0.06250 -0.04875 0.4330 -0.5000 -0.7500 0.1250 0.8750
V -0.00000 -0.09500 -0.00000 -0.0000 -1.0000 -0.0000 0.1250 0.8750
V 0.00000 -0.09500 -0.00000 0.0000 -1.0000 -0.0000 0.1250 0.8750
T
V 0.02815 -0.06250 -0.04875 0.4330 -0.5000 -0.7500 0.1250 0.8750
V 0.00000 -0.09500 -0.00000 0.0000 -1.0000 -0.0000 0.1250 0.8750
V 0.05629 -0.06250 -0.00000 0.8660 -0.5000 -0.0000 0.1250 0.8750
T
V 0.05629 -0.06250 -0.00000 0.8660 -0.5000 -0.0000 0.1250 0.8750
V 0.00000 -0.09500 -0.00000 0.0000 -1.0000 -0.0000 0.1250 0.8750
V 0.00000 -0.09500 -0.00000 0.0000 -1.0000 -0.0000 0.1250 0.8750
T
V 0.00000 0.14500 0.00000 0.0000 1.0000 0.0000 0.1250 0.8750
V 0.05629 0.11250 0.00000 0.8660 0.5000 0.0000 0.1250 0.8750
V 0.00000 0.14500 0.00000 0.0000 1.0000 0.0000 0.1250 0.8750
T
V 0.00000 0.14500 0.00000 0.0000 1.0000 0.0000 0.1250 0.8750
V 0.05629 0.11250 0.00000 0.8660 0.5000 0.0000 0.1250 0.8750
V 0.02815 0.11250 0.04875 0.4330 0.5000 0.7500 0.1250 0.8750
T
V 0.00000 0.14500 0.00000 0.0000 1.0000 0.0000 0.1250 0.8750
V 0.02815 0.11250 0.04875 0.4330 0.5000 0.7500 0.1250 0.8750
V 0.00000 0.14500 0.00000 -0.0000 1.0000 0.0000 0.1250 0.8750
T
V 0.00000 0.14500 0.00000 -0.0000 1.0000 0.0000 0.1250 0.8750
V 0.02815 0.11250 0.04875 0.4330 0.5000 0.7500 0.1250 0.8750
V -0.02815 0.11250 0.04875 -0.4330 0.5000 0.7500 0.1250 0.8750
T
V 0.00000 0.14500 0.00000 -0.0000 1.0000 0.0000 0.1250 0.8750
V -0.02815 0.11250 0.04875 -0.4330 0.5000 0.7500 0.1250 0.8750
V 0.00000 0.14500 0.00000 -0.0000 1.0000 0.0000 0.1250 0.8750
T
V 0.00000 0.14500 0.00000 -0.0000 1.0000 0.0000 0.1250 0.8750
V -0.02815 0.11250 0.04875 -0.4330 0.5000 0.7500 0.1250 0.8750
V -0.05629 0.11250 0.00000 -0.8660 0.5000 0.0000 0.1250 0.8750
T
V 0.00000 0.14500 0.00000 -0.0000 1.0000 0.0000 0.1250 0.8750
V -0.05629 0.11250 0.00000 -0.8660 0.5000 0.0000 0.1250 0.8750
V 0.00000 0.14500 0.00000 -0.0000 1.0000 -0.0000 0.1250 0.8750
T
V 0.00000 0.14500 0.00000 -0.0000 1.0000 -0.0000 0.1250 0.8750
V -0.05629 0.11250 0.00000 -0.8660 0.5000 0.0000 0.1250 0.8750
V -0.02815 0.11250 -0.04875 -0.4330 0.5000 -0.7500 0.1250 0.8750
T
V 0.00000 0.14500 0.00000 -0.0000 1.0000 -0.0000 0.1250 0.8750
V -0.02815 0.11250 -0.04875 -0.4330 0.5000 -0.7500 0.1250 0.8750
V 0.00000 0.14500 0.00000 0.0000 1.0000 -0.0000 0.1250 0.8750
T
V 0.00000 0.14500 0.00000 0.0000 1.0000 -0.0000 0.1250 0.8750
V -0.02815 0.11250 -0.04875 -0.4330 0.5000 -0.7500 0.1250 0.8750
V 0.02815 0.11250 -0.04875 0.4330 0.5000 -0.7500 0.1250 0.8750
T
V 0.00000 0.14500 0.00000 0.0000 1.0000 -0.0000 0.1250 0.8750
V 0.02815 0.11250 -0.04875 0.4330 0.5000 -0.7500 0.1250 0.8750
V 0.00000 0.14500 0.00000 0.0000 1.0000 -0.0000 0.1250 0.8750
T
V 0.00000 0.14500 0.00000 0.0000 1.0000 -0.0000 0.1250 0.8750
V 0.02815 0.11250 -0.04875 0.4330 0.5000 -0.7500 0.1250 0.8750
V 0.05629 0.11250 -0.00000 0.8660 0.5000 -0.0000 0.1250 0.8750
T
V 0.05629 0.11250 0.00000 0.8660 0.5000 0.0000 0.1250 0.8750
V 0.05629 0.04750 0.00000 0.8660 -0.5000 0.0000 0.1250 0.8750
V 0.02815 0.11250 0.04875 0.4330 0.5000 0.7500 0.1250 0.8750
T
V 0.02815 0.11250 0.04875 0.4330 0.5000 0.7500 0.1250 0.8750
V 0.05629 0.04750 0.00000 0.8660 -0.5000 0.0000 0.1250 0.8750
V 0.02815 0.04750 0.04875 0.4330 -0.5000 0.7500 0.1250 0.8750
T
V 0.02815 0.11250 0.04875 0.4330 0.5000 0.7500 0.1250 0.8750
V 0.02815 0.04750 0.04875 0.4330 -0.5000 0.7500 0.1250 0.8750
V -0.02815 0.11250 0.04875 -0.4330 0.5000 0.7500 0.1250 0.8750
T
V -0.02815 0.11250 0.04875 -0.4330 0.5000 0.7500 0.1250 0.8750
V 0.02815 0.04750 0.04875 0.4330 -0.5000 0.7500 0.1250 0.8750
V -0.02815 0.04750 0.04875 -0.4330 -0.5000 0.7500 0.1250 0.8750
T
V -0.02815 0.11250 0.04875 -0.4330 0.5000 0.7500 0.1250 0.8750
V -0.02815 0.04750 0.04875 -0.4330 -0.5000 0.7500 0.1250 0.8750
V -0.05629 0.11250 0.00000 -0.8660 0.5000 0.0000 0.1250 0.8750
T
V -0.05629 0.11250 0.00000 -0.8660 0.5000 0.0000 0.1250 0.8750
V -0.02815 0.04750 0.04875 -0.4330 -0.5000 0.7500 0.1250 0.8750
V -0.05629 0.04750 0.00000 -0.8660 -0.5000 0.0000 0.1250 0.8750
T
V -0.05629 0.11250 0.00000 -0.8660 0.5000 0.0000 0.1250 0.8750
V -0.05629 0.04750 0.00000 -0.8660 -0.5000 0.0000 0.1250 0.8750
V -0.02815 0.11250 -0.04875 -0.4330 0.5000 -0.7500 0.1250 0.8750
T
V -0.02815 0.11250 -0.04875 -0.4330 0.5000 -0.7500 0.1250 0.8750
V -0.05629 0.04750 0.00000 -0.8660 -0.5000 0.0000 0.1250 0.8750
V -0.02815 0.04750 -0.04875 -0.4330 -0.5000 -0.7500 0.1250 0.8750
T
V -0.02815 0.11250 -0.04875 -0.4330 0.5000 -0.7500 0.1250 0.8750
V -0.02815 0.04750 -0.04875 -0.4330 -0.5000 -0.7500 0.1250 0.8750
V 0.02815 0.11250 -0.04875 0.4330 0.5000 -0.7500 0.1250 0.8750
T
V 0.02815 0.11250 -0.04875 0.4330 0.5000 -0.7500 0.1250 0.8750
V -0.02815 0.04750 -0.04875 -0.4330 -0.5000 -0.7500 0.1250 0.8750
V 0.02815 0.04750 -0.04875 0.4330 -0.5000 -0.7500 0.1250 0.8750
T
V 0.02815 0.11250 -0.04875 0.4330 0.5000 -0.7500 0.1250 0.8750
V 0.02815 0.04750 -0.04875 0.4330 -0.5000 -0.7500 0.1250 0.8750
V 0.05629 0.11250 -0.00000 0.8660 0.5000 -0.0000 0.1250 0.8750
T
V 0.05629 0.11250 -0.00000 0.8660 0.5000 -0.0000 0.1250 0.8750
V 0.02815 0.04750 -0.04875 0.4330 -0.5000 -0.7500 0.1250 0.8750
V 0.05629 0.04750 -0.00000 0.8660 -0.5000 -0.0000 0.1250 0.8750
T
V 0.05629 0.04750 0.00000 0.8660 -0.5000 0.0000 0.1250 0.8750
V 0.00000 0.01500 0.00000 0.0000 -1.0000 0.0000 0.1250 0.8750
V 0.02815 0.04750 0.04875 0.4330 -0.5000 0.7500 0.1250 0.8750
T
V 0.02815 0.04750 0.04875 0.4330 -0.5000 0.7500 0.1250 0.8750
V 0.00000 0.01500 0.00000 0.0000 -1.0000 0.0000 0.1250 0.8750
V 0.00000 0.01500 0.00000 0.0000 -1.0000 0.0000 0.1250 0.8750
T
V 0.02815 0.04750 0.04875 0.4330 -0.5000 0.7500 0.1250 0.8750
V 0.00000 0.01500 0.00000 0.0000 -1.0000 0.0000 0.1250 0.8750
V -0.02815 0.04750 0.04875 -0.4330 -0.5000 0.7500 0.1250 0.8750
T
V -0.02815 0.04750 0.04875 -0.4330 -0.5000 0.7500 0.1250 0.8750
V 0.00000 0.01500 0.00000 0.0000 -1.0000 0.0000 0.1250 0.8750
V -0.00000 0.01500 0.00000 -0.0000 -1.0000 0.0000 0.1250 0.8750
T
V -0.02815 0.04750 0.04875 -0.4330 -0.5000 0.7500 0.1250 0.8750
V -0.00000 0.01500 0.00000 -0.0000 -1.0000 0.0000 0.1250 0.8750
V -0.05629 0.04750 0.00000 -0.8660 -0.5000 0.0000 0.1250 0.8750
T
V -0.05629 0.04750 0.00000 -0.8660 -0.5000 0.0000 0.1250 0.8750
V -0.00000 0.01500 0.00000 -0.0000 -1.0000 0.0000 0.1250 0.8750
V -0.00000 0.01500 0.00000 -0.0000 -1.0000 0.0000 0.1250 0.8750
T
V -0.05629 0.04750 0.00000 -0.8660 -0.5000 0.0000 0.1250 0.8750
V -0.00000 0.01500 0.00000 -0.0000 -1.0000 0.0000 0.1250 0.8750
V -0.02815 0.04750 -0.04875 -0.4330 -0.5000 -0.7500 0.1250 0.8750
T
V -0.02815 0.04750 -0.04875 -0.4330 -0.5000 -0.7500 0.1250 0.8750
V -0.00000 0.01500 0.00000 -0.0000 -1.0000 0.0000 0.1250 0.8750
V -0.00000 0.01500 -0.00000 -0.0000 -1.0000 -0.0000 0.1250 0.8750
T
V -0.02815 0.04750 -0.04875 -0.4330 -0.5000 -0.7500 0.1250 0.8750
V -0.00000 0.01500 -0.00000 -0.0000 -1.0000 -0.0000 0.1250 0.8750
V 0.02815 0.04750 -0.04875 0.4330 -0.5000 -0.7500 0.1250 0.8750
T
V 0.02815 0.04750 -0.04875 0.4330 -0.5000 -0.7500 0.1250 0.8750
V -0.00000 0.01500 -0.00000 -0.0000 -1.0000 -0.0000 0.1250 0.8750
V 0.00000 0.01500 -0.00000 0.0000 -1.0000 -0.0000 0.1250 0.8750
T
V 0.02815 0.04750 -0.04875 0.4330 -0.5000 -0.7500 0.1250 0.8750
V 0.00000 0.01500 -0.00000 0.0000 -1.0000 -0.0000 0.1250 0.8750
V 0.05629 0.04750 -0.00000 0.8660 -0.5000 -0.0000 0.1250 0.8750
T
V 0.05629 0.04750 -0.00000 0.8660 -0.5000 -0.0000 0.1250 0.8750
V 0.00000 0.01500 -0.00000 0.0000 -1.0000 -0.0000 0.1250 0.8750
V 0.00000 0.01500 -0.00000 0.0000 -1.0000 -0.0000 0.1250 0.8750
T
BONE Neck
V -0.07000 0.00500 -0.06000 0.0000 0.0000 -1.0000 0.3750 0.8750
V 0.07000 0.00500 -0.06000 0.0000 0.0000 -1.0000 0.3750 0.8750
V 0.07000 0.03500 -0.06000 0.0000 0.0000 -1.0000 0.3750 0.8750
T
V -0.07000 0.00500 -0.06000 0.0000 0.0000 -1.0000 0.3750 0.8750
V 0.07000 0.03500 -0.06000 0.0000 0.0000 -1.0000 0.3750 0.8750
V -0.07000 0.03500 -0.06000 0.0000 0.0000 -1.0000 0.3750 0.8750
T
V 0.07000 0.00500 0.06000 0.0000 0.0000 1.0000 0.3750 0.8750
V -0.07000 0.00500 0.06000 0.0000 0.0000 1.0000 0.3750 0.8750
V -0.07000 0.03500 0.06000 0.0000 0.0000 1.0000 0.3750 0.8750
T
V 0.07000 0.00500 0.06000 0.0000 0.0000 1.0000 0.3750 0.8750
V -0.07000 0.03500 0.06000 0.0000 0.0000 1.0000 0.3750 0.8750
V 0.07000 0.03500 0.06000 0.0000 0.0000 1.0000 0.3750 0.8750
T
V -0.07000 0.00500 0.06000 -1.0000 0.0000 0.0000 0.3750 0.8750
V -0.07000 0.00500 -0.06000 -1.0000 0.0000 0.0000 0.3750 0.8750
V -0.07000 0.03500 -0.06000 -1.0000 0.0000 0.0000 0.3750 0.8750
T
V -0.07000 0.00500 0.06000 -1.0000 0.0000 0.0000 0.3750 0.8750
V -0.07000 0.03500 -0.06000 -1.0000 0.0000 0.0000 0.3750 0.8750
V -0.07000 0.03500 0.06000 -1.0000 0.0000 0.0000 0.3750 0.8750
T
V 0.07000 0.00500 -0.06000 1.0000 0.0000 0.0000 0.3750 0.8750
V 0.07000 0.00500 0.06000 1.0000 0.0000 0.0000 0.3750 0.8750
V 0.07000 0.03500 0.06000 1.0000 0.0000 0.0000 0.3750 0.8750
T
V 0.07000 0.00500 -0.06000 1.0000 0.0000 0.0000 0.3750 0.8750
V 0.07000 0.03500 0.06000 1.0000 0.0000 0.0000 0.3750 0.8750
V 0.07000 0.03500 -0.06000 1.0000 0.0000 0.0000 0.3750 0.8750
T
V -0.07000 0.03500 -0.06000 0.0000 1.0000 0.0000 0.3750 0.8750
V 0.07000 0.03500 -0.06000 0.0000 1.0000 0.0000 0.3750 0.8750
V 0.07000 0.03500 0.06000 0.0000 1.0000 0.0000 0.3750 0.8750
T
V -0.07000 0.03500 -0.06000 0.0000 1.0000 0.0000 0.3750 0.8750
V 0.07000 0.03500 0.06000 0.0000 1.0000 0.0000 0.3750 0.8750
V -0.07000 0.03500 0.06000 0.0000 1.0000 0.0000 0.3750 0.8750
T
V -0.07000 0.00500 0.06000 0.0000 -1.0000 0.0000 0.3750 0.8750
V 0.07000 0.00500 0.06000 0.0000 -1.0000 0.0000 0.3750 0.8750
V 0.07000 0.00500 -0.06000 0.0000 -1.0000 0.0000 0.3750 0.8750
T
V -0.07000 0.00500 0.06000 0.0000 -1.0000 0.0000 0.3750 0.8750
V 0.07000 0.00500 -0.06000 0.0000 -1.0000 0.0000 0.3750 0.8750
V -0.07000 0.00500 -0.06000 0.0000 -1.0000 0.0000 0.3750 0.8750
T
BONE Chest
V 0.00000 0.19000 0.00000 0.0000 1.0000 0.0000 0.6250 0.8750
V 0.07810 0.17316 0.00000 0.4140 0.9103 0.0000 0.6250 0.8750
V 0.00000 0.19000 0.00000 0.0000 1.0000 0.0000 0.6250 0.8750
T
V 0.00000 0.19000 0.00000 0.0000 1.0000 0.0000 0.6250 0.8750
V 0.07810 0.17316 0.00000 0.4140 0.9103 0.0000 0.6250 0.8750
V 0.06764 0.17316 0.02820 0.3517 0.8929 0.2812 0.6250 0.8750
T
V 0.00000 0.19000 0.00000 0.0000 1.0000 0.0000 0.6250 0.8750
V 0.06764 0.17316 0.02820 0.3517 0.8929 0.2812 0.6250 0.8750
V 0.00000 0.19000 0.00000 0.0000 1.0000 0.0000 0.6250 0.8750
T
V 0.00000 0.19000 0.00000 0.0000 1.0000 0.0000 0.6250 0.8750
V 0.06764 0.17316 0.02820 0.3517 0.8929 0.2812 0.6250 0.8750
V 0.03905 0.17316 0.04885 0.1958 0.8609 0.4695 0.6250 0.8750
T
V 0.00000 0.19000 0.00000 0.0000 1.0000 0.0000 0.6250 0.8750
V 0.03905 0.17316 0.04885 0.1958 0.8609 0.4695 0.6250 0.8750
V 0.00000 0.19000 0.00000 0.0000 1.0000 0.0000 0.6250 0.8750
T
V 0.00000 0.19000 0.00000 0.0000 1.0000 0.0000 0.6250 0.8750
V 0.03905 0.17316 0.04885 0.1958 0.8609 0.4695 0.6250 0.8750
V 0.00000 0.17316 0.05640 0.0000 0.8462 0.5329 0.6250 0.8750
T
V 0.00000 0.19000 0.00000 0.0000 1.0000 0.0000 0.6250 0.8750
V 0.00000 0.17316 0.05640 0.0000 0.8462 0.5329 0.6250 0.8750
V 0.00000 0.19000 0.00000 -0.0000 1.0000 0.0000 0.6250 0.8750
T
V 0.00000 0.19000 0.00000 -0.0000 1.0000 0.0000 0.6250 0.8750
V 0.00000 0.17316 0.05640 0.0000 0.8462 0.5329 0.6250 0.8750
V -0.03905 0.17316 0.04885 -0.1958 0.8609 0.4695 0.6250 0.8750
T
V 0.00000 0.19000 0.00000 -0.0000 1.0000 0.0000 0.6250 0.8750
V -0.03905 0.17316 0.04885 -0.1958 0.8609 0.4695 0.6250 0.8750
V 0.00000 0.19000 0.00000 -0.0000 1.0000 0.0000 0.6250 0.8750
T
V 0.00000 0.19000 0.00000 -0.0000 1.0000 0.0000 0.6250 0.8750
V -0.03905 0.17316 0.04885 -0.1958 0.8609 0.4695 0.6250 0.8750
V -0.06764 0.17316 0.02820 -0.3517 0.8929 0.2812 0.6250 0.8750
T
V 0.00000 0.19000 0.00000 -0.0000 1.0000 0.0000 0.6250 0.8750
V -0.06764 0.17316 0.02820 -0.3517 0.8929 0.2812 0.6250 0.8750
V 0.00000 0.19000 0.00000 -0.0000 1.0000 0.0000 0.6250 0.8750
T
V 0.00000 0.19000 0.00000 -0.0000 1.0000 0.0000 0.6250 0.8750
V -0.06764 0.17316 0.02820 -0.3517 0.8929 0.2812 0.6250 0.8750
V -0.07810 0.17316 0.00000 -0.4140 0.9103 0.0000 0.6250 0.8750
T
V 0.00000 0.19000 0.00000 -0.0000 1.0000 0.0000 0.6250 0.8750
V -0.07810 0.17316 0.00000 -0.4140 0.9103 0.0000 0.6250 0.8750
V 0.00000 0.19000 0.00000 -0.0000 1.0000 -0.0000 0.6250 0.8750
T
V 0.00000 0.19000 0.00000 -0.0000 1.0000 -0.0000 0.6250 0.8750
V -0.07810 0.17316 0.00000 -0.4140 0.9103 0.0000 0.6250 0.8750
V -0.06764 0.17316 -0.02820 -0.3517 0.8929 -0.2812 0.6250 0.8750
T
V 0.00000 0.19000 0.00000 -0.0000 1.0000 -0.0000 0.6250 0.8750
V -0.06764 0.17316 -0.02820 -0.3517 0.8929 -0.2812 0.6250 0.8750
V 0.00000 0.19000 0.00000 -0.0000 1.0000 -0.0000 0.6250 0.8750
T
V 0.00000 0.19000 0.00000 -0.0000 1.0000 -0.0000 0.6250 0.8750
V -0.06764 0.17316 -0.02820 -0.3517 0.8929 -0.2812 0.6250 0.8750
V -0.03905 0.17316 -0.04885 -0.1958 0.8609 -0.4695 0.6250 0.8750
T
V 0.00000 0.19000 0.00000 -0.0000 1.0000 -0.0000 0.6250 0.8750
V -0.03905 0.17316 -0.04885 -0.1958 0.8609 -0.4695 0.6250 0.8750
V 0.00000 0.19000 0.00000 -0.0000 1.0000 -0.0000 0.6250 0.8750
T
V 0.00000 0.19000 0.00000 -0.0000 1.0000 -0.0000 0.6250 0.8750
V -0.03905 0.17316 -0.04885 -0.1958 0.8609 -0.4695 0.6250 0.8750
V -0.00000 0.17316 -0.05640 -0.0000 0.8462 -0.5329 0.6250 0.8750
T
V 0.00000 0.19000 0.00000 -0.0000 1.0000 -0.0000 0.6250 0.8750
V -0.00000 0.17316 -0.05640 -0.0000 0.8462 -0.5329 0.6250 0.8750
V 0.00000 0.19000 0.00000 0.0000 1.0000 -0.0000 0.6250 0.8750
T
V 0.00000 0.19000 0.00000 0.0000 1.0000 -0.0000 0.6250 0.8750
V -0.00000 0.17316 -0.05640 -0.0000 0.8462 -0.5329 0.6250 0.8750
V 0.03905 0.17316 -0.04885 0.1958 0.8609 -0.4695 0.6250 0.8750
T
V 0.00000 0.19000 0.00000 0.0000 1.0000 -0.0000 0.6250 0.8750
V 0.03905 0.17316 -0.04885 0.1958 0.8609 -0.4695 0.6250 0.8750
V 0.00000 0.19000 0.00000 0.0000 1.0000 -0.0000 0.6250 0.8750
T
V 0.00000 0.19000 0.00000 0.0000 1.0000 -0.0000 0.6250 0.8750
V 0.03905 0.17316 -0.04885 0.1958 0.8609 -0.4695 0.6250 0.8750
V 0.06764 0.17316 -0.02820 0.3517 0.8929 -0.2812 0.6250 0.8750
T
V 0.00000 0.19000 0.00000 0.0000 1.0000 -0.0000 0.6250 0.8750
V 0.06764 0.17316 -0.02820 0.3517 0.8929 -0.2812 0.6250 0.8750
V 0.00000 0.19000 0.00000 0.0000 1.0000 -0.0000 0.6250 0.8750
T
V 0.00000 0.19000 0.00000 0.0000 1.0000 -0.0000 0.6250 0.8750
V 0.06764 0.17316 -0.02820 0.3517 0.8929 -0.2812 0.6250 0.8750
V 0.07810 0.17316 -0.00000 0.4140 0.9103 -0.0000 0.6250 0.8750
T
V 0.07810 0.17316 0.00000 0.4140 0.9103 0.0000 0.6250 0.8750
V 0.14073 0.12599 0.00000 0.7641 0.6452 0.0000 0.6250 0.8750
V 0.06764 0.17316 0.02820 0.3517 0.8929 0.2812 0.6250 0.8750
T
V 0.06764 0.17316 0.02820 0.3517 0.8929 0.2812 0.6250 0.8750
V 0.14073 0.12599 0.00000 0.7641 0.6452 0.0000 0.6250 0.8750
V 0.12188 0.12599 0.05082 0.6214 0.6059 0.4968 0.6250 0.8750
T
V 0.06764 0.17316 0.02820 0.3517 0.8929 0.2812 0.6250 0.8750
V 0.12188 0.12599 0.05082 0.6214 0.6059 0.4968 0.6250 0.8750
V 0.03905 0.17316 0.04885 0.1958 0.8609 0.4695 0.6250 0.8750
T
V 0.03905 0.17316 0.04885 0.1958 0.8609 0.4695 0.6250 0.8750
V 0.12188 0.12599 0.05082 0.6214 0.6059 0.4968 0.6250 0.8750
V 0.07036 0.12599 0.08802 0.3227 0.5450 0.7739 0.6250 0.8750
T
V 0.03905 0.17316 0.04885 0.1958 0.8609 0.4695 0.6250 0.8750
V 0.07036 0.12599 0.08802 0.3227 0.5450 0.7739 0.6250 0.8750
V 0.00000 0.17316 0.05640 0.0000 0.8462 0.5329 0.6250 0.8750
T
V 0.00000 0.17316 0.05640 0.0000 0.8462 0.5329 0.6250 0.8750
V 0.07036 0.12599 0.08802 0.3227 0.5450 0.7739 0.6250 0.8750
V 0.00000 0.12599 0.10164 0.0000 0.5207 0.8538 0.6250 0.8750
T
V 0.00000 0.17316 0.05640 0.0000 0.8462 0.5329 0.6250 0.8750
V 0.00000 0.12599 0.10164 0.0000 0.5207 0.8538 0.6250 0.8750
V -0.03905 0.17316 0.04885 -0.1958 0.8609 0.4695 0.6250 0.8750
T
V -0.03905 0.17316 0.04885 -0.1958 0.8609 0.4695 0.6250 0.8750
V 0.00000 0.12599 0.10164 0.0000 0.5207 0.8538 0.6250 0.8750
V -0.07036 0.12599 0.08802 -0.3227 0.5450 0.7739 0.6250 0.8750
T
V -0.03905 0.17316 0.04885 -0.1958 0.8609 0.4695 0.6250 0.8750
V -0.07036 0.12599 0.08802 -0.3227 0.5450 0.7739 0.6250 0.8750
V -0.06764 0.17316 0.02820 -0.3517 0.8929 0.2812 0.6250 0.8750
T
V -0.06764 0.17316 0.02820 -0.3517 0.8929 0.2812 0.6250 0.8750
V -0.07036 0.12599 0.08802 -0.3227 0.5450 0.7739 0.6250 0.8750
V -0.12188 0.12599 0.05082 -0.6214 0.6059 0.4968 0.6250 0.8750
T
V -0.06764 0.17316 0.02820 -0.3517 0.8929 0.2812 0.6250 0.8750
V -0.12188 0.12599 0.05082 -0.6214 0.6059 0.4968 0.6250 0.8750
V -0.07810 0.17316 0.00000 -0.4140 0.9103 0.0000 0.6250 0.8750
T
V -0.07810 0.17316 0.00000 -0.4140 0.9103 0.0000 0.6250 0.8750
V -0.12188 0.12599 0.05082 -0.6214 0.6059 0.4968 0.6250 0.8750
V -0.14073 0.12599 0.00000 -0.7641 0.6452 0.0000 0.6250 0.8750
T
V -0.07810 0.17316 0.00000 -0.4140 0.9103 0.0000 0.6250 0.8750
V -0.14073 0.12599 0.00000 -0.7641 0.6452 0.0000 0.6250 0.8750
V -0.06764 0.17316 -0.02820 -0.3517 0.8929 -0.2812 0.6250 0.8750
T
V -0.06764 0.17316 -0.02820 -0.3517 0.8929 -0.2812 0.6250 0.8750
V -0.14073 0.12599 0.00000 -0.7641 0.6452 0.0000 0.6250 0.8750
V -0.12188 0.12599 -0.05082 -0.6214 0.6059 -0.4968 0.6250 0.8750
T
V -0.06764 0.17316 -0.02820 -0.3517 0.8929 -0.2812 0.6250 0.8750
V -0.12188 0.12599 -0.05082 -0.6214 0.6059 -0.4968 0.6250 0.8750
V -0.03905 0.17316 -0.04885 -0.1958 0.8609 -0.4695 0.6250 0.8750
T
V -0.03905 0.17316 -0.04885 -0.1958 0.8609 -0.4695 0.6250 0.8750
V -0.12188 0.12599 -0.05082 -0.6214 0.6059 -0.4968 0.6250 0.8750
V -0.07036 0.12599 -0.08802 -0.3227 0.5450 -0.7739 0.6250 0.8750
T
V -0.03905 0.17316 -0.04885 -0.1958 0.8609 -0.4695 0.6250 0.8750
V -0.07036 0.12599 -0.08802 -0.3227 0.5450 -0.7739 0.6250 0.8750
V -0.00000 0.17316 -0.05640 -0.0000 0.8462 -0.5329 0.6250 0.8750
T
V -0.00000 0.17316 -0.05640 -0.0000 0.8462 -0.5329 0.6250 0.8750
V -0.07036 0.12599 -0.08802 -0.3227 0.5450 -0.7739 0.6250 0.8750
V -0.00000 0.12599 -0.10164 -0.0000 0.5207 -0.8538 0.6250 0.8750
T
V -0.00000 0.17316 -0.05640 -0.0000 0.8462 -0.5329 0.6250 0.8750
V -0.00000 0.12599 -0.10164 -0.0000 0.5207 -0.8538 0.6250 0.8750
V 0.03905 0.17316 -0.04885 0.1958 0.8609 -0.4695 0.6250 0.8750
T
V 0.03905 0.17316 -0.04885 0.1958 0.8609 -0.4695 0.6250 0.8750
V -0.00000 0.12599 -0.10164 -0.0000 0.5207 -0.8538 0.6250 0.8750
V 0.07036 0.12599 -0.08802 0.3227 0.5450 -0.7739 0.6250 0.8750
T
V 0.03905 0.17316 -0.04885 0.1958 0.8609 -0.4695 0.6250 0.8750
V 0.07036 0.12599 -0.08802 0.3227 0.5450 -0.7739 0.6250 0.8750
V 0.06764 0.17316 -0.02820 0.3517 0.8929 -0.2812 0.6250 0.8750
T
V 0.06764 0.17316 -0.02820 0.3517 0.8929 -0.2812 0.6250 0.8750
V 0.07036 0.12599 -0.08802 0.3227 0.5450 -0.7739 0.6250 0.8750
V 0.12188 0.12599 -0.05082 0.6214 0.6059 -0.4968 0.6250 0.8750
T
V 0.06764 0.17316 -0.02820 0.3517 0.8929 -0.2812 0.6250 0.8750
V 0.12188 0.12599 -0.05082 0.6214 0.6059 -0.4968 0.6250 0.8750
V 0.07810 0.17316 -0.00000 0.4140 0.9103 -0.0000 0.6250 0.8750
T
V 0.07810 0.17316 -0.00000 0.4140 0.9103 -0.0000 0.6250 0.8750
V 0.12188 0.12599 -0.05082 0.6214 0.6059 -0.4968 0.6250 0.8750
V 0.14073 0.12599 -0.00000 0.7641 0.6452 -0.0000 0.6250 0.8750
T
V 0.14073 0.12599 0.00000 0.7641 0.6452 0.0000 0.6250 0.8750
V 0.17549 0.05783 0.00000 0.9720 0.2349 0.0000 0.6250 0.8750
V 0.12188 0.12599 0.05082 0.6214 0.6059 0.4968 0.6250 0.8750
T
V 0.12188 0.12599 0.05082 0.6214 0.6059 0.4968 0.6250 0.8750
V 0.17549 0.05783 0.00000 0.9720 0.2349 0.0000 0.6250 0.8750
V 0.15198 0.05783 0.06337 0.7632 0.2130 0.6101 0.6250 0.8750
T
V 0.12188 0.12599 0.05082 0.6214 0.6059 0.4968 0.6250 0.8750
V 0.15198 0.05783 0.06337 0.7632 0.2130 0.6101 0.6250 0.8750
V 0.07036 0.12599 0.08802 0.3227 0.5450 0.7739 0.6250 0.8750
T
V 0.07036 0.12599 0.08802 0.3227 0.5450 0.7739 0.6250 0.8750
V 0.15198 0.05783 0.06337 0.7632 0.2130 0.6101 0.6250 0.8750
V 0.08774 0.05783 0.10976 0.3784 0.1829 0.9074 0.6250 0.8750
T
V 0.07036 0.12599 0.08802 0.3227 0.5450 0.7739 0.6250 0.8750
V 0.08774 0.05783 0.10976 0.3784 0.1829 0.9074 0.6250 0.8750
V 0.00000 0.12599 0.10164 0.0000 0.5207 0.8538 0.6250 0.8750
T
V 0.00000 0.12599 0.10164 0.0000 0.5207 0.8538 0.6250 0.8750
V 0.08774 0.05783 0.10976 0.3784 0.1829 0.9074 0.6250 0.8750
V 0.00000 0.05783 0.12674 0.0000 0.1719 0.9851 0.6250 0.8750
T
V 0.00000 0.12599 0.10164 0.0000 0.5207 0.8538 0.6250 0.8750
V 0.00000 0.05783 0.12674 0.0000 0.1719 0.9851 0.6250 0.8750
V -0.07036 0.12599 0.08802 -0.3227 0.5450 0.7739 0.6250 0.8750
T
V -0.07036 0.12599 0.08802 -0.3227 0.5450 0.7739 0.6250 0.8750
V 0.00000 0.05783 0.12674 0.0000 0.1719 0.9851 0.6250 0.8750
V -0.08774 0.05783 0.10976 -0.3784 0.1829 0.9074 0.6250 0.8750
T
V -0.07036 0.12599 0.08802 -0.3227 0.5450 0.7739 0.6250 0.8750
V -0.08774 0.05783 0.10976 -0.3784 0.1829 0.9074 0.6250 0.8750
V -0.12188 0.12599 0.05082 -0.6214 0.6059 0.4968 0.6250 0.8750
T
V -0.12188 0.12599 0.05082 -0.6214 0.6059 0.4968 0.6250 0.8750
V -0.08774 0.05783 0.10976 -0.3784 0.1829 0.9074 0.6250 0.8750
V -0.15198 0.05783 0.06337 -0.7632 0.2130 0.6101 0.6250 0.8750
T
V -0.12188 0.12599 0.05082 -0.6214 0.6059 0.4968 0.6250 0.8750
V -0.15198 0.05783 0.06337 -0.7632 0.2130 0.6101 0.6250 0.8750
V -0.14073 0.12599 0.00000 -0.7641 0.6452 0.0000 0.6250 0.8750
T
V -0.14073 0.12599 0.00000 -0.7641 0.6452 0.0000 0.6250 0.8750
V -0.15198 0.05783 0.06337 -0.7632 0.2130 0.6101 0.6250 0.8750
V -0.17549 0.05783 0.00000 -0.9720 0.2349 0.0000 0.6250 0.8750
T
V -0.14073 0.12599 0.00000 -0.7641 0.6452 0.0000 0.6250 0.8750
V -0.17549 0.05783 0.00000 -0.9720 0.2349 0.0000 0.6250 0.8750
V -0.12188 0.12599 -0.05082 -0.6214 0.6059 -0.4968 0.6250 0.8750
T
V -0.12188 0.12599 -0.05082 -0.6214 0.6059 -0.4968 0.6250 0.8750
V -0.17549 0.05783 0.00000 -0.9720 0.2349 0.0000 0.6250 0.8750
V -0.15198 0.05783 -0.06337 -0.7632 0.2130 -0.6101 0.6250 0.8750
T
V -0.12188 0.12599 -0.05082 -0.6214 0.6059 -0.4968 0.6250 0.8750
V -0.15198 0.05783 -0.06337 -0.7632 0.2130 -0.6101 0.6250 0.8750
V -0.07036 0.12599 -0.08802 -0.3227 0.5450 -0.7739 0.6250 0.8750
T
V -0.07036 0.12599 -0.08802 -0.3227 0.5450 -0.7739 0.6250 0.8750
V -0.15198 0.05783 -0.06337 -0.7632 0.2130 -0.6101 0.6250 0.8750
V -0.08774 0.05783 -0.10976 -0.3784 0.1829 -0.9074 0.6250 0.8750
T
V -0.07036 0.12599 -0.08802 -0.3227 0.5450 -0.7739 0.6250 0.8750
V -0.08774 0.05783 -0.10976 -0.3784 0.1829 -0.9074 0.6250 0.8750
V -0.00000 0.12599 -0.10164 -0.0000 0.5207 -0.8538 0.6250 0.8750
T
V -0.00000 0.12599 -0.10164 -0.0000 0.5207 -0.8538 0.6250 0.8750
V -0.08774 0.05783 -0.10976 -0.3784 0.1829 -0.9074 0.6250 0.8750
V -0.00000 0.05783 -0.12674 -0.0000 0.1719 -0.9851 0.6250 0.8750
T
V -0.00000 0.12599 -0.10164 -0.0000 0.5207 -0.8538 0.6250 0.8750
V -0.00000 0.05783 -0.12674 -0.0000 0.1719 -0.9851 0.6250 0.8750
V 0.07036 0.12599 -0.08802 0.3227 0.5450 -0.7739 0.6250 0.8750
T
V 0.07036 0.12599 -0.08802 0.3227 0.5450 -0.7739 0.6250 0.8750
V -0.00000 0.05783 -0.12674 -0.0000 0.1719 -0.9851 0.6250 0.8750
V 0.08774 0.05783 -0.10976 0.3784 0.1829 -0.9074 0.6250 0.8750
T
V 0.07036 0.12599 -0.08802 0.3227 0.5450 -0.7739 0.6250 0.8750
V 0.08774 0.05783 -0.10976 0.3784 0.1829 -0.9074 0.6250 0.8750
V 0.12188 0.12599 -0.05082 0.6214 0.6059 -0.4968 0.6250 0.8750
T
V 0.12188 0.12599 -0.05082 0.6214 0.6059 -0.4968 0.6250 0.8750
V 0.08774 0.05783 -0.10976 0.3784 0.1829 -0.9074 0.6250 0.8750
V 0.15198 0.05783 -0.06337 0.7632 0.2130 -0.6101 0.6250 0.8750
T
V 0.12188 0.12599 -0.05082 0.6214 0.6059 -0.4968 0.6250 0.8750
V 0.15198 0.05783 -0.06337 0.7632 0.2130 -0.6101 0.6250 0.8750
V 0.14073 0.12599 -0.00000 0.7641 0.6452 -0.0000 0.6250 0.8750
T
V 0.14073 0.12599 -0.00000 0.7641 0.6452 -0.0000 0.6250 0.8750
V 0.15198 0.05783 -0.06337 0.7632 0.2130 -0.6101 0.6250 0.8750
V 0.17549 0.05783 -0.00000 0.9720 0.2349 -0.0000 0.6250 0.8750
T
V 0.17549 0.05783 0.00000 0.9720 0.2349 0.0000 0.6250 0.8750
V 0.17549 -0.01783 0.00000 0.9720 -0.2349 0.0000 0.6250 0.8750
V 0.15198 0.05783 0.06337 0.7632 0.2130 0.6101 0.6250 0.8750
T
V 0.15198 0.05783 0.06337 0.7632 0.2130 0.6101 0.6250 0.8750
V 0.17549 -0.01783 0.00000 0.9720 -0.2349 0.0000 0.6250 0.8750
V 0.15198 -0.01783 0.06337 0.7632 -0.2130 0.6101 0.6250 0.8750
T
V 0.15198 0.05783 0.06337 0.7632 0.2130 0.6101 0.6250 0.8750
V 0.15198 -0.01783 0.06337 0.7632 -0.2130 0.6101 0.6250 0.8750
V 0.08774 0.05783 0.10976 0.3784 0.1829 0.9074 0.6250 0.8750
T
V 0.08774 0.05783 0.10976 0.3784 0.1829 0.9074 0.6250 0.8750
V 0.15198 -0.01783 0.06337 0.7632 -0.2130 0.6101 0.6250 0.8750
V 0.08774 -0.01783 0.10976 0.3784 -0.1829 0.9074 0.6250 0.8750
T
V 0.08774 0.05783 0.10976 0.3784 0.1829 0.9074 0.6250 0.8750
V 0.08774 -0.01783 0.10976 0.3784 -0.1829 0.9074 0.6250 0.8750
V 0.00000 0.05783 0.12674 0.0000 0.1719 0.9851 0.6250 0.8750
T
V 0.00000 0.05783 0.12674 0.0000 0.1719 0.9851 0.6250 0.8750
V 0.08774 -0.01783 0.10976 0.3784 -0.1829 0.9074 0.6250 0.8750
V 0.00000 -0.01783 0.12674 0.0000 -0.1719 0.9851 0.6250 0.8750
T
V 0.00000 0.05783 0.12674 0.0000 0.1719 0.9851 0.6250 0.8750
V 0.00000 -0.01783 0.12674 0.0000 -0.1719 0.9851 0.6250 0.8750
V -0.08774 0.05783 0.10976 -0.3784 0.1829 0.9074 0.6250 0.8750
T
V -0.08774 0.05783 0.10976 -0.3784 0.1829 0.9074 0.6250 0.8750
V 0.00000 -0.01783 0.12674 0.0000 -0.1719 0.9851 0.6250 0.8750
V -0.08774 -0.01783 0.10976 -0.3784 -0.1829 0.9074 0.6250 0.8750
T
V -0.08774 0.05783 0.10976 -0.3784 0.1829 0.9074 0.6250 0.8750
V -0.08774 -0.01783 0.10976 -0.3784 -0.1829 0.9074 0.6250 0.8750
V -0.15198 0.05783 0.06337 -0.7632 0.2130 0.6101 0.6250 0.8750
T
V -0.15198 0.05783 0.06337 -0.7632 0.2130 0.6101 0.6250 0.8750
V -0.08774 -0.01783 0.10976 -0.3784 -0.1829 0.9074 0.6250 0.8750
V -0.15198 -0.01783 0.06337 -0.7632 -0.2130 0.6101 0.6250 0.8750
T
V -0.15198 0.05783 0.06337 -0.7632 0.2130 0.6101 0.6250 0.8750
V -0.15198 -0.01783 0.06337 -0.7632 -0.2130 0.6101 0.6250 0.8750
V -0.17549 0.05783 0.00000 -0.9720 0.2349 0.0000 0.6250 0.8750
T
V -0.17549 0.05783 0.00000 -0.9720 0.2349 0.0000 0.6250 0.8750
V -0.15198 -0.01783 0.06337 -0.7632 -0.2130 0.6101 0.6250 0.8750
V -0.17549 -0.01783 0.00000 -0.9720 -0.2349 0.0000 0.6250 0.8750
T
V -0.17549 0.05783 0.00000 -0.9720 0.2349 0.0000 0.6250 0.8750
V -0.17549 -0.01783 0.00000 -0.9720 -0.2349 0.0000 0.6250 0.8750
V -0.15198 0.05783 -0.06337 -0.7632 0.2130 -0.6101 0.6250 0.8750
T
V -0.15198 0.05783 -0.06337 -0.7632 0.2130 -0.6101 0.6250 0.8750
V -0.17549 -0.01783 0.00000 -0.9720 -0.2349 0.0000 0.6250 0.8750
V -0.15198 -0.01783 -0.06337 -0.7632 -0.2130 -0.6101 0.6250 0.8750
T
V -0.15198 0.05783 -0.06337 -0.7632 0.2130 -0.6101 0.6250 0.8750
V -0.15198 -0.01783 -0.06337 -0.7632 -0.2130 -0.6101 0.6250 0.8750
V -0.08774 0.05783 -0.10976 -0.3784 0.1829 -0.9074 0.6250 0.8750
T
V -0.08774 0.05783 -0.10976 -0.3784 0.1829 -0.9074 0.6250 0.8750
V -0.15198 -0.01783 -0.06337 -0.7632 -0.2130 -0.6101 0.6250 0.8750
V -0.08774 -0.01783 -0.10976 -0.3784 -0.1829 -0.9074 0.6250 0.8750
T
V -0.08774 0.05783 -0.10976 -0.3784 0.1829 -0.9074 0.6250 0.8750
V -0.08774 -0.01783 -0.10976 -0.3784 -0.1829 -0.9074 0.6250 0.8750
V -0.00000 0.05783 -0.12674 -0.0000 0.1719 -0.9851 0.6250 0.8750
T
V -0.00000 0.05783 -0.12674 -0.0000 0.1719 -0.9851 0.6250 0.8750
V -0.08774 -0.01783 -0.10976 -0.3784 -0.1829 -0.9074 0.6250 0.8750
V -0.00000 -0.01783 -0.12674 -0.0000 -0.1719 -0.9851 0.6250 0.8750
T
V -0.00000 0.05783 -0.12674 -0.0000 0.1719 -0.9851 0.6250 0.8750
V -0.00000 -0.01783 -0.12674 -0.0000 -0.1719 -0.9851 0.6250 0.8750
V 0.08774 0.05783 -0.10976 0.3784 0.1829 -0.9074 0.6250 0.8750
T
V 0.08774 0.05783 -0.10976 0.3784 0.1829 -0.9074 0.6250 0.8750
V -0.00000 -0.01783 -0.12674 -0.0000 -0.1719 -0.9851 0.6250 0.8750
V 0.08774 -0.01783 -0.10976 0.3784 -0.1829 -0.9074 0.6250 0.8750
T
V 0.08774 0.05783 -0.10976 0.3784 0.1829 -0.9074 0.6250 0.8750
V 0.08774 -0.01783 -0.10976 0.3784 -0.1829 -0.9074 0.6250 0.8750
V 0.15198 0.05783 -0.06337 0.7632 0.2130 -0.6101 0.6250 0.8750
T
V 0.15198 0.05783 -0.06337 0.7632 0.2130 -0.6101 0.6250 0.8750
V 0.08774 -0.01783 -0.10976 0.3784 -0.1829 -0.9074 0.6250 0.8750
V 0.15198 -0.01783 -0.06337 0.7632 -0.2130 -0.6101 0.6250 0.8750
T
V 0.15198 0.05783 -0.06337 0.7632 0.2130 -0.6101 0.6250 0.8750
V 0.15198 -0.01783 -0.06337 0.7632 -0.2130 -0.6101 0.6250 0.8750
V 0.17549 0.05783 -0.00000 0.9720 0.2349 -0.0000 0.6250 0.8750
T
V 0.17549 0.05783 -0.00000 0.9720 0.2349 -0.0000 0.6250 0.8750
V 0.15198 -0.01783 -0.06337 0.7632 -0.2130 -0.6101 0.6250 0.8750
V 0.17549 -0.01783 -0.00000 0.9720 -0.2349 -0.0000 0.6250 0.8750
T
V 0.17549 -0.01783 0.00000 0.9720 -0.2349 0.0000 0.6250 0.8750
V 0.14073 -0.08599 0.00000 0.7641 -0.6452 0.0000 0.6250 0.8750
V 0.15198 -0.01783 0.06337 0.7632 -0.2130 0.6101 0.6250 0.8750
T
V 0.15198 -0.01783 0.06337 0.7632 -0.2130 0.6101 0.6250 0.8750
V 0.14073 -0.08599 0.00000 0.7641 -0.6452 0.0000 0.6250 0.8750
V 0.12188 -0.08599 0.05082 0.6214 -0.6059 0.4968 0.6250 0.8750
T
V 0.15198 -0.01783 0.06337 0.7632 -0.2130 0.6101 0.6250 0.8750
V 0.12188 -0.08599 0.05082 0.6214 -0.6059 0.4968 0.6250 0.8750
V 0.08774 -0.01783 0.10976 0.3784 -0.1829 0.9074 0.6250 0.8750
T
V 0.08774 -0.01783 0.10976 0.3784 -0.1829 0.9074 0.6250 0.8750
V 0.12188 -0.08599 0.05082 0.6214 -0.6059 0.4968 0.6250 0.8750
V 0.07036 -0.08599 0.08802 0.3227 -0.5450 0.7739 0.6250 0.8750
T
V 0.08774 -0.01783 0.10976 0.3784 -0.1829 0.9074 0.6250 0.8750
V 0.07036 -0.08599 0.08802 0.3227 -0.5450 0.7739 0.6250 0.8750
V 0.00000 -0.01783 0.12674 0.0000 -0.1719 0.9851 0.6250 0.8750
T
V 0.00000 -0.01783 0.12674 0.0000 -0.1719 0.9851 0.6250 0.8750
V 0.07036 -0.08599 0.08802 0.3227 -0.5450 0.7739 0.6250 0.8750
V 0.00000 -0.08599 0.10164 0.0000 -0.5207 0.8538 0.6250 0.8750
T
V 0.00000 -0.01783 0.12674 0.0000 -0.1719 0.9851 0.6250 0.8750
V 0.00000 -0.08599 0.10164 0.0000 -0.5207 0.8538 0.6250 0.8750
V -0.08774 -0.01783 0.10976 -0.3784 -0.1829 0.9074 0.6250 0.8750
T
V -0.08774 -0.01783 0.10976 -0.3784 -0.1829 0.9074 0.6250 0.8750
V 0.00000 -0.08599 0.10164 0.0000 -0.5207 0.8538 0.6250 0.8750
V -0.07036 -0.08599 0.08802 -0.3227 -0.5450 0.7739 0.6250 0.8750
T
V -0.08774 -0.01783 0.10976 -0.3784 -0.1829 0.9074 0.6250 0.8750
V -0.07036 -0.08599 0.08802 -0.3227 -0.5450 0.7739 0.6250 0.8750
V -0.15198 -0.01783 0.06337 -0.7632 -0.2130 0.6101 0.6250 0.8750
T
V -0.15198 -0.01783 0.06337 -0.7632 -0.2130 0.6101 0.6250 0.8750
V -0.07036 -0.08599 0.08802 -0.3227 -0.5450 0.7739 0.6250 0.8750
V -0.12188 -0.08599 0.05082 -0.6214 -0.6059 0.4968 0.6250 0.8750
T
V -0.15198 -0.01783 0.06337 -0.7632 -0.2130 0.6101 0.6250 0.8750
V -0.12188 -0.08599 0.05082 -0.6214 -0.6059 0.4968 0.6250 0.8750
V -0.17549 -0.01783 0.00000 -0.9720 -0.2349 0.0000 0.6250 0.8750
T
V -0.17549 -0.01783 0.00000 -0.9720 -0.2349 0.0000 0.6250 0.8750
V -0.12188 -0.08599 0.05082 -0.6214 -0.6059 0.4968 0.6250 0.8750
V -0.14073 -0.08599 0.00000 -0.7641 -0.6452 0.0000 0.6250 0.8750
T
V -0.17549 -0.01783 0.00000 -0.9720 -0.2349 0.0000 0.6250 0.8750
V -0.14073 -0.08599 0.00000 -0.7641 -0.6452 0.0000 0.6250 0.8750
V -0.15198 -0.01783 -0.06337 -0.7632 -0.2130 -0.6101 0.6250 0.8750
T
V -0.15198 -0.01783 -0.06337 -0.7632 -0.2130 -0.6101 0.6250 0.8750
V -0.14073 -0.08599 0.00000 -0.7641 -0.6452 0.0000 0.6250 0.8750
V -0.12188 -0.08599 -0.05082 -0.6214 -0.6059 -0.4968 0.6250 0.8750
T
V -0.15198 -0.01783 -0.06337 -0.7632 -0.2130 -0.6101 0.6250 0.8750
V -0.12188 -0.08599 -0.05082 -0.6214 -0.6059 -0.4968 0.6250 0.8750
V -0.08774 -0.01783 -0.10976 -0.3784 -0.1829 -0.9074 0.6250 0.8750
T
V -0.08774 -0.01783 -0.10976 -0.3784 -0.1829 -0.9074 0.6250 0.8750
V -0.12188 -0.08599 -0.05082 -0.6214 -0.6059 -0.4968 0.6250 0.8750
V -0.07036 -0.08599 -0.08802 -0.3227 -0.5450 -0.7739 0.6250 0.8750
T
V -0.08774 -0.01783 -0.10976 -0.3784 -0.1829 -0.9074 0.6250 0.8750
V -0.07036 -0.08599 -0.08802 -0.3227 -0.5450 -0.7739 0.6250 0.8750
V -0.00000 -0.01783 -0.12674 -0.0000 -0.1719 -0.9851 0.6250 0.8750
T
V -0.00000 -0.01783 -0.12674 -0.0000 -0.1719 -0.9851 0.6250 0.8750
V -0.07036 -0.08599 -0.08802 -0.3227 -0.5450 -0.7739 0.6250 0.8750
V -0.00000 -0.08599 -0.10164 -0.0000 -0.5207 -0.8538 0.6250 0.8750
T
V -0.00000 -0.01783 -0.12674 -0.0000 -0.1719 -0.9851 0.6250 0.8750
V -0.00000 -0.08599 -0.10164 -0.0000 -0.5207 -0.8538 0.6250 0.8750
V 0.08774 -0.01783 -0.10976 0.3784 -0.1829 -0.9074 0.6250 0.8750
T
V 0.08774 -0.01783 -0.10976 0.3784 -0.1829 -0.9074 0.6250 0.8750
V -0.00000 -0.08599 -0.10164 -0.0000 -0.5207 -0.8538 0.6250 0.8750
V 0.07036 -0.08599 -0.08802 0.3227 -0.5450 -0.7739 0.6250 0.8750
T
V 0.08774 -0.01783 -0.10976 0.3784 -0.1829 -0.9074 0.6250 0.8750
V 0.07036 -0.08599 -0.08802 0.3227 -0.5450 -0.7739 0.6250 0.8750
V 0.15198 -0.01783 -0.06337 0.7632 -0.2130 -0.6101 0.6250 0.8750
T
V 0.15198 -0.01783 -0.06337 0.7632 -0.2130 -0.6101 0.6250 0.8750
V 0.07036 -0.08599 -0.08802 0.3227 -0.5450 -0.7739 0.6250 0.8750
V 0.12188 -0.08599 -0.05082 0.6214 -0.6059 -0.4968 0.6250 0.8750
T
V 0.15198 -0.01783 -0.06337 0.7632 -0.2130 -0.6101 0.6250 0.8750
V 0.12188 -0.08599 -0.05082 0.6214 -0.6059 -0.4968 0.6250 0.8750
V 0.17549 -0.01783 -0.00000 0.9720 -0.2349 -0.0000 0.6250 0.8750
T
V 0.17549 -0.01783 -0.00000 0.9720 -0.2349 -0.0000 0.6250 0.8750
V 0.12188 -0.08599 -0.05082 0.6214 -0.6059 -0.4968 0.6250 0.8750
V 0.14073 -0.08599 -0.00000 0.7641 -0.6452 -0.0000 0.6250 0.8750
T
V 0.14073 -0.08599 0.00000 0.7641 -0.6452 0.0000 0.6250 0.8750
V 0.07810 -0.13316 0.00000 0.4140 -0.9103 0.0000 0.6250 0.8750
V 0.12188 -0.08599 0.05082 0.6214 -0.6059 0.4968 0.6250 0.8750
T
V 0.12188 -0.08599 0.05082 0.6214 -0.6059 0.4968 0.6250 0.8750
V 0.07810 -0.13316 0.00000 0.4140 -0.9103 0.0000 0.6250 0.8750
V 0.06764 -0.13316 0.02820 0.3517 -0.8929 0.2812 0.6250 0.8750
T
V 0.12188 -0.08599 0.05082 0.6214 -0.6059 0.4968 0.6250 0.8750
V 0.06764 -0.13316 0.02820 0.3517 -0.8929 0.2812 0.6250 0.8750
V 0.07036 -0.08599 0.08802 0.3227 -0.5450 0.7739 0.6250 0.8750
T
V 0.07036 -0.08599 0.08802 0.3227 -0.5450 0.7739 0.6250 0.8750
V 0.06764 -0.13316 0.02820 0.3517 -0.8929 0.2812 0.6250 0.8750
V 0.03905 -0.13316 0.04885 0.1958 -0.8609 0.4695 0.6250 0.8750
T
V 0.07036 -0.08599 0.08802 0.3227 -0.5450 0.7739 0.6250 0.8750
V 0.03905 -0.13316 0.04885 0.1958 -0.8609 0.4695 0.6250 0.8750
V 0.00000 -0.08599 0.10164 0.0000 -0.5207 0.8538 0.6250 0.8750
T
V 0.00000 -0.08599 0.10164 0.0000 -0.5207 0.8538 0.6250 0.8750
V 0.03905 -0.13316 0.04885 0.1958 -0.8609 0.4695 0.6250 0.8750
V 0.00000 -0.13316 0.05640 0.0000 -0.8462 0.5329 0.6250 0.8750
T
V 0.00000 -0.08599 0.10164 0.0000 -0.5207 0.8538 0.6250 0.8750
V 0.00000 -0.13316 0.05640 0.0000 -0.8462 0.5329 0.6250 0.8750
V -0.07036 -0.08599 0.08802 -0.3227 -0.5450 0.7739 0.6250 0.8750
T
V -0.07036 -0.08599 0.08802 -0.3227 -0.5450 0.7739 0.6250 0.8750
V 0.00000 -0.13316 0.05640 0.0000 -0.8462 0.5329 0.6250 0.8750
V -0.03905 -0.13316 0.04885 -0.1958 -0.8609 0.4695 0.6250 0.8750
T
V -0.07036 -0.08599 0.08802 -0.3227 -0.5450 0.7739 0.6250 0.8750
V -0.03905 -0.13316 0.04885 -0.1958 -0.8609 0.4695 0.6250 0.8750
V -0.12188 -0.08599 0.05082 -0.6214 -0.6059 0.4968 0.6250 0.8750
T
V -0.12188 -0.08599 0.05082 -0.6214 -0.6059 0.4968 0.6250 0.8750
V -0.03905 -0.13316 0.04885 -0.1958 -0.8609 0.4695 0.6250 0.8750
V -0.06764 -0.13316 0.02820 -0.3517 -0.8929 0.2812 0.6250 0.8750
T
V -0.12188 -0.08599 0.05082 -0.6214 -0.6059 0.4968 0.6250 0.8750
V -0.06764 -0.13316 0.02820 -0.3517 -0.8929 0.2812 0.6250 0.8750
V -0.14073 -0.08599 0.00000 -0.7641 -0.6452 0.0000 0.6250 0.8750
T
V -0.14073 -0.08599 0.00000 -0.7641 -0.6452 0.0000 0.6250 0.8750
V -0.06764 -0.13316 0.02820 -0.3517 -0.8929 0.2812 0.6250 0.8750
V -0.07810 -0.13316 0.00000 -0.4140 -0.9103 0.0000 0.6250 0.8750
T
V -0.14073 -0.08599 0.00000 -0.7641 -0.6452 0.0000 0.6250 0.8750
V -0.07810 -0.13316 0.00000 -0.4140 -0.9103 0.0000 0.6250 0.8750
V -0.12188 -0.08599 -0.05082 -0.6214 -0.6059 -0.4968 0.6250 0.8750
T
V -0.12188 -0.08599 -0.05082 -0.6214 -0.6059 -0.4968 0.6250 0.8750
V -0.07810 -0.13316 0.00000 -0.4140 -0.9103 0.0000 0.6250 0.8750
V -0.06764 -0.13316 -0.02820 -0.3517 -0.8929 -0.2812 0.6250 0.8750
T
V -0.12188 -0.08599 -0.05082 -0.6214 -0.6059 -0.4968 0.6250 0.8750
V -0.06764 -0.13316 -0.02820 -0.3517 -0.8929 -0.2812 0.6250 0.8750
V -0.07036 -0.08599 -0.08802 -0.3227 -0.5450 -0.7739 0.6250 0.8750
T
V -0.07036 -0.08599 -0.08802 -0.3227 -0.5450 -0.7739 0.6250 0.8750
V -0.06764 -0.13316 -0.02820 -0.3517 -0.8929 -0.2812 0.6250 0.8750
V -0.03905 -0.13316 -0.04885 -0.1958 -0.8609 -0.4695 0.6250 0.8750
T
V -0.07036 -0.08599 -0.08802 -0.3227 -0.5450 -0.7739 0.6250 0.8750
V -0.03905 -0.13316 -0.04885 -0.1958 -0.8609 -0.4695 0.6250 0.8750
V -0.00000 -0.08599 -0.10164 -0.0000 -0.5207 -0.8538 0.6250 0.8750
T
V -0.00000 -0.08599 -0.10164 -0.0000 -0.5207 -0.8538 0.6250 0.8750
V -0.03905 -0.13316 -0.04885 -0.1958 -0.8609 -0.4695 0.6250 0.8750
V -0.00000 -0.13316 -0.05640 -0.0000 -0.8462 -0.5329 0.6250 0.8750
T
V -0.00000 -0.08599 -0.10164 -0.0000 -0.5207 -0.8538 0.6250 0.8750
V -0.00000 -0.13316 -0.05640 -0.0000 -0.8462 -0.5329 0.6250 0.8750
V 0.07036 -0.08599 -0.08802 0.3227 -0.5450 -0.7739 0.6250 0.8750
T
V 0.07036 -0.08599 -0.08802 0.3227 -0.5450 -0.7739 0.6250 0.8750
V -0.00000 -0.13316 -0.05640 -0.0000 -0.8462 -0.5329 0.6250 0.8750
V 0.03905 -0.13316 -0.04885 0.1958 -0.8609 -0.4695 0.6250 0.8750
T
V 0.07036 -0.08599 -0.08802 0.3227 -0.5450 -0.7739 0.6250 0.8750
V 0.03905 -0.13316 -0.04885 0.1958 -0.8609 -0.4695 0.6250 0.8750
V 0.12188 -0.08599 -0.05082 0.6214 -0.6059 -0.4968 0.6250 0.8750
T
V 0.12188 -0.08599 -0.05082 0.6214 -0.6059 -0.4968 0.6250 0.8750
V 0.03905 -0.13316 -0.04885 0.1958 -0.8609 -0.4695 0.6250 0.8750
V 0.06764 -0.13316 -0.02820 0.3517 -0.8929 -0.2812 0.6250 0.8750
T
V 0.12188 -0.08599 -0.05082 0.6214 -0.6059 -0.4968 0.6250 0.8750
V 0.06764 -0.13316 -0.02820 0.3517 -0.8929 -0.2812 0.6250 0.8750
V 0.14073 -0.08599 -0.00000 0.7641 -0.6452 -0.0000 0.6250 0.8750
T
V 0.14073 -0.08599 -0.00000 0.7641 -0.6452 -0.0000 0.6250 0.8750
V 0.06764 -0.13316 -0.02820 0.3517 -0.8929 -0.2812 0.6250 0.8750
V 0.07810 -0.13316 -0.00000 0.4140 -0.9103 -0.0000 0.6250 0.8750
T
V 0.07810 -0.13316 0.00000 0.4140 -0.9103 0.0000 0.6250 0.8750
V 0.00000 -0.15000 0.00000 0.0000 -1.0000 0.0000 0.6250 0.8750
V 0.06764 -0.13316 0.02820 0.3517 -0.8929 0.2812 0.6250 0.8750
T
V 0.06764 -0.13316 0.02820 0.3517 -0.8929 0.2812 0.6250 0.8750
V 0.00000 -0.15000 0.00000 0.0000 -1.0000 0.0000 0.6250 0.8750
V 0.00000 -0.15000 0.00000 0.0000 -1.0000 0.0000 0.6250 0.8750
T
V 0.06764 -0.13316 0.02820 0.3517 -0.8929 0.2812 0.6250 0.8750
V 0.00000 -0.15000 0.00000 0.0000 -1.0000 0.0000 0.6250 0.8750
V 0.03905 -0.13316 0.04885 0.1958 -0.8609 0.4695 0.6250 0.8750
T
V 0.03905 -0.13316 0.04885 0.1958 -0.8609 0.4695 0.6250 0.8750
V 0.00000 -0.15000 0.00000 0.0000 -1.0000 0.0000 0.6250 0.8750
V 0.00000 -0.15000 0.00000 0.0000 -1.0000 0.0000 0.6250 0.8750
T
V 0.03905 -0.13316 0.04885 0.1958 -0.8609 0.4695 0.6250 0.8750
V 0.00000 -0.15000 0.00000 0.0000 -1.0000 0.0000 0.6250 0.8750
V 0.00000 -0.13316 0.05640 0.0000 -0.8462 0.5329 0.6250 0.8750
T
V 0.00000 -0.13316 0.05640 0.0000 -0.8462 0.5329 0.6250 0.8750
V 0.00000 -0.15000 0.00000 0.0000 -1.0000 0.0000 0.6250 0.8750
V 0.00000 -0.15000 0.00000 0.0000 -1.0000 0.0000 0.6250 0.8750
T
V 0.00000 -0.13316 0.05640 0.0000 -0.8462 0.5329 0.6250 0.8750
V 0.00000 -0.15000 0.00000 0.0000 -1.0000 0.0000 0.6250 0.8750
V -0.03905 -0.13316 0.04885 -0.1958 -0.8609 0.4695 0.6250 0.8750
T
V -0.03905 -0.13316 0.04885 -0.1958 -0.8609 0.4695 0.6250 0.8750
V 0.00000 -0.15000 0.00000 0.0000 -1.0000 0.0000 0.6250 0.8750
V -0.00000 -0.15000 0.00000 -0.0000 -1.0000 0.0000 0.6250 0.8750
T
V -0.03905 -0.13316 0.04885 -0.1958 -0.8609 0.4695 0.6250 0.8750
V -0.00000 -0.15000 0.00000 -0.0000 -1.0000 0.0000 0.6250 0.8750
V -0.06764 -0.13316 0.02820 -0.3517 -0.8929 0.2812 0.6250 0.8750
T
V -0.06764 -0.13316 0.02820 -0.3517 -0.8929 0.2812 0.6250 0.8750
V -0.00000 -0.15000 0.00000 -0.0000 -1.0000 0.0000 0.6250 0.8750
V -0.00000 -0.15000 0.00000 -0.0000 -1.0000 0.0000 0.6250 0.8750
T
V -0.06764 -0.13316 0.02820 -0.3517 -0.8929 0.2812 0.6250 0.8750
V -0.00000 -0.15000 0.00000 -0.0000 -1.0000 0.0000 0.6250 0.8750
V -0.07810 -0.13316 0.00000 -0.4140 -0.9103 0.0000 0.6250 0.8750
T
V -0.07810 -0.13316 0.00000 -0.4140 -0.9103 0.0000 0.6250 0.8750
V -0.00000 -0.15000 0.00000 -0.0000 -1.0000 0.0000 0.6250 0.8750
V -0.00000 -0.15000 0.00000 -0.0000 -1.0000 0.0000 0.6250 0.8750
T
V -0.07810 -0.13316 0.00000 -0.4140 -0.9103 0.0000 0.6250 0.8750
V -0.00000 -0.15000 0.00000 -0.0000 -1.0000 0.0000 0.6250 0.8750
V -0.06764 -0.13316 -0.02820 -0.3517 -0.8929 -0.2812 0.6250 0.8750
T
V -0.06764 -0.13316 -0.02820 -0.3517 -0.8929 -0.2812 0.6250 0.8750
V -0.00000 -0.15000 0.00000 -0.0000 -1.0000 0.0000 0.6250 0.8750
V -0.00000 -0.15000 -0.00000 -0.0000 -1.0000 -0.0000 0.6250 0.8750
T
V -0.06764 -0.13316 -0.02820 -0.3517 -0.8929 -0.2812 0.6250 0.8750
V -0.00000 -0.15000 -0.00000 -0.0000 -1.0000 -0.0000 0.6250 0.8750
V -0.03905 -0.13316 -0.04885 -0.1958 -0.8609 -0.4695 0.6250 0.8750
T
V -0.03905 -0.13316 -0.04885 -0.1958 -0.8609 -0.4695 0.6250 0.8750
V -0.00000 -0.15000 -0.00000 -0.0000 -1.0000 -0.0000 0.6250 0.8750
V -0.00000 -0.15000 -0.00000 -0.0000 -1.0000 -0.0000 0.6250 0.8750
T
V -0.03905 -0.13316 -0.04885 -0.1958 -0.8609 -0.4695 0.6250 0.8750
V -0.00000 -0.15000 -0.00000 -0.0000 -1.0000 -0.0000 0.6250 0.8750
V -0.00000 -0.13316 -0.05640 -0.0000 -0.8462 -0.5329 0.6250 0.8750
T
V -0.00000 -0.13316 -0.05640 -0.0000 -0.8462 -0.5329 0.6250 0.8750
V -0.00000 -0.15000 -0.00000 -0.0000 -1.0000 -0.0000 0.6250 0.8750
V -0.00000 -0.15000 -0.00000 -0.0000 -1.0000 -0.0000 0.6250 0.8750
T
V -0.00000 -0.13316 -0.05640 -0.0000 -0.8462 -0.5329 0.6250 0.8750
V -0.00000 -0.15000 -0.00000 -0.0000 -1.0000 -0.0000 0.6250 0.8750
V 0.03905 -0.13316 -0.04885 0.1958 -0.8609 -0.4695 0.6250 0.8750
T
V 0.03905 -0.13316 -0.04885 0.1958 -0.8609 -0.4695 0.6250 0.8750
V -0.00000 -0.15000 -0.00000 -0.0000 -1.0000 -0.0000 0.6250 0.8750
V 0.00000 -0.15000 -0.00000 0.0000 -1.0000 -0.0000 0.6250 0.8750
T
V 0.03905 -0.13316 -0.04885 0.1958 -0.8609 -0.4695 0.6250 0.8750
V 0.00000 -0.15000 -0.00000 0.0000 -1.0000 -0.0000 0.6250 0.8750
V 0.06764 -0.13316 -0.02820 0.3517 -0.8929 -0.2812 0.6250 0.8750
T
V 0.06764 -0.13316 -0.02820 0.3517 -0.8929 -0.2812 0.6250 0.8750
V 0.00000 -0.15000 -0.00000 0.0000 -1.0000 -0.0000 0.6250 0.8750
V 0.00000 -0.15000 -0.00000 0.0000 -1.0000 -0.0000 0.6250 0.8750
T
V 0.06764 -0.13316 -0.02820 0.3517 -0.8929 -0.2812 0.6250 0.8750
V 0.00000 -0.15000 -0.00000 0.0000 -1.0000 -0.0000 0.6250 0.8750
V 0.07810 -0.13316 -0.00000 0.4140 -0.9103 -0.0000 0.6250 0.8750
T
V 0.07810 -0.13316 -0.00000 0.4140 -0.9103 -0.0000 0.6250 0.8750
V 0.00000 -0.15000 -0.00000 0.0000 -1.0000 -0.0000 0.6250 0.8750
V 0.00000 -0.15000 -0.00000 0.0000 -1.0000 -0.0000 0.6250 0.8750
T
BONE Chest
V -0.13500 0.19981 -0.08586 0.0000 0.4191 -0.9080 0.0800 0.3000
V -0.09643 0.19981 -0.08586 0.0000 0.4191 -0.9080 0.1243 0.3000
V -0.09643 0.16236 -0.10314 0.0000 0.4191 -0.9080 0.1243 0.3412
T
V -0.13500 0.19981 -0.08586 0.0000 0.4191 -0.9080 0.0800 0.3000
V -0.09643 0.16236 -0.10314 0.0000 0.4191 -0.9080 0.1243 0.3412
V -0.13500 0.16236 -0.10314 0.0000 0.4191 -0.9080 0.0800 0.3412
T
V -0.09643 0.19981 -0.08586 0.0000 0.4191 -0.9080 0.1243 0.3000
V -0.05786 0.19981 -0.08586 0.0000 0.4191 -0.9080 0.1686 0.3000
V -0.05786 0.16236 -0.10314 0.0000 0.4191 -0.9080 0.1686 0.3412
T
V -0.09643 0.19981 -0.08586 0.0000 0.4191 -0.9080 0.1243 0.3000
V -0.05786 0.16236 -0.10314 0.0000 0.4191 -0.9080 0.1686 0.3412
V -0.09643 0.16236 -0.10314 0.0000 0.4191 -0.9080 0.1243 0.3412
T
V -0.05786 0.19981 -0.08586 0.0000 0.4191 -0.9080 0.1686 0.3000
V -0.01929 0.19981 -0.08586 0.0000 0.4191 -0.9080 0.2129 0.3000
V -0.01929 0.16236 -0.10314 0.0000 0.4191 -0.9080 0.2129 0.3412
T
V -0.05786 0.19981 -0.08586 0.0000 0.4191 -0.9080 0.1686 0.3000
V -0.01929 0.16236 -0.10314 0.0000 0.4191 -0.9080 0.2129 0.3412
V -0.05786 0.16236 -0.10314 0.0000 0.4191 -0.9080 0.1686 0.3412
T
V -0.01929 0.19981 -0.08586 0.0000 0.4191 -0.9080 0.2129 0.3000
V 0.01929 0.19981 -0.08586 0.0000 0.4191 -0.9080 0.2571 0.3000
V 0.01929 0.16236 -0.10314 0.0000 0.4191 -0.9080 0.2571 0.3412
T
V -0.01929 0.19981 -0.08586 0.0000 0.4191 -0.9080 0.2129 0.3000
V 0.01929 0.16236 -0.10314 0.0000 0.4191 -0.9080 0.2571 0.3412
V -0.01929 0.16236 -0.10314 0.0000 0.4191 -0.9080 0.2129 0.3412
T
V 0.01929 0.19981 -0.08586 0.0000 0.4191 -0.9080 0.2571 0.3000
V 0.05786 0.19981 -0.08586 0.0000 0.4191 -0.9080 0.3014 0.3000
V 0.05786 0.16236 -0.10314 0.0000 0.4191 -0.9080 0.3014 0.3412
T
V 0.01929 0.19981 -0.08586 0.0000 0.4191 -0.9080 0.2571 0.3000
V 0.05786 0.16236 -0.10314 0.0000 0.4191 -0.9080 0.3014 0.3412
V 0.01929 0.16236 -0.10314 0.0000 0.4191 -0.9080 0.2571 0.3412
T
V 0.05786 0.19981 -0.08586 0.0000 0.4191 -0.9080 0.3014 0.3000
V 0.09643 0.19981 -0.08586 0.0000 0.4191 -0.9080 0.3457 0.3000
V 0.09643 0.16236 -0.10314 0.0000 0.4191 -0.9080 0.3457 0.3412
T
V 0.05786 0.19981 -0.08586 0.0000 0.4191 -0.9080 0.3014 0.3000
V 0.09643 0.16236 -0.10314 0.0000 0.4191 -0.9080 0.3457 0.3412
V 0.05786 0.16236 -0.10314 0.0000 0.4191 -0.9080 0.3014 0.3412
T
V 0.09643 0.19981 -0.08586 0.0000 0.4191 -0.9080 0.3457 0.3000
V 0.13500 0.19981 -0.08586 0.0000 0.4191 -0.9080 0.3900 0.3000
V 0.13500 0.16236 -0.10314 0.0000 0.4191 -0.9080 0.3900 0.3412
T
V 0.09643 0.19981 -0.08586 0.0000 0.4191 -0.9080 0.3457 0.3000
V 0.13500 0.16236 -0.10314 0.0000 0.4191 -0.9080 0.3900 0.3412
V 0.09643 0.16236 -0.10314 0.0000 0.4191 -0.9080 0.3457 0.3412
T
V -0.13500 0.16236 -0.10314 0.0000 0.4191 -0.9080 0.0800 0.3412
V -0.09643 0.16236 -0.10314 0.0000 0.4191 -0.9080 0.1243 0.3412
V -0.09643 0.12491 -0.12043 0.0000 0.4191 -0.9080 0.1243 0.3825
T
V -0.13500 0.16236 -0.10314 0.0000 0.4191 -0.9080 0.0800 0.3412
V -0.09643 0.12491 -0.12043 0.0000 0.4191 -0.9080 0.1243 0.3825
V -0.13500 0.12491 -0.12043 0.0000 0.4191 -0.9080 0.0800 0.3825
T
V -0.09643 0.16236 -0.10314 0.0000 0.4191 -0.9080 0.1243 0.3412
V -0.05786 0.16236 -0.10314 0.0000 0.4191 -0.9080 0.1686 0.3412
V -0.05786 0.12491 -0.12043 0.0000 0.4191 -0.9080 0.1686 0.3825
T
V -0.09643 0.16236 -0.10314 0.0000 0.4191 -0.9080 0.1243 0.3412
V -0.05786 0.12491 -0.12043 0.0000 0.4191 -0.9080 0.1686 0.3825
V -0.09643 0.12491 -0.12043 0.0000 0.4191 -0.9080 0.1243 0.3825
T
V -0.05786 0.16236 -0.10314 0.0000 0.4191 -0.9080 0.1686 0.3412
V -0.01929 0.16236 -0.10314 0.0000 0.4191 -0.9080 0.2129 0.3412
V -0.01929 0.12491 -0.12043 0.0000 0.4191 -0.9080 0.2129 0.3825
T
V -0.05786 0.16236 -0.10314 0.0000 0.4191 -0.9080 0.1686 0.3412
V -0.01929 0.12491 -0.12043 0.0000 0.4191 -0.9080 0.2129 0.3825
V -0.05786 0.12491 -0.12043 0.0000 0.4191 -0.9080 0.1686 0.3825
T
V -0.01929 0.16236 -0.10314 0.0000 0.4191 -0.9080 0.2129 0.3412
V 0.01929 0.16236 -0.10314 0.0000 0.4191 -0.9080 0.2571 0.3412
V 0.01929 0.12491 -0.12043 0.0000 0.4191 -0.9080 0.2571 0.3825
T
V -0.01929 0.16236 -0.10314 0.0000 0.4191 -0.9080 0.2129 0.3412
V 0.01929 0.12491 -0.12043 0.0000 0.4191 -0.9080 0.2571 0.3825
V -0.01929 0.12491 -0.12043 0.0000 0.4191 -0.9080 0.2129 0.3825
T
V 0.01929 0.16236 -0.10314 0.0000 0.4191 -0.9080 0.2571 0.3412
V 0.05786 0.16236 -0.10314 0.0000 0.4191 -0.9080 0.3014 0.3412
V 0.05786 0.12491 -0.12043 0.0000 0.4191 -0.9080 0.3014 0.3825
T
V 0.01929 0.16236 -0.10314 0.0000 0.4191 -0.9080 0.2571 0.3412
V 0.05786 0.12491 -0.12043 0.0000 0.4191 -0.9080 0.3014 0.3825
V 0.01929 0.12491 -0.12043 0.0000 0.4191 -0.9080 0.2571 0.3825
T
V 0.05786 0.16236 -0.10314 0.0000 0.4191 -0.9080 0.3014 0.3412
V 0.09643 0.16236 -0.10314 0.0000 0.4191 -0.9080 0.3457 0.3412
V 0.09643 0.12491 -0.12043 0.0000 0.4191 -0.9080 0.3457 0.3825
T
V 0.05786 0.16236 -0.10314 0.0000 0.4191 -0.9080 0.3014 0.3412
V 0.09643 0.12491 -0.12043 0.0000 0.4191 -0.9080 0.3457 0.3825
V 0.05786 0.12491 -0.12043 0.0000 0.4191 -0.9080 0.3014 0.3825
T
V 0.09643 0.16236 -0.10314 0.0000 0.4191 -0.9080 0.3457 0.3412
V 0.13500 0.16236 -0.10314 0.0000 0.4191 -0.9080 0.3900 0.3412
V 0.13500 0.12491 -0.12043 0.0000 0.4191 -0.9080 0.3900 0.3825
T
V 0.09643 0.16236 -0.10314 0.0000 0.4191 -0.9080 0.3457 0.3412
V 0.13500 0.12491 -0.12043 0.0000 0.4191 -0.9080 0.3900 0.3825
V 0.09643 0.12491 -0.12043 0.0000 0.4191 -0.9080 0.3457 0.3825
T
V -0.13500 0.12491 -0.12043 0.0000 0.4191 -0.9080 0.0800 0.3825
V -0.09643 0.12491 -0.12043 0.0000 0.4191 -0.9080 0.1243 0.3825
V -0.09643 0.08745 -0.13771 0.0000 0.4191 -0.9080 0.1243 0.4237
T
V -0.13500 0.12491 -0.12043 0.0000 0.4191 -0.9080 0.0800 0.3825
V -0.09643 0.08745 -0.13771 0.0000 0.4191 -0.9080 0.1243 0.4237
V -0.13500 0.08745 -0.13771 0.0000 0.4191 -0.9080 0.0800 0.4237
T
V -0.09643 0.12491 -0.12043 0.0000 0.4191 -0.9080 0.1243 0.3825
V -0.05786 0.12491 -0.12043 0.0000 0.4191 -0.9080 0.1686 0.3825
V -0.05786 0.08745 -0.13771 0.0000 0.4191 -0.9080 0.1686 0.4237
T
V -0.09643 0.12491 -0.12043 0.0000 0.4191 -0.9080 0.1243 0.3825
V -0.05786 0.08745 -0.13771 0.0000 0.4191 -0.9080 0.1686 0.4237
V -0.09643 0.08745 -0.13771 0.0000 0.4191 -0.9080 0.1243 0.4237
T
V -0.05786 0.12491 -0.12043 0.0000 0.4191 -0.9080 0.1686 0.3825
V -0.01929 0.12491 -0.12043 0.0000 0.4191 -0.9080 0.2129 0.3825
V -0.01929 0.08745 -0.13771 0.0000 0.4191 -0.9080 0.2129 0.4237
T
V -0.05786 0.12491 -0.12043 0.0000 0.4191 -0.9080 0.1686 0.3825
V -0.01929 0.08745 -0.13771 0.0000 0.4191 -0.9080 0.2129 0.4237
V -0.05786 0.08745 -0.13771 0.0000 0.4191 -0.9080 0.1686 0.4237
T
V -0.01929 0.12491 -0.12043 0.0000 0.4191 -0.9080 0.2129 0.3825
V 0.01929 0.12491 -0.12043 0.0000 0.4191 -0.9080 0.2571 0.3825
V 0.01929 0.08745 -0.13771 0.0000 0.4191 -0.9080 0.2571 0.4237
T
V -0.01929 0.12491 -0.12043 0.0000 0.4191 -0.9080 0.2129 0.3825
V 0.01929 0.08745 -0.13771 0.0000 0.4191 -0.9080 0.2571 0.4237
V -0.01929 0.08745 -0.13771 0.0000 0.4191 -0.9080 0.2129 0.4237
T
V 0.01929 0.12491 -0.12043 0.0000 0.4191 -0.9080 0.2571 0.3825
V 0.05786 0.12491 -0.12043 0.0000 0.4191 -0.9080 0.3014 0.3825
V 0.05786 0.08745 -0.13771 0.0000 0.4191 -0.9080 0.3014 0.4237
T
V 0.01929 0.12491 -0.12043 0.0000 0.4191 -0.9080 0.2571 0.3825
V 0.05786 0.08745 -0.13771 0.0000 0.4191 -0.9080 0.3014 0.4237
V 0.01929 0.08745 -0.13771 0.0000 0.4191 -0.9080 0.2571 0.4237
T
V 0.05786 0.12491 -0.12043 0.0000 0.4191 -0.9080 0.3014 0.3825
V 0.09643 0.12491 -0.12043 0.0000 0.4191 -0.9080 0.3457 0.3825
V 0.09643 0.08745 -0.13771 0.0000 0.4191 -0.9080 0.3457 0.4237
T
V 0.05786 0.12491 -0.12043 0.0000 0.4191 -0.9080 0.3014 0.3825
V 0.09643 0.08745 -0.13771 0.0000 0.4191 -0.9080 0.3457 0.4237
V 0.05786 0.08745 -0.13771 0.0000 0.4191 -0.9080 0.3014 0.4237
T
V 0.09643 0.12491 -0.12043 0.0000 0.4191 -0.9080 0.3457 0.3825
V 0.13500 0.12491 -0.12043 0.0000 0.4191 -0.9080 0.3900 0.3825
V 0.13500 0.08745 -0.13771 0.0000 0.4191 -0.9080 0.3900 0.4237
T
V 0.09643 0.12491 -0.12043 0.0000 0.4191 -0.9080 0.3457 0.3825
V 0.13500 0.08745 -0.13771 0.0000 0.4191 -0.9080 0.3900 0.4237
V 0.09643 0.08745 -0.13771 0.0000 0.4191 -0.9080 0.3457 0.4237
T
V -0.13500 0.08745 -0.13771 0.0000 0.4191 -0.9080 0.0800 0.4237
V -0.09643 0.08745 -0.13771 0.0000 0.4191 -0.9080 0.1243 0.4237
V -0.09643 0.05000 -0.15500 0.0000 0.4191 -0.9080 0.1243 0.4650
T
V -0.13500 0.08745 -0.13771 0.0000 0.4191 -0.9080 0.0800 0.4237
V -0.09643 0.05000 -0.15500 0.0000 0.4191 -0.9080 0.1243 0.4650
V -0.13500 0.05000 -0.15500 0.0000 0.4191 -0.9080 0.0800 0.4650
T
V -0.09643 0.08745 -0.13771 0.0000 0.4191 -0.9080 0.1243 0.4237
V -0.05786 0.08745 -0.13771 0.0000 0.4191 -0.9080 0.1686 0.4237
V -0.05786 0.05000 -0.15500 0.0000 0.4191 -0.9080 0.1686 0.4650
T
V -0.09643 0.08745 -0.13771 0.0000 0.4191 -0.9080 0.1243 0.4237
V -0.05786 0.05000 -0.15500 0.0000 0.4191 -0.9080 0.1686 0.4650
V -0.09643 0.05000 -0.15500 0.0000 0.4191 -0.9080 0.1243 0.4650
T
V -0.05786 0.08745 -0.13771 0.0000 0.4191 -0.9080 0.1686 0.4237
V -0.01929 0.08745 -0.13771 0.0000 0.4191 -0.9080 0.2129 0.4237
V -0.01929 0.05000 -0.15500 0.0000 0.4191 -0.9080 0.2129 0.4650
T
V -0.05786 0.08745 -0.13771 0.0000 0.4191 -0.9080 0.1686 0.4237
V -0.01929 0.05000 -0.15500 0.0000 0.4191 -0.9080 0.2129 0.4650
V -0.05786 0.05000 -0.15500 0.0000 0.4191 -0.9080 0.1686 0.4650
T
V -0.01929 0.08745 -0.13771 0.0000 0.4191 -0.9080 0.2129 0.4237
V 0.01929 0.08745 -0.13771 0.0000 0.4191 -0.9080 0.2571 0.4237
V 0.01929 0.05000 -0.15500 0.0000 0.4191 -0.9080 0.2571 0.4650
T
V -0.01929 0.08745 -0.13771 0.0000 0.4191 -0.9080 0.2129 0.4237
V 0.01929 0.05000 -0.15500 0.0000 0.4191 -0.9080 0.2571 0.4650
V -0.01929 0.05000 -0.15500 0.0000 0.4191 -0.9080 0.2129 0.4650
T
V 0.01929 0.08745 -0.13771 0.0000 0.4191 -0.9080 0.2571 0.4237
V 0.05786 0.08745 -0.13771 0.0000 0.4191 -0.9080 0.3014 0.4237
V 0.05786 0.05000 -0.15500 0.0000 0.4191 -0.9080 0.3014 0.4650
T
V 0.01929 0.08745 -0.13771 0.0000 0.4191 -0.9080 0.2571 0.4237
V 0.05786 0.05000 -0.15500 0.0000 0.4191 -0.9080 0.3014 0.4650
V 0.01929 0.05000 -0.15500 0.0000 0.4191 -0.9080 0.2571 0.4650
T
V 0.05786 0.08745 -0.13771 0.0000 0.4191 -0.9080 0.3014 0.4237
V 0.09643 0.08745 -0.13771 0.0000 0.4191 -0.9080 0.3457 0.4237
V 0.09643 0.05000 -0.15500 0.0000 0.4191 -0.9080 0.3457 0.4650
T
V 0.05786 0.08745 -0.13771 0.0000 0.4191 -0.9080 0.3014 0.4237
V 0.09643 0.05000 -0.15500 0.0000 0.4191 -0.9080 0.3457 0.4650
V 0.05786 0.05000 -0.15500 0.0000 0.4191 -0.9080 0.3014 0.4650
T
V 0.09643 0.08745 -0.13771 0.0000 0.4191 -0.9080 0.3457 0.4237
V 0.13500 0.08745 -0.13771 0.0000 0.4191 -0.9080 0.3900 0.4237
V 0.13500 0.05000 -0.15500 0.0000 0.4191 -0.9080 0.3900 0.4650
T
V 0.09643 0.08745 -0.13771 0.0000 0.4191 -0.9080 0.3457 0.4237
V 0.13500 0.05000 -0.15500 0.0000 0.4191 -0.9080 0.3900 0.4650
V 0.09643 0.05000 -0.15500 0.0000 0.4191 -0.9080 0.3457 0.4650
T
V -0.13500 0.05000 -0.15500 0.0000 0.4191 -0.9080 0.0800 0.4650
V -0.09643 0.05000 -0.15500 0.0000 0.4191 -0.9080 0.1243 0.4650
V -0.09643 0.01255 -0.17229 0.0000 0.4191 -0.9080 0.1243 0.5062
T
V -0.13500 0.05000 -0.15500 0.0000 0.4191 -0.9080 0.0800 0.4650
V -0.09643 0.01255 -0.17229 0.0000 0.4191 -0.9080 0.1243 0.5062
V -0.13500 0.01255 -0.17229 0.0000 0.4191 -0.9080 0.0800 0.5062
T
V -0.09643 0.05000 -0.15500 0.0000 0.4191 -0.9080 0.1243 0.4650
V -0.05786 0.05000 -0.15500 0.0000 0.4191 -0.9080 0.1686 0.4650
V -0.05786 0.01255 -0.17229 0.0000 0.4191 -0.9080 0.1686 0.5062
T
V -0.09643 0.05000 -0.15500 0.0000 0.4191 -0.9080 0.1243 0.4650
V -0.05786 0.01255 -0.17229 0.0000 0.4191 -0.9080 0.1686 0.5062
V -0.09643 0.01255 -0.17229 0.0000 0.4191 -0.9080 0.1243 0.5062
T
V -0.05786 0.05000 -0.15500 0.0000 0.4191 -0.9080 0.1686 0.4650
V -0.01929 0.05000 -0.15500 0.0000 0.4191 -0.9080 0.2129 0.4650
V -0.01929 0.01255 -0.17229 0.0000 0.4191 -0.9080 0.2129 0.5062
T
V -0.05786 0.05000 -0.15500 0.0000 0.4191 -0.9080 0.1686 0.4650
V -0.01929 0.01255 -0.17229 0.0000 0.4191 -0.9080 0.2129 0.5062
V -0.05786 0.01255 -0.17229 0.0000 0.4191 -0.9080 0.1686 0.5062
T
V -0.01929 0.05000 -0.15500 0.0000 0.4191 -0.9080 0.2129 0.4650
V 0.01929 0.05000 -0.15500 0.0000 0.4191 -0.9080 0.2571 0.4650
V 0.01929 0.01255 -0.17229 0.0000 0.4191 -0.9080 0.2571 0.5062
T
V -0.01929 0.05000 -0.15500 0.0000 0.4191 -0.9080 0.2129 0.4650
V 0.01929 0.01255 -0.17229 0.0000 0.4191 -0.9080 0.2571 0.5062
V -0.01929 0.01255 -0.17229 0.0000 0.4191 -0.9080 0.2129 0.5062
T
V 0.01929 0.05000 -0.15500 0.0000 0.4191 -0.9080 0.2571 0.4650
V 0.05786 0.05000 -0.15500 0.0000 0.4191 -0.9080 0.3014 0.4650
V 0.05786 0.01255 -0.17229 0.0000 0.4191 -0.9080 0.3014 0.5062
T
V 0.01929 0.05000 -0.15500 0.0000 0.4191 -0.9080 0.2571 0.4650
V 0.05786 0.01255 -0.17229 0.0000 0.4191 -0.9080 0.3014 0.5062
V 0.01929 0.01255 -0.17229 0.0000 0.4191 -0.9080 0.2571 0.5062
T
V 0.05786 0.05000 -0.15500 0.0000 0.4191 -0.9080 0.3014 0.4650
V 0.09643 0.05000 -0.15500 0.0000 0.4191 -0.9080 0.3457 0.4650
V 0.09643 0.01255 -0.17229 0.0000 0.4191 -0.9080 0.3457 0.5062
T
V 0.05786 0.05000 -0.15500 0.0000 0.4191 -0.9080 0.3014 0.4650
V 0.09643 0.01255 -0.17229 0.0000 0.4191 -0.9080 0.3457 0.5062
V 0.05786 0.01255 -0.17229 0.0000 0.4191 -0.9080 0.3014 0.5062
T
V 0.09643 0.05000 -0.15500 0.0000 0.4191 -0.9080 0.3457 0.4650
V 0.13500 0.05000 -0.15500 0.0000 0.4191 -0.9080 0.3900 0.4650
V 0.13500 0.01255 -0.17229 0.0000 0.4191 -0.9080 0.3900 0.5062
T
V 0.09643 0.05000 -0.15500 0.0000 0.4191 -0.9080 0.3457 0.4650
V 0.13500 0.01255 -0.17229 0.0000 0.4191 -0.9080 0.3900 0.5062
V 0.09643 0.01255 -0.17229 0.0000 0.4191 -0.9080 0.3457 0.5062
T
V -0.13500 0.01255 -0.17229 0.0000 0.4191 -0.9080 0.0800 0.5062
V -0.09643 0.01255 -0.17229 0.0000 0.4191 -0.9080 0.1243 0.5062
V -0.09643 -0.02491 -0.18957 0.0000 0.4191 -0.9080 0.1243 0.5475
T
V -0.13500 0.01255 -0.17229 0.0000 0.4191 -0.9080 0.0800 0.5062
V -0.09643 -0.02491 -0.18957 0.0000 0.4191 -0.9080 0.1243 0.5475
V -0.13500 -0.02491 -0.18957 0.0000 0.4191 -0.9080 0.0800 0.5475
T
V -0.09643 0.01255 -0.17229 0.0000 0.4191 -0.9080 0.1243 0.5062
V -0.05786 0.01255 -0.17229 0.0000 0.4191 -0.9080 0.1686 0.5062
V -0.05786 -0.02491 -0.18957 0.0000 0.4191 -0.9080 0.1686 0.5475
T
V -0.09643 0.01255 -0.17229 0.0000 0.4191 -0.9080 0.1243 0.5062
V -0.05786 -0.02491 -0.18957 0.0000 0.4191 -0.9080 0.1686 0.5475
V -0.09643 -0.02491 -0.18957 0.0000 0.4191 -0.9080 0.1243 0.5475
T
V -0.05786 0.01255 -0.17229 0.0000 0.4191 -0.9080 0.1686 0.5062
V -0.01929 0.01255 -0.17229 0.0000 0.4191 -0.9080 0.2129 0.5062
V -0.01929 -0.02491 -0.18957 0.0000 0.4191 -0.9080 0.2129 0.5475
T
V -0.05786 0.01255 -0.17229 0.0000 0.4191 -0.9080 0.1686 0.5062
V -0.01929 -0.02491 -0.18957 0.0000 0.4191 -0.9080 0.2129 0.5475
V -0.05786 -0.02491 -0.18957 0.0000 0.4191 -0.9080 0.1686 0.5475
T
V -0.01929 0.01255 -0.17229 0.0000 0.4191 -0.9080 0.2129 0.5062
V 0.01929 0.01255 -0.17229 0.0000 0.4191 -0.9080 0.2571 0.5062
V 0.01929 -0.02491 -0.18957 0.0000 0.4191 -0.9080 0.2571 0.5475
T
V -0.01929 0.01255 -0.17229 0.0000 0.4191 -0.9080 0.2129 0.5062
V 0.01929 -0.02491 -0.18957 0.0000 0.4191 -0.9080 0.2571 0.5475
V -0.01929 -0.02491 -0.18957 0.0000 0.4191 -0.9080 0.2129 0.5475
T
V 0.01929 0.01255 -0.17229 0.0000 0.4191 -0.9080 0.2571 0.5062
V 0.05786 0.01255 -0.17229 0.0000 0.4191 -0.9080 0.3014 0.5062
V 0.05786 -0.02491 -0.18957 0.0000 0.4191 -0.9080 0.3014 0.5475
T
V 0.01929 0.01255 -0.17229 0.0000 0.4191 -0.9080 0.2571 0.5062
V 0.05786 -0.02491 -0.18957 0.0000 0.4191 -0.9080 0.3014 0.5475
V 0.01929 -0.02491 -0.18957 0.0000 0.4191 -0.9080 0.2571 0.5475
T
V 0.05786 0.01255 -0.17229 0.0000 0.4191 -0.9080 0.3014 0.5062
V 0.09643 0.01255 -0.17229 0.0000 0.4191 -0.9080 0.3457 0.5062
V 0.09643 -0.02491 -0.18957 0.0000 0.4191 -0.9080 0.3457 0.5475
T
V 0.05786 0.01255 -0.17229 0.0000 0.4191 -0.9080 0.3014 0.5062
V 0.09643 -0.02491 -0.18957 0.0000 0.4191 -0.9080 0.3457 0.5475
V 0.05786 -0.02491 -0.18957 0.0000 0.4191 -0.9080 0.3014 0.5475
T
V 0.09643 0.01255 -0.17229 0.0000 0.4191 -0.9080 0.3457 0.5062
V 0.13500 0.01255 -0.17229 0.0000 0.4191 -0.9080 0.3900 0.5062
V 0.13500 -0.02491 -0.18957 0.0000 0.4191 -0.9080 0.3900 0.5475
T
V 0.09643 0.01255 -0.17229 0.0000 0.4191 -0.9080 0.3457 0.5062
V 0.13500 -0.02491 -0.18957 0.0000 0.4191 -0.9080 0.3900 0.5475
V 0.09643 -0.02491 -0.18957 0.0000 0.4191 -0.9080 0.3457 0.5475
T
V -0.13500 -0.02491 -0.18957 0.0000 0.4191 -0.9080 0.0800 0.5475
V -0.09643 -0.02491 -0.18957 0.0000 0.4191 -0.9080 0.1243 0.5475
V -0.09643 -0.06236 -0.20686 0.0000 0.4191 -0.9080 0.1243 0.5887
T
V -0.13500 -0.02491 -0.18957 0.0000 0.4191 -0.9080 0.0800 0.5475
V -0.09643 -0.06236 -0.20686 0.0000 0.4191 -0.9080 0.1243 0.5887
V -0.13500 -0.06236 -0.20686 0.0000 0.4191 -0.9080 0.0800 0.5887
T
V -0.09643 -0.02491 -0.18957 0.0000 0.4191 -0.9080 0.1243 0.5475
V -0.05786 -0.02491 -0.18957 0.0000 0.4191 -0.9080 0.1686 0.5475
V -0.05786 -0.06236 -0.20686 0.0000 0.4191 -0.9080 0.1686 0.5887
T
V -0.09643 -0.02491 -0.18957 0.0000 0.4191 -0.9080 0.1243 0.5475
V -0.05786 -0.06236 -0.20686 0.0000 0.4191 -0.9080 0.1686 0.5887
V -0.09643 -0.06236 -0.20686 0.0000 0.4191 -0.9080 0.1243 0.5887
T
V -0.05786 -0.02491 -0.18957 0.0000 0.4191 -0.9080 0.1686 0.5475
V -0.01929 -0.02491 -0.18957 0.0000 0.4191 -0.9080 0.2129 0.5475
V -0.01929 -0.06236 -0.20686 0.0000 0.4191 -0.9080 0.2129 0.5887
T
V -0.05786 -0.02491 -0.18957 0.0000 0.4191 -0.9080 0.1686 0.5475
V -0.01929 -0.06236 -0.20686 0.0000 0.4191 -0.9080 0.2129 0.5887
V -0.05786 -0.06236 -0.20686 0.0000 0.4191 -0.9080 0.1686 0.5887
T
V -0.01929 -0.02491 -0.18957 0.0000 0.4191 -0.9080 0.2129 0.5475
V 0.01929 -0.02491 -0.18957 0.0000 0.4191 -0.9080 0.2571 0.5475
V 0.01929 -0.06236 -0.20686 0.0000 0.4191 -0.9080 0.2571 0.5887
T
V -0.01929 -0.02491 -0.18957 0.0000 0.4191 -0.9080 0.2129 0.5475
V 0.01929 -0.06236 -0.20686 0.0000 0.4191 -0.9080 0.2571 0.5887
V -0.01929 -0.06236 -0.20686 0.0000 0.4191 -0.9080 0.2129 0.5887
T
V 0.01929 -0.02491 -0.18957 0.0000 0.4191 -0.9080 0.2571 0.5475
V 0.05786 -0.02491 -0.18957 0.0000 0.4191 -0.9080 0.3014 0.5475
V 0.05786 -0.06236 -0.20686 0.0000 0.4191 -0.9080 0.3014 0.5887
T
V 0.01929 -0.02491 -0.18957 0.0000 0.4191 -0.9080 0.2571 0.5475
V 0.05786 -0.06236 -0.20686 0.0000 0.4191 -0.9080 0.3014 0.5887
V 0.01929 -0.06236 -0.20686 0.0000 0.4191 -0.9080 0.2571 0.5887
T
V 0.05786 -0.02491 -0.18957 0.0000 0.4191 -0.9080 0.3014 0.5475
V 0.09643 -0.02491 -0.18957 0.0000 0.4191 -0.9080 0.3457 0.5475
V 0.09643 -0.06236 -0.20686 0.0000 0.4191 -0.9080 0.3457 0.5887
T
V 0.05786 -0.02491 -0.18957 0.0000 0.4191 -0.9080 0.3014 0.5475
V 0.09643 -0.06236 -0.20686 0.0000 0.4191 -0.9080 0.3457 0.5887
V 0.05786 -0.06236 -0.20686 0.0000 0.4191 -0.9080 0.3014 0.5887
T
V 0.09643 -0.02491 -0.18957 0.0000 0.4191 -0.9080 0.3457 0.5475
V 0.13500 -0.02491 -0.18957 0.0000 0.4191 -0.9080 0.3900 0.5475
V 0.13500 -0.06236 -0.20686 0.0000 0.4191 -0.9080 0.3900 0.5887
T
V 0.09643 -0.02491 -0.18957 0.0000 0.4191 -0.9080 0.3457 0.5475
V 0.13500 -0.06236 -0.20686 0.0000 0.4191 -0.9080 0.3900 0.5887
V 0.09643 -0.06236 -0.20686 0.0000 0.4191 -0.9080 0.3457 0.5887
T
V -0.13500 -0.06236 -0.20686 0.0000 0.4191 -0.9080 0.0800 0.5887
V -0.09643 -0.06236 -0.20686 0.0000 0.4191 -0.9080 0.1243 0.5887
V -0.09643 -0.09981 -0.22414 0.0000 0.4191 -0.9080 0.1243 0.6300
T
V -0.13500 -0.06236 -0.20686 0.0000 0.4191 -0.9080 0.0800 0.5887
V -0.09643 -0.09981 -0.22414 0.0000 0.4191 -0.9080 0.1243 0.6300
V -0.13500 -0.09981 -0.22414 0.0000 0.4191 -0.9080 0.0800 0.6300
T
V -0.09643 -0.06236 -0.20686 0.0000 0.4191 -0.9080 0.1243 0.5887
V -0.05786 -0.06236 -0.20686 0.0000 0.4191 -0.9080 0.1686 0.5887
V -0.05786 -0.09981 -0.22414 0.0000 0.4191 -0.9080 0.1686 0.6300
T
V -0.09643 -0.06236 -0.20686 0.0000 0.4191 -0.9080 0.1243 0.5887
V -0.05786 -0.09981 -0.22414 0.0000 0.4191 -0.9080 0.1686 0.6300
V -0.09643 -0.09981 -0.22414 0.0000 0.4191 -0.9080 0.1243 0.6300
T
V -0.05786 -0.06236 -0.20686 0.0000 0.4191 -0.9080 0.1686 0.5887
V -0.01929 -0.06236 -0.20686 0.0000 0.4191 -0.9080 0.2129 0.5887
V -0.01929 -0.09981 -0.22414 0.0000 0.4191 -0.9080 0.2129 0.6300
T
V -0.05786 -0.06236 -0.20686 0.0000 0.4191 -0.9080 0.1686 0.5887
V -0.01929 -0.09981 -0.22414 0.0000 0.4191 -0.9080 0.2129 0.6300
V -0.05786 -0.09981 -0.22414 0.0000 0.4191 -0.9080 0.1686 0.6300
T
V -0.01929 -0.06236 -0.20686 0.0000 0.4191 -0.9080 0.2129 0.5887
V 0.01929 -0.06236 -0.20686 0.0000 0.4191 -0.9080 0.2571 0.5887
V 0.01929 -0.09981 -0.22414 0.0000 0.4191 -0.9080 0.2571 0.6300
T
V -0.01929 -0.06236 -0.20686 0.0000 0.4191 -0.9080 0.2129 0.5887
V 0.01929 -0.09981 -0.22414 0.0000 0.4191 -0.9080 0.2571 0.6300
V -0.01929 -0.09981 -0.22414 0.0000 0.4191 -0.9080 0.2129 0.6300
T
V 0.01929 -0.06236 -0.20686 0.0000 0.4191 -0.9080 0.2571 0.5887
V 0.05786 -0.06236 -0.20686 0.0000 0.4191 -0.9080 0.3014 0.5887
V 0.05786 -0.09981 -0.22414 0.0000 0.4191 -0.9080 0.3014 0.6300
T
V 0.01929 -0.06236 -0.20686 0.0000 0.4191 -0.9080 0.2571 0.5887
V 0.05786 -0.09981 -0.22414 0.0000 0.4191 -0.9080 0.3014 0.6300
V 0.01929 -0.09981 -0.22414 0.0000 0.4191 -0.9080 0.2571 0.6300
T
V 0.05786 -0.06236 -0.20686 0.0000 0.4191 -0.9080 0.3014 0.5887
V 0.09643 -0.06236 -0.20686 0.0000 0.4191 -0.9080 0.3457 0.5887
V 0.09643 -0.09981 -0.22414 0.0000 0.4191 -0.9080 0.3457 0.6300
T
V 0.05786 -0.06236 -0.20686 0.0000 0.4191 -0.9080 0.3014 0.5887
V 0.09643 -0.09981 -0.22414 0.0000 0.4191 -0.9080 0.3457 0.6300
V 0.05786 -0.09981 -0.22414 0.0000 0.4191 -0.9080 0.3014 0.6300
T
V 0.09643 -0.06236 -0.20686 0.0000 0.4191 -0.9080 0.3457 0.5887
V 0.13500 -0.06236 -0.20686 0.0000 0.4191 -0.9080 0.3900 0.5887
V 0.13500 -0.09981 -0.22414 0.0000 0.4191 -0.9080 0.3900 0.6300
T
V 0.09643 -0.06236 -0.20686 0.0000 0.4191 -0.9080 0.3457 0.5887
V 0.13500 -0.09981 -0.22414 0.0000 0.4191 -0.9080 0.3900 0.6300
V 0.09643 -0.09981 -0.22414 0.0000 0.4191 -0.9080 0.3457 0.6300
T
BONE Spine
V 0.00000 0.13000 0.00000 0.0000 1.0000 0.0000 0.6250 0.8750
V 0.09405 0.10899 0.00000 0.4469 0.8946 0.0000 0.6250 0.8750
V 0.00000 0.13000 0.00000 0.0000 1.0000 0.0000 0.6250 0.8750
T
V 0.00000 0.13000 0.00000 0.0000 1.0000 0.0000 0.6250 0.8750
V 0.09405 0.10899 0.00000 0.4469 0.8946 0.0000 0.6250 0.8750
V 0.07608 0.10899 0.04146 0.3522 0.8715 0.3412 0.6250 0.8750
T
V 0.00000 0.13000 0.00000 0.0000 1.0000 0.0000 0.6250 0.8750
V 0.07608 0.10899 0.04146 0.3522 0.8715 0.3412 0.6250 0.8750
V 0.00000 0.13000 0.00000 0.0000 1.0000 0.0000 0.6250 0.8750
T
V 0.00000 0.13000 0.00000 0.0000 1.0000 0.0000 0.6250 0.8750
V 0.07608 0.10899 0.04146 0.3522 0.8715 0.3412 0.6250 0.8750
V 0.02906 0.10899 0.06708 0.1293 0.8377 0.5306 0.6250 0.8750
T
V 0.00000 0.13000 0.00000 0.0000 1.0000 0.0000 0.6250 0.8750
V 0.02906 0.10899 0.06708 0.1293 0.8377 0.5306 0.6250 0.8750
V 0.00000 0.13000 0.00000 -0.0000 1.0000 0.0000 0.6250 0.8750
T
V 0.00000 0.13000 0.00000 -0.0000 1.0000 0.0000 0.6250 0.8750
V 0.02906 0.10899 0.06708 0.1293 0.8377 0.5306 0.6250 0.8750
V -0.02906 0.10899 0.06708 -0.1293 0.8377 0.5306 0.6250 0.8750
T
V 0.00000 0.13000 0.00000 -0.0000 1.0000 0.0000 0.6250 0.8750
V -0.02906 0.10899 0.06708 -0.1293 0.8377 0.5306 0.6250 0.8750
V 0.00000 0.13000 0.00000 -0.0000 1.0000 0.0000 0.6250 0.8750
T
V 0.00000 0.13000 0.00000 -0.0000 1.0000 0.0000 0.6250 0.8750
V -0.02906 0.10899 0.06708 -0.1293 0.8377 0.5306 0.6250 0.8750
V -0.07608 0.10899 0.04146 -0.3522 0.8715 0.3412 0.6250 0.8750
T
V 0.00000 0.13000 0.00000 -0.0000 1.0000 0.0000 0.6250 0.8750
V -0.07608 0.10899 0.04146 -0.3522 0.8715 0.3412 0.6250 0.8750
V 0.00000 0.13000 0.00000 -0.0000 1.0000 0.0000 0.6250 0.8750
T
V 0.00000 0.13000 0.00000 -0.0000 1.0000 0.0000 0.6250 0.8750
V -0.07608 0.10899 0.04146 -0.3522 0.8715 0.3412 0.6250 0.8750
V -0.09405 0.10899 0.00000 -0.4469 0.8946 0.0000 0.6250 0.8750
T
V 0.00000 0.13000 0.00000 -0.0000 1.0000 0.0000 0.6250 0.8750
V -0.09405 0.10899 0.00000 -0.4469 0.8946 0.0000 0.6250 0.8750
V 0.00000 0.13000 0.00000 -0.0000 1.0000 -0.0000 0.6250 0.8750
T
V 0.00000 0.13000 0.00000 -0.0000 1.0000 -0.0000 0.6250 0.8750
V -0.09405 0.10899 0.00000 -0.4469 0.8946 0.0000 0.6250 0.8750
V -0.07608 0.10899 -0.04146 -0.3522 0.8715 -0.3412 0.6250 0.8750
T
V 0.00000 0.13000 0.00000 -0.0000 1.0000 -0.0000 0.6250 0.8750
V -0.07608 0.10899 -0.04146 -0.3522 0.8715 -0.3412 0.6250 0.8750
V 0.00000 0.13000 0.00000 -0.0000 1.0000 -0.0000 0.6250 0.8750
T
V 0.00000 0.13000 0.00000 -0.0000 1.0000 -0.0000 0.6250 0.8750
V -0.07608 0.10899 -0.04146 -0.3522 0.8715 -0.3412 0.6250 0.8750
V -0.02906 0.10899 -0.06708 -0.1293 0.8377 -0.5306 0.6250 0.8750
T
V 0.00000 0.13000 0.00000 -0.0000 1.0000 -0.0000 0.6250 0.8750
V -0.02906 0.10899 -0.06708 -0.1293 0.8377 -0.5306 0.6250 0.8750
V 0.00000 0.13000 0.00000 0.0000 1.0000 -0.0000 0.6250 0.8750
T
V 0.00000 0.13000 0.00000 0.0000 1.0000 -0.0000 0.6250 0.8750
V -0.02906 0.10899 -0.06708 -0.1293 0.8377 -0.5306 0.6250 0.8750
V 0.02906 0.10899 -0.06708 0.1293 0.8377 -0.5306 0.6250 0.8750
T
V 0.00000 0.13000 0.00000 0.0000 1.0000 -0.0000 0.6250 0.8750
V 0.02906 0.10899 -0.06708 0.1293 0.8377 -0.5306 0.6250 0.8750
V 0.00000 0.13000 0.00000 0.0000 1.0000 -0.0000 0.6250 0.8750
T
V 0.00000 0.13000 0.00000 0.0000 1.0000 -0.0000 0.6250 0.8750
V 0.02906 0.10899 -0.06708 0.1293 0.8377 -0.5306 0.6250 0.8750
V 0.07608 0.10899 -0.04146 0.3522 0.8715 -0.3412 0.6250 0.8750
T
V 0.00000 0.13000 0.00000 0.0000 1.0000 -0.0000 0.6250 0.8750
V 0.07608 0.10899 -0.04146 0.3522 0.8715 -0.3412 0.6250 0.8750
V 0.00000 0.13000 0.00000 0.0000 1.0000 -0.0000 0.6250 0.8750
T
V 0.00000 0.13000 0.00000 0.0000 1.0000 -0.0000 0.6250 0.8750
V 0.07608 0.10899 -0.04146 0.3522 0.8715 -0.3412 0.6250 0.8750
V 0.09405 0.10899 -0.00000 0.4469 0.8946 -0.0000 0.6250 0.8750
T
V 0.09405 0.10899 0.00000 0.4469 0.8946 0.0000 0.6250 0.8750
V 0.15217 0.05399 0.00000 0.9041 0.4273 0.0000 0.6250 0.8750
V 0.07608 0.10899 0.04146 0.3522 0.8715 0.3412 0.6250 0.8750
T
V 0.07608 0.10899 0.04146 0.3522 0.8715 0.3412 0.6250 0.8750
V 0.15217 0.05399 0.00000 0.9041 0.4273 0.0000 0.6250 0.8750
V 0.12311 0.05399 0.06708 0.6623 0.3869 0.6416 0.6250 0.8750
T
V 0.07608 0.10899 0.04146 0.3522 0.8715 0.3412 0.6250 0.8750
V 0.12311 0.05399 0.06708 0.6623 0.3869 0.6416 0.6250 0.8750
V 0.02906 0.10899 0.06708 0.1293 0.8377 0.5306 0.6250 0.8750
T
V 0.02906 0.10899 0.06708 0.1293 0.8377 0.5306 0.6250 0.8750
V 0.12311 0.05399 0.06708 0.6623 0.3869 0.6416 0.6250 0.8750
V 0.04702 0.05399 0.10854 0.2226 0.3405 0.9135 0.6250 0.8750
T
V 0.02906 0.10899 0.06708 0.1293 0.8377 0.5306 0.6250 0.8750
V 0.04702 0.05399 0.10854 0.2226 0.3405 0.9135 0.6250 0.8750
V -0.02906 0.10899 0.06708 -0.1293 0.8377 0.5306 0.6250 0.8750
T
V -0.02906 0.10899 0.06708 -0.1293 0.8377 0.5306 0.6250 0.8750
V 0.04702 0.05399 0.10854 0.2226 0.3405 0.9135 0.6250 0.8750
V -0.04702 0.05399 0.10854 -0.2226 0.3405 0.9135 0.6250 0.8750
T
V -0.02906 0.10899 0.06708 -0.1293 0.8377 0.5306 0.6250 0.8750
V -0.04702 0.05399 0.10854 -0.2226 0.3405 0.9135 0.6250 0.8750
V -0.07608 0.10899 0.04146 -0.3522 0.8715 0.3412 0.6250 0.8750
T
V -0.07608 0.10899 0.04146 -0.3522 0.8715 0.3412 0.6250 0.8750
V -0.04702 0.05399 0.10854 -0.2226 0.3405 0.9135 0.6250 0.8750
V -0.12311 0.05399 0.06708 -0.6623 0.3869 0.6416 0.6250 0.8750
T
V -0.07608 0.10899 0.04146 -0.3522 0.8715 0.3412 0.6250 0.8750
V -0.12311 0.05399 0.06708 -0.6623 0.3869 0.6416 0.6250 0.8750
V -0.09405 0.10899 0.00000 -0.4469 0.8946 0.0000 0.6250 0.8750
T
V -0.09405 0.10899 0.00000 -0.4469 0.8946 0.0000 0.6250 0.8750
V -0.12311 0.05399 0.06708 -0.6623 0.3869 0.6416 0.6250 0.8750
V -0.15217 0.05399 0.00000 -0.9041 0.4273 0.0000 0.6250 0.8750
T
V -0.09405 0.10899 0.00000 -0.4469 0.8946 0.0000 0.6250 0.8750
V -0.15217 0.05399 0.00000 -0.9041 0.4273 0.0000 0.6250 0.8750
V -0.07608 0.10899 -0.04146 -0.3522 0.8715 -0.3412 0.6250 0.8750
T
V -0.07608 0.10899 -0.04146 -0.3522 0.8715 -0.3412 0.6250 0.8750
V -0.15217 0.05399 0.00000 -0.9041 0.4273 0.0000 0.6250 0.8750
V -0.12311 0.05399 -0.06708 -0.6623 0.3869 -0.6416 0.6250 0.8750
T
V -0.07608 0.10899 -0.04146 -0.3522 0.8715 -0.3412 0.6250 0.8750
V -0.12311 0.05399 -0.06708 -0.6623 0.3869 -0.6416 0.6250 0.8750
V -0.02906 0.10899 -0.06708 -0.1293 0.8377 -0.5306 0.6250 0.8750
T
V -0.02906 0.10899 -0.06708 -0.1293 0.8377 -0.5306 0.6250 0.8750
V -0.12311 0.05399 -0.06708 -0.6623 0.3869 -0.6416 0.6250 0.8750
V -0.04702 0.05399 -0.10854 -0.2226 0.3405 -0.9135 0.6250 0.8750
T
V -0.02906 0.10899 -0.06708 -0.1293 0.8377 -0.5306 0.6250 0.8750
V -0.04702 0.05399 -0.10854 -0.2226 0.3405 -0.9135 0.6250 0.8750
V 0.02906 0.10899 -0.06708 0.1293 0.8377 -0.5306 0.6250 0.8750
T
V 0.02906 0.10899 -0.06708 0.1293 0.8377 -0.5306 0.6250 0.8750
V -0.04702 0.05399 -0.10854 -0.2226 0.3405 -0.9135 0.6250 0.8750
V 0.04702 0.05399 -0.10854 0.2226 0.3405 -0.9135 0.6250 0.8750
T
V 0.02906 0.10899 -0.06708 0.1293 0.8377 -0.5306 0.6250 0.8750
V 0.04702 0.05399 -0.10854 0.2226 0.3405 -0.9135 0.6250 0.8750
V 0.07608 0.10899 -0.04146 0.3522 0.8715 -0.3412 0.6250 0.8750
T
V 0.07608 0.10899 -0.04146 0.3522 0.8715 -0.3412 0.6250 0.8750
V 0.04702 0.05399 -0.10854 0.2226 0.3405 -0.9135 0.6250 0.8750
V 0.12311 0.05399 -0.06708 0.6623 0.3869 -0.6416 0.6250 0.8750
T
V 0.07608 0.10899 -0.04146 0.3522 0.8715 -0.3412 0.6250 0.8750
V 0.12311 0.05399 -0.06708 0.6623 0.3869 -0.6416 0.6250 0.8750
V 0.09405 0.10899 -0.00000 0.4469 0.8946 -0.0000 0.6250 0.8750
T
V 0.09405 0.10899 -0.00000 0.4469 0.8946 -0.0000 0.6250 0.8750
V 0.12311 0.05399 -0.06708 0.6623 0.3869 -0.6416 0.6250 0.8750
V 0.15217 0.05399 -0.00000 0.9041 0.4273 -0.0000 0.6250 0.8750
T
V 0.15217 0.05399 0.00000 0.9041 0.4273 0.0000 0.6250 0.8750
V 0.15217 -0.01399 0.00000 0.9041 -0.4273 0.0000 0.6250 0.8750
V 0.12311 0.05399 0.06708 0.6623 0.3869 0.6416 0.6250 0.8750
T
V 0.12311 0.05399 0.06708 0.6623 0.3869 0.6416 0.6250 0.8750
V 0.15217 -0.01399 0.00000 0.9041 -0.4273 0.0000 0.6250 0.8750
V 0.12311 -0.01399 0.06708 0.6623 -0.3869 0.6416 0.6250 0.8750
T
V 0.12311 0.05399 0.06708 0.6623 0.3869 0.6416 0.6250 0.8750
V 0.12311 -0.01399 0.06708 0.6623 -0.3869 0.6416 0.6250 0.8750
V 0.04702 0.05399 0.10854 0.2226 0.3405 0.9135 0.6250 0.8750
T
V 0.04702 0.05399 0.10854 0.2226 0.3405 0.9135 0.6250 0.8750
V 0.12311 -0.01399 0.06708 0.6623 -0.3869 0.6416 0.6250 0.8750
V 0.04702 -0.01399 0.10854 0.2226 -0.3405 0.9135 0.6250 0.8750
T
V 0.04702 0.05399 0.10854 0.2226 0.3405 0.9135 0.6250 0.8750
V 0.04702 -0.01399 0.10854 0.2226 -0.3405 0.9135 0.6250 0.8750
V -0.04702 0.05399 0.10854 -0.2226 0.3405 0.9135 0.6250 0.8750
T
V -0.04702 0.05399 0.10854 -0.2226 0.3405 0.9135 0.6250 0.8750
V 0.04702 -0.01399 0.10854 0.2226 -0.3405 0.9135 0.6250 0.8750
V -0.04702 -0.01399 0.10854 -0.2226 -0.3405 0.9135 0.6250 0.8750
T
V -0.04702 0.05399 0.10854 -0.2226 0.3405 0.9135 0.6250 0.8750
V -0.04702 -0.01399 0.10854 -0.2226 -0.3405 0.9135 0.6250 0.8750
V -0.12311 0.05399 0.06708 -0.6623 0.3869 0.6416 0.6250 0.8750
T
V -0.12311 0.05399 0.06708 -0.6623 0.3869 0.6416 0.6250 0.8750
V -0.04702 -0.01399 0.10854 -0.2226 -0.3405 0.9135 0.6250 0.8750
V -0.12311 -0.01399 0.06708 -0.6623 -0.3869 0.6416 0.6250 0.8750
T
V -0.12311 0.05399 0.06708 -0.6623 0.3869 0.6416 0.6250 0.8750
V -0.12311 -0.01399 0.06708 -0.6623 -0.3869 0.6416 0.6250 0.8750
V -0.15217 0.05399 0.00000 -0.9041 0.4273 0.0000 0.6250 0.8750
T
V -0.15217 0.05399 0.00000 -0.9041 0.4273 0.0000 0.6250 0.8750
V -0.12311 -0.01399 0.06708 -0.6623 -0.3869 0.6416 0.6250 0.8750
V -0.15217 -0.01399 0.00000 -0.9041 -0.4273 0.0000 0.6250 0.8750
T
V -0.15217 0.05399 0.00000 -0.9041 0.4273 0.0000 0.6250 0.8750
V -0.15217 -0.01399 0.00000 -0.9041 -0.4273 0.0000 0.6250 0.8750
V -0.12311 0.05399 -0.06708 -0.6623 0.3869 -0.6416 0.6250 0.8750
T
V -0.12311 0.05399 -0.06708 -0.6623 0.3869 -0.6416 0.6250 0.8750
V -0.15217 -0.01399 0.00000 -0.9041 -0.4273 0.0000 0.6250 0.8750
V -0.12311 -0.01399 -0.06708 -0.6623 -0.3869 -0.6416 0.6250 0.8750
T
V -0.12311 0.05399 -0.06708 -0.6623 0.3869 -0.6416 0.6250 0.8750
V -0.12311 -0.01399 -0.06708 -0.6623 -0.3869 -0.6416 0.6250 0.8750
V -0.04702 0.05399 -0.10854 -0.2226 0.3405 -0.9135 0.6250 0.8750
T
V -0.04702 0.05399 -0.10854 -0.2226 0.3405 -0.9135 0.6250 0.8750
V -0.12311 -0.01399 -0.06708 -0.6623 -0.3869 -0.6416 0.6250 0.8750
V -0.04702 -0.01399 -0.10854 -0.2226 -0.3405 -0.9135 0.6250 0.8750
T
V -0.04702 0.05399 -0.10854 -0.2226 0.3405 -0.9135 0.6250 0.8750
V -0.04702 -0.01399 -0.10854 -0.2226 -0.3405 -0.9135 0.6250 0.8750
V 0.04702 0.05399 -0.10854 0.2226 0.3405 -0.9135 0.6250 0.8750
T
V 0.04702 0.05399 -0.10854 0.2226 0.3405 -0.9135 0.6250 0.8750
V -0.04702 -0.01399 -0.10854 -0.2226 -0.3405 -0.9135 0.6250 0.8750
V 0.04702 -0.01399 -0.10854 0.2226 -0.3405 -0.9135 0.6250 0.8750
T
V 0.04702 0.05399 -0.10854 0.2226 0.3405 -0.9135 0.6250 0.8750
V 0.04702 -0.01399 -0.10854 0.2226 -0.3405 -0.9135 0.6250 0.8750
V 0.12311 0.05399 -0.06708 0.6623 0.3869 -0.6416 0.6250 0.8750
T
V 0.12311 0.05399 -0.06708 0.6623 0.3869 -0.6416 0.6250 0.8750
V 0.04702 -0.01399 -0.10854 0.2226 -0.3405 -0.9135 0.6250 0.8750
V 0.12311 -0.01399 -0.06708 0.6623 -0.3869 -0.6416 0.6250 0.8750
T
V 0.12311 0.05399 -0.06708 0.6623 0.3869 -0.6416 0.6250 0.8750
V 0.12311 -0.01399 -0.06708 0.6623 -0.3869 -0.6416 0.6250 0.8750
V 0.15217 0.05399 -0.00000 0.9041 0.4273 -0.0000 0.6250 0.8750
T
V 0.15217 0.05399 -0.00000 0.9041 0.4273 -0.0000 0.6250 0.8750
V 0.12311 -0.01399 -0.06708 0.6623 -0.3869 -0.6416 0.6250 0.8750
V 0.15217 -0.01399 -0.00000 0.9041 -0.4273 -0.0000 0.6250 0.8750
T
V 0.15217 -0.01399 0.00000 0.9041 -0.4273 0.0000 0.6250 0.8750
V 0.09405 -0.06899 0.00000 0.4469 -0.8946 0.0000 0.6250 0.8750
V 0.12311 -0.01399 0.06708 0.6623 -0.3869 0.6416 0.6250 0.8750
T
V 0.12311 -0.01399 0.06708 0.6623 -0.3869 0.6416 0.6250 0.8750
V 0.09405 -0.06899 0.00000 0.4469 -0.8946 0.0000 0.6250 0.8750
V 0.07608 -0.06899 0.04146 0.3522 -0.8715 0.3412 0.6250 0.8750
T
V 0.12311 -0.01399 0.06708 0.6623 -0.3869 0.6416 0.6250 0.8750
V 0.07608 -0.06899 0.04146 0.3522 -0.8715 0.3412 0.6250 0.8750
V 0.04702 -0.01399 0.10854 0.2226 -0.3405 0.9135 0.6250 0.8750
T
V 0.04702 -0.01399 0.10854 0.2226 -0.3405 0.9135 0.6250 0.8750
V 0.07608 -0.06899 0.04146 0.3522 -0.8715 0.3412 0.6250 0.8750
V 0.02906 -0.06899 0.06708 0.1293 -0.8377 0.5306 0.6250 0.8750
T
V 0.04702 -0.01399 0.10854 0.2226 -0.3405 0.9135 0.6250 0.8750
V 0.02906 -0.06899 0.06708 0.1293 -0.8377 0.5306 0.6250 0.8750
V -0.04702 -0.01399 0.10854 -0.2226 -0.3405 0.9135 0.6250 0.8750
T
V -0.04702 -0.01399 0.10854 -0.2226 -0.3405 0.9135 0.6250 0.8750
V 0.02906 -0.06899 0.06708 0.1293 -0.8377 0.5306 0.6250 0.8750
V -0.02906 -0.06899 0.06708 -0.1293 -0.8377 0.5306 0.6250 0.8750
T
V -0.04702 -0.01399 0.10854 -0.2226 -0.3405 0.9135 0.6250 0.8750
V -0.02906 -0.06899 0.06708 -0.1293 -0.8377 0.5306 0.6250 0.8750
V -0.12311 -0.01399 0.06708 -0.6623 -0.3869 0.6416 0.6250 0.8750
T
V -0.12311 -0.01399 0.06708 -0.6623 -0.3869 0.6416 0.6250 0.8750
V -0.02906 -0.06899 0.06708 -0.1293 -0.8377 0.5306 0.6250 0.8750
V -0.07608 -0.06899 0.04146 -0.3522 -0.8715 0.3412 0.6250 0.8750
T
V -0.12311 -0.01399 0.06708 -0.6623 -0.3869 0.6416 0.6250 0.8750
V -0.07608 -0.06899 0.04146 -0.3522 -0.8715 0.3412 0.6250 0.8750
V -0.15217 -0.01399 0.00000 -0.9041 -0.4273 0.0000 0.6250 0.8750
T
V -0.15217 -0.01399 0.00000 -0.9041 -0.4273 0.0000 0.6250 0.8750
V -0.07608 -0.06899 0.04146 -0.3522 -0.8715 0.3412 0.6250 0.8750
V -0.09405 -0.06899 0.00000 -0.4469 -0.8946 0.0000 0.6250 0.8750
T
V -0.15217 -0.01399 0.00000 -0.9041 -0.4273 0.0000 0.6250 0.8750
V -0.09405 -0.06899 0.00000 -0.4469 -0.8946 0.0000 0.6250 0.8750
V -0.12311 -0.01399 -0.06708 -0.6623 -0.3869 -0.6416 0.6250 0.8750
T
V -0.12311 -0.01399 -0.06708 -0.6623 -0.3869 -0.6416 0.6250 0.8750
V -0.09405 -0.06899 0.00000 -0.4469 -0.8946 0.0000 0.6250 0.8750
V -0.07608 -0.06899 -0.04146 -0.3522 -0.8715 -0.3412 0.6250 0.8750
T
V -0.12311 -0.01399 -0.06708 -0.6623 -0.3869 -0.6416 0.6250 0.8750
V -0.07608 -0.06899 -0.04146 -0.3522 -0.8715 -0.3412 0.6250 0.8750
V -0.04702 -0.01399 -0.10854 -0.2226 -0.3405 -0.9135 0.6250 0.8750
T
V -0.04702 -0.01399 -0.10854 -0.2226 -0.3405 -0.9135 0.6250 0.8750
V -0.07608 -0.06899 -0.04146 -0.3522 -0.8715 -0.3412 0.6250 0.8750
V -0.02906 -0.06899 -0.06708 -0.1293 -0.8377 -0.5306 0.6250 0.8750
T
V -0.04702 -0.01399 -0.10854 -0.2226 -0.3405 -0.9135 0.6250 0.8750
V -0.02906 -0.06899 -0.06708 -0.1293 -0.8377 -0.5306 0.6250 0.8750
V 0.04702 -0.01399 -0.10854 0.2226 -0.3405 -0.9135 0.6250 0.8750
T
V 0.04702 -0.01399 -0.10854 0.2226 -0.3405 -0.9135 0.6250 0.8750
V -0.02906 -0.06899 -0.06708 -0.1293 -0.8377 -0.5306 0.6250 0.8750
V 0.02906 -0.06899 -0.06708 0.1293 -0.8377 -0.5306 0.6250 0.8750
T
V 0.04702 -0.01399 -0.10854 0.2226 -0.3405 -0.9135 0.6250 0.8750
V 0.02906 -0.06899 -0.06708 0.1293 -0.8377 -0.5306 0.6250 0.8750
V 0.12311 -0.01399 -0.06708 0.6623 -0.3869 -0.6416 0.6250 0.8750
T
V 0.12311 -0.01399 -0.06708 0.6623 -0.3869 -0.6416 0.6250 0.8750
V 0.02906 -0.06899 -0.06708 0.1293 -0.8377 -0.5306 0.6250 0.8750
V 0.07608 -0.06899 -0.04146 0.3522 -0.8715 -0.3412 0.6250 0.8750
T
V 0.12311 -0.01399 -0.06708 0.6623 -0.3869 -0.6416 0.6250 0.8750
V 0.07608 -0.06899 -0.04146 0.3522 -0.8715 -0.3412 0.6250 0.8750
V 0.15217 -0.01399 -0.00000 0.9041 -0.4273 -0.0000 0.6250 0.8750
T
V 0.15217 -0.01399 -0.00000 0.9041 -0.4273 -0.0000 0.6250 0.8750
V 0.07608 -0.06899 -0.04146 0.3522 -0.8715 -0.3412 0.6250 0.8750
V 0.09405 -0.06899 -0.00000 0.4469 -0.8946 -0.0000 0.6250 0.8750
T
V 0.09405 -0.06899 0.00000 0.4469 -0.8946 0.0000 0.6250 0.8750
V 0.00000 -0.09000 0.00000 0.0000 -1.0000 0.0000 0.6250 0.8750
V 0.07608 -0.06899 0.04146 0.3522 -0.8715 0.3412 0.6250 0.8750
T
V 0.07608 -0.06899 0.04146 0.3522 -0.8715 0.3412 0.6250 0.8750
V 0.00000 -0.09000 0.00000 0.0000 -1.0000 0.0000 0.6250 0.8750
V 0.00000 -0.09000 0.00000 0.0000 -1.0000 0.0000 0.6250 0.8750
T
V 0.07608 -0.06899 0.04146 0.3522 -0.8715 0.3412 0.6250 0.8750
V 0.00000 -0.09000 0.00000 0.0000 -1.0000 0.0000 0.6250 0.8750
V 0.02906 -0.06899 0.06708 0.1293 -0.8377 0.5306 0.6250 0.8750
T
V 0.02906 -0.06899 0.06708 0.1293 -0.8377 0.5306 0.6250 0.8750
V 0.00000 -0.09000 0.00000 0.0000 -1.0000 0.0000 0.6250 0.8750
V 0.00000 -0.09000 0.00000 0.0000 -1.0000 0.0000 0.6250 0.8750
T
V 0.02906 -0.06899 0.06708 0.1293 -0.8377 0.5306 0.6250 0.8750
V 0.00000 -0.09000 0.00000 0.0000 -1.0000 0.0000 0.6250 0.8750
V -0.02906 -0.06899 0.06708 -0.1293 -0.8377 0.5306 0.6250 0.8750
T
V -0.02906 -0.06899 0.06708 -0.1293 -0.8377 0.5306 0.6250 0.8750
V 0.00000 -0.09000 0.00000 0.0000 -1.0000 0.0000 0.6250 0.8750
V -0.00000 -0.09000 0.00000 -0.0000 -1.0000 0.0000 0.6250 0.8750
T
V -0.02906 -0.06899 0.06708 -0.1293 -0.8377 0.5306 0.6250 0.8750
V -0.00000 -0.09000 0.00000 -0.0000 -1.0000 0.0000 0.6250 0.8750
V -0.07608 -0.06899 0.04146 -0.3522 -0.8715 0.3412 0.6250 0.8750
T
V -0.07608 -0.06899 0.04146 -0.3522 -0.8715 0.3412 0.6250 0.8750
V -0.00000 -0.09000 0.00000 -0.0000 -1.0000 0.0000 0.6250 0.8750
V -0.00000 -0.09000 0.00000 -0.0000 -1.0000 0.0000 0.6250 0.8750
T
V -0.07608 -0.06899 0.04146 -0.3522 -0.8715 0.3412 0.6250 0.8750
V -0.00000 -0.09000 0.00000 -0.0000 -1.0000 0.0000 0.6250 0.8750
V -0.09405 -0.06899 0.00000 -0.4469 -0.8946 0.0000 0.6250 0.8750
T
V -0.09405 -0.06899 0.00000 -0.4469 -0.8946 0.0000 0.6250 0.8750
V -0.00000 -0.09000 0.00000 -0.0000 -1.0000 0.0000 0.6250 0.8750
V -0.00000 -0.09000 0.00000 -0.0000 -1.0000 0.0000 0.6250 0.8750
T
V -0.09405 -0.06899 0.00000 -0.4469 -0.8946 0.0000 0.6250 0.8750
V -0.00000 -0.09000 0.00000 -0.0000 -1.0000 0.0000 0.6250 0.8750
V -0.07608 -0.06899 -0.04146 -0.3522 -0.8715 -0.3412 0.6250 0.8750
T
V -0.07608 -0.06899 -0.04146 -0.3522 -0.8715 -0.3412 0.6250 0.8750
V -0.00000 -0.09000 0.00000 -0.0000 -1.0000 0.0000 0.6250 0.8750
V -0.00000 -0.09000 -0.00000 -0.0000 -1.0000 -0.0000 0.6250 0.8750
T
V -0.07608 -0.06899 -0.04146 -0.3522 -0.8715 -0.3412 0.6250 0.8750
V -0.00000 -0.09000 -0.00000 -0.0000 -1.0000 -0.0000 0.6250 0.8750
V -0.02906 -0.06899 -0.06708 -0.1293 -0.8377 -0.5306 0.6250 0.8750
T
V -0.02906 -0.06899 -0.06708 -0.1293 -0.8377 -0.5306 0.6250 0.8750
V -0.00000 -0.09000 -0.00000 -0.0000 -1.0000 -0.0000 0.6250 0.8750
V -0.00000 -0.09000 -0.00000 -0.0000 -1.0000 -0.0000 0.6250 0.8750
T
V -0.02906 -0.06899 -0.06708 -0.1293 -0.8377 -0.5306 0.6250 0.8750
V -0.00000 -0.09000 -0.00000 -0.0000 -1.0000 -0.0000 0.6250 0.8750
V 0.02906 -0.06899 -0.06708 0.1293 -0.8377 -0.5306 0.6250 0.8750
T
V 0.02906 -0.06899 -0.06708 0.1293 -0.8377 -0.5306 0.6250 0.8750
V -0.00000 -0.09000 -0.00000 -0.0000 -1.0000 -0.0000 0.6250 0.8750
V 0.00000 -0.09000 -0.00000 0.0000 -1.0000 -0.0000 0.6250 0.8750
T
V 0.02906 -0.06899 -0.06708 0.1293 -0.8377 -0.5306 0.6250 0.8750
V 0.00000 -0.09000 -0.00000 0.0000 -1.0000 -0.0000 0.6250 0.8750
V 0.07608 -0.06899 -0.04146 0.3522 -0.8715 -0.3412 0.6250 0.8750
T
V 0.07608 -0.06899 -0.04146 0.3522 -0.8715 -0.3412 0.6250 0.8750
V 0.00000 -0.09000 -0.00000 0.0000 -1.0000 -0.0000 0.6250 0.8750
V 0.00000 -0.09000 -0.00000 0.0000 -1.0000 -0.0000 0.6250 0.8750
T
V 0.07608 -0.06899 -0.04146 0.3522 -0.8715 -0.3412 0.6250 0.8750
V 0.00000 -0.09000 -0.00000 0.0000 -1.0000 -0.0000 0.6250 0.8750
V 0.09405 -0.06899 -0.00000 0.4469 -0.8946 -0.0000 0.6250 0.8750
T
V 0.09405 -0.06899 -0.00000 0.4469 -0.8946 -0.0000 0.6250 0.8750
V 0.00000 -0.09000 -0.00000 0.0000 -1.0000 -0.0000 0.6250 0.8750
V 0.00000 -0.09000 -0.00000 0.0000 -1.0000 -0.0000 0.6250 0.8750
T
BONE Hips
V 0.00000 0.09000 0.00000 0.0000 1.0000 0.0000 0.6250 0.8750
V 0.09992 0.06517 0.00000 0.4857 0.8741 0.0000 0.6250 0.8750
V 0.00000 0.09000 0.00000 0.0000 1.0000 0.0000 0.6250 0.8750
T
V 0.00000 0.09000 0.00000 0.0000 1.0000 0.0000 0.6250 0.8750
V 0.09992 0.06517 0.00000 0.4857 0.8741 0.0000 0.6250 0.8750
V 0.08084 0.06517 0.04491 0.3820 0.8499 0.3630 0.6250 0.8750
T
V 0.00000 0.09000 0.00000 0.0000 1.0000 0.0000 0.6250 0.8750
V 0.08084 0.06517 0.04491 0.3820 0.8499 0.3630 0.6250 0.8750
V 0.00000 0.09000 0.00000 0.0000 1.0000 0.0000 0.6250 0.8750
T
V 0.00000 0.09000 0.00000 0.0000 1.0000 0.0000 0.6250 0.8750
V 0.08084 0.06517 0.04491 0.3820 0.8499 0.3630 0.6250 0.8750
V 0.03088 0.06517 0.07267 0.1399 0.8146 0.5629 0.6250 0.8750
T
V 0.00000 0.09000 0.00000 0.0000 1.0000 0.0000 0.6250 0.8750
V 0.03088 0.06517 0.07267 0.1399 0.8146 0.5629 0.6250 0.8750
V 0.00000 0.09000 0.00000 -0.0000 1.0000 0.0000 0.6250 0.8750
T
V 0.00000 0.09000 0.00000 -0.0000 1.0000 0.0000 0.6250 0.8750
V 0.03088 0.06517 0.07267 0.1399 0.8146 0.5629 0.6250 0.8750
V -0.03088 0.06517 0.07267 -0.1399 0.8146 0.5629 0.6250 0.8750
T
V 0.00000 0.09000 0.00000 -0.0000 1.0000 0.0000 0.6250 0.8750
V -0.03088 0.06517 0.07267 -0.1399 0.8146 0.5629 0.6250 0.8750
V 0.00000 0.09000 0.00000 -0.0000 1.0000 0.0000 0.6250 0.8750
T
V 0.00000 0.09000 0.00000 -0.0000 1.0000 0.0000 0.6250 0.8750
V -0.03088 0.06517 0.07267 -0.1399 0.8146 0.5629 0.6250 0.8750
V -0.08084 0.06517 0.04491 -0.3820 0.8499 0.3630 0.6250 0.8750
T
V 0.00000 0.09000 0.00000 -0.0000 1.0000 0.0000 0.6250 0.8750
V -0.08084 0.06517 0.04491 -0.3820 0.8499 0.3630 0.6250 0.8750
V 0.00000 0.09000 0.00000 -0.0000 1.0000 0.0000 0.6250 0.8750
T
V 0.00000 0.09000 0.00000 -0.0000 1.0000 0.0000 0.6250 0.8750
V -0.08084 0.06517 0.04491 -0.3820 0.8499 0.3630 0.6250 0.8750
V -0.09992 0.06517 0.00000 -0.4857 0.8741 0.0000 0.6250 0.8750
T
V 0.00000 0.09000 0.00000 -0.0000 1.0000 0.0000 0.6250 0.8750
V -0.09992 0.06517 0.00000 -0.4857 0.8741 0.0000 0.6250 0.8750
V 0.00000 0.09000 0.00000 -0.0000 1.0000 -0.0000 0.6250 0.8750
T
V 0.00000 0.09000 0.00000 -0.0000 1.0000 -0.0000 0.6250 0.8750
V -0.09992 0.06517 0.00000 -0.4857 0.8741 0.0000 0.6250 0.8750
V -0.08084 0.06517 -0.04491 -0.3820 0.8499 -0.3630 0.6250 0.8750
T
V 0.00000 0.09000 0.00000 -0.0000 1.0000 -0.0000 0.6250 0.8750
V -0.08084 0.06517 -0.04491 -0.3820 0.8499 -0.3630 0.6250 0.8750
V 0.00000 0.09000 0.00000 -0.0000 1.0000 -0.0000 0.6250 0.8750
T
V 0.00000 0.09000 0.00000 -0.0000 1.0000 -0.0000 0.6250 0.8750
V -0.08084 0.06517 -0.04491 -0.3820 0.8499 -0.3630 0.6250 0.8750
V -0.03088 0.06517 -0.07267 -0.1399 0.8146 -0.5629 0.6250 0.8750
T
V 0.00000 0.09000 0.00000 -0.0000 1.0000 -0.0000 0.6250 0.8750
V -0.03088 0.06517 -0.07267 -0.1399 0.8146 -0.5629 0.6250 0.8750
V 0.00000 0.09000 0.00000 0.0000 1.0000 -0.0000 0.6250 0.8750
T
V 0.00000 0.09000 0.00000 0.0000 1.0000 -0.0000 0.6250 0.8750
V -0.03088 0.06517 -0.07267 -0.1399 0.8146 -0.5629 0.6250 0.8750
V 0.03088 0.06517 -0.07267 0.1399 0.8146 -0.5629 0.6250 0.8750
T
V 0.00000 0.09000 0.00000 0.0000 1.0000 -0.0000 0.6250 0.8750
V 0.03088 0.06517 -0.07267 0.1399 0.8146 -0.5629 0.6250 0.8750
V 0.00000 0.09000 0.00000 0.0000 1.0000 -0.0000 0.6250 0.8750
T
V 0.00000 0.09000 0.00000 0.0000 1.0000 -0.0000 0.6250 0.8750
V 0.03088 0.06517 -0.07267 0.1399 0.8146 -0.5629 0.6250 0.8750
V 0.08084 0.06517 -0.04491 0.3820 0.8499 -0.3630 0.6250 0.8750
T
V 0.00000 0.09000 0.00000 0.0000 1.0000 -0.0000 0.6250 0.8750
V 0.08084 0.06517 -0.04491 0.3820 0.8499 -0.3630 0.6250 0.8750
V 0.00000 0.09000 0.00000 0.0000 1.0000 -0.0000 0.6250 0.8750
T
V 0.00000 0.09000 0.00000 0.0000 1.0000 -0.0000 0.6250 0.8750
V 0.08084 0.06517 -0.04491 0.3820 0.8499 -0.3630 0.6250 0.8750
V 0.09992 0.06517 -0.00000 0.4857 0.8741 -0.0000 0.6250 0.8750
T
V 0.09992 0.06517 0.00000 0.4857 0.8741 0.0000 0.6250 0.8750
V 0.16168 0.00017 0.00000 0.9204 0.3911 0.0000 0.6250 0.8750
V 0.08084 0.06517 0.04491 0.3820 0.8499 0.3630 0.6250 0.8750
T
V 0.08084 0.06517 0.04491 0.3820 0.8499 0.3630 0.6250 0.8750
V 0.16168 0.00017 0.00000 0.9204 0.3911 0.0000 0.6250 0.8750
V 0.13080 0.00017 0.07267 0.6775 0.3558 0.6437 0.6250 0.8750
T
V 0.08084 0.06517 0.04491 0.3820 0.8499 0.3630 0.6250 0.8750
V 0.13080 0.00017 0.07267 0.6775 0.3558 0.6437 0.6250 0.8750
V 0.03088 0.06517 0.07267 0.1399 0.8146 0.5629 0.6250 0.8750
T
V 0.03088 0.06517 0.07267 0.1399 0.8146 0.5629 0.6250 0.8750
V 0.13080 0.00017 0.07267 0.6775 0.3558 0.6437 0.6250 0.8750
V 0.04996 0.00017 0.11759 0.2289 0.3147 0.9212 0.6250 0.8750
T
V 0.03088 0.06517 0.07267 0.1399 0.8146 0.5629 0.6250 0.8750
V 0.04996 0.00017 0.11759 0.2289 0.3147 0.9212 0.6250 0.8750
V -0.03088 0.06517 0.07267 -0.1399 0.8146 0.5629 0.6250 0.8750
T
V -0.03088 0.06517 0.07267 -0.1399 0.8146 0.5629 0.6250 0.8750
V 0.04996 0.00017 0.11759 0.2289 0.3147 0.9212 0.6250 0.8750
V -0.04996 0.00017 0.11759 -0.2289 0.3147 0.9212 0.6250 0.8750
T
V -0.03088 0.06517 0.07267 -0.1399 0.8146 0.5629 0.6250 0.8750
V -0.04996 0.00017 0.11759 -0.2289 0.3147 0.9212 0.6250 0.8750
V -0.08084 0.06517 0.04491 -0.3820 0.8499 0.3630 0.6250 0.8750
T
V -0.08084 0.06517 0.04491 -0.3820 0.8499 0.3630 0.6250 0.8750
V -0.04996 0.00017 0.11759 -0.2289 0.3147 0.9212 0.6250 0.8750
V -0.13080 0.00017 0.07267 -0.6775 0.3558 0.6437 0.6250 0.8750
T
V -0.08084 0.06517 0.04491 -0.3820 0.8499 0.3630 0.6250 0.8750
V -0.13080 0.00017 0.07267 -0.6775 0.3558 0.6437 0.6250 0.8750
V -0.09992 0.06517 0.00000 -0.4857 0.8741 0.0000 0.6250 0.8750
T
V -0.09992 0.06517 0.00000 -0.4857 0.8741 0.0000 0.6250 0.8750
V -0.13080 0.00017 0.07267 -0.6775 0.3558 0.6437 0.6250 0.8750
V -0.16168 0.00017 0.00000 -0.9204 0.3911 0.0000 0.6250 0.8750
T
V -0.09992 0.06517 0.00000 -0.4857 0.8741 0.0000 0.6250 0.8750
V -0.16168 0.00017 0.00000 -0.9204 0.3911 0.0000 0.6250 0.8750
V -0.08084 0.06517 -0.04491 -0.3820 0.8499 -0.3630 0.6250 0.8750
T
V -0.08084 0.06517 -0.04491 -0.3820 0.8499 -0.3630 0.6250 0.8750
V -0.16168 0.00017 0.00000 -0.9204 0.3911 0.0000 0.6250 0.8750
V -0.13080 0.00017 -0.07267 -0.6775 0.3558 -0.6437 0.6250 0.8750
T
V -0.08084 0.06517 -0.04491 -0.3820 0.8499 -0.3630 0.6250 0.8750
V -0.13080 0.00017 -0.07267 -0.6775 0.3558 -0.6437 0.6250 0.8750
V -0.03088 0.06517 -0.07267 -0.1399 0.8146 -0.5629 0.6250 0.8750
T
V -0.03088 0.06517 -0.07267 -0.1399 0.8146 -0.5629 0.6250 0.8750
V -0.13080 0.00017 -0.07267 -0.6775 0.3558 -0.6437 0.6250 0.8750
V -0.04996 0.00017 -0.11759 -0.2289 0.3147 -0.9212 0.6250 0.8750
T
V -0.03088 0.06517 -0.07267 -0.1399 0.8146 -0.5629 0.6250 0.8750
V -0.04996 0.00017 -0.11759 -0.2289 0.3147 -0.9212 0.6250 0.8750
V 0.03088 0.06517 -0.07267 0.1399 0.8146 -0.5629 0.6250 0.8750
T
V 0.03088 0.06517 -0.07267 0.1399 0.8146 -0.5629 0.6250 0.8750
V -0.04996 0.00017 -0.11759 -0.2289 0.3147 -0.9212 0.6250 0.8750
V 0.04996 0.00017 -0.11759 0.2289 0.3147 -0.9212 0.6250 0.8750
T
V 0.03088 0.06517 -0.07267 0.1399 0.8146 -0.5629 0.6250 0.8750
V 0.04996 0.00017 -0.11759 0.2289 0.3147 -0.9212 0.6250 0.8750
V 0.08084 0.06517 -0.04491 0.3820 0.8499 -0.3630 0.6250 0.8750
T
V 0.08084 0.06517 -0.04491 0.3820 0.8499 -0.3630 0.6250 0.8750
V 0.04996 0.00017 -0.11759 0.2289 0.3147 -0.9212 0.6250 0.8750
V 0.13080 0.00017 -0.07267 0.6775 0.3558 -0.6437 0.6250 0.8750
T
V 0.08084 0.06517 -0.04491 0.3820 0.8499 -0.3630 0.6250 0.8750
V 0.13080 0.00017 -0.07267 0.6775 0.3558 -0.6437 0.6250 0.8750
V 0.09992 0.06517 -0.00000 0.4857 0.8741 -0.0000 0.6250 0.8750
T
V 0.09992 0.06517 -0.00000 0.4857 0.8741 -0.0000 0.6250 0.8750
V 0.13080 0.00017 -0.07267 0.6775 0.3558 -0.6437 0.6250 0.8750
V 0.16168 0.00017 -0.00000 0.9204 0.3911 -0.0000 0.6250 0.8750
T
V 0.16168 0.00017 0.00000 0.9204 0.3911 0.0000 0.6250 0.8750
V 0.16168 -0.08017 0.00000 0.9204 -0.3911 0.0000 0.6250 0.8750
V 0.13080 0.00017 0.07267 0.6775 0.3558 0.6437 0.6250 0.8750
T
V 0.13080 0.00017 0.07267 0.6775 0.3558 0.6437 0.6250 0.8750
V 0.16168 -0.08017 0.00000 0.9204 -0.3911 0.0000 0.6250 0.8750
V 0.13080 -0.08017 0.07267 0.6775 -0.3558 0.6437 0.6250 0.8750
T
V 0.13080 0.00017 0.07267 0.6775 0.3558 0.6437 0.6250 0.8750
V 0.13080 -0.08017 0.07267 0.6775 -0.3558 0.6437 0.6250 0.8750
V 0.04996 0.00017 0.11759 0.2289 0.3147 0.9212 0.6250 0.8750
T
V 0.04996 0.00017 0.11759 0.2289 0.3147 0.9212 0.6250 0.8750
V 0.13080 -0.08017 0.07267 0.6775 -0.3558 0.6437 0.6250 0.8750
V 0.04996 -0.08017 0.11759 0.2289 -0.3147 0.9212 0.6250 0.8750
T
V 0.04996 0.00017 0.11759 0.2289 0.3147 0.9212 0.6250 0.8750
V 0.04996 -0.08017 0.11759 0.2289 -0.3147 0.9212 0.6250 0.8750
V -0.04996 0.00017 0.11759 -0.2289 0.3147 0.9212 0.6250 0.8750
T
V -0.04996 0.00017 0.11759 -0.2289 0.3147 0.9212 0.6250 0.8750
V 0.04996 -0.08017 0.11759 0.2289 -0.3147 0.9212 0.6250 0.8750
V -0.04996 -0.08017 0.11759 -0.2289 -0.3147 0.9212 0.6250 0.8750
T
V -0.04996 0.00017 0.11759 -0.2289 0.3147 0.9212 0.6250 0.8750
V -0.04996 -0.08017 0.11759 -0.2289 -0.3147 0.9212 0.6250 0.8750
V -0.13080 0.00017 0.07267 -0.6775 0.3558 0.6437 0.6250 0.8750
T
V -0.13080 0.00017 0.07267 -0.6775 0.3558 0.6437 0.6250 0.8750
V -0.04996 -0.08017 0.11759 -0.2289 -0.3147 0.9212 0.6250 0.8750
V -0.13080 -0.08017 0.07267 -0.6775 -0.3558 0.6437 0.6250 0.8750
T
V -0.13080 0.00017 0.07267 -0.6775 0.3558 0.6437 0.6250 0.8750
V -0.13080 -0.08017 0.07267 -0.6775 -0.3558 0.6437 0.6250 0.8750
V -0.16168 0.00017 0.00000 -0.9204 0.3911 0.0000 0.6250 0.8750
T
V -0.16168 0.00017 0.00000 -0.9204 0.3911 0.0000 0.6250 0.8750
V -0.13080 -0.08017 0.07267 -0.6775 -0.3558 0.6437 0.6250 0.8750
V -0.16168 -0.08017 0.00000 -0.9204 -0.3911 0.0000 0.6250 0.8750
T
V -0.16168 0.00017 0.00000 -0.9204 0.3911 0.0000 0.6250 0.8750
V -0.16168 -0.08017 0.00000 -0.9204 -0.3911 0.0000 0.6250 0.8750
V -0.13080 0.00017 -0.07267 -0.6775 0.3558 -0.6437 0.6250 0.8750
T
V -0.13080 0.00017 -0.07267 -0.6775 0.3558 -0.6437 0.6250 0.8750
V -0.16168 -0.08017 0.00000 -0.9204 -0.3911 0.0000 0.6250 0.8750
V -0.13080 -0.08017 -0.07267 -0.6775 -0.3558 -0.6437 0.6250 0.8750
T
V -0.13080 0.00017 -0.07267 -0.6775 0.3558 -0.6437 0.6250 0.8750
V -0.13080 -0.08017 -0.07267 -0.6775 -0.3558 -0.6437 0.6250 0.8750
V -0.04996 0.00017 -0.11759 -0.2289 0.3147 -0.9212 0.6250 0.8750
T
V -0.04996 0.00017 -0.11759 -0.2289 0.3147 -0.9212 0.6250 0.8750
V -0.13080 -0.08017 -0.07267 -0.6775 -0.3558 -0.6437 0.6250 0.8750
V -0.04996 -0.08017 -0.11759 -0.2289 -0.3147 -0.9212 0.6250 0.8750
T
V -0.04996 0.00017 -0.11759 -0.2289 0.3147 -0.9212 0.6250 0.8750
V -0.04996 -0.08017 -0.11759 -0.2289 -0.3147 -0.9212 0.6250 0.8750
V 0.04996 0.00017 -0.11759 0.2289 0.3147 -0.9212 0.6250 0.8750
T
V 0.04996 0.00017 -0.11759 0.2289 0.3147 -0.9212 0.6250 0.8750
V -0.04996 -0.08017 -0.11759 -0.2289 -0.3147 -0.9212 0.6250 0.8750
V 0.04996 -0.08017 -0.11759 0.2289 -0.3147 -0.9212 0.6250 0.8750
T
V 0.04996 0.00017 -0.11759 0.2289 0.3147 -0.9212 0.6250 0.8750
V 0.04996 -0.08017 -0.11759 0.2289 -0.3147 -0.9212 0.6250 0.8750
V 0.13080 0.00017 -0.07267 0.6775 0.3558 -0.6437 0.6250 0.8750
T
V 0.13080 0.00017 -0.07267 0.6775 0.3558 -0.6437 0.6250 0.8750
V 0.04996 -0.08017 -0.11759 0.2289 -0.3147 -0.9212 0.6250 0.8750
V 0.13080 -0.08017 -0.07267 0.6775 -0.3558 -0.6437 0.6250 0.8750
T
V 0.13080 0.00017 -0.07267 0.6775 0.3558 -0.6437 0.6250 0.8750
V 0.13080 -0.08017 -0.07267 0.6775 -0.3558 -0.6437 0.6250 0.8750
V 0.16168 0.00017 -0.00000 0.9204 0.3911 -0.0000 0.6250 0.8750
T
V 0.16168 0.00017 -0.00000 0.9204 0.3911 -0.0000 0.6250 0.8750
V 0.13080 -0.08017 -0.07267 0.6775 -0.3558 -0.6437 0.6250 0.8750
V 0.16168 -0.08017 -0.00000 0.9204 -0.3911 -0.0000 0.6250 0.8750
T
V 0.16168 -0.08017 0.00000 0.9204 -0.3911 0.0000 0.6250 0.8750
V 0.09992 -0.14517 0.00000 0.4857 -0.8741 0.0000 0.6250 0.8750
V 0.13080 -0.08017 0.07267 0.6775 -0.3558 0.6437 0.6250 0.8750
T
V 0.13080 -0.08017 0.07267 0.6775 -0.3558 0.6437 0.6250 0.8750
V 0.09992 -0.14517 0.00000 0.4857 -0.8741 0.0000 0.6250 0.8750
V 0.08084 -0.14517 0.04491 0.3820 -0.8499 0.3630 0.6250 0.8750
T
V 0.13080 -0.08017 0.07267 0.6775 -0.3558 0.6437 0.6250 0.8750
V 0.08084 -0.14517 0.04491 0.3820 -0.8499 0.3630 0.6250 0.8750
V 0.04996 -0.08017 0.11759 0.2289 -0.3147 0.9212 0.6250 0.8750
T
V 0.04996 -0.08017 0.11759 0.2289 -0.3147 0.9212 0.6250 0.8750
V 0.08084 -0.14517 0.04491 0.3820 -0.8499 0.3630 0.6250 0.8750
V 0.03088 -0.14517 0.07267 0.1399 -0.8146 0.5629 0.6250 0.8750
T
V 0.04996 -0.08017 0.11759 0.2289 -0.3147 0.9212 0.6250 0.8750
V 0.03088 -0.14517 0.07267 0.1399 -0.8146 0.5629 0.6250 0.8750
V -0.04996 -0.08017 0.11759 -0.2289 -0.3147 0.9212 0.6250 0.8750
T
V -0.04996 -0.08017 0.11759 -0.2289 -0.3147 0.9212 0.6250 0.8750
V 0.03088 -0.14517 0.07267 0.1399 -0.8146 0.5629 0.6250 0.8750
V -0.03088 -0.14517 0.07267 -0.1399 -0.8146 0.5629 0.6250 0.8750
T
V -0.04996 -0.08017 0.11759 -0.2289 -0.3147 0.9212 0.6250 0.8750
V -0.03088 -0.14517 0.07267 -0.1399 -0.8146 0.5629 0.6250 0.8750
V -0.13080 -0.08017 0.07267 -0.6775 -0.3558 0.6437 0.6250 0.8750
T
V -0.13080 -0.08017 0.07267 -0.6775 -0.3558 0.6437 0.6250 0.8750
V -0.03088 -0.14517 0.07267 -0.1399 -0.8146 0.5629 0.6250 0.8750
V -0.08084 -0.14517 0.04491 -0.3820 -0.8499 0.3630 0.6250 0.8750
T
V -0.13080 -0.08017 0.07267 -0.6775 -0.3558 0.6437 0.6250 0.8750
V -0.08084 -0.14517 0.04491 -0.3820 -0.8499 0.3630 0.6250 0.8750
V -0.16168 -0.08017 0.00000 -0.9204 -0.3911 0.0000 0.6250 0.8750
T
V -0.16168 -0.08017 0.00000 -0.9204 -0.3911 0.0000 0.6250 0.8750
V -0.08084 -0.14517 0.04491 -0.3820 -0.8499 0.3630 0.6250 0.8750
V -0.09992 -0.14517 0.00000 -0.4857 -0.8741 0.0000 0.6250 0.8750
T
V -0.16168 -0.08017 0.00000 -0.9204 -0.3911 0.0000 0.6250 0.8750
V -0.09992 -0.14517 0.00000 -0.4857 -0.8741 0.0000 0.6250 0.8750
V -0.13080 -0.08017 -0.07267 -0.6775 -0.3558 -0.6437 0.6250 0.8750
T
V -0.13080 -0.08017 -0.07267 -0.6775 -0.3558 -0.6437 0.6250 0.8750
V -0.09992 -0.14517 0.00000 -0.4857 -0.8741 0.0000 0.6250 0.8750
V -0.08084 -0.14517 -0.04491 -0.3820 -0.8499 -0.3630 0.6250 0.8750
T
V -0.13080 -0.08017 -0.07267 -0.6775 -0.3558 -0.6437 0.6250 0.8750
V -0.08084 -0.14517 -0.04491 -0.3820 -0.8499 -0.3630 0.6250 0.8750
V -0.04996 -0.08017 -0.11759 -0.2289 -0.3147 -0.9212 0.6250 0.8750
T
V -0.04996 -0.08017 -0.11759 -0.2289 -0.3147 -0.9212 0.6250 0.8750
V -0.08084 -0.14517 -0.04491 -0.3820 -0.8499 -0.3630 0.6250 0.8750
V -0.03088 -0.14517 -0.07267 -0.1399 -0.8146 -0.5629 0.6250 0.8750
T
V -0.04996 -0.08017 -0.11759 -0.2289 -0.3147 -0.9212 0.6250 0.8750
V -0.03088 -0.14517 -0.07267 -0.1399 -0.8146 -0.5629 0.6250 0.8750
V 0.04996 -0.08017 -0.11759 0.2289 -0.3147 -0.9212 0.6250 0.8750
T
V 0.04996 -0.08017 -0.11759 0.2289 -0.3147 -0.9212 0.6250 0.8750
V -0.03088 -0.14517 -0.07267 -0.1399 -0.8146 -0.5629 0.6250 0.8750
V 0.03088 -0.14517 -0.07267 0.1399 -0.8146 -0.5629 0.6250 0.8750
T
V 0.04996 -0.08017 -0.11759 0.2289 -0.3147 -0.9212 0.6250 0.8750
V 0.03088 -0.14517 -0.07267 0.1399 -0.8146 -0.5629 0.6250 0.8750
V 0.13080 -0.08017 -0.07267 0.6775 -0.3558 -0.6437 0.6250 0.8750
T
V 0.13080 -0.08017 -0.07267 0.6775 -0.3558 -0.6437 0.6250 0.8750
V 0.03088 -0.14517 -0.07267 0.1399 -0.8146 -0.5629 0.6250 0.8750
V 0.08084 -0.14517 -0.04491 0.3820 -0.8499 -0.3630 0.6250 0.8750
T
V 0.13080 -0.08017 -0.07267 0.6775 -0.3558 -0.6437 0.6250 0.8750
V 0.08084 -0.14517 -0.04491 0.3820 -0.8499 -0.3630 0.6250 0.8750
V 0.16168 -0.08017 -0.00000 0.9204 -0.3911 -0.0000 0.6250 0.8750
T
V 0.16168 -0.08017 -0.00000 0.9204 -0.3911 -0.0000 0.6250 0.8750
V 0.08084 -0.14517 -0.04491 0.3820 -0.8499 -0.3630 0.6250 0.8750
V 0.09992 -0.14517 -0.00000 0.4857 -0.8741 -0.0000 0.6250 0.8750
T
V 0.09992 -0.14517 0.00000 0.4857 -0.8741 0.0000 0.6250 0.8750
V 0.00000 -0.17000 0.00000 0.0000 -1.0000 0.0000 0.6250 0.8750
V 0.08084 -0.14517 0.04491 0.3820 -0.8499 0.3630 0.6250 0.8750
T
V 0.08084 -0.14517 0.04491 0.3820 -0.8499 0.3630 0.6250 0.8750
V 0.00000 -0.17000 0.00000 0.0000 -1.0000 0.0000 0.6250 0.8750
V 0.00000 -0.17000 0.00000 0.0000 -1.0000 0.0000 0.6250 0.8750
T
V 0.08084 -0.14517 0.04491 0.3820 -0.8499 0.3630 0.6250 0.8750
V 0.00000 -0.17000 0.00000 0.0000 -1.0000 0.0000 0.6250 0.8750
V 0.03088 -0.14517 0.07267 0.1399 -0.8146 0.5629 0.6250 0.8750
T
V 0.03088 -0.14517 0.07267 0.1399 -0.8146 0.5629 0.6250 0.8750
V 0.00000 -0.17000 0.00000 0.0000 -1.0000 0.0000 0.6250 0.8750
V 0.00000 -0.17000 0.00000 0.0000 -1.0000 0.0000 0.6250 0.8750
T
V 0.03088 -0.14517 0.07267 0.1399 -0.8146 0.5629 0.6250 0.8750
V 0.00000 -0.17000 0.00000 0.0000 -1.0000 0.0000 0.6250 0.8750
V -0.03088 -0.14517 0.07267 -0.1399 -0.8146 0.5629 0.6250 0.8750
T
V -0.03088 -0.14517 0.07267 -0.1399 -0.8146 0.5629 0.6250 0.8750
V 0.00000 -0.17000 0.00000 0.0000 -1.0000 0.0000 0.6250 0.8750
V -0.00000 -0.17000 0.00000 -0.0000 -1.0000 0.0000 0.6250 0.8750
T
V -0.03088 -0.14517 0.07267 -0.1399 -0.8146 0.5629 0.6250 0.8750
V -0.00000 -0.17000 0.00000 -0.0000 -1.0000 0.0000 0.6250 0.8750
V -0.08084 -0.14517 0.04491 -0.3820 -0.8499 0.3630 0.6250 0.8750
T
V -0.08084 -0.14517 0.04491 -0.3820 -0.8499 0.3630 0.6250 0.8750
V -0.00000 -0.17000 0.00000 -0.0000 -1.0000 0.0000 0.6250 0.8750
V -0.00000 -0.17000 0.00000 -0.0000 -1.0000 0.0000 0.6250 0.8750
T
V -0.08084 -0.14517 0.04491 -0.3820 -0.8499 0.3630 0.6250 0.8750
V -0.00000 -0.17000 0.00000 -0.0000 -1.0000 0.0000 0.6250 0.8750
V -0.09992 -0.14517 0.00000 -0.4857 -0.8741 0.0000 0.6250 0.8750
T
V -0.09992 -0.14517 0.00000 -0.4857 -0.8741 0.0000 0.6250 0.8750
V -0.00000 -0.17000 0.00000 -0.0000 -1.0000 0.0000 0.6250 0.8750
V -0.00000 -0.17000 0.00000 -0.0000 -1.0000 0.0000 0.6250 0.8750
T
V -0.09992 -0.14517 0.00000 -0.4857 -0.8741 0.0000 0.6250 0.8750
V -0.00000 -0.17000 0.00000 -0.0000 -1.0000 0.0000 0.6250 0.8750
V -0.08084 -0.14517 -0.04491 -0.3820 -0.8499 -0.3630 0.6250 0.8750
T
V -0.08084 -0.14517 -0.04491 -0.3820 -0.8499 -0.3630 0.6250 0.8750
V -0.00000 -0.17000 0.00000 -0.0000 -1.0000 0.0000 0.6250 0.8750
V -0.00000 -0.17000 -0.00000 -0.0000 -1.0000 -0.0000 0.6250 0.8750
T
V -0.08084 -0.14517 -0.04491 -0.3820 -0.8499 -0.3630 0.6250 0.8750
V -0.00000 -0.17000 -0.00000 -0.0000 -1.0000 -0.0000 0.6250 0.8750
V -0.03088 -0.14517 -0.07267 -0.1399 -0.8146 -0.5629 0.6250 0.8750
T
V -0.03088 -0.14517 -0.07267 -0.1399 -0.8146 -0.5629 0.6250 0.8750
V -0.00000 -0.17000 -0.00000 -0.0000 -1.0000 -0.0000 0.6250 0.8750
V -0.00000 -0.17000 -0.00000 -0.0000 -1.0000 -0.0000 0.6250 0.8750
T
V -0.03088 -0.14517 -0.07267 -0.1399 -0.8146 -0.5629 0.6250 0.8750
V -0.00000 -0.17000 -0.00000 -0.0000 -1.0000 -0.0000 0.6250 0.8750
V 0.03088 -0.14517 -0.07267 0.1399 -0.8146 -0.5629 0.6250 0.8750
T
V 0.03088 -0.14517 -0.07267 0.1399 -0.8146 -0.5629 0.6250 0.8750
V -0.00000 -0.17000 -0.00000 -0.0000 -1.0000 -0.0000 0.6250 0.8750
V 0.00000 -0.17000 -0.00000 0.0000 -1.0000 -0.0000 0.6250 0.8750
T
V 0.03088 -0.14517 -0.07267 0.1399 -0.8146 -0.5629 0.6250 0.8750
V 0.00000 -0.17000 -0.00000 0.0000 -1.0000 -0.0000 0.6250 0.8750
V 0.08084 -0.14517 -0.04491 0.3820 -0.8499 -0.3630 0.6250 0.8750
T
V 0.08084 -0.14517 -0.04491 0.3820 -0.8499 -0.3630 0.6250 0.8750
V 0.00000 -0.17000 -0.00000 0.0000 -1.0000 -0.0000 0.6250 0.8750
V 0.00000 -0.17000 -0.00000 0.0000 -1.0000 -0.0000 0.6250 0.8750
T
V 0.08084 -0.14517 -0.04491 0.3820 -0.8499 -0.3630 0.6250 0.8750
V 0.00000 -0.17000 -0.00000 0.0000 -1.0000 -0.0000 0.6250 0.8750
V 0.09992 -0.14517 -0.00000 0.4857 -0.8741 -0.0000 0.6250 0.8750
T
V 0.09992 -0.14517 -0.00000 0.4857 -0.8741 -0.0000 0.6250 0.8750
V 0.00000 -0.17000 -0.00000 0.0000 -1.0000 -0.0000 0.6250 0.8750
V 0.00000 -0.17000 -0.00000 0.0000 -1.0000 -0.0000 0.6250 0.8750
T
BONE Hips
V 0.17000 -0.10000 0.00000 0.9889 0.1483 0.0000 0.6250 0.8750
V 0.18000 -0.15600 0.00000 0.9889 0.1483 0.0000 0.6250 0.8750
V 0.15316 -0.10000 0.07376 0.8910 0.1483 0.4291 0.6250 0.8750
T
V 0.15316 -0.10000 0.07376 0.8910 0.1483 0.4291 0.6250 0.8750
V 0.18000 -0.15600 0.00000 0.9889 0.1483 0.0000 0.6250 0.8750
V 0.16217 -0.15600 0.07810 0.8910 0.1483 0.4291 0.6250 0.8750
T
V 0.15316 -0.10000 0.07376 0.8910 0.1483 0.4291 0.6250 0.8750
V 0.16217 -0.15600 0.07810 0.8910 0.1483 0.4291 0.6250 0.8750
V 0.10599 -0.10000 0.13291 0.6166 0.1483 0.7732 0.6250 0.8750
T
V 0.10599 -0.10000 0.13291 0.6166 0.1483 0.7732 0.6250 0.8750
V 0.16217 -0.15600 0.07810 0.8910 0.1483 0.4291 0.6250 0.8750
V 0.11223 -0.15600 0.14073 0.6166 0.1483 0.7732 0.6250 0.8750
T
V 0.10599 -0.10000 0.13291 0.6166 0.1483 0.7732 0.6250 0.8750
V 0.11223 -0.15600 0.14073 0.6166 0.1483 0.7732 0.6250 0.8750
V 0.03783 -0.10000 0.16574 0.2201 0.1483 0.9641 0.6250 0.8750
T
V 0.03783 -0.10000 0.16574 0.2201 0.1483 0.9641 0.6250 0.8750
V 0.11223 -0.15600 0.14073 0.6166 0.1483 0.7732 0.6250 0.8750
V 0.04005 -0.15600 0.17549 0.2201 0.1483 0.9641 0.6250 0.8750
T
V 0.03783 -0.10000 0.16574 0.2201 0.1483 0.9641 0.6250 0.8750
V 0.04005 -0.15600 0.17549 0.2201 0.1483 0.9641 0.6250 0.8750
V -0.03783 -0.10000 0.16574 -0.2201 0.1483 0.9641 0.6250 0.8750
T
V -0.03783 -0.10000 0.16574 -0.2201 0.1483 0.9641 0.6250 0.8750
V 0.04005 -0.15600 0.17549 0.2201 0.1483 0.9641 0.6250 0.8750
V -0.04005 -0.15600 0.17549 -0.2201 0.1483 0.9641 0.6250 0.8750
T
V -0.03783 -0.10000 0.16574 -0.2201 0.1483 0.9641 0.6250 0.8750
V -0.04005 -0.15600 0.17549 -0.2201 0.1483 0.9641 0.6250 0.8750
V -0.10599 -0.10000 0.13291 -0.6166 0.1483 0.7732 0.6250 0.8750
T
V -0.10599 -0.10000 0.13291 -0.6166 0.1483 0.7732 0.6250 0.8750
V -0.04005 -0.15600 0.17549 -0.2201 0.1483 0.9641 0.6250 0.8750
V -0.11223 -0.15600 0.14073 -0.6166 0.1483 0.7732 0.6250 0.8750
T
V -0.10599 -0.10000 0.13291 -0.6166 0.1483 0.7732 0.6250 0.8750
V -0.11223 -0.15600 0.14073 -0.6166 0.1483 0.7732 0.6250 0.8750
V -0.15316 -0.10000 0.07376 -0.8910 0.1483 0.4291 0.6250 0.8750
T
V -0.15316 -0.10000 0.07376 -0.8910 0.1483 0.4291 0.6250 0.8750
V -0.11223 -0.15600 0.14073 -0.6166 0.1483 0.7732 0.6250 0.8750
V -0.16217 -0.15600 0.07810 -0.8910 0.1483 0.4291 0.6250 0.8750
T
V -0.15316 -0.10000 0.07376 -0.8910 0.1483 0.4291 0.6250 0.8750
V -0.16217 -0.15600 0.07810 -0.8910 0.1483 0.4291 0.6250 0.8750
V -0.17000 -0.10000 0.00000 -0.9889 0.1483 0.0000 0.6250 0.8750
T
V -0.17000 -0.10000 0.00000 -0.9889 0.1483 0.0000 0.6250 0.8750
V -0.16217 -0.15600 0.07810 -0.8910 0.1483 0.4291 0.6250 0.8750
V -0.18000 -0.15600 0.00000 -0.9889 0.1483 0.0000 0.6250 0.8750
T
V -0.17000 -0.10000 0.00000 -0.9889 0.1483 0.0000 0.6250 0.8750
V -0.18000 -0.15600 0.00000 -0.9889 0.1483 0.0000 0.6250 0.8750
V -0.15582 -0.10000 -0.07504 -0.8910 0.1483 -0.4291 0.6250 0.8750
T
V -0.15582 -0.10000 -0.07504 -0.8910 0.1483 -0.4291 0.6250 0.8750
V -0.18000 -0.15600 0.00000 -0.9889 0.1483 0.0000 0.6250 0.8750
V -0.16499 -0.15600 -0.07945 -0.8910 0.1483 -0.4291 0.6250 0.8750
T
V -0.15582 -0.10000 -0.07504 -0.8910 0.1483 -0.4291 0.6250 0.8750
V -0.16499 -0.15600 -0.07945 -0.8910 0.1483 -0.4291 0.6250 0.8750
V -0.10931 -0.10000 -0.13707 -0.6166 0.1483 -0.7732 0.6250 0.8750
T
V -0.10931 -0.10000 -0.13707 -0.6166 0.1483 -0.7732 0.6250 0.8750
V -0.16499 -0.15600 -0.07945 -0.8910 0.1483 -0.4291 0.6250 0.8750
V -0.11574 -0.15600 -0.14513 -0.6166 0.1483 -0.7732 0.6250 0.8750
T
V -0.10931 -0.10000 -0.13707 -0.6166 0.1483 -0.7732 0.6250 0.8750
V -0.11574 -0.15600 -0.14513 -0.6166 0.1483 -0.7732 0.6250 0.8750
V -0.03930 -0.10000 -0.17220 -0.2201 0.1483 -0.9641 0.6250 0.8750
T
V -0.03930 -0.10000 -0.17220 -0.2201 0.1483 -0.9641 0.6250 0.8750
V -0.11574 -0.15600 -0.14513 -0.6166 0.1483 -0.7732 0.6250 0.8750
V -0.04162 -0.15600 -0.18233 -0.2201 0.1483 -0.9641 0.6250 0.8750
T
V -0.03930 -0.10000 -0.17220 -0.2201 0.1483 -0.9641 0.6250 0.8750
V -0.04162 -0.15600 -0.18233 -0.2201 0.1483 -0.9641 0.6250 0.8750
V 0.03930 -0.10000 -0.17220 0.2201 0.1483 -0.9641 0.6250 0.8750
T
V 0.03930 -0.10000 -0.17220 0.2201 0.1483 -0.9641 0.6250 0.8750
V -0.04162 -0.15600 -0.18233 -0.2201 0.1483 -0.9641 0.6250 0.8750
V 0.04162 -0.15600 -0.18233 0.2201 0.1483 -0.9641 0.6250 0.8750
T
V 0.03930 -0.10000 -0.17220 0.2201 0.1483 -0.9641 0.6250 0.8750
V 0.04162 -0.15600 -0.18233 0.2201 0.1483 -0.9641 0.6250 0.8750
V 0.10931 -0.10000 -0.13707 0.6166 0.1483 -0.7732 0.6250 0.8750
T
V 0.10931 -0.10000 -0.13707 0.6166 0.1483 -0.7732 0.6250 0.8750
V 0.04162 -0.15600 -0.18233 0.2201 0.1483 -0.9641 0.6250 0.8750
V 0.11574 -0.15600 -0.14513 0.6166 0.1483 -0.7732 0.6250 0.8750
T
V 0.10931 -0.10000 -0.13707 0.6166 0.1483 -0.7732 0.6250 0.8750
V 0.11574 -0.15600 -0.14513 0.6166 0.1483 -0.7732 0.6250 0.8750
V 0.15582 -0.10000 -0.07504 0.8910 0.1483 -0.4291 0.6250 0.8750
T
V 0.15582 -0.10000 -0.07504 0.8910 0.1483 -0.4291 0.6250 0.8750
V 0.11574 -0.15600 -0.14513 0.6166 0.1483 -0.7732 0.6250 0.8750
V 0.16499 -0.15600 -0.07945 0.8910 0.1483 -0.4291 0.6250 0.8750
T
V 0.15582 -0.10000 -0.07504 0.8910 0.1483 -0.4291 0.6250 0.8750
V 0.16499 -0.15600 -0.07945 0.8910 0.1483 -0.4291 0.6250 0.8750
V 0.17000 -0.10000 0.00000 0.9889 0.1483 0.0000 0.6250 0.8750
T
V 0.17000 -0.10000 0.00000 0.9889 0.1483 0.0000 0.6250 0.8750
V 0.16499 -0.15600 -0.07945 0.8910 0.1483 -0.4291 0.6250 0.8750
V 0.18000 -0.15600 0.00000 0.9889 0.1483 0.0000 0.6250 0.8750
T
V 0.18000 -0.15600 0.00000 0.9889 0.1483 0.0000 0.6250 0.8750
V 0.19000 -0.21200 0.00000 0.9889 0.1483 0.0000 0.6250 0.8750
V 0.16217 -0.15600 0.07810 0.8910 0.1483 0.4291 0.6250 0.8750
T
V 0.16217 -0.15600 0.07810 0.8910 0.1483 0.4291 0.6250 0.8750
V 0.19000 -0.21200 0.00000 0.9889 0.1483 0.0000 0.6250 0.8750
V 0.17118 -0.21200 0.08244 0.8910 0.1483 0.4291 0.6250 0.8750
T
V 0.16217 -0.15600 0.07810 0.8910 0.1483 0.4291 0.6250 0.8750
V 0.17118 -0.21200 0.08244 0.8910 0.1483 0.4291 0.6250 0.8750
V 0.11223 -0.15600 0.14073 0.6166 0.1483 0.7732 0.6250 0.8750
T
V 0.11223 -0.15600 0.14073 0.6166 0.1483 0.7732 0.6250 0.8750
V 0.17118 -0.21200 0.08244 0.8910 0.1483 0.4291 0.6250 0.8750
V 0.11846 -0.21200 0.14855 0.6166 0.1483 0.7732 0.6250 0.8750
T
V 0.11223 -0.15600 0.14073 0.6166 0.1483 0.7732 0.6250 0.8750
V 0.11846 -0.21200 0.14855 0.6166 0.1483 0.7732 0.6250 0.8750
V 0.04005 -0.15600 0.17549 0.2201 0.1483 0.9641 0.6250 0.8750
T
V 0.04005 -0.15600 0.17549 0.2201 0.1483 0.9641 0.6250 0.8750
V 0.11846 -0.21200 0.14855 0.6166 0.1483 0.7732 0.6250 0.8750
V 0.04228 -0.21200 0.18524 0.2201 0.1483 0.9641 0.6250 0.8750
T
V 0.04005 -0.15600 0.17549 0.2201 0.1483 0.9641 0.6250 0.8750
V 0.04228 -0.21200 0.18524 0.2201 0.1483 0.9641 0.6250 0.8750
V -0.04005 -0.15600 0.17549 -0.2201 0.1483 0.9641 0.6250 0.8750
T
V -0.04005 -0.15600 0.17549 -0.2201 0.1483 0.9641 0.6250 0.8750
V 0.04228 -0.21200 0.18524 0.2201 0.1483 0.9641 0.6250 0.8750
V -0.04228 -0.21200 0.18524 -0.2201 0.1483 0.9641 0.6250 0.8750
T
V -0.04005 -0.15600 0.17549 -0.2201 0.1483 0.9641 0.6250 0.8750
V -0.04228 -0.21200 0.18524 -0.2201 0.1483 0.9641 0.6250 0.8750
V -0.11223 -0.15600 0.14073 -0.6166 0.1483 0.7732 0.6250 0.8750
T
V -0.11223 -0.15600 0.14073 -0.6166 0.1483 0.7732 0.6250 0.8750
V -0.04228 -0.21200 0.18524 -0.2201 0.1483 0.9641 0.6250 0.8750
V -0.11846 -0.21200 0.14855 -0.6166 0.1483 0.7732 0.6250 0.8750
T
V -0.11223 -0.15600 0.14073 -0.6166 0.1483 0.7732 0.6250 0.8750
V -0.11846 -0.21200 0.14855 -0.6166 0.1483 0.7732 0.6250 0.8750
V -0.16217 -0.15600 0.07810 -0.8910 0.1483 0.4291 0.6250 0.8750
T
V -0.16217 -0.15600 0.07810 -0.8910 0.1483 0.4291 0.6250 0.8750
V -0.11846 -0.21200 0.14855 -0.6166 0.1483 0.7732 0.6250 0.8750
V -0.17118 -0.21200 0.08244 -0.8910 0.1483 0.4291 0.6250 0.8750
T
V -0.16217 -0.15600 0.07810 -0.8910 0.1483 0.4291 0.6250 0.8750
V -0.17118 -0.21200 0.08244 -0.8910 0.1483 0.4291 0.6250 0.8750
V -0.18000 -0.15600 0.00000 -0.9889 0.1483 0.0000 0.6250 0.8750
T
V -0.18000 -0.15600 0.00000 -0.9889 0.1483 0.0000 0.6250 0.8750
V -0.17118 -0.21200 0.08244 -0.8910 0.1483 0.4291 0.6250 0.8750
V -0.19000 -0.21200 0.00000 -0.9889 0.1483 0.0000 0.6250 0.8750
T
V -0.18000 -0.15600 0.00000 -0.9889 0.1483 0.0000 0.6250 0.8750
V -0.19000 -0.21200 0.00000 -0.9889 0.1483 0.0000 0.6250 0.8750
V -0.16499 -0.15600 -0.07945 -0.8910 0.1483 -0.4291 0.6250 0.8750
T
V -0.16499 -0.15600 -0.07945 -0.8910 0.1483 -0.4291 0.6250 0.8750
V -0.19000 -0.21200 0.00000 -0.9889 0.1483 0.0000 0.6250 0.8750
V -0.17416 -0.21200 -0.08387 -0.8910 0.1483 -0.4291 0.6250 0.8750
T
V -0.16499 -0.15600 -0.07945 -0.8910 0.1483 -0.4291 0.6250 0.8750
V -0.17416 -0.21200 -0.08387 -0.8910 0.1483 -0.4291 0.6250 0.8750
V -0.11574 -0.15600 -0.14513 -0.6166 0.1483 -0.7732 0.6250 0.8750
T
V -0.11574 -0.15600 -0.14513 -0.6166 0.1483 -0.7732 0.6250 0.8750
V -0.17416 -0.21200 -0.08387 -0.8910 0.1483 -0.4291 0.6250 0.8750
V -0.12217 -0.21200 -0.15319 -0.6166 0.1483 -0.7732 0.6250 0.8750
T
V -0.11574 -0.15600 -0.14513 -0.6166 0.1483 -0.7732 0.6250 0.8750
V -0.12217 -0.21200 -0.15319 -0.6166 0.1483 -0.7732 0.6250 0.8750
V -0.04162 -0.15600 -0.18233 -0.2201 0.1483 -0.9641 0.6250 0.8750
T
V -0.04162 -0.15600 -0.18233 -0.2201 0.1483 -0.9641 0.6250 0.8750
V -0.12217 -0.21200 -0.15319 -0.6166 0.1483 -0.7732 0.6250 0.8750
V -0.04393 -0.21200 -0.19246 -0.2201 0.1483 -0.9641 0.6250 0.8750
T
V -0.04162 -0.15600 -0.18233 -0.2201 0.1483 -0.9641 0.6250 0.8750
V -0.04393 -0.21200 -0.19246 -0.2201 0.1483 -0.9641 0.6250 0.8750
V 0.04162 -0.15600 -0.18233 0.2201 0.1483 -0.9641 0.6250 0.8750
T
V 0.04162 -0.15600 -0.18233 0.2201 0.1483 -0.9641 0.6250 0.8750
V -0.04393 -0.21200 -0.19246 -0.2201 0.1483 -0.9641 0.6250 0.8750
V 0.04393 -0.21200 -0.19246 0.2201 0.1483 -0.9641 0.6250 0.8750
T
V 0.04162 -0.15600 -0.18233 0.2201 0.1483 -0.9641 0.6250 0.8750
V 0.04393 -0.21200 -0.19246 0.2201 0.1483 -0.9641 0.6250 0.8750
V 0.11574 -0.15600 -0.14513 0.6166 0.1483 -0.7732 0.6250 0.8750
T
V 0.11574 -0.15600 -0.14513 0.6166 0.1483 -0.7732 0.6250 0.8750
V 0.04393 -0.21200 -0.19246 0.2201 0.1483 -0.9641 0.6250 0.8750
V 0.12217 -0.21200 -0.15319 0.6166 0.1483 -0.7732 0.6250 0.8750
T
V 0.11574 -0.15600 -0.14513 0.6166 0.1483 -0.7732 0.6250 0.8750
V 0.12217 -0.21200 -0.15319 0.6166 0.1483 -0.7732 0.6250 0.8750
V 0.16499 -0.15600 -0.07945 0.8910 0.1483 -0.4291 0.6250 0.8750
T
V 0.16499 -0.15600 -0.07945 0.8910 0.1483 -0.4291 0.6250 0.8750
V 0.12217 -0.21200 -0.15319 0.6166 0.1483 -0.7732 0.6250 0.8750
V 0.17416 -0.21200 -0.08387 0.8910 0.1483 -0.4291 0.6250 0.8750
T
V 0.16499 -0.15600 -0.07945 0.8910 0.1483 -0.4291 0.6250 0.8750
V 0.17416 -0.21200 -0.08387 0.8910 0.1483 -0.4291 0.6250 0.8750
V 0.18000 -0.15600 0.00000 0.9889 0.1483 0.0000 0.6250 0.8750
T
V 0.18000 -0.15600 0.00000 0.9889 0.1483 0.0000 0.6250 0.8750
V 0.17416 -0.21200 -0.08387 0.8910 0.1483 -0.4291 0.6250 0.8750
V 0.19000 -0.21200 0.00000 0.9889 0.1483 0.0000 0.6250 0.8750
T
V 0.19000 -0.21200 0.00000 0.9889 0.1483 0.0000 0.6250 0.8750
V 0.20000 -0.26800 0.00000 0.9889 0.1483 0.0000 0.6250 0.8750
V 0.17118 -0.21200 0.08244 0.8910 0.1483 0.4291 0.6250 0.8750
T
V 0.17118 -0.21200 0.08244 0.8910 0.1483 0.4291 0.6250 0.8750
V 0.20000 -0.26800 0.00000 0.9889 0.1483 0.0000 0.6250 0.8750
V 0.18019 -0.26800 0.08678 0.8910 0.1483 0.4291 0.6250 0.8750
T
V 0.17118 -0.21200 0.08244 0.8910 0.1483 0.4291 0.6250 0.8750
V 0.18019 -0.26800 0.08678 0.8910 0.1483 0.4291 0.6250 0.8750
V 0.11846 -0.21200 0.14855 0.6166 0.1483 0.7732 0.6250 0.8750
T
V 0.11846 -0.21200 0.14855 0.6166 0.1483 0.7732 0.6250 0.8750
V 0.18019 -0.26800 0.08678 0.8910 0.1483 0.4291 0.6250 0.8750
V 0.12470 -0.26800 0.15637 0.6166 0.1483 0.7732 0.6250 0.8750
T
V 0.11846 -0.21200 0.14855 0.6166 0.1483 0.7732 0.6250 0.8750
V 0.12470 -0.26800 0.15637 0.6166 0.1483 0.7732 0.6250 0.8750
V 0.04228 -0.21200 0.18524 0.2201 0.1483 0.9641 0.6250 0.8750
T
V 0.04228 -0.21200 0.18524 0.2201 0.1483 0.9641 0.6250 0.8750
V 0.12470 -0.26800 0.15637 0.6166 0.1483 0.7732 0.6250 0.8750
V 0.04450 -0.26800 0.19499 0.2201 0.1483 0.9641 0.6250 0.8750
T
V 0.04228 -0.21200 0.18524 0.2201 0.1483 0.9641 0.6250 0.8750
V 0.04450 -0.26800 0.19499 0.2201 0.1483 0.9641 0.6250 0.8750
V -0.04228 -0.21200 0.18524 -0.2201 0.1483 0.9641 0.6250 0.8750
T
V -0.04228 -0.21200 0.18524 -0.2201 0.1483 0.9641 0.6250 0.8750
V 0.04450 -0.26800 0.19499 0.2201 0.1483 0.9641 0.6250 0.8750
V -0.04450 -0.26800 0.19499 -0.2201 0.1483 0.9641 0.6250 0.8750
T
V -0.04228 -0.21200 0.18524 -0.2201 0.1483 0.9641 0.6250 0.8750
V -0.04450 -0.26800 0.19499 -0.2201 0.1483 0.9641 0.6250 0.8750
V -0.11846 -0.21200 0.14855 -0.6166 0.1483 0.7732 0.6250 0.8750
T
V -0.11846 -0.21200 0.14855 -0.6166 0.1483 0.7732 0.6250 0.8750
V -0.04450 -0.26800 0.19499 -0.2201 0.1483 0.9641 0.6250 0.8750
V -0.12470 -0.26800 0.15637 -0.6166 0.1483 0.7732 0.6250 0.8750
T
V -0.11846 -0.21200 0.14855 -0.6166 0.1483 0.7732 0.6250 0.8750
V -0.12470 -0.26800 0.15637 -0.6166 0.1483 0.7732 0.6250 0.8750
V -0.17118 -0.21200 0.08244 -0.8910 0.1483 0.4291 0.6250 0.8750
T
V -0.17118 -0.21200 0.08244 -0.8910 0.1483 0.4291 0.6250 0.8750
V -0.12470 -0.26800 0.15637 -0.6166 0.1483 0.7732 0.6250 0.8750
V -0.18019 -0.26800 0.08678 -0.8910 0.1483 0.4291 0.6250 0.8750
T
V -0.17118 -0.21200 0.08244 -0.8910 0.1483 0.4291 0.6250 0.8750
V -0.18019 -0.26800 0.08678 -0.8910 0.1483 0.4291 0.6250 0.8750
V -0.19000 -0.21200 0.00000 -0.9889 0.1483 0.0000 0.6250 0.8750
T
V -0.19000 -0.21200 0.00000 -0.9889 0.1483 0.0000 0.6250 0.8750
V -0.18019 -0.26800 0.08678 -0.8910 0.1483 0.4291 0.6250 0.8750
V -0.20000 -0.26800 0.00000 -0.9889 0.1483 0.0000 0.6250 0.8750
T
V -0.19000 -0.21200 0.00000 -0.9889 0.1483 0.0000 0.6250 0.8750
V -0.20000 -0.26800 0.00000 -0.9889 0.1483 0.0000 0.6250 0.8750
V -0.17416 -0.21200 -0.08387 -0.8910 0.1483 -0.4291 0.6250 0.8750
T
V -0.17416 -0.21200 -0.08387 -0.8910 0.1483 -0.4291 0.6250 0.8750
V -0.20000 -0.26800 0.00000 -0.9889 0.1483 0.0000 0.6250 0.8750
V -0.18332 -0.26800 -0.08828 -0.8910 0.1483 -0.4291 0.6250 0.8750
T
V -0.17416 -0.21200 -0.08387 -0.8910 0.1483 -0.4291 0.6250 0.8750
V -0.18332 -0.26800 -0.08828 -0.8910 0.1483 -0.4291 0.6250 0.8750
V -0.12217 -0.21200 -0.15319 -0.6166 0.1483 -0.7732 0.6250 0.8750
T
V -0.12217 -0.21200 -0.15319 -0.6166 0.1483 -0.7732 0.6250 0.8750
V -0.18332 -0.26800 -0.08828 -0.8910 0.1483 -0.4291 0.6250 0.8750
V -0.12860 -0.26800 -0.16126 -0.6166 0.1483 -0.7732 0.6250 0.8750
T
V -0.12217 -0.21200 -0.15319 -0.6166 0.1483 -0.7732 0.6250 0.8750
V -0.12860 -0.26800 -0.16126 -0.6166 0.1483 -0.7732 0.6250 0.8750
V -0.04393 -0.21200 -0.19246 -0.2201 0.1483 -0.9641 0.6250 0.8750
T
V -0.04393 -0.21200 -0.19246 -0.2201 0.1483 -0.9641 0.6250 0.8750
V -0.12860 -0.26800 -0.16126 -0.6166 0.1483 -0.7732 0.6250 0.8750
V -0.04624 -0.26800 -0.20259 -0.2201 0.1483 -0.9641 0.6250 0.8750
T
V -0.04393 -0.21200 -0.19246 -0.2201 0.1483 -0.9641 0.6250 0.8750
V -0.04624 -0.26800 -0.20259 -0.2201 0.1483 -0.9641 0.6250 0.8750
V 0.04393 -0.21200 -0.19246 0.2201 0.1483 -0.9641 0.6250 0.8750
T
V 0.04393 -0.21200 -0.19246 0.2201 0.1483 -0.9641 0.6250 0.8750
V -0.04624 -0.26800 -0.20259 -0.2201 0.1483 -0.9641 0.6250 0.8750
V 0.04624 -0.26800 -0.20259 0.2201 0.1483 -0.9641 0.6250 0.8750
T
V 0.04393 -0.21200 -0.19246 0.2201 0.1483 -0.9641 0.6250 0.8750
V 0.04624 -0.26800 -0.20259 0.2201 0.1483 -0.9641 0.6250 0.8750
V 0.12217 -0.21200 -0.15319 0.6166 0.1483 -0.7732 0.6250 0.8750
T
V 0.12217 -0.21200 -0.15319 0.6166 0.1483 -0.7732 0.6250 0.8750
V 0.04624 -0.26800 -0.20259 0.2201 0.1483 -0.9641 0.6250 0.8750
V 0.12860 -0.26800 -0.16126 0.6166 0.1483 -0.7732 0.6250 0.8750
T
V 0.12217 -0.21200 -0.15319 0.6166 0.1483 -0.7732 0.6250 0.8750
V 0.12860 -0.26800 -0.16126 0.6166 0.1483 -0.7732 0.6250 0.8750
V 0.17416 -0.21200 -0.08387 0.8910 0.1483 -0.4291 0.6250 0.8750
T
V 0.17416 -0.21200 -0.08387 0.8910 0.1483 -0.4291 0.6250 0.8750
V 0.12860 -0.26800 -0.16126 0.6166 0.1483 -0.7732 0.6250 0.8750
V 0.18332 -0.26800 -0.08828 0.8910 0.1483 -0.4291 0.6250 0.8750
T
V 0.17416 -0.21200 -0.08387 0.8910 0.1483 -0.4291 0.6250 0.8750
V 0.18332 -0.26800 -0.08828 0.8910 0.1483 -0.4291 0.6250 0.8750
V 0.19000 -0.21200 0.00000 0.9889 0.1483 0.0000 0.6250 0.8750
T
V 0.19000 -0.21200 0.00000 0.9889 0.1483 0.0000 0.6250 0.8750
V 0.18332 -0.26800 -0.08828 0.8910 0.1483 -0.4291 0.6250 0.8750
V 0.20000 -0.26800 0.00000 0.9889 0.1483 0.0000 0.6250 0.8750
T
V 0.20000 -0.26800 0.00000 0.9889 0.1483 0.0000 0.6250 0.8750
V 0.21000 -0.32400 0.00000 0.9889 0.1483 0.0000 0.6250 0.8750
V 0.18019 -0.26800 0.08678 0.8910 0.1483 0.4291 0.6250 0.8750
T
V 0.18019 -0.26800 0.08678 0.8910 0.1483 0.4291 0.6250 0.8750
V 0.21000 -0.32400 0.00000 0.9889 0.1483 0.0000 0.6250 0.8750
V 0.18920 -0.32400 0.09112 0.8910 0.1483 0.4291 0.6250 0.8750
T
V 0.18019 -0.26800 0.08678 0.8910 0.1483 0.4291 0.6250 0.8750
V 0.18920 -0.32400 0.09112 0.8910 0.1483 0.4291 0.6250 0.8750
V 0.12470 -0.26800 0.15637 0.6166 0.1483 0.7732 0.6250 0.8750
T
V 0.12470 -0.26800 0.15637 0.6166 0.1483 0.7732 0.6250 0.8750
V 0.18920 -0.32400 0.09112 0.8910 0.1483 0.4291 0.6250 0.8750
V 0.13093 -0.32400 0.16418 0.6166 0.1483 0.7732 0.6250 0.8750
T
V 0.12470 -0.26800 0.15637 0.6166 0.1483 0.7732 0.6250 0.8750
V 0.13093 -0.32400 0.16418 0.6166 0.1483 0.7732 0.6250 0.8750
V 0.04450 -0.26800 0.19499 0.2201 0.1483 0.9641 0.6250 0.8750
T
V 0.04450 -0.26800 0.19499 0.2201 0.1483 0.9641 0.6250 0.8750
V 0.13093 -0.32400 0.16418 0.6166 0.1483 0.7732 0.6250 0.8750
V 0.04673 -0.32400 0.20473 0.2201 0.1483 0.9641 0.6250 0.8750
T
V 0.04450 -0.26800 0.19499 0.2201 0.1483 0.9641 0.6250 0.8750
V 0.04673 -0.32400 0.20473 0.2201 0.1483 0.9641 0.6250 0.8750
V -0.04450 -0.26800 0.19499 -0.2201 0.1483 0.9641 0.6250 0.8750
T
V -0.04450 -0.26800 0.19499 -0.2201 0.1483 0.9641 0.6250 0.8750
V 0.04673 -0.32400 0.20473 0.2201 0.1483 0.9641 0.6250 0.8750
V -0.04673 -0.32400 0.20473 -0.2201 0.1483 0.9641 0.6250 0.8750
T
V -0.04450 -0.26800 0.19499 -0.2201 0.1483 0.9641 0.6250 0.8750
V -0.04673 -0.32400 0.20473 -0.2201 0.1483 0.9641 0.6250 0.8750
V -0.12470 -0.26800 0.15637 -0.6166 0.1483 0.7732 0.6250 0.8750
T
V -0.12470 -0.26800 0.15637 -0.6166 0.1483 0.7732 0.6250 0.8750
V -0.04673 -0.32400 0.20473 -0.2201 0.1483 0.9641 0.6250 0.8750
V -0.13093 -0.32400 0.16418 -0.6166 0.1483 0.7732 0.6250 0.8750
T
V -0.12470 -0.26800 0.15637 -0.6166 0.1483 0.7732 0.6250 0.8750
V -0.13093 -0.32400 0.16418 -0.6166 0.1483 0.7732 0.6250 0.8750
V -0.18019 -0.26800 0.08678 -0.8910 0.1483 0.4291 0.6250 0.8750
T
V -0.18019 -0.26800 0.08678 -0.8910 0.1483 0.4291 0.6250 0.8750
V -0.13093 -0.32400 0.16418 -0.6166 0.1483 0.7732 0.6250 0.8750
V -0.18920 -0.32400 0.09112 -0.8910 0.1483 0.4291 0.6250 0.8750
T
V -0.18019 -0.26800 0.08678 -0.8910 0.1483 0.4291 0.6250 0.8750
V -0.18920 -0.32400 0.09112 -0.8910 0.1483 0.4291 0.6250 0.8750
V -0.20000 -0.26800 0.00000 -0.9889 0.1483 0.0000 0.6250 0.8750
T
V -0.20000 -0.26800 0.00000 -0.9889 0.1483 0.0000 0.6250 0.8750
V -0.18920 -0.32400 0.09112 -0.8910 0.1483 0.4291 0.6250 0.8750
V -0.21000 -0.32400 0.00000 -0.9889 0.1483 0.0000 0.6250 0.8750
T
V -0.20000 -0.26800 0.00000 -0.9889 0.1483 0.0000 0.6250 0.8750
V -0.21000 -0.32400 0.00000 -0.9889 0.1483 0.0000 0.6250 0.8750
V -0.18332 -0.26800 -0.08828 -0.8910 0.1483 -0.4291 0.6250 0.8750
T
V -0.18332 -0.26800 -0.08828 -0.8910 0.1483 -0.4291 0.6250 0.8750
V -0.21000 -0.32400 0.00000 -0.9889 0.1483 0.0000 0.6250 0.8750
V -0.19249 -0.32400 -0.09270 -0.8910 0.1483 -0.4291 0.6250 0.8750
T
V -0.18332 -0.26800 -0.08828 -0.8910 0.1483 -0.4291 0.6250 0.8750
V -0.19249 -0.32400 -0.09270 -0.8910 0.1483 -0.4291 0.6250 0.8750
V -0.12860 -0.26800 -0.16126 -0.6166 0.1483 -0.7732 0.6250 0.8750
T
V -0.12860 -0.26800 -0.16126 -0.6166 0.1483 -0.7732 0.6250 0.8750
V -0.19249 -0.32400 -0.09270 -0.8910 0.1483 -0.4291 0.6250 0.8750
V -0.13503 -0.32400 -0.16932 -0.6166 0.1483 -0.7732 0.6250 0.8750
T
V -0.12860 -0.26800 -0.16126 -0.6166 0.1483 -0.7732 0.6250 0.8750
V -0.13503 -0.32400 -0.16932 -0.6166 0.1483 -0.7732 0.6250 0.8750
V -0.04624 -0.26800 -0.20259 -0.2201 0.1483 -0.9641 0.6250 0.8750
T
V -0.04624 -0.26800 -0.20259 -0.2201 0.1483 -0.9641 0.6250 0.8750
V -0.13503 -0.32400 -0.16932 -0.6166 0.1483 -0.7732 0.6250 0.8750
V -0.04855 -0.32400 -0.21272 -0.2201 0.1483 -0.9641 0.6250 0.8750
T
V -0.04624 -0.26800 -0.20259 -0.2201 0.1483 -0.9641 0.6250 0.8750
V -0.04855 -0.32400 -0.21272 -0.2201 0.1483 -0.9641 0.6250 0.8750
V 0.04624 -0.26800 -0.20259 0.2201 0.1483 -0.9641 0.6250 0.8750
T
V 0.04624 -0.26800 -0.20259 0.2201 0.1483 -0.9641 0.6250 0.8750
V -0.04855 -0.32400 -0.21272 -0.2201 0.1483 -0.9641 0.6250 0.8750
V 0.04855 -0.32400 -0.21272 0.2201 0.1483 -0.9641 0.6250 0.8750
T
V 0.04624 -0.26800 -0.20259 0.2201 0.1483 -0.9641 0.6250 0.8750
V 0.04855 -0.32400 -0.21272 0.2201 0.1483 -0.9641 0.6250 0.8750
V 0.12860 -0.26800 -0.16126 0.6166 0.1483 -0.7732 0.6250 0.8750
T
V 0.12860 -0.26800 -0.16126 0.6166 0.1483 -0.7732 0.6250 0.8750
V 0.04855 -0.32400 -0.21272 0.2201 0.1483 -0.9641 0.6250 0.8750
V 0.13503 -0.32400 -0.16932 0.6166 0.1483 -0.7732 0.6250 0.8750
T
V 0.12860 -0.26800 -0.16126 0.6166 0.1483 -0.7732 0.6250 0.8750
V 0.13503 -0.32400 -0.16932 0.6166 0.1483 -0.7732 0.6250 0.8750
V 0.18332 -0.26800 -0.08828 0.8910 0.1483 -0.4291 0.6250 0.8750
T
V 0.18332 -0.26800 -0.08828 0.8910 0.1483 -0.4291 0.6250 0.8750
V 0.13503 -0.32400 -0.16932 0.6166 0.1483 -0.7732 0.6250 0.8750
V 0.19249 -0.32400 -0.09270 0.8910 0.1483 -0.4291 0.6250 0.8750
T
V 0.18332 -0.26800 -0.08828 0.8910 0.1483 -0.4291 0.6250 0.8750
V 0.19249 -0.32400 -0.09270 0.8910 0.1483 -0.4291 0.6250 0.8750
V 0.20000 -0.26800 0.00000 0.9889 0.1483 0.0000 0.6250 0.8750
T
V 0.20000 -0.26800 0.00000 0.9889 0.1483 0.0000 0.6250 0.8750
V 0.19249 -0.32400 -0.09270 0.8910 0.1483 -0.4291 0.6250 0.8750
V 0.21000 -0.32400 0.00000 0.9889 0.1483 0.0000 0.6250 0.8750
T
V 0.21000 -0.32400 0.00000 0.9889 0.1483 0.0000 0.6250 0.8750
V 0.22000 -0.38000 0.00000 0.9889 0.1483 0.0000 0.6250 0.8750
V 0.18920 -0.32400 0.09112 0.8910 0.1483 0.4291 0.6250 0.8750
T
V 0.18920 -0.32400 0.09112 0.8910 0.1483 0.4291 0.6250 0.8750
V 0.22000 -0.38000 0.00000 0.9889 0.1483 0.0000 0.6250 0.8750
V 0.19821 -0.38000 0.09545 0.8910 0.1483 0.4291 0.6250 0.8750
T
V 0.18920 -0.32400 0.09112 0.8910 0.1483 0.4291 0.6250 0.8750
V 0.19821 -0.38000 0.09545 0.8910 0.1483 0.4291 0.6250 0.8750
V 0.13093 -0.32400 0.16418 0.6166 0.1483 0.7732 0.6250 0.8750
T
V 0.13093 -0.32400 0.16418 0.6166 0.1483 0.7732 0.6250 0.8750
V 0.19821 -0.38000 0.09545 0.8910 0.1483 0.4291 0.6250 0.8750
V 0.13717 -0.38000 0.17200 0.6166 0.1483 0.7732 0.6250 0.8750
T
V 0.13093 -0.32400 0.16418 0.6166 0.1483 0.7732 0.6250 0.8750
V 0.13717 -0.38000 0.17200 0.6166 0.1483 0.7732 0.6250 0.8750
V 0.04673 -0.32400 0.20473 0.2201 0.1483 0.9641 0.6250 0.8750
T
V 0.04673 -0.32400 0.20473 0.2201 0.1483 0.9641 0.6250 0.8750
V 0.13717 -0.38000 0.17200 0.6166 0.1483 0.7732 0.6250 0.8750
V 0.04895 -0.38000 0.21448 0.2201 0.1483 0.9641 0.6250 0.8750
T
V 0.04673 -0.32400 0.20473 0.2201 0.1483 0.9641 0.6250 0.8750
V 0.04895 -0.38000 0.21448 0.2201 0.1483 0.9641 0.6250 0.8750
V -0.04673 -0.32400 0.20473 -0.2201 0.1483 0.9641 0.6250 0.8750
T
V -0.04673 -0.32400 0.20473 -0.2201 0.1483 0.9641 0.6250 0.8750
V 0.04895 -0.38000 0.21448 0.2201 0.1483 0.9641 0.6250 0.8750
V -0.04895 -0.38000 0.21448 -0.2201 0.1483 0.9641 0.6250 0.8750
T
V -0.04673 -0.32400 0.20473 -0.2201 0.1483 0.9641 0.6250 0.8750
V -0.04895 -0.38000 0.21448 -0.2201 0.1483 0.9641 0.6250 0.8750
V -0.13093 -0.32400 0.16418 -0.6166 0.1483 0.7732 0.6250 0.8750
T
V -0.13093 -0.32400 0.16418 -0.6166 0.1483 0.7732 0.6250 0.8750
V -0.04895 -0.38000 0.21448 -0.2201 0.1483 0.9641 0.6250 0.8750
V -0.13717 -0.38000 0.17200 -0.6166 0.1483 0.7732 0.6250 0.8750
T
V -0.13093 -0.32400 0.16418 -0.6166 0.1483 0.7732 0.6250 0.8750
V -0.13717 -0.38000 0.17200 -0.6166 0.1483 0.7732 0.6250 0.8750
V -0.18920 -0.32400 0.09112 -0.8910 0.1483 0.4291 0.6250 0.8750
T
V -0.18920 -0.32400 0.09112 -0.8910 0.1483 0.4291 0.6250 0.8750
V -0.13717 -0.38000 0.17200 -0.6166 0.1483 0.7732 0.6250 0.8750
V -0.19821 -0.38000 0.09545 -0.8910 0.1483 0.4291 0.6250 0.8750
T
V -0.18920 -0.32400 0.09112 -0.8910 0.1483 0.4291 0.6250 0.8750
V -0.19821 -0.38000 0.09545 -0.8910 0.1483 0.4291 0.6250 0.8750
V -0.21000 -0.32400 0.00000 -0.9889 0.1483 0.0000 0.6250 0.8750
T
V -0.21000 -0.32400 0.00000 -0.9889 0.1483 0.0000 0.6250 0.8750
V -0.19821 -0.38000 0.09545 -0.8910 0.1483 0.4291 0.6250 0.8750
V -0.22000 -0.38000 0.00000 -0.9889 0.1483 0.0000 0.6250 0.8750
T
V -0.21000 -0.32400 0.00000 -0.9889 0.1483 0.0000 0.6250 0.8750
V -0.22000 -0.38000 0.00000 -0.9889 0.1483 0.0000 0.6250 0.8750
V -0.19249 -0.32400 -0.09270 -0.8910 0.1483 -0.4291 0.6250 0.8750
T
V -0.19249 -0.32400 -0.09270 -0.8910 0.1483 -0.4291 0.6250 0.8750
V -0.22000 -0.38000 0.00000 -0.9889 0.1483 0.0000 0.6250 0.8750
V -0.20165 -0.38000 -0.09711 -0.8910 0.1483 -0.4291 0.6250 0.8750
T
V -0.19249 -0.32400 -0.09270 -0.8910 0.1483 -0.4291 0.6250 0.8750
V -0.20165 -0.38000 -0.09711 -0.8910 0.1483 -0.4291 0.6250 0.8750
V -0.13503 -0.32400 -0.16932 -0.6166 0.1483 -0.7732 0.6250 0.8750
T
V -0.13503 -0.32400 -0.16932 -0.6166 0.1483 -0.7732 0.6250 0.8750
V -0.20165 -0.38000 -0.09711 -0.8910 0.1483 -0.4291 0.6250 0.8750
V -0.14146 -0.38000 -0.17738 -0.6166 0.1483 -0.7732 0.6250 0.8750
T
V -0.13503 -0.32400 -0.16932 -0.6166 0.1483 -0.7732 0.6250 0.8750
V -0.14146 -0.38000 -0.17738 -0.6166 0.1483 -0.7732 0.6250 0.8750
V -0.04855 -0.32400 -0.21272 -0.2201 0.1483 -0.9641 0.6250 0.8750
T
V -0.04855 -0.32400 -0.21272 -0.2201 0.1483 -0.9641 0.6250 0.8750
V -0.14146 -0.38000 -0.17738 -0.6166 0.1483 -0.7732 0.6250 0.8750
V -0.05086 -0.38000 -0.22285 -0.2201 0.1483 -0.9641 0.6250 0.8750
T
V -0.04855 -0.32400 -0.21272 -0.2201 0.1483 -0.9641 0.6250 0.8750
V -0.05086 -0.38000 -0.22285 -0.2201 0.1483 -0.9641 0.6250 0.8750
V 0.04855 -0.32400 -0.21272 0.2201 0.1483 -0.9641 0.6250 0.8750
T
V 0.04855 -0.32400 -0.21272 0.2201 0.1483 -0.9641 0.6250 0.8750
V -0.05086 -0.38000 -0.22285 -0.2201 0.1483 -0.9641 0.6250 0.8750
V 0.05086 -0.38000 -0.22285 0.2201 0.1483 -0.9641 0.6250 0.8750
T
V 0.04855 -0.32400 -0.21272 0.2201 0.1483 -0.9641 0.6250 0.8750
V 0.05086 -0.38000 -0.22285 0.2201 0.1483 -0.9641 0.6250 0.8750
V 0.13503 -0.32400 -0.16932 0.6166 0.1483 -0.7732 0.6250 0.8750
T
V 0.13503 -0.32400 -0.16932 0.6166 0.1483 -0.7732 0.6250 0.8750
V 0.05086 -0.38000 -0.22285 0.2201 0.1483 -0.9641 0.6250 0.8750
V 0.14146 -0.38000 -0.17738 0.6166 0.1483 -0.7732 0.6250 0.8750
T
V 0.13503 -0.32400 -0.16932 0.6166 0.1483 -0.7732 0.6250 0.8750
V 0.14146 -0.38000 -0.17738 0.6166 0.1483 -0.7732 0.6250 0.8750
V 0.19249 -0.32400 -0.09270 0.8910 0.1483 -0.4291 0.6250 0.8750
T
V 0.19249 -0.32400 -0.09270 0.8910 0.1483 -0.4291 0.6250 0.8750
V 0.14146 -0.38000 -0.17738 0.6166 0.1483 -0.7732 0.6250 0.8750
V 0.20165 -0.38000 -0.09711 0.8910 0.1483 -0.4291 0.6250 0.8750
T
V 0.19249 -0.32400 -0.09270 0.8910 0.1483 -0.4291 0.6250 0.8750
V 0.20165 -0.38000 -0.09711 0.8910 0.1483 -0.4291 0.6250 0.8750
V 0.21000 -0.32400 0.00000 0.9889 0.1483 0.0000 0.6250 0.8750
T
V 0.21000 -0.32400 0.00000 0.9889 0.1483 0.0000 0.6250 0.8750
V 0.20165 -0.38000 -0.09711 0.8910 0.1483 -0.4291 0.6250 0.8750
V 0.22000 -0.38000 0.00000 0.9889 0.1483 0.0000 0.6250 0.8750
T
BONE Hips
V 0.23200 -0.40000 0.00000 0.9808 0.0000 0.1951 0.5200 0.6200
V 0.21434 -0.40000 0.08878 0.9808 0.0000 0.1951 0.5488 0.6200
V 0.21434 -0.35000 0.08878 0.9808 0.0000 0.1951 0.5488 0.7800
T
V 0.23200 -0.40000 0.00000 0.9808 0.0000 0.1951 0.5200 0.6200
V 0.21434 -0.35000 0.08878 0.9808 0.0000 0.1951 0.5488 0.7800
V 0.23200 -0.35000 0.00000 0.9808 0.0000 0.1951 0.5200 0.7800
T
V 0.23200 -0.35000 0.00000 0.0000 1.0000 0.0000 0.3750 0.8750
V 0.21434 -0.35000 0.08878 0.0000 1.0000 0.0000 0.3750 0.8750
V 0.19956 -0.35000 0.08266 0.0000 1.0000 0.0000 0.3750 0.8750
T
V 0.23200 -0.35000 0.00000 0.0000 1.0000 0.0000 0.3750 0.8750
V 0.19956 -0.35000 0.08266 0.0000 1.0000 0.0000 0.3750 0.8750
V 0.21600 -0.35000 0.00000 0.0000 1.0000 0.0000 0.3750 0.8750
T
V 0.21434 -0.40000 0.08878 0.8315 0.0000 0.5556 0.5488 0.6200
V 0.16405 -0.40000 0.16405 0.8315 0.0000 0.5556 0.5775 0.6200
V 0.16405 -0.35000 0.16405 0.8315 0.0000 0.5556 0.5775 0.7800
T
V 0.21434 -0.40000 0.08878 0.8315 0.0000 0.5556 0.5488 0.6200
V 0.16405 -0.35000 0.16405 0.8315 0.0000 0.5556 0.5775 0.7800
V 0.21434 -0.35000 0.08878 0.8315 0.0000 0.5556 0.5488 0.7800
T
V 0.21434 -0.35000 0.08878 0.0000 1.0000 0.0000 0.3750 0.8750
V 0.16405 -0.35000 0.16405 0.0000 1.0000 0.0000 0.3750 0.8750
V 0.15274 -0.35000 0.15274 0.0000 1.0000 0.0000 0.3750 0.8750
T
V 0.21434 -0.35000 0.08878 0.0000 1.0000 0.0000 0.3750 0.8750
V 0.15274 -0.35000 0.15274 0.0000 1.0000 0.0000 0.3750 0.8750
V 0.19956 -0.35000 0.08266 0.0000 1.0000 0.0000 0.3750 0.8750
T
V 0.16405 -0.40000 0.16405 0.5556 0.0000 0.8315 0.5775 0.6200
V 0.08878 -0.40000 0.21434 0.5556 0.0000 0.8315 0.6062 0.6200
V 0.08878 -0.35000 0.21434 0.5556 0.0000 0.8315 0.6062 0.7800
T
V 0.16405 -0.40000 0.16405 0.5556 0.0000 0.8315 0.5775 0.6200
V 0.08878 -0.35000 0.21434 0.5556 0.0000 0.8315 0.6062 0.7800
V 0.16405 -0.35000 0.16405 0.5556 0.0000 0.8315 0.5775 0.7800
T
V 0.16405 -0.35000 0.16405 0.0000 1.0000 0.0000 0.3750 0.8750
V 0.08878 -0.35000 0.21434 0.0000 1.0000 0.0000 0.3750 0.8750
V 0.08266 -0.35000 0.19956 0.0000 1.0000 0.0000 0.3750 0.8750
T
V 0.16405 -0.35000 0.16405 0.0000 1.0000 0.0000 0.3750 0.8750
V 0.08266 -0.35000 0.19956 0.0000 1.0000 0.0000 0.3750 0.8750
V 0.15274 -0.35000 0.15274 0.0000 1.0000 0.0000 0.3750 0.8750
T
V 0.08878 -0.40000 0.21434 0.1951 0.0000 0.9808 0.6062 0.6200
V 0.00000 -0.40000 0.23200 0.1951 0.0000 0.9808 0.6350 0.6200
V 0.00000 -0.35000 0.23200 0.1951 0.0000 0.9808 0.6350 0.7800
T
V 0.08878 -0.40000 0.21434 0.1951 0.0000 0.9808 0.6062 0.6200
V 0.00000 -0.35000 0.23200 0.1951 0.0000 0.9808 0.6350 0.7800
V 0.08878 -0.35000 0.21434 0.1951 0.0000 0.9808 0.6062 0.7800
T
V 0.08878 -0.35000 0.21434 0.0000 1.0000 0.0000 0.3750 0.8750
V 0.00000 -0.35000 0.23200 0.0000 1.0000 0.0000 0.3750 0.8750
V 0.00000 -0.35000 0.21600 0.0000 1.0000 0.0000 0.3750 0.8750
T
V 0.08878 -0.35000 0.21434 0.0000 1.0000 0.0000 0.3750 0.8750
V 0.00000 -0.35000 0.21600 0.0000 1.0000 0.0000 0.3750 0.8750
V 0.08266 -0.35000 0.19956 0.0000 1.0000 0.0000 0.3750 0.8750
T
V 0.00000 -0.40000 0.23200 -0.1951 0.0000 0.9808 0.6350 0.6200
V -0.08878 -0.40000 0.21434 -0.1951 0.0000 0.9808 0.6638 0.6200
V -0.08878 -0.35000 0.21434 -0.1951 0.0000 0.9808 0.6638 0.7800
T
V 0.00000 -0.40000 0.23200 -0.1951 0.0000 0.9808 0.6350 0.6200
V -0.08878 -0.35000 0.21434 -0.1951 0.0000 0.9808 0.6638 0.7800
V 0.00000 -0.35000 0.23200 -0.1951 0.0000 0.9808 0.6350 0.7800
T
V 0.00000 -0.35000 0.23200 0.0000 1.0000 0.0000 0.3750 0.8750
V -0.08878 -0.35000 0.21434 0.0000 1.0000 0.0000 0.3750 0.8750
V -0.08266 -0.35000 0.19956 0.0000 1.0000 0.0000 0.3750 0.8750
T
V 0.00000 -0.35000 0.23200 0.0000 1.0000 0.0000 0.3750 0.8750
V -0.08266 -0.35000 0.19956 0.0000 1.0000 0.0000 0.3750 0.8750
V 0.00000 -0.35000 0.21600 0.0000 1.0000 0.0000 0.3750 0.8750
T
V -0.08878 -0.40000 0.21434 -0.5556 0.0000 0.8315 0.6638 0.6200
V -0.16405 -0.40000 0.16405 -0.5556 0.0000 0.8315 0.6925 0.6200
V -0.16405 -0.35000 0.16405 -0.5556 0.0000 0.8315 0.6925 0.7800
T
V -0.08878 -0.40000 0.21434 -0.5556 0.0000 0.8315 0.6638 0.6200
V -0.16405 -0.35000 0.16405 -0.5556 0.0000 0.8315 0.6925 0.7800
V -0.08878 -0.35000 0.21434 -0.5556 0.0000 0.8315 0.6638 0.7800
T
V -0.08878 -0.35000 0.21434 0.0000 1.0000 0.0000 0.3750 0.8750
V -0.16405 -0.35000 0.16405 0.0000 1.0000 0.0000 0.3750 0.8750
V -0.15274 -0.35000 0.15274 0.0000 1.0000 0.0000 0.3750 0.8750
T
V -0.08878 -0.35000 0.21434 0.0000 1.0000 0.0000 0.3750 0.8750
V -0.15274 -0.35000 0.15274 0.0000 1.0000 0.0000 0.3750 0.8750
V -0.08266 -0.35000 0.19956 0.0000 1.0000 0.0000 0.3750 0.8750
T
V -0.16405 -0.40000 0.16405 -0.8315 0.0000 0.5556 0.6925 0.6200
V -0.21434 -0.40000 0.08878 -0.8315 0.0000 0.5556 0.7212 0.6200
V -0.21434 -0.35000 0.08878 -0.8315 0.0000 0.5556 0.7212 0.7800
T
V -0.16405 -0.40000 0.16405 -0.8315 0.0000 0.5556 0.6925 0.6200
V -0.21434 -0.35000 0.08878 -0.8315 0.0000 0.5556 0.7212 0.7800
V -0.16405 -0.35000 0.16405 -0.8315 0.0000 0.5556 0.6925 0.7800
T
V -0.16405 -0.35000 0.16405 0.0000 1.0000 0.0000 0.3750 0.8750
V -0.21434 -0.35000 0.08878 0.0000 1.0000 0.0000 0.3750 0.8750
V -0.19956 -0.35000 0.08266 0.0000 1.0000 0.0000 0.3750 0.8750
T
V -0.16405 -0.35000 0.16405 0.0000 1.0000 0.0000 0.3750 0.8750
V -0.19956 -0.35000 0.08266 0.0000 1.0000 0.0000 0.3750 0.8750
V -0.15274 -0.35000 0.15274 0.0000 1.0000 0.0000 0.3750 0.8750
T
V -0.21434 -0.40000 0.08878 -0.9808 0.0000 0.1951 0.7212 0.6200
V -0.23200 -0.40000 0.00000 -0.9808 0.0000 0.1951 0.7500 0.6200
V -0.23200 -0.35000 0.00000 -0.9808 0.0000 0.1951 0.7500 0.7800
T
V -0.21434 -0.40000 0.08878 -0.9808 0.0000 0.1951 0.7212 0.6200
V -0.23200 -0.35000 0.00000 -0.9808 0.0000 0.1951 0.7500 0.7800
V -0.21434 -0.35000 0.08878 -0.9808 0.0000 0.1951 0.7212 0.7800
T
V -0.21434 -0.35000 0.08878 0.0000 1.0000 0.0000 0.3750 0.8750
V -0.23200 -0.35000 0.00000 0.0000 1.0000 0.0000 0.3750 0.8750
V -0.21600 -0.35000 0.00000 0.0000 1.0000 0.0000 0.3750 0.8750
T
V -0.21434 -0.35000 0.08878 0.0000 1.0000 0.0000 0.3750 0.8750
V -0.21600 -0.35000 0.00000 0.0000 1.0000 0.0000 0.3750 0.8750
V -0.19956 -0.35000 0.08266 0.0000 1.0000 0.0000 0.3750 0.8750
T
V -0.23200 -0.40000 0.00000 -0.9808 0.0000 -0.1951 0.7500 0.6200
V -0.21434 -0.40000 -0.08878 -0.9808 0.0000 -0.1951 0.7788 0.6200
V -0.21434 -0.35000 -0.08878 -0.9808 0.0000 -0.1951 0.7788 0.7800
T
V -0.23200 -0.40000 0.00000 -0.9808 0.0000 -0.1951 0.7500 0.6200
V -0.21434 -0.35000 -0.08878 -0.9808 0.0000 -0.1951 0.7788 0.7800
V -0.23200 -0.35000 0.00000 -0.9808 0.0000 -0.1951 0.7500 0.7800
T
V -0.23200 -0.35000 0.00000 0.0000 1.0000 0.0000 0.3750 0.8750
V -0.21434 -0.35000 -0.08878 0.0000 1.0000 0.0000 0.3750 0.8750
V -0.19956 -0.35000 -0.08266 0.0000 1.0000 0.0000 0.3750 0.8750
T
V -0.23200 -0.35000 0.00000 0.0000 1.0000 0.0000 0.3750 0.8750
V -0.19956 -0.35000 -0.08266 0.0000 1.0000 0.0000 0.3750 0.8750
V -0.21600 -0.35000 0.00000 0.0000 1.0000 0.0000 0.3750 0.8750
T
V -0.21434 -0.40000 -0.08878 -0.8315 0.0000 -0.5556 0.7788 0.6200
V -0.16405 -0.40000 -0.16405 -0.8315 0.0000 -0.5556 0.8075 0.6200
V -0.16405 -0.35000 -0.16405 -0.8315 0.0000 -0.5556 0.8075 0.7800
T
V -0.21434 -0.40000 -0.08878 -0.8315 0.0000 -0.5556 0.7788 0.6200
V -0.16405 -0.35000 -0.16405 -0.8315 0.0000 -0.5556 0.8075 0.7800
V -0.21434 -0.35000 -0.08878 -0.8315 0.0000 -0.5556 0.7788 0.7800
T
V -0.21434 -0.35000 -0.08878 0.0000 1.0000 0.0000 0.3750 0.8750
V -0.16405 -0.35000 -0.16405 0.0000 1.0000 0.0000 0.3750 0.8750
V -0.15274 -0.35000 -0.15274 0.0000 1.0000 0.0000 0.3750 0.8750
T
V -0.21434 -0.35000 -0.08878 0.0000 1.0000 0.0000 0.3750 0.8750
V -0.15274 -0.35000 -0.15274 0.0000 1.0000 0.0000 0.3750 0.8750
V -0.19956 -0.35000 -0.08266 0.0000 1.0000 0.0000 0.3750 0.8750
T
V -0.16405 -0.40000 -0.16405 -0.5556 0.0000 -0.8315 0.8075 0.6200
V -0.08878 -0.40000 -0.21434 -0.5556 0.0000 -0.8315 0.8362 0.6200
V -0.08878 -0.35000 -0.21434 -0.5556 0.0000 -0.8315 0.8362 0.7800
T
V -0.16405 -0.40000 -0.16405 -0.5556 0.0000 -0.8315 0.8075 0.6200
V -0.08878 -0.35000 -0.21434 -0.5556 0.0000 -0.8315 0.8362 0.7800
V -0.16405 -0.35000 -0.16405 -0.5556 0.0000 -0.8315 0.8075 0.7800
T
V -0.16405 -0.35000 -0.16405 0.0000 1.0000 0.0000 0.3750 0.8750
V -0.08878 -0.35000 -0.21434 0.0000 1.0000 0.0000 0.3750 0.8750
V -0.08266 -0.35000 -0.19956 0.0000 1.0000 0.0000 0.3750 0.8750
T
V -0.16405 -0.35000 -0.16405 0.0000 1.0000 0.0000 0.3750 0.8750
V -0.08266 -0.35000 -0.19956 0.0000 1.0000 0.0000 0.3750 0.8750
V -0.15274 -0.35000 -0.15274 0.0000 1.0000 0.0000 0.3750 0.8750
T
V -0.08878 -0.40000 -0.21434 -0.1951 0.0000 -0.9808 0.8362 0.6200
V -0.00000 -0.40000 -0.23200 -0.1951 0.0000 -0.9808 0.8650 0.6200
V -0.00000 -0.35000 -0.23200 -0.1951 0.0000 -0.9808 0.8650 0.7800
T
V -0.08878 -0.40000 -0.21434 -0.1951 0.0000 -0.9808 0.8362 0.6200
V -0.00000 -0.35000 -0.23200 -0.1951 0.0000 -0.9808 0.8650 0.7800
V -0.08878 -0.35000 -0.21434 -0.1951 0.0000 -0.9808 0.8362 0.7800
T
V -0.08878 -0.35000 -0.21434 0.0000 1.0000 0.0000 0.3750 0.8750
V -0.00000 -0.35000 -0.23200 0.0000 1.0000 0.0000 0.3750 0.8750
V -0.00000 -0.35000 -0.21600 0.0000 1.0000 0.0000 0.3750 0.8750
T
V -0.08878 -0.35000 -0.21434 0.0000 1.0000 0.0000 0.3750 0.8750
V -0.00000 -0.35000 -0.21600 0.0000 1.0000 0.0000 0.3750 0.8750
V -0.08266 -0.35000 -0.19956 0.0000 1.0000 0.0000 0.3750 0.8750
T
V -0.00000 -0.40000 -0.23200 0.1951 0.0000 -0.9808 0.8650 0.6200
V 0.08878 -0.40000 -0.21434 0.1951 0.0000 -0.9808 0.8938 0.6200
V 0.08878 -0.35000 -0.21434 0.1951 0.0000 -0.9808 0.8938 0.7800
T
V -0.00000 -0.40000 -0.23200 0.1951 0.0000 -0.9808 0.8650 0.6200
V 0.08878 -0.35000 -0.21434 0.1951 0.0000 -0.9808 0.8938 0.7800
V -0.00000 -0.35000 -0.23200 0.1951 0.0000 -0.9808 0.8650 0.7800
T
V -0.00000 -0.35000 -0.23200 0.0000 1.0000 0.0000 0.3750 0.8750
V 0.08878 -0.35000 -0.21434 0.0000 1.0000 0.0000 0.3750 0.8750
V 0.08266 -0.35000 -0.19956 0.0000 1.0000 0.0000 0.3750 0.8750
T
V -0.00000 -0.35000 -0.23200 0.0000 1.0000 0.0000 0.3750 0.8750
V 0.08266 -0.35000 -0.19956 0.0000 1.0000 0.0000 0.3750 0.8750
V -0.00000 -0.35000 -0.21600 0.0000 1.0000 0.0000 0.3750 0.8750
T
V 0.08878 -0.40000 -0.21434 0.5556 0.0000 -0.8315 0.8938 0.6200
V 0.16405 -0.40000 -0.16405 0.5556 0.0000 -0.8315 0.9225 0.6200
V 0.16405 -0.35000 -0.16405 0.5556 0.0000 -0.8315 0.9225 0.7800
T
V 0.08878 -0.40000 -0.21434 0.5556 0.0000 -0.8315 0.8938 0.6200
V 0.16405 -0.35000 -0.16405 0.5556 0.0000 -0.8315 0.9225 0.7800
V 0.08878 -0.35000 -0.21434 0.5556 0.0000 -0.8315 0.8938 0.7800
T
V 0.08878 -0.35000 -0.21434 0.0000 1.0000 0.0000 0.3750 0.8750
V 0.16405 -0.35000 -0.16405 0.0000 1.0000 0.0000 0.3750 0.8750
V 0.15274 -0.35000 -0.15274 0.0000 1.0000 0.0000 0.3750 0.8750
T
V 0.08878 -0.35000 -0.21434 0.0000 1.0000 0.0000 0.3750 0.8750
V 0.15274 -0.35000 -0.15274 0.0000 1.0000 0.0000 0.3750 0.8750
V 0.08266 -0.35000 -0.19956 0.0000 1.0000 0.0000 0.3750 0.8750
T
V 0.16405 -0.40000 -0.16405 0.8315 0.0000 -0.5556 0.9225 0.6200
V 0.21434 -0.40000 -0.08878 0.8315 0.0000 -0.5556 0.9512 0.6200
V 0.21434 -0.35000 -0.08878 0.8315 0.0000 -0.5556 0.9512 0.7800
T
V 0.16405 -0.40000 -0.16405 0.8315 0.0000 -0.5556 0.9225 0.6200
V 0.21434 -0.35000 -0.08878 0.8315 0.0000 -0.5556 0.9512 0.7800
V 0.16405 -0.35000 -0.16405 0.8315 0.0000 -0.5556 0.9225 0.7800
T
V 0.16405 -0.35000 -0.16405 0.0000 1.0000 0.0000 0.3750 0.8750
V 0.21434 -0.35000 -0.08878 0.0000 1.0000 0.0000 0.3750 0.8750
V 0.19956 -0.35000 -0.08266 0.0000 1.0000 0.0000 0.3750 0.8750
T
V 0.16405 -0.35000 -0.16405 0.0000 1.0000 0.0000 0.3750 0.8750
V 0.19956 -0.35000 -0.08266 0.0000 1.0000 0.0000 0.3750 0.8750
V 0.15274 -0.35000 -0.15274 0.0000 1.0000 0.0000 0.3750 0.8750
T
V 0.21434 -0.40000 -0.08878 0.9808 0.0000 -0.1951 0.9512 0.6200
V 0.23200 -0.40000 -0.00000 0.9808 0.0000 -0.1951 0.9800 0.6200
V 0.23200 -0.35000 -0.00000 0.9808 0.0000 -0.1951 0.9800 0.7800
T
V 0.21434 -0.40000 -0.08878 0.9808 0.0000 -0.1951 0.9512 0.6200
V 0.23200 -0.35000 -0.00000 0.9808 0.0000 -0.1951 0.9800 0.7800
V 0.21434 -0.35000 -0.08878 0.9808 0.0000 -0.1951 0.9512 0.7800
T
V 0.21434 -0.35000 -0.08878 0.0000 1.0000 0.0000 0.3750 0.8750
V 0.23200 -0.35000 -0.00000 0.0000 1.0000 0.0000 0.3750 0.8750
V 0.21600 -0.35000 -0.00000 0.0000 1.0000 0.0000 0.3750 0.8750
T
V 0.21434 -0.35000 -0.08878 0.0000 1.0000 0.0000 0.3750 0.8750
V 0.21600 -0.35000 -0.00000 0.0000 1.0000 0.0000 0.3750 0.8750
V 0.19956 -0.35000 -0.08266 0.0000 1.0000 0.0000 0.3750 0.8750
T
BONE Hips
V -0.17000 -0.17750 -0.11000 0.0000 0.0000 -1.0000 0.8750 0.8750
V 0.17000 -0.17750 -0.11000 0.0000 0.0000 -1.0000 0.8750 0.8750
V 0.17000 -0.14250 -0.11000 0.0000 0.0000 -1.0000 0.8750 0.8750
T
V -0.17000 -0.17750 -0.11000 0.0000 0.0000 -1.0000 0.8750 0.8750
V 0.17000 -0.14250 -0.11000 0.0000 0.0000 -1.0000 0.8750 0.8750
V -0.17000 -0.14250 -0.11000 0.0000 0.0000 -1.0000 0.8750 0.8750
T
V 0.17000 -0.17750 0.11000 0.0000 0.0000 1.0000 0.8750 0.8750
V -0.17000 -0.17750 0.11000 0.0000 0.0000 1.0000 0.8750 0.8750
V -0.17000 -0.14250 0.11000 0.0000 0.0000 1.0000 0.8750 0.8750
T
V 0.17000 -0.17750 0.11000 0.0000 0.0000 1.0000 0.8750 0.8750
V -0.17000 -0.14250 0.11000 0.0000 0.0000 1.0000 0.8750 0.8750
V 0.17000 -0.14250 0.11000 0.0000 0.0000 1.0000 0.8750 0.8750
T
V -0.17000 -0.17750 0.11000 -1.0000 0.0000 0.0000 0.8750 0.8750
V -0.17000 -0.17750 -0.11000 -1.0000 0.0000 0.0000 0.8750 0.8750
V -0.17000 -0.14250 -0.11000 -1.0000 0.0000 0.0000 0.8750 0.8750
T
V -0.17000 -0.17750 0.11000 -1.0000 0.0000 0.0000 0.8750 0.8750
V -0.17000 -0.14250 -0.11000 -1.0000 0.0000 0.0000 0.8750 0.8750
V -0.17000 -0.14250 0.11000 -1.0000 0.0000 0.0000 0.8750 0.8750
T
V 0.17000 -0.17750 -0.11000 1.0000 0.0000 0.0000 0.8750 0.8750
V 0.17000 -0.17750 0.11000 1.0000 0.0000 0.0000 0.8750 0.8750
V 0.17000 -0.14250 0.11000 1.0000 0.0000 0.0000 0.8750 0.8750
T
V 0.17000 -0.17750 -0.11000 1.0000 0.0000 0.0000 0.8750 0.8750
V 0.17000 -0.14250 0.11000 1.0000 0.0000 0.0000 0.8750 0.8750
V 0.17000 -0.14250 -0.11000 1.0000 0.0000 0.0000 0.8750 0.8750
T
V -0.17000 -0.14250 -0.11000 0.0000 1.0000 0.0000 0.8750 0.8750
V 0.17000 -0.14250 -0.11000 0.0000 1.0000 0.0000 0.8750 0.8750
V 0.17000 -0.14250 0.11000 0.0000 1.0000 0.0000 0.8750 0.8750
T
V -0.17000 -0.14250 -0.11000 0.0000 1.0000 0.0000 0.8750 0.8750
V 0.17000 -0.14250 0.11000 0.0000 1.0000 0.0000 0.8750 0.8750
V -0.17000 -0.14250 0.11000 0.0000 1.0000 0.0000 0.8750 0.8750
T
V -0.17000 -0.17750 0.11000 0.0000 -1.0000 0.0000 0.8750 0.8750
V 0.17000 -0.17750 0.11000 0.0000 -1.0000 0.0000 0.8750 0.8750
V 0.17000 -0.17750 -0.11000 0.0000 -1.0000 0.0000 0.8750 0.8750
T
V -0.17000 -0.17750 0.11000 0.0000 -1.0000 0.0000 0.8750 0.8750
V 0.17000 -0.17750 -0.11000 0.0000 -1.0000 0.0000 0.8750 0.8750
V -0.17000 -0.17750 -0.11000 0.0000 -1.0000 0.0000 0.8750 0.8750
T
BONE Hips
V -0.03000 -0.18000 -0.13500 0.0000 0.0000 -1.0000 0.3750 0.8750
V 0.03000 -0.18000 -0.13500 0.0000 0.0000 -1.0000 0.3750 0.8750
V 0.03000 -0.14000 -0.13500 0.0000 0.0000 -1.0000 0.3750 0.8750
T
V -0.03000 -0.18000 -0.13500 0.0000 0.0000 -1.0000 0.3750 0.8750
V 0.03000 -0.14000 -0.13500 0.0000 0.0000 -1.0000 0.3750 0.8750
V -0.03000 -0.14000 -0.13500 0.0000 0.0000 -1.0000 0.3750 0.8750
T
V 0.03000 -0.18000 -0.10500 0.0000 0.0000 1.0000 0.3750 0.8750
V -0.03000 -0.18000 -0.10500 0.0000 0.0000 1.0000 0.3750 0.8750
V -0.03000 -0.14000 -0.10500 0.0000 0.0000 1.0000 0.3750 0.8750
T
V 0.03000 -0.18000 -0.10500 0.0000 0.0000 1.0000 0.3750 0.8750
V -0.03000 -0.14000 -0.10500 0.0000 0.0000 1.0000 0.3750 0.8750
V 0.03000 -0.14000 -0.10500 0.0000 0.0000 1.0000 0.3750 0.8750
T
V -0.03000 -0.18000 -0.10500 -1.0000 0.0000 0.0000 0.3750 0.8750
V -0.03000 -0.18000 -0.13500 -1.0000 0.0000 0.0000 0.3750 0.8750
V -0.03000 -0.14000 -0.13500 -1.0000 0.0000 0.0000 0.3750 0.8750
T
V -0.03000 -0.18000 -0.10500 -1.0000 0.0000 0.0000 0.3750 0.8750
V -0.03000 -0.14000 -0.13500 -1.0000 0.0000 0.0000 0.3750 0.8750
V -0.03000 -0.14000 -0.10500 -1.0000 0.0000 0.0000 0.3750 0.8750
T
V 0.03000 -0.18000 -0.13500 1.0000 0.0000 0.0000 0.3750 0.8750
V 0.03000 -0.18000 -0.10500 1.0000 0.0000 0.0000 0.3750 0.8750
V 0.03000 -0.14000 -0.10500 1.0000 0.0000 0.0000 0.3750 0.8750
T
V 0.03000 -0.18000 -0.13500 1.0000 0.0000 0.0000 0.3750 0.8750
V 0.03000 -0.14000 -0.10500 1.0000 0.0000 0.0000 0.3750 0.8750
V 0.03000 -0.14000 -0.13500 1.0000 0.0000 0.0000 0.3750 0.8750
T
V -0.03000 -0.14000 -0.13500 0.0000 1.0000 0.0000 0.3750 0.8750
V 0.03000 -0.14000 -0.13500 0.0000 1.0000 0.0000 0.3750 0.8750
V 0.03000 -0.14000 -0.10500 0.0000 1.0000 0.0000 0.3750 0.8750
T
V -0.03000 -0.14000 -0.13500 0.0000 1.0000 0.0000 0.3750 0.8750
V 0.03000 -0.14000 -0.10500 0.0000 1.0000 0.0000 0.3750 0.8750
V -0.03000 -0.14000 -0.10500 0.0000 1.0000 0.0000 0.3750 0.8750
T
V -0.03000 -0.18000 -0.10500 0.0000 -1.0000 0.0000 0.3750 0.8750
V 0.03000 -0.18000 -0.10500 0.0000 -1.0000 0.0000 0.3750 0.8750
V 0.03000 -0.18000 -0.13500 0.0000 -1.0000 0.0000 0.3750 0.8750
T
V -0.03000 -0.18000 -0.10500 0.0000 -1.0000 0.0000 0.3750 0.8750
V 0.03000 -0.18000 -0.13500 0.0000 -1.0000 0.0000 0.3750 0.8750
V -0.03000 -0.18000 -0.13500 0.0000 -1.0000 0.0000 0.3750 0.8750
T
BONE Hips
V -0.19500 -0.23000 -0.08000 0.0000 0.0000 -1.0000 0.8750 0.8750
V -0.12500 -0.23000 -0.08000 0.0000 0.0000 -1.0000 0.8750 0.8750
V -0.12500 -0.17000 -0.08000 0.0000 0.0000 -1.0000 0.8750 0.8750
T
V -0.19500 -0.23000 -0.08000 0.0000 0.0000 -1.0000 0.8750 0.8750
V -0.12500 -0.17000 -0.08000 0.0000 0.0000 -1.0000 0.8750 0.8750
V -0.19500 -0.17000 -0.08000 0.0000 0.0000 -1.0000 0.8750 0.8750
T
V -0.12500 -0.23000 -0.04000 0.0000 0.0000 1.0000 0.8750 0.8750
V -0.19500 -0.23000 -0.04000 0.0000 0.0000 1.0000 0.8750 0.8750
V -0.19500 -0.17000 -0.04000 0.0000 0.0000 1.0000 0.8750 0.8750
T
V -0.12500 -0.23000 -0.04000 0.0000 0.0000 1.0000 0.8750 0.8750
V -0.19500 -0.17000 -0.04000 0.0000 0.0000 1.0000 0.8750 0.8750
V -0.12500 -0.17000 -0.04000 0.0000 0.0000 1.0000 0.8750 0.8750
T
V -0.19500 -0.23000 -0.04000 -1.0000 0.0000 0.0000 0.8750 0.8750
V -0.19500 -0.23000 -0.08000 -1.0000 0.0000 0.0000 0.8750 0.8750
V -0.19500 -0.17000 -0.08000 -1.0000 0.0000 0.0000 0.8750 0.8750
T
V -0.19500 -0.23000 -0.04000 -1.0000 0.0000 0.0000 0.8750 0.8750
V -0.19500 -0.17000 -0.08000 -1.0000 0.0000 0.0000 0.8750 0.8750
V -0.19500 -0.17000 -0.04000 -1.0000 0.0000 0.0000 0.8750 0.8750
T
V -0.12500 -0.23000 -0.08000 1.0000 0.0000 0.0000 0.8750 0.8750
V -0.12500 -0.23000 -0.04000 1.0000 0.0000 0.0000 0.8750 0.8750
V -0.12500 -0.17000 -0.04000 1.0000 0.0000 0.0000 0.8750 0.8750
T
V -0.12500 -0.23000 -0.08000 1.0000 0.0000 0.0000 0.8750 0.8750
V -0.12500 -0.17000 -0.04000 1.0000 0.0000 0.0000 0.8750 0.8750
V -0.12500 -0.17000 -0.08000 1.0000 0.0000 0.0000 0.8750 0.8750
T
V -0.19500 -0.17000 -0.08000 0.0000 1.0000 0.0000 0.8750 0.8750
V -0.12500 -0.17000 -0.08000 0.0000 1.0000 0.0000 0.8750 0.8750
V -0.12500 -0.17000 -0.04000 0.0000 1.0000 0.0000 0.8750 0.8750
T
V -0.19500 -0.17000 -0.08000 0.0000 1.0000 0.0000 0.8750 0.8750
V -0.12500 -0.17000 -0.04000 0.0000 1.0000 0.0000 0.8750 0.8750
V -0.19500 -0.17000 -0.04000 0.0000 1.0000 0.0000 0.8750 0.8750
T
V -0.19500 -0.23000 -0.04000 0.0000 -1.0000 0.0000 0.8750 0.8750
V -0.12500 -0.23000 -0.04000 0.0000 -1.0000 0.0000 0.8750 0.8750
V -0.12500 -0.23000 -0.08000 0.0000 -1.0000 0.0000 0.8750 0.8750
T
V -0.19500 -0.23000 -0.04000 0.0000 -1.0000 0.0000 0.8750 0.8750
V -0.12500 -0.23000 -0.08000 0.0000 -1.0000 0.0000 0.8750 0.8750
V -0.19500 -0.23000 -0.08000 0.0000 -1.0000 0.0000 0.8750 0.8750
T
BONE Chest
V -0.29000 0.07000 -0.08000 0.0000 0.0000 -1.0000 0.1250 0.8750
V -0.15000 0.07000 -0.08000 0.0000 0.0000 -1.0000 0.1250 0.8750
V -0.15000 0.17000 -0.08000 0.0000 0.0000 -1.0000 0.1250 0.8750
T
V -0.29000 0.07000 -0.08000 0.0000 0.0000 -1.0000 0.1250 0.8750
V -0.15000 0.17000 -0.08000 0.0000 0.0000 -1.0000 0.1250 0.8750
V -0.29000 0.17000 -0.08000 0.0000 0.0000 -1.0000 0.1250 0.8750
T
V -0.15000 0.07000 0.08000 0.0000 0.0000 1.0000 0.1250 0.8750
V -0.29000 0.07000 0.08000 0.0000 0.0000 1.0000 0.1250 0.8750
V -0.29000 0.17000 0.08000 0.0000 0.0000 1.0000 0.1250 0.8750
T
V -0.15000 0.07000 0.08000 0.0000 0.0000 1.0000 0.1250 0.8750
V -0.29000 0.17000 0.08000 0.0000 0.0000 1.0000 0.1250 0.8750
V -0.15000 0.17000 0.08000 0.0000 0.0000 1.0000 0.1250 0.8750
T
V -0.29000 0.07000 0.08000 -1.0000 0.0000 0.0000 0.1250 0.8750
V -0.29000 0.07000 -0.08000 -1.0000 0.0000 0.0000 0.1250 0.8750
V -0.29000 0.17000 -0.08000 -1.0000 0.0000 0.0000 0.1250 0.8750
T
V -0.29000 0.07000 0.08000 -1.0000 0.0000 0.0000 0.1250 0.8750
V -0.29000 0.17000 -0.08000 -1.0000 0.0000 0.0000 0.1250 0.8750
V -0.29000 0.17000 0.08000 -1.0000 0.0000 0.0000 0.1250 0.8750
T
V -0.15000 0.07000 -0.08000 1.0000 0.0000 0.0000 0.1250 0.8750
V -0.15000 0.07000 0.08000 1.0000 0.0000 0.0000 0.1250 0.8750
V -0.15000 0.17000 0.08000 1.0000 0.0000 0.0000 0.1250 0.8750
T
V -0.15000 0.07000 -0.08000 1.0000 0.0000 0.0000 0.1250 0.8750
V -0.15000 0.17000 0.08000 1.0000 0.0000 0.0000 0.1250 0.8750
V -0.15000 0.17000 -0.08000 1.0000 0.0000 0.0000 0.1250 0.8750
T
V -0.29000 0.17000 -0.08000 0.0000 1.0000 0.0000 0.1250 0.8750
V -0.15000 0.17000 -0.08000 0.0000 1.0000 0.0000 0.1250 0.8750
V -0.15000 0.17000 0.08000 0.0000 1.0000 0.0000 0.1250 0.8750
T
V -0.29000 0.17000 -0.08000 0.0000 1.0000 0.0000 0.1250 0.8750
V -0.15000 0.17000 0.08000 0.0000 1.0000 0.0000 0.1250 0.8750
V -0.29000 0.17000 0.08000 0.0000 1.0000 0.0000 0.1250 0.8750
T
V -0.29000 0.07000 0.08000 0.0000 -1.0000 0.0000 0.1250 0.8750
V -0.15000 0.07000 0.08000 0.0000 -1.0000 0.0000 0.1250 0.8750
V -0.15000 0.07000 -0.08000 0.0000 -1.0000 0.0000 0.1250 0.8750
T
V -0.29000 0.07000 0.08000 0.0000 -1.0000 0.0000 0.1250 0.8750
V -0.15000 0.07000 -0.08000 0.0000 -1.0000 0.0000 0.1250 0.8750
V -0.29000 0.07000 -0.08000 0.0000 -1.0000 0.0000 0.1250 0.8750
T
BONE Chest
V -0.27000 0.16500 -0.06000 0.0000 0.0000 -1.0000 0.3750 0.8750
V -0.17000 0.16500 -0.06000 0.0000 0.0000 -1.0000 0.3750 0.8750
V -0.17000 0.19500 -0.06000 0.0000 0.0000 -1.0000 0.3750 0.8750
T
V -0.27000 0.16500 -0.06000 0.0000 0.0000 -1.0000 0.3750 0.8750
V -0.17000 0.19500 -0.06000 0.0000 0.0000 -1.0000 0.3750 0.8750
V -0.27000 0.19500 -0.06000 0.0000 0.0000 -1.0000 0.3750 0.8750
T
V -0.17000 0.16500 0.06000 0.0000 0.0000 1.0000 0.3750 0.8750
V -0.27000 0.16500 0.06000 0.0000 0.0000 1.0000 0.3750 0.8750
V -0.27000 0.19500 0.06000 0.0000 0.0000 1.0000 0.3750 0.8750
T
V -0.17000 0.16500 0.06000 0.0000 0.0000 1.0000 0.3750 0.8750
V -0.27000 0.19500 0.06000 0.0000 0.0000 1.0000 0.3750 0.8750
V -0.17000 0.19500 0.06000 0.0000 0.0000 1.0000 0.3750 0.8750
T
V -0.27000 0.16500 0.06000 -1.0000 0.0000 0.0000 0.3750 0.8750
V -0.27000 0.16500 -0.06000 -1.0000 0.0000 0.0000 0.3750 0.8750
V -0.27000 0.19500 -0.06000 -1.0000 0.0000 0.0000 0.3750 0.8750
T
V -0.27000 0.16500 0.06000 -1.0000 0.0000 0.0000 0.3750 0.8750
V -0.27000 0.19500 -0.06000 -1.0000 0.0000 0.0000 0.3750 0.8750
V -0.27000 0.19500 0.06000 -1.0000 0.0000 0.0000 0.3750 0.8750
T
V -0.17000 0.16500 -0.06000 1.0000 0.0000 0.0000 0.3750 0.8750
V -0.17000 0.16500 0.06000 1.0000 0.0000 0.0000 0.3750 0.8750
V -0.17000 0.19500 0.06000 1.0000 0.0000 0.0000 0.3750 0.8750
T
V -0.17000 0.16500 -0.06000 1.0000 0.0000 0.0000 0.3750 0.8750
V -0.17000 0.19500 0.06000 1.0000 0.0000 0.0000 0.3750 0.8750
V -0.17000 0.19500 -0.06000 1.0000 0.0000 0.0000 0.3750 0.8750
T
V -0.27000 0.19500 -0.06000 0.0000 1.0000 0.0000 0.3750 0.8750
V -0.17000 0.19500 -0.06000 0.0000 1.0000 0.0000 0.3750 0.8750
V -0.17000 0.19500 0.06000 0.0000 1.0000 0.0000 0.3750 0.8750
T
V -0.27000 0.19500 -0.06000 0.0000 1.0000 0.0000 0.3750 0.8750
V -0.17000 0.19500 0.06000 0.0000 1.0000 0.0000 0.3750 0.8750
V -0.27000 0.19500 0.06000 0.0000 1.0000 0.0000 0.3750 0.8750
T
V -0.27000 0.16500 0.06000 0.0000 -1.0000 0.0000 0.3750 0.8750
V -0.17000 0.16500 0.06000 0.0000 -1.0000 0.0000 0.3750 0.8750
V -0.17000 0.16500 -0.06000 0.0000 -1.0000 0.0000 0.3750 0.8750
T
V -0.27000 0.16500 0.06000 0.0000 -1.0000 0.0000 0.3750 0.8750
V -0.17000 0.16500 -0.06000 0.0000 -1.0000 0.0000 0.3750 0.8750
V -0.27000 0.16500 -0.06000 0.0000 -1.0000 0.0000 0.3750 0.8750
T
BONE Chest
V -0.22000 0.19000 0.00000 0.0000 1.0000 0.0000 0.1250 0.8750
V -0.15636 0.16950 0.00000 0.6139 0.7894 0.0000 0.1250 0.8750
V -0.22000 0.19000 0.00000 0.0000 1.0000 0.0000 0.1250 0.8750
T
V -0.22000 0.19000 0.00000 0.0000 1.0000 0.0000 0.1250 0.8750
V -0.15636 0.16950 0.00000 0.6139 0.7894 0.0000 0.1250 0.8750
V -0.18032 0.16950 0.04976 0.3828 0.7894 0.4800 0.1250 0.8750
T
V -0.22000 0.19000 0.00000 0.0000 1.0000 0.0000 0.1250 0.8750
V -0.18032 0.16950 0.04976 0.3828 0.7894 0.4800 0.1250 0.8750
V -0.22000 0.19000 0.00000 -0.0000 1.0000 0.0000 0.1250 0.8750
T
V -0.22000 0.19000 0.00000 -0.0000 1.0000 0.0000 0.1250 0.8750
V -0.18032 0.16950 0.04976 0.3828 0.7894 0.4800 0.1250 0.8750
V -0.23416 0.16950 0.06204 -0.1366 0.7894 0.5985 0.1250 0.8750
T
V -0.22000 0.19000 0.00000 -0.0000 1.0000 0.0000 0.1250 0.8750
V -0.23416 0.16950 0.06204 -0.1366 0.7894 0.5985 0.1250 0.8750
V -0.22000 0.19000 0.00000 -0.0000 1.0000 0.0000 0.1250 0.8750
T
V -0.22000 0.19000 0.00000 -0.0000 1.0000 0.0000 0.1250 0.8750
V -0.23416 0.16950 0.06204 -0.1366 0.7894 0.5985 0.1250 0.8750
V -0.27734 0.16950 0.02761 -0.5531 0.7894 0.2664 0.1250 0.8750
T
V -0.22000 0.19000 0.00000 -0.0000 1.0000 0.0000 0.1250 0.8750
V -0.27734 0.16950 0.02761 -0.5531 0.7894 0.2664 0.1250 0.8750
V -0.22000 0.19000 0.00000 -0.0000 1.0000 -0.0000 0.1250 0.8750
T
V -0.22000 0.19000 0.00000 -0.0000 1.0000 -0.0000 0.1250 0.8750
V -0.27734 0.16950 0.02761 -0.5531 0.7894 0.2664 0.1250 0.8750
V -0.27734 0.16950 -0.02761 -0.5531 0.7894 -0.2664 0.1250 0.8750
T
V -0.22000 0.19000 0.00000 -0.0000 1.0000 -0.0000 0.1250 0.8750
V -0.27734 0.16950 -0.02761 -0.5531 0.7894 -0.2664 0.1250 0.8750
V -0.22000 0.19000 0.00000 -0.0000 1.0000 -0.0000 0.1250 0.8750
T
V -0.22000 0.19000 0.00000 -0.0000 1.0000 -0.0000 0.1250 0.8750
V -0.27734 0.16950 -0.02761 -0.5531 0.7894 -0.2664 0.1250 0.8750
V -0.23416 0.16950 -0.06204 -0.1366 0.7894 -0.5985 0.1250 0.8750
T
V -0.22000 0.19000 0.00000 -0.0000 1.0000 -0.0000 0.1250 0.8750
V -0.23416 0.16950 -0.06204 -0.1366 0.7894 -0.5985 0.1250 0.8750
V -0.22000 0.19000 0.00000 0.0000 1.0000 -0.0000 0.1250 0.8750
T
V -0.22000 0.19000 0.00000 0.0000 1.0000 -0.0000 0.1250 0.8750
V -0.23416 0.16950 -0.06204 -0.1366 0.7894 -0.5985 0.1250 0.8750
V -0.18032 0.16950 -0.04976 0.3828 0.7894 -0.4800 0.1250 0.8750
T
V -0.22000 0.19000 0.00000 0.0000 1.0000 -0.0000 0.1250 0.8750
V -0.18032 0.16950 -0.04976 0.3828 0.7894 -0.4800 0.1250 0.8750
V -0.22000 0.19000 0.00000 0.0000 1.0000 -0.0000 0.1250 0.8750
T
V -0.22000 0.19000 0.00000 0.0000 1.0000 -0.0000 0.1250 0.8750
V -0.18032 0.16950 -0.04976 0.3828 0.7894 -0.4800 0.1250 0.8750
V -0.15636 0.16950 -0.00000 0.6139 0.7894 -0.0000 0.1250 0.8750
T
V -0.15636 0.16950 0.00000 0.6139 0.7894 0.0000 0.1250 0.8750
V -0.13000 0.12000 0.00000 1.0000 0.0000 0.0000 0.1250 0.8750
V -0.18032 0.16950 0.04976 0.3828 0.7894 0.4800 0.1250 0.8750
T
V -0.18032 0.16950 0.04976 0.3828 0.7894 0.4800 0.1250 0.8750
V -0.13000 0.12000 0.00000 1.0000 0.0000 0.0000 0.1250 0.8750
V -0.16389 0.12000 0.07036 0.6235 0.0000 0.7818 0.1250 0.8750
T
V -0.18032 0.16950 0.04976 0.3828 0.7894 0.4800 0.1250 0.8750
V -0.16389 0.12000 0.07036 0.6235 0.0000 0.7818 0.1250 0.8750
V -0.23416 0.16950 0.06204 -0.1366 0.7894 0.5985 0.1250 0.8750
T
V -0.23416 0.16950 0.06204 -0.1366 0.7894 0.5985 0.1250 0.8750
V -0.16389 0.12000 0.07036 0.6235 0.0000 0.7818 0.1250 0.8750
V -0.24003 0.12000 0.08774 -0.2225 0.0000 0.9749 0.1250 0.8750
T
V -0.23416 0.16950 0.06204 -0.1366 0.7894 0.5985 0.1250 0.8750
V -0.24003 0.12000 0.08774 -0.2225 0.0000 0.9749 0.1250 0.8750
V -0.27734 0.16950 0.02761 -0.5531 0.7894 0.2664 0.1250 0.8750
T
V -0.27734 0.16950 0.02761 -0.5531 0.7894 0.2664 0.1250 0.8750
V -0.24003 0.12000 0.08774 -0.2225 0.0000 0.9749 0.1250 0.8750
V -0.30109 0.12000 0.03905 -0.9010 0.0000 0.4339 0.1250 0.8750
T
V -0.27734 0.16950 0.02761 -0.5531 0.7894 0.2664 0.1250 0.8750
V -0.30109 0.12000 0.03905 -0.9010 0.0000 0.4339 0.1250 0.8750
V -0.27734 0.16950 -0.02761 -0.5531 0.7894 -0.2664 0.1250 0.8750
T
V -0.27734 0.16950 -0.02761 -0.5531 0.7894 -0.2664 0.1250 0.8750
V -0.30109 0.12000 0.03905 -0.9010 0.0000 0.4339 0.1250 0.8750
V -0.30109 0.12000 -0.03905 -0.9010 0.0000 -0.4339 0.1250 0.8750
T
V -0.27734 0.16950 -0.02761 -0.5531 0.7894 -0.2664 0.1250 0.8750
V -0.30109 0.12000 -0.03905 -0.9010 0.0000 -0.4339 0.1250 0.8750
V -0.23416 0.16950 -0.06204 -0.1366 0.7894 -0.5985 0.1250 0.8750
T
V -0.23416 0.16950 -0.06204 -0.1366 0.7894 -0.5985 0.1250 0.8750
V -0.30109 0.12000 -0.03905 -0.9010 0.0000 -0.4339 0.1250 0.8750
V -0.24003 0.12000 -0.08774 -0.2225 0.0000 -0.9749 0.1250 0.8750
T
V -0.23416 0.16950 -0.06204 -0.1366 0.7894 -0.5985 0.1250 0.8750
V -0.24003 0.12000 -0.08774 -0.2225 0.0000 -0.9749 0.1250 0.8750
V -0.18032 0.16950 -0.04976 0.3828 0.7894 -0.4800 0.1250 0.8750
T
V -0.18032 0.16950 -0.04976 0.3828 0.7894 -0.4800 0.1250 0.8750
V -0.24003 0.12000 -0.08774 -0.2225 0.0000 -0.9749 0.1250 0.8750
V -0.16389 0.12000 -0.07036 0.6235 0.0000 -0.7818 0.1250 0.8750
T
V -0.18032 0.16950 -0.04976 0.3828 0.7894 -0.4800 0.1250 0.8750
V -0.16389 0.12000 -0.07036 0.6235 0.0000 -0.7818 0.1250 0.8750
V -0.15636 0.16950 -0.00000 0.6139 0.7894 -0.0000 0.1250 0.8750
T
V -0.15636 0.16950 -0.00000 0.6139 0.7894 -0.0000 0.1250 0.8750
V -0.16389 0.12000 -0.07036 0.6235 0.0000 -0.7818 0.1250 0.8750
V -0.13000 0.12000 -0.00000 1.0000 0.0000 -0.0000 0.1250 0.8750
T
V -0.13000 0.12000 0.00000 1.0000 0.0000 0.0000 0.1250 0.8750
V -0.15636 0.07050 0.00000 0.6139 -0.7894 0.0000 0.1250 0.8750
V -0.16389 0.12000 0.07036 0.6235 0.0000 0.7818 0.1250 0.8750
T
V -0.16389 0.12000 0.07036 0.6235 0.0000 0.7818 0.1250 0.8750
V -0.15636 0.07050 0.00000 0.6139 -0.7894 0.0000 0.1250 0.8750
V -0.18032 0.07050 0.04976 0.3828 -0.7894 0.4800 0.1250 0.8750
T
V -0.16389 0.12000 0.07036 0.6235 0.0000 0.7818 0.1250 0.8750
V -0.18032 0.07050 0.04976 0.3828 -0.7894 0.4800 0.1250 0.8750
V -0.24003 0.12000 0.08774 -0.2225 0.0000 0.9749 0.1250 0.8750
T
V -0.24003 0.12000 0.08774 -0.2225 0.0000 0.9749 0.1250 0.8750
V -0.18032 0.07050 0.04976 0.3828 -0.7894 0.4800 0.1250 0.8750
V -0.23416 0.07050 0.06204 -0.1366 -0.7894 0.5985 0.1250 0.8750
T
V -0.24003 0.12000 0.08774 -0.2225 0.0000 0.9749 0.1250 0.8750
V -0.23416 0.07050 0.06204 -0.1366 -0.7894 0.5985 0.1250 0.8750
V -0.30109 0.12000 0.03905 -0.9010 0.0000 0.4339 0.1250 0.8750
T
V -0.30109 0.12000 0.03905 -0.9010 0.0000 0.4339 0.1250 0.8750
V -0.23416 0.07050 0.06204 -0.1366 -0.7894 0.5985 0.1250 0.8750
V -0.27734 0.07050 0.02761 -0.5531 -0.7894 0.2664 0.1250 0.8750
T
V -0.30109 0.12000 0.03905 -0.9010 0.0000 0.4339 0.1250 0.8750
V -0.27734 0.07050 0.02761 -0.5531 -0.7894 0.2664 0.1250 0.8750
V -0.30109 0.12000 -0.03905 -0.9010 0.0000 -0.4339 0.1250 0.8750
T
V -0.30109 0.12000 -0.03905 -0.9010 0.0000 -0.4339 0.1250 0.8750
V -0.27734 0.07050 0.02761 -0.5531 -0.7894 0.2664 0.1250 0.8750
V -0.27734 0.07050 -0.02761 -0.5531 -0.7894 -0.2664 0.1250 0.8750
T
V -0.30109 0.12000 -0.03905 -0.9010 0.0000 -0.4339 0.1250 0.8750
V -0.27734 0.07050 -0.02761 -0.5531 -0.7894 -0.2664 0.1250 0.8750
V -0.24003 0.12000 -0.08774 -0.2225 0.0000 -0.9749 0.1250 0.8750
T
V -0.24003 0.12000 -0.08774 -0.2225 0.0000 -0.9749 0.1250 0.8750
V -0.27734 0.07050 -0.02761 -0.5531 -0.7894 -0.2664 0.1250 0.8750
V -0.23416 0.07050 -0.06204 -0.1366 -0.7894 -0.5985 0.1250 0.8750
T
V -0.24003 0.12000 -0.08774 -0.2225 0.0000 -0.9749 0.1250 0.8750
V -0.23416 0.07050 -0.06204 -0.1366 -0.7894 -0.5985 0.1250 0.8750
V -0.16389 0.12000 -0.07036 0.6235 0.0000 -0.7818 0.1250 0.8750
T
V -0.16389 0.12000 -0.07036 0.6235 0.0000 -0.7818 0.1250 0.8750
V -0.23416 0.07050 -0.06204 -0.1366 -0.7894 -0.5985 0.1250 0.8750
V -0.18032 0.07050 -0.04976 0.3828 -0.7894 -0.4800 0.1250 0.8750
T
V -0.16389 0.12000 -0.07036 0.6235 0.0000 -0.7818 0.1250 0.8750
V -0.18032 0.07050 -0.04976 0.3828 -0.7894 -0.4800 0.1250 0.8750
V -0.13000 0.12000 -0.00000 1.0000 0.0000 -0.0000 0.1250 0.8750
T
V -0.13000 0.12000 -0.00000 1.0000 0.0000 -0.0000 0.1250 0.8750
V -0.18032 0.07050 -0.04976 0.3828 -0.7894 -0.4800 0.1250 0.8750
V -0.15636 0.07050 -0.00000 0.6139 -0.7894 -0.0000 0.1250 0.8750
T
V -0.15636 0.07050 0.00000 0.6139 -0.7894 0.0000 0.1250 0.8750
V -0.22000 0.05000 0.00000 0.0000 -1.0000 0.0000 0.1250 0.8750
V -0.18032 0.07050 0.04976 0.3828 -0.7894 0.4800 0.1250 0.8750
T
V -0.18032 0.07050 0.04976 0.3828 -0.7894 0.4800 0.1250 0.8750
V -0.22000 0.05000 0.00000 0.0000 -1.0000 0.0000 0.1250 0.8750
V -0.22000 0.05000 0.00000 0.0000 -1.0000 0.0000 0.1250 0.8750
T
V -0.18032 0.07050 0.04976 0.3828 -0.7894 0.4800 0.1250 0.8750
V -0.22000 0.05000 0.00000 0.0000 -1.0000 0.0000 0.1250 0.8750
V -0.23416 0.07050 0.06204 -0.1366 -0.7894 0.5985 0.1250 0.8750
T
V -0.23416 0.07050 0.06204 -0.1366 -0.7894 0.5985 0.1250 0.8750
V -0.22000 0.05000 0.00000 0.0000 -1.0000 0.0000 0.1250 0.8750
V -0.22000 0.05000 0.00000 -0.0000 -1.0000 0.0000 0.1250 0.8750
T
V -0.23416 0.07050 0.06204 -0.1366 -0.7894 0.5985 0.1250 0.8750
V -0.22000 0.05000 0.00000 -0.0000 -1.0000 0.0000 0.1250 0.8750
V -0.27734 0.07050 0.02761 -0.5531 -0.7894 0.2664 0.1250 0.8750
T
V -0.27734 0.07050 0.02761 -0.5531 -0.7894 0.2664 0.1250 0.8750
V -0.22000 0.05000 0.00000 -0.0000 -1.0000 0.0000 0.1250 0.8750
V -0.22000 0.05000 0.00000 -0.0000 -1.0000 0.0000 0.1250 0.8750
T
V -0.27734 0.07050 0.02761 -0.5531 -0.7894 0.2664 0.1250 0.8750
V -0.22000 0.05000 0.00000 -0.0000 -1.0000 0.0000 0.1250 0.8750
V -0.27734 0.07050 -0.02761 -0.5531 -0.7894 -0.2664 0.1250 0.8750
T
V -0.27734 0.07050 -0.02761 -0.5531 -0.7894 -0.2664 0.1250 0.8750
V -0.22000 0.05000 0.00000 -0.0000 -1.0000 0.0000 0.1250 0.8750
V -0.22000 0.05000 -0.00000 -0.0000 -1.0000 -0.0000 0.1250 0.8750
T
V -0.27734 0.07050 -0.02761 -0.5531 -0.7894 -0.2664 0.1250 0.8750
V -0.22000 0.05000 -0.00000 -0.0000 -1.0000 -0.0000 0.1250 0.8750
V -0.23416 0.07050 -0.06204 -0.1366 -0.7894 -0.5985 0.1250 0.8750
T
V -0.23416 0.07050 -0.06204 -0.1366 -0.7894 -0.5985 0.1250 0.8750
V -0.22000 0.05000 -0.00000 -0.0000 -1.0000 -0.0000 0.1250 0.8750
V -0.22000 0.05000 -0.00000 -0.0000 -1.0000 -0.0000 0.1250 0.8750
T
V -0.23416 0.07050 -0.06204 -0.1366 -0.7894 -0.5985 0.1250 0.8750
V -0.22000 0.05000 -0.00000 -0.0000 -1.0000 -0.0000 0.1250 0.8750
V -0.18032 0.07050 -0.04976 0.3828 -0.7894 -0.4800 0.1250 0.8750
T
V -0.18032 0.07050 -0.04976 0.3828 -0.7894 -0.4800 0.1250 0.8750
V -0.22000 0.05000 -0.00000 -0.0000 -1.0000 -0.0000 0.1250 0.8750
V -0.22000 0.05000 -0.00000 0.0000 -1.0000 -0.0000 0.1250 0.8750
T
V -0.18032 0.07050 -0.04976 0.3828 -0.7894 -0.4800 0.1250 0.8750
V -0.22000 0.05000 -0.00000 0.0000 -1.0000 -0.0000 0.1250 0.8750
V -0.15636 0.07050 -0.00000 0.6139 -0.7894 -0.0000 0.1250 0.8750
T
V -0.15636 0.07050 -0.00000 0.6139 -0.7894 -0.0000 0.1250 0.8750
V -0.22000 0.05000 -0.00000 0.0000 -1.0000 -0.0000 0.1250 0.8750
V -0.22000 0.05000 -0.00000 0.0000 -1.0000 -0.0000 0.1250 0.8750
T
BONE Chest
V 0.15000 0.07000 -0.08000 0.0000 0.0000 -1.0000 0.1250 0.8750
V 0.29000 0.07000 -0.08000 0.0000 0.0000 -1.0000 0.1250 0.8750
V 0.29000 0.17000 -0.08000 0.0000 0.0000 -1.0000 0.1250 0.8750
T
V 0.15000 0.07000 -0.08000 0.0000 0.0000 -1.0000 0.1250 0.8750
V 0.29000 0.17000 -0.08000 0.0000 0.0000 -1.0000 0.1250 0.8750
V 0.15000 0.17000 -0.08000 0.0000 0.0000 -1.0000 0.1250 0.8750
T
V 0.29000 0.07000 0.08000 0.0000 0.0000 1.0000 0.1250 0.8750
V 0.15000 0.07000 0.08000 0.0000 0.0000 1.0000 0.1250 0.8750
V 0.15000 0.17000 0.08000 0.0000 0.0000 1.0000 0.1250 0.8750
T
V 0.29000 0.07000 0.08000 0.0000 0.0000 1.0000 0.1250 0.8750
V 0.15000 0.17000 0.08000 0.0000 0.0000 1.0000 0.1250 0.8750
V 0.29000 0.17000 0.08000 0.0000 0.0000 1.0000 0.1250 0.8750
T
V 0.15000 0.07000 0.08000 -1.0000 0.0000 0.0000 0.1250 0.8750
V 0.15000 0.07000 -0.08000 -1.0000 0.0000 0.0000 0.1250 0.8750
V 0.15000 0.17000 -0.08000 -1.0000 0.0000 0.0000 0.1250 0.8750
T
V 0.15000 0.07000 0.08000 -1.0000 0.0000 0.0000 0.1250 0.8750
V 0.15000 0.17000 -0.08000 -1.0000 0.0000 0.0000 0.1250 0.8750
V 0.15000 0.17000 0.08000 -1.0000 0.0000 0.0000 0.1250 0.8750
T
V 0.29000 0.07000 -0.08000 1.0000 0.0000 0.0000 0.1250 0.8750
V 0.29000 0.07000 0.08000 1.0000 0.0000 0.0000 0.1250 0.8750
V 0.29000 0.17000 0.08000 1.0000 0.0000 0.0000 0.1250 0.8750
T
V 0.29000 0.07000 -0.08000 1.0000 0.0000 0.0000 0.1250 0.8750
V 0.29000 0.17000 0.08000 1.0000 0.0000 0.0000 0.1250 0.8750
V 0.29000 0.17000 -0.08000 1.0000 0.0000 0.0000 0.1250 0.8750
T
V 0.15000 0.17000 -0.08000 0.0000 1.0000 0.0000 0.1250 0.8750
V 0.29000 0.17000 -0.08000 0.0000 1.0000 0.0000 0.1250 0.8750
V 0.29000 0.17000 0.08000 0.0000 1.0000 0.0000 0.1250 0.8750
T
V 0.15000 0.17000 -0.08000 0.0000 1.0000 0.0000 0.1250 0.8750
V 0.29000 0.17000 0.08000 0.0000 1.0000 0.0000 0.1250 0.8750
V 0.15000 0.17000 0.08000 0.0000 1.0000 0.0000 0.1250 0.8750
T
V 0.15000 0.07000 0.08000 0.0000 -1.0000 0.0000 0.1250 0.8750
V 0.29000 0.07000 0.08000 0.0000 -1.0000 0.0000 0.1250 0.8750
V 0.29000 0.07000 -0.08000 0.0000 -1.0000 0.0000 0.1250 0.8750
T
V 0.15000 0.07000 0.08000 0.0000 -1.0000 0.0000 0.1250 0.8750
V 0.29000 0.07000 -0.08000 0.0000 -1.0000 0.0000 0.1250 0.8750
V 0.15000 0.07000 -0.08000 0.0000 -1.0000 0.0000 0.1250 0.8750
T
BONE Chest
V 0.17000 0.16500 -0.06000 0.0000 0.0000 -1.0000 0.3750 0.8750
V 0.27000 0.16500 -0.06000 0.0000 0.0000 -1.0000 0.3750 0.8750
V 0.27000 0.19500 -0.06000 0.0000 0.0000 -1.0000 0.3750 0.8750
T
V 0.17000 0.16500 -0.06000 0.0000 0.0000 -1.0000 0.3750 0.8750
V 0.27000 0.19500 -0.06000 0.0000 0.0000 -1.0000 0.3750 0.8750
V 0.17000 0.19500 -0.06000 0.0000 0.0000 -1.0000 0.3750 0.8750
T
V 0.27000 0.16500 0.06000 0.0000 0.0000 1.0000 0.3750 0.8750
V 0.17000 0.16500 0.06000 0.0000 0.0000 1.0000 0.3750 0.8750
V 0.17000 0.19500 0.06000 0.0000 0.0000 1.0000 0.3750 0.8750
T
V 0.27000 0.16500 0.06000 0.0000 0.0000 1.0000 0.3750 0.8750
V 0.17000 0.19500 0.06000 0.0000 0.0000 1.0000 0.3750 0.8750
V 0.27000 0.19500 0.06000 0.0000 0.0000 1.0000 0.3750 0.8750
T
V 0.17000 0.16500 0.06000 -1.0000 0.0000 0.0000 0.3750 0.8750
V 0.17000 0.16500 -0.06000 -1.0000 0.0000 0.0000 0.3750 0.8750
V 0.17000 0.19500 -0.06000 -1.0000 0.0000 0.0000 0.3750 0.8750
T
V 0.17000 0.16500 0.06000 -1.0000 0.0000 0.0000 0.3750 0.8750
V 0.17000 0.19500 -0.06000 -1.0000 0.0000 0.0000 0.3750 0.8750
V 0.17000 0.19500 0.06000 -1.0000 0.0000 0.0000 0.3750 0.8750
T
V 0.27000 0.16500 -0.06000 1.0000 0.0000 0.0000 0.3750 0.8750
V 0.27000 0.16500 0.06000 1.0000 0.0000 0.0000 0.3750 0.8750
V 0.27000 0.19500 0.06000 1.0000 0.0000 0.0000 0.3750 0.8750
T
V 0.27000 0.16500 -0.06000 1.0000 0.0000 0.0000 0.3750 0.8750
V 0.27000 0.19500 0.06000 1.0000 0.0000 0.0000 0.3750 0.8750
V 0.27000 0.19500 -0.06000 1.0000 0.0000 0.0000 0.3750 0.8750
T
V 0.17000 0.19500 -0.06000 0.0000 1.0000 0.0000 0.3750 0.8750
V 0.27000 0.19500 -0.06000 0.0000 1.0000 0.0000 0.3750 0.8750
V 0.27000 0.19500 0.06000 0.0000 1.0000 0.0000 0.3750 0.8750
T
V 0.17000 0.19500 -0.06000 0.0000 1.0000 0.0000 0.3750 0.8750
V 0.27000 0.19500 0.06000 0.0000 1.0000 0.0000 0.3750 0.8750
V 0.17000 0.19500 0.06000 0.0000 1.0000 0.0000 0.3750 0.8750
T
V 0.17000 0.16500 0.06000 0.0000 -1.0000 0.0000 0.3750 0.8750
V 0.27000 0.16500 0.06000 0.0000 -1.0000 0.0000 0.3750 0.8750
V 0.27000 0.16500 -0.06000 0.0000 -1.0000 0.0000 0.3750 0.8750
T
V 0.17000 0.16500 0.06000 0.0000 -1.0000 0.0000 0.3750 0.8750
V 0.27000 0.16500 -0.06000 0.0000 -1.0000 0.0000 0.3750 0.8750
V 0.17000 0.16500 -0.06000 0.0000 -1.0000 0.0000 0.3750 0.8750
T
BONE Chest
V 0.22000 0.19000 0.00000 0.0000 1.0000 0.0000 0.1250 0.8750
V 0.28364 0.16950 0.00000 0.6139 0.7894 0.0000 0.1250 0.8750
V 0.22000 0.19000 0.00000 0.0000 1.0000 0.0000 0.1250 0.8750
T
V 0.22000 0.19000 0.00000 0.0000 1.0000 0.0000 0.1250 0.8750
V 0.28364 0.16950 0.00000 0.6139 0.7894 0.0000 0.1250 0.8750
V 0.25968 0.16950 0.04976 0.3828 0.7894 0.4800 0.1250 0.8750
T
V 0.22000 0.19000 0.00000 0.0000 1.0000 0.0000 0.1250 0.8750
V 0.25968 0.16950 0.04976 0.3828 0.7894 0.4800 0.1250 0.8750
V 0.22000 0.19000 0.00000 -0.0000 1.0000 0.0000 0.1250 0.8750
T
V 0.22000 0.19000 0.00000 -0.0000 1.0000 0.0000 0.1250 0.8750
V 0.25968 0.16950 0.04976 0.3828 0.7894 0.4800 0.1250 0.8750
V 0.20584 0.16950 0.06204 -0.1366 0.7894 0.5985 0.1250 0.8750
T
V 0.22000 0.19000 0.00000 -0.0000 1.0000 0.0000 0.1250 0.8750
V 0.20584 0.16950 0.06204 -0.1366 0.7894 0.5985 0.1250 0.8750
V 0.22000 0.19000 0.00000 -0.0000 1.0000 0.0000 0.1250 0.8750
T
V 0.22000 0.19000 0.00000 -0.0000 1.0000 0.0000 0.1250 0.8750
V 0.20584 0.16950 0.06204 -0.1366 0.7894 0.5985 0.1250 0.8750
V 0.16266 0.16950 0.02761 -0.5531 0.7894 0.2664 0.1250 0.8750
T
V 0.22000 0.19000 0.00000 -0.0000 1.0000 0.0000 0.1250 0.8750
V 0.16266 0.16950 0.02761 -0.5531 0.7894 0.2664 0.1250 0.8750
V 0.22000 0.19000 0.00000 -0.0000 1.0000 -0.0000 0.1250 0.8750
T
V 0.22000 0.19000 0.00000 -0.0000 1.0000 -0.0000 0.1250 0.8750
V 0.16266 0.16950 0.02761 -0.5531 0.7894 0.2664 0.1250 0.8750
V 0.16266 0.16950 -0.02761 -0.5531 0.7894 -0.2664 0.1250 0.8750
T
V 0.22000 0.19000 0.00000 -0.0000 1.0000 -0.0000 0.1250 0.8750
V 0.16266 0.16950 -0.02761 -0.5531 0.7894 -0.2664 0.1250 0.8750
V 0.22000 0.19000 0.00000 -0.0000 1.0000 -0.0000 0.1250 0.8750
T
V 0.22000 0.19000 0.00000 -0.0000 1.0000 -0.0000 0.1250 0.8750
V 0.16266 0.16950 -0.02761 -0.5531 0.7894 -0.2664 0.1250 0.8750
V 0.20584 0.16950 -0.06204 -0.1366 0.7894 -0.5985 0.1250 0.8750
T
V 0.22000 0.19000 0.00000 -0.0000 1.0000 -0.0000 0.1250 0.8750
V 0.20584 0.16950 -0.06204 -0.1366 0.7894 -0.5985 0.1250 0.8750
V 0.22000 0.19000 0.00000 0.0000 1.0000 -0.0000 0.1250 0.8750
T
V 0.22000 0.19000 0.00000 0.0000 1.0000 -0.0000 0.1250 0.8750
V 0.20584 0.16950 -0.06204 -0.1366 0.7894 -0.5985 0.1250 0.8750
V 0.25968 0.16950 -0.04976 0.3828 0.7894 -0.4800 0.1250 0.8750
T
V 0.22000 0.19000 0.00000 0.0000 1.0000 -0.0000 0.1250 0.8750
V 0.25968 0.16950 -0.04976 0.3828 0.7894 -0.4800 0.1250 0.8750
V 0.22000 0.19000 0.00000 0.0000 1.0000 -0.0000 0.1250 0.8750
T
V 0.22000 0.19000 0.00000 0.0000 1.0000 -0.0000 0.1250 0.8750
V 0.25968 0.16950 -0.04976 0.3828 0.7894 -0.4800 0.1250 0.8750
V 0.28364 0.16950 -0.00000 0.6139 0.7894 -0.0000 0.1250 0.8750
T
V 0.28364 0.16950 0.00000 0.6139 0.7894 0.0000 0.1250 0.8750
V 0.31000 0.12000 0.00000 1.0000 0.0000 0.0000 0.1250 0.8750
V 0.25968 0.16950 0.04976 0.3828 0.7894 0.4800 0.1250 0.8750
T
V 0.25968 0.16950 0.04976 0.3828 0.7894 0.4800 0.1250 0.8750
V 0.31000 0.12000 0.00000 1.0000 0.0000 0.0000 0.1250 0.8750
V 0.27611 0.12000 0.07036 0.6235 0.0000 0.7818 0.1250 0.8750
T
V 0.25968 0.16950 0.04976 0.3828 0.7894 0.4800 0.1250 0.8750
V 0.27611 0.12000 0.07036 0.6235 0.0000 0.7818 0.1250 0.8750
V 0.20584 0.16950 0.06204 -0.1366 0.7894 0.5985 0.1250 0.8750
T
V 0.20584 0.16950 0.06204 -0.1366 0.7894 0.5985 0.1250 0.8750
V 0.27611 0.12000 0.07036 0.6235 0.0000 0.7818 0.1250 0.8750
V 0.19997 0.12000 0.08774 -0.2225 0.0000 0.9749 0.1250 0.8750
T
V 0.20584 0.16950 0.06204 -0.1366 0.7894 0.5985 0.1250 0.8750
V 0.19997 0.12000 0.08774 -0.2225 0.0000 0.9749 0.1250 0.8750
V 0.16266 0.16950 0.02761 -0.5531 0.7894 0.2664 0.1250 0.8750
T
V 0.16266 0.16950 0.02761 -0.5531 0.7894 0.2664 0.1250 0.8750
V 0.19997 0.12000 0.08774 -0.2225 0.0000 0.9749 0.1250 0.8750
V 0.13891 0.12000 0.03905 -0.9010 0.0000 0.4339 0.1250 0.8750
T
V 0.16266 0.16950 0.02761 -0.5531 0.7894 0.2664 0.1250 0.8750
V 0.13891 0.12000 0.03905 -0.9010 0.0000 0.4339 0.1250 0.8750
V 0.16266 0.16950 -0.02761 -0.5531 0.7894 -0.2664 0.1250 0.8750
T
V 0.16266 0.16950 -0.02761 -0.5531 0.7894 -0.2664 0.1250 0.8750
V 0.13891 0.12000 0.03905 -0.9010 0.0000 0.4339 0.1250 0.8750
V 0.13891 0.12000 -0.03905 -0.9010 0.0000 -0.4339 0.1250 0.8750
T
V 0.16266 0.16950 -0.02761 -0.5531 0.7894 -0.2664 0.1250 0.8750
V 0.13891 0.12000 -0.03905 -0.9010 0.0000 -0.4339 0.1250 0.8750
V 0.20584 0.16950 -0.06204 -0.1366 0.7894 -0.5985 0.1250 0.8750
T
V 0.20584 0.16950 -0.06204 -0.1366 0.7894 -0.5985 0.1250 0.8750
V 0.13891 0.12000 -0.03905 -0.9010 0.0000 -0.4339 0.1250 0.8750
V 0.19997 0.12000 -0.08774 -0.2225 0.0000 -0.9749 0.1250 0.8750
T
V 0.20584 0.16950 -0.06204 -0.1366 0.7894 -0.5985 0.1250 0.8750
V 0.19997 0.12000 -0.08774 -0.2225 0.0000 -0.9749 0.1250 0.8750
V 0.25968 0.16950 -0.04976 0.3828 0.7894 -0.4800 0.1250 0.8750
T
V 0.25968 0.16950 -0.04976 0.3828 0.7894 -0.4800 0.1250 0.8750
V 0.19997 0.12000 -0.08774 -0.2225 0.0000 -0.9749 0.1250 0.8750
V 0.27611 0.12000 -0.07036 0.6235 0.0000 -0.7818 0.1250 0.8750
T
V 0.25968 0.16950 -0.04976 0.3828 0.7894 -0.4800 0.1250 0.8750
V 0.27611 0.12000 -0.07036 0.6235 0.0000 -0.7818 0.1250 0.8750
V 0.28364 0.16950 -0.00000 0.6139 0.7894 -0.0000 0.1250 0.8750
T
V 0.28364 0.16950 -0.00000 0.6139 0.7894 -0.0000 0.1250 0.8750
V 0.27611 0.12000 -0.07036 0.6235 0.0000 -0.7818 0.1250 0.8750
V 0.31000 0.12000 -0.00000 1.0000 0.0000 -0.0000 0.1250 0.8750
T
V 0.31000 0.12000 0.00000 1.0000 0.0000 0.0000 0.1250 0.8750
V 0.28364 0.07050 0.00000 0.6139 -0.7894 0.0000 0.1250 0.8750
V 0.27611 0.12000 0.07036 0.6235 0.0000 0.7818 0.1250 0.8750
T
V 0.27611 0.12000 0.07036 0.6235 0.0000 0.7818 0.1250 0.8750
V 0.28364 0.07050 0.00000 0.6139 -0.7894 0.0000 0.1250 0.8750
V 0.25968 0.07050 0.04976 0.3828 -0.7894 0.4800 0.1250 0.8750
T
V 0.27611 0.12000 0.07036 0.6235 0.0000 0.7818 0.1250 0.8750
V 0.25968 0.07050 0.04976 0.3828 -0.7894 0.4800 0.1250 0.8750
V 0.19997 0.12000 0.08774 -0.2225 0.0000 0.9749 0.1250 0.8750
T
V 0.19997 0.12000 0.08774 -0.2225 0.0000 0.9749 0.1250 0.8750
V 0.25968 0.07050 0.04976 0.3828 -0.7894 0.4800 0.1250 0.8750
V 0.20584 0.07050 0.06204 -0.1366 -0.7894 0.5985 0.1250 0.8750
T
V 0.19997 0.12000 0.08774 -0.2225 0.0000 0.9749 0.1250 0.8750
V 0.20584 0.07050 0.06204 -0.1366 -0.7894 0.5985 0.1250 0.8750
V 0.13891 0.12000 0.03905 -0.9010 0.0000 0.4339 0.1250 0.8750
T
V 0.13891 0.12000 0.03905 -0.9010 0.0000 0.4339 0.1250 0.8750
V 0.20584 0.07050 0.06204 -0.1366 -0.7894 0.5985 0.1250 0.8750
V 0.16266 0.07050 0.02761 -0.5531 -0.7894 0.2664 0.1250 0.8750
T
V 0.13891 0.12000 0.03905 -0.9010 0.0000 0.4339 0.1250 0.8750
V 0.16266 0.07050 0.02761 -0.5531 -0.7894 0.2664 0.1250 0.8750
V 0.13891 0.12000 -0.03905 -0.9010 0.0000 -0.4339 0.1250 0.8750
T
V 0.13891 0.12000 -0.03905 -0.9010 0.0000 -0.4339 0.1250 0.8750
V 0.16266 0.07050 0.02761 -0.5531 -0.7894 0.2664 0.1250 0.8750
V 0.16266 0.07050 -0.02761 -0.5531 -0.7894 -0.2664 0.1250 0.8750
T
V 0.13891 0.12000 -0.03905 -0.9010 0.0000 -0.4339 0.1250 0.8750
V 0.16266 0.07050 -0.02761 -0.5531 -0.7894 -0.2664 0.1250 0.8750
V 0.19997 0.12000 -0.08774 -0.2225 0.0000 -0.9749 0.1250 0.8750
T
V 0.19997 0.12000 -0.08774 -0.2225 0.0000 -0.9749 0.1250 0.8750
V 0.16266 0.07050 -0.02761 -0.5531 -0.7894 -0.2664 0.1250 0.8750
V 0.20584 0.07050 -0.06204 -0.1366 -0.7894 -0.5985 0.1250 0.8750
T
V 0.19997 0.12000 -0.08774 -0.2225 0.0000 -0.9749 0.1250 0.8750
V 0.20584 0.07050 -0.06204 -0.1366 -0.7894 -0.5985 0.1250 0.8750
V 0.27611 0.12000 -0.07036 0.6235 0.0000 -0.7818 0.1250 0.8750
T
V 0.27611 0.12000 -0.07036 0.6235 0.0000 -0.7818 0.1250 0.8750
V 0.20584 0.07050 -0.06204 -0.1366 -0.7894 -0.5985 0.1250 0.8750
V 0.25968 0.07050 -0.04976 0.3828 -0.7894 -0.4800 0.1250 0.8750
T
V 0.27611 0.12000 -0.07036 0.6235 0.0000 -0.7818 0.1250 0.8750
V 0.25968 0.07050 -0.04976 0.3828 -0.7894 -0.4800 0.1250 0.8750
V 0.31000 0.12000 -0.00000 1.0000 0.0000 -0.0000 0.1250 0.8750
T
V 0.31000 0.12000 -0.00000 1.0000 0.0000 -0.0000 0.1250 0.8750
V 0.25968 0.07050 -0.04976 0.3828 -0.7894 -0.4800 0.1250 0.8750
V 0.28364 0.07050 -0.00000 0.6139 -0.7894 -0.0000 0.1250 0.8750
T
V 0.28364 0.07050 0.00000 0.6139 -0.7894 0.0000 0.1250 0.8750
V 0.22000 0.05000 0.00000 0.0000 -1.0000 0.0000 0.1250 0.8750
V 0.25968 0.07050 0.04976 0.3828 -0.7894 0.4800 0.1250 0.8750
T
V 0.25968 0.07050 0.04976 0.3828 -0.7894 0.4800 0.1250 0.8750
V 0.22000 0.05000 0.00000 0.0000 -1.0000 0.0000 0.1250 0.8750
V 0.22000 0.05000 0.00000 0.0000 -1.0000 0.0000 0.1250 0.8750
T
V 0.25968 0.07050 0.04976 0.3828 -0.7894 0.4800 0.1250 0.8750
V 0.22000 0.05000 0.00000 0.0000 -1.0000 0.0000 0.1250 0.8750
V 0.20584 0.07050 0.06204 -0.1366 -0.7894 0.5985 0.1250 0.8750
T
V 0.20584 0.07050 0.06204 -0.1366 -0.7894 0.5985 0.1250 0.8750
V 0.22000 0.05000 0.00000 0.0000 -1.0000 0.0000 0.1250 0.8750
V 0.22000 0.05000 0.00000 -0.0000 -1.0000 0.0000 0.1250 0.8750
T
V 0.20584 0.07050 0.06204 -0.1366 -0.7894 0.5985 0.1250 0.8750
V 0.22000 0.05000 0.00000 -0.0000 -1.0000 0.0000 0.1250 0.8750
V 0.16266 0.07050 0.02761 -0.5531 -0.7894 0.2664 0.1250 0.8750
T
V 0.16266 0.07050 0.02761 -0.5531 -0.7894 0.2664 0.1250 0.8750
V 0.22000 0.05000 0.00000 -0.0000 -1.0000 0.0000 0.1250 0.8750
V 0.22000 0.05000 0.00000 -0.0000 -1.0000 0.0000 0.1250 0.8750
T
V 0.16266 0.07050 0.02761 -0.5531 -0.7894 0.2664 0.1250 0.8750
V 0.22000 0.05000 0.00000 -0.0000 -1.0000 0.0000 0.1250 0.8750
V 0.16266 0.07050 -0.02761 -0.5531 -0.7894 -0.2664 0.1250 0.8750
T
V 0.16266 0.07050 -0.02761 -0.5531 -0.7894 -0.2664 0.1250 0.8750
V 0.22000 0.05000 0.00000 -0.0000 -1.0000 0.0000 0.1250 0.8750
V 0.22000 0.05000 -0.00000 -0.0000 -1.0000 -0.0000 0.1250 0.8750
T
V 0.16266 0.07050 -0.02761 -0.5531 -0.7894 -0.2664 0.1250 0.8750
V 0.22000 0.05000 -0.00000 -0.0000 -1.0000 -0.0000 0.1250 0.8750
V 0.20584 0.07050 -0.06204 -0.1366 -0.7894 -0.5985 0.1250 0.8750
T
V 0.20584 0.07050 -0.06204 -0.1366 -0.7894 -0.5985 0.1250 0.8750
V 0.22000 0.05000 -0.00000 -0.0000 -1.0000 -0.0000 0.1250 0.8750
V 0.22000 0.05000 -0.00000 -0.0000 -1.0000 -0.0000 0.1250 0.8750
T
V 0.20584 0.07050 -0.06204 -0.1366 -0.7894 -0.5985 0.1250 0.8750
V 0.22000 0.05000 -0.00000 -0.0000 -1.0000 -0.0000 0.1250 0.8750
V 0.25968 0.07050 -0.04976 0.3828 -0.7894 -0.4800 0.1250 0.8750
T
V 0.25968 0.07050 -0.04976 0.3828 -0.7894 -0.4800 0.1250 0.8750
V 0.22000 0.05000 -0.00000 -0.0000 -1.0000 -0.0000 0.1250 0.8750
V 0.22000 0.05000 -0.00000 0.0000 -1.0000 -0.0000 0.1250 0.8750
T
V 0.25968 0.07050 -0.04976 0.3828 -0.7894 -0.4800 0.1250 0.8750
V 0.22000 0.05000 -0.00000 0.0000 -1.0000 -0.0000 0.1250 0.8750
V 0.28364 0.07050 -0.00000 0.6139 -0.7894 -0.0000 0.1250 0.8750
T
V 0.28364 0.07050 -0.00000 0.6139 -0.7894 -0.0000 0.1250 0.8750
V 0.22000 0.05000 -0.00000 0.0000 -1.0000 -0.0000 0.1250 0.8750
V 0.22000 0.05000 -0.00000 0.0000 -1.0000 -0.0000 0.1250 0.8750
T
BONE Arm_L
V 0.00000 -0.01000 -0.05800 0.0000 0.0000 -1.0000 0.1250 0.8750
V 0.00000 -0.06750 -0.05800 0.0000 0.0000 -1.0000 0.1250 0.8750
V 0.04535 -0.01000 -0.03616 0.7818 0.0000 -0.6235 0.1250 0.8750
T
V 0.04535 -0.01000 -0.03616 0.7818 0.0000 -0.6235 0.1250 0.8750
V 0.00000 -0.06750 -0.05800 0.0000 0.0000 -1.0000 0.1250 0.8750
V 0.04535 -0.06750 -0.03616 0.7818 0.0000 -0.6235 0.1250 0.8750
T
V 0.04535 -0.01000 -0.03616 0.7818 0.0000 -0.6235 0.1250 0.8750
V 0.04535 -0.06750 -0.03616 0.7818 0.0000 -0.6235 0.1250 0.8750
V 0.05655 -0.01000 0.01291 0.9749 0.0000 0.2225 0.1250 0.8750
T
V 0.05655 -0.01000 0.01291 0.9749 0.0000 0.2225 0.1250 0.8750
V 0.04535 -0.06750 -0.03616 0.7818 0.0000 -0.6235 0.1250 0.8750
V 0.05655 -0.06750 0.01291 0.9749 0.0000 0.2225 0.1250 0.8750
T
V 0.05655 -0.01000 0.01291 0.9749 0.0000 0.2225 0.1250 0.8750
V 0.05655 -0.06750 0.01291 0.9749 0.0000 0.2225 0.1250 0.8750
V 0.02517 -0.01000 0.05226 0.4339 0.0000 0.9010 0.1250 0.8750
T
V 0.02517 -0.01000 0.05226 0.4339 0.0000 0.9010 0.1250 0.8750
V 0.05655 -0.06750 0.01291 0.9749 0.0000 0.2225 0.1250 0.8750
V 0.02517 -0.06750 0.05226 0.4339 0.0000 0.9010 0.1250 0.8750
T
V 0.02517 -0.01000 0.05226 0.4339 0.0000 0.9010 0.1250 0.8750
V 0.02517 -0.06750 0.05226 0.4339 0.0000 0.9010 0.1250 0.8750
V -0.02517 -0.01000 0.05226 -0.4339 -0.0000 0.9010 0.1250 0.8750
T
V -0.02517 -0.01000 0.05226 -0.4339 -0.0000 0.9010 0.1250 0.8750
V 0.02517 -0.06750 0.05226 0.4339 0.0000 0.9010 0.1250 0.8750
V -0.02517 -0.06750 0.05226 -0.4339 -0.0000 0.9010 0.1250 0.8750
T
V -0.02517 -0.01000 0.05226 -0.4339 -0.0000 0.9010 0.1250 0.8750
V -0.02517 -0.06750 0.05226 -0.4339 -0.0000 0.9010 0.1250 0.8750
V -0.05655 -0.01000 0.01291 -0.9749 -0.0000 0.2225 0.1250 0.8750
T
V -0.05655 -0.01000 0.01291 -0.9749 -0.0000 0.2225 0.1250 0.8750
V -0.02517 -0.06750 0.05226 -0.4339 -0.0000 0.9010 0.1250 0.8750
V -0.05655 -0.06750 0.01291 -0.9749 -0.0000 0.2225 0.1250 0.8750
T
V -0.05655 -0.01000 0.01291 -0.9749 -0.0000 0.2225 0.1250 0.8750
V -0.05655 -0.06750 0.01291 -0.9749 -0.0000 0.2225 0.1250 0.8750
V -0.04535 -0.01000 -0.03616 -0.7818 0.0000 -0.6235 0.1250 0.8750
T
V -0.04535 -0.01000 -0.03616 -0.7818 0.0000 -0.6235 0.1250 0.8750
V -0.05655 -0.06750 0.01291 -0.9749 -0.0000 0.2225 0.1250 0.8750
V -0.04535 -0.06750 -0.03616 -0.7818 0.0000 -0.6235 0.1250 0.8750
T
V -0.04535 -0.01000 -0.03616 -0.7818 0.0000 -0.6235 0.1250 0.8750
V -0.04535 -0.06750 -0.03616 -0.7818 0.0000 -0.6235 0.1250 0.8750
V 0.00000 -0.01000 -0.05800 0.0000 0.0000 -1.0000 0.1250 0.8750
T
V 0.00000 -0.01000 -0.05800 0.0000 0.0000 -1.0000 0.1250 0.8750
V -0.04535 -0.06750 -0.03616 -0.7818 0.0000 -0.6235 0.1250 0.8750
V 0.00000 -0.06750 -0.05800 0.0000 0.0000 -1.0000 0.1250 0.8750
T
V 0.00000 -0.06750 -0.05800 0.0000 0.0000 -1.0000 0.1250 0.8750
V 0.00000 -0.12500 -0.05800 0.0000 0.0000 -1.0000 0.1250 0.8750
V 0.04535 -0.06750 -0.03616 0.7818 0.0000 -0.6235 0.1250 0.8750
T
V 0.04535 -0.06750 -0.03616 0.7818 0.0000 -0.6235 0.1250 0.8750
V 0.00000 -0.12500 -0.05800 0.0000 0.0000 -1.0000 0.1250 0.8750
V 0.04535 -0.12500 -0.03616 0.7818 0.0000 -0.6235 0.1250 0.8750
T
V 0.04535 -0.06750 -0.03616 0.7818 0.0000 -0.6235 0.1250 0.8750
V 0.04535 -0.12500 -0.03616 0.7818 0.0000 -0.6235 0.1250 0.8750
V 0.05655 -0.06750 0.01291 0.9749 0.0000 0.2225 0.1250 0.8750
T
V 0.05655 -0.06750 0.01291 0.9749 0.0000 0.2225 0.1250 0.8750
V 0.04535 -0.12500 -0.03616 0.7818 0.0000 -0.6235 0.1250 0.8750
V 0.05655 -0.12500 0.01291 0.9749 0.0000 0.2225 0.1250 0.8750
T
V 0.05655 -0.06750 0.01291 0.9749 0.0000 0.2225 0.1250 0.8750
V 0.05655 -0.12500 0.01291 0.9749 0.0000 0.2225 0.1250 0.8750
V 0.02517 -0.06750 0.05226 0.4339 0.0000 0.9010 0.1250 0.8750
T
V 0.02517 -0.06750 0.05226 0.4339 0.0000 0.9010 0.1250 0.8750
V 0.05655 -0.12500 0.01291 0.9749 0.0000 0.2225 0.1250 0.8750
V 0.02517 -0.12500 0.05226 0.4339 0.0000 0.9010 0.1250 0.8750
T
V 0.02517 -0.06750 0.05226 0.4339 0.0000 0.9010 0.1250 0.8750
V 0.02517 -0.12500 0.05226 0.4339 0.0000 0.9010 0.1250 0.8750
V -0.02517 -0.06750 0.05226 -0.4339 -0.0000 0.9010 0.1250 0.8750
T
V -0.02517 -0.06750 0.05226 -0.4339 -0.0000 0.9010 0.1250 0.8750
V 0.02517 -0.12500 0.05226 0.4339 0.0000 0.9010 0.1250 0.8750
V -0.02517 -0.12500 0.05226 -0.4339 -0.0000 0.9010 0.1250 0.8750
T
V -0.02517 -0.06750 0.05226 -0.4339 -0.0000 0.9010 0.1250 0.8750
V -0.02517 -0.12500 0.05226 -0.4339 -0.0000 0.9010 0.1250 0.8750
V -0.05655 -0.06750 0.01291 -0.9749 -0.0000 0.2225 0.1250 0.8750
T
V -0.05655 -0.06750 0.01291 -0.9749 -0.0000 0.2225 0.1250 0.8750
V -0.02517 -0.12500 0.05226 -0.4339 -0.0000 0.9010 0.1250 0.8750
V -0.05655 -0.12500 0.01291 -0.9749 -0.0000 0.2225 0.1250 0.8750
T
V -0.05655 -0.06750 0.01291 -0.9749 -0.0000 0.2225 0.1250 0.8750
V -0.05655 -0.12500 0.01291 -0.9749 -0.0000 0.2225 0.1250 0.8750
V -0.04535 -0.06750 -0.03616 -0.7818 0.0000 -0.6235 0.1250 0.8750
T
V -0.04535 -0.06750 -0.03616 -0.7818 0.0000 -0.6235 0.1250 0.8750
V -0.05655 -0.12500 0.01291 -0.9749 -0.0000 0.2225 0.1250 0.8750
V -0.04535 -0.12500 -0.03616 -0.7818 0.0000 -0.6235 0.1250 0.8750
T
V -0.04535 -0.06750 -0.03616 -0.7818 0.0000 -0.6235 0.1250 0.8750
V -0.04535 -0.12500 -0.03616 -0.7818 0.0000 -0.6235 0.1250 0.8750
V 0.00000 -0.06750 -0.05800 0.0000 0.0000 -1.0000 0.1250 0.8750
T
V 0.00000 -0.06750 -0.05800 0.0000 0.0000 -1.0000 0.1250 0.8750
V -0.04535 -0.12500 -0.03616 -0.7818 0.0000 -0.6235 0.1250 0.8750
V 0.00000 -0.12500 -0.05800 0.0000 0.0000 -1.0000 0.1250 0.8750
T
V 0.00000 -0.12500 -0.05800 0.0000 0.0000 -1.0000 0.1250 0.8750
V 0.00000 -0.18250 -0.05800 0.0000 0.0000 -1.0000 0.1250 0.8750
V 0.04535 -0.12500 -0.03616 0.7818 0.0000 -0.6235 0.1250 0.8750
T
V 0.04535 -0.12500 -0.03616 0.7818 0.0000 -0.6235 0.1250 0.8750
V 0.00000 -0.18250 -0.05800 0.0000 0.0000 -1.0000 0.1250 0.8750
V 0.04535 -0.18250 -0.03616 0.7818 0.0000 -0.6235 0.1250 0.8750
T
V 0.04535 -0.12500 -0.03616 0.7818 0.0000 -0.6235 0.1250 0.8750
V 0.04535 -0.18250 -0.03616 0.7818 0.0000 -0.6235 0.1250 0.8750
V 0.05655 -0.12500 0.01291 0.9749 0.0000 0.2225 0.1250 0.8750
T
V 0.05655 -0.12500 0.01291 0.9749 0.0000 0.2225 0.1250 0.8750
V 0.04535 -0.18250 -0.03616 0.7818 0.0000 -0.6235 0.1250 0.8750
V 0.05655 -0.18250 0.01291 0.9749 0.0000 0.2225 0.1250 0.8750
T
V 0.05655 -0.12500 0.01291 0.9749 0.0000 0.2225 0.1250 0.8750
V 0.05655 -0.18250 0.01291 0.9749 0.0000 0.2225 0.1250 0.8750
V 0.02517 -0.12500 0.05226 0.4339 0.0000 0.9010 0.1250 0.8750
T
V 0.02517 -0.12500 0.05226 0.4339 0.0000 0.9010 0.1250 0.8750
V 0.05655 -0.18250 0.01291 0.9749 0.0000 0.2225 0.1250 0.8750
V 0.02517 -0.18250 0.05226 0.4339 0.0000 0.9010 0.1250 0.8750
T
V 0.02517 -0.12500 0.05226 0.4339 0.0000 0.9010 0.1250 0.8750
V 0.02517 -0.18250 0.05226 0.4339 0.0000 0.9010 0.1250 0.8750
V -0.02517 -0.12500 0.05226 -0.4339 -0.0000 0.9010 0.1250 0.8750
T
V -0.02517 -0.12500 0.05226 -0.4339 -0.0000 0.9010 0.1250 0.8750
V 0.02517 -0.18250 0.05226 0.4339 0.0000 0.9010 0.1250 0.8750
V -0.02517 -0.18250 0.05226 -0.4339 -0.0000 0.9010 0.1250 0.8750
T
V -0.02517 -0.12500 0.05226 -0.4339 -0.0000 0.9010 0.1250 0.8750
V -0.02517 -0.18250 0.05226 -0.4339 -0.0000 0.9010 0.1250 0.8750
V -0.05655 -0.12500 0.01291 -0.9749 -0.0000 0.2225 0.1250 0.8750
T
V -0.05655 -0.12500 0.01291 -0.9749 -0.0000 0.2225 0.1250 0.8750
V -0.02517 -0.18250 0.05226 -0.4339 -0.0000 0.9010 0.1250 0.8750
V -0.05655 -0.18250 0.01291 -0.9749 -0.0000 0.2225 0.1250 0.8750
T
V -0.05655 -0.12500 0.01291 -0.9749 -0.0000 0.2225 0.1250 0.8750
V -0.05655 -0.18250 0.01291 -0.9749 -0.0000 0.2225 0.1250 0.8750
V -0.04535 -0.12500 -0.03616 -0.7818 0.0000 -0.6235 0.1250 0.8750
T
V -0.04535 -0.12500 -0.03616 -0.7818 0.0000 -0.6235 0.1250 0.8750
V -0.05655 -0.18250 0.01291 -0.9749 -0.0000 0.2225 0.1250 0.8750
V -0.04535 -0.18250 -0.03616 -0.7818 0.0000 -0.6235 0.1250 0.8750
T
V -0.04535 -0.12500 -0.03616 -0.7818 0.0000 -0.6235 0.1250 0.8750
V -0.04535 -0.18250 -0.03616 -0.7818 0.0000 -0.6235 0.1250 0.8750
V 0.00000 -0.12500 -0.05800 0.0000 0.0000 -1.0000 0.1250 0.8750
T
V 0.00000 -0.12500 -0.05800 0.0000 0.0000 -1.0000 0.1250 0.8750
V -0.04535 -0.18250 -0.03616 -0.7818 0.0000 -0.6235 0.1250 0.8750
V 0.00000 -0.18250 -0.05800 0.0000 0.0000 -1.0000 0.1250 0.8750
T
V 0.00000 -0.18250 -0.05800 0.0000 0.0000 -1.0000 0.1250 0.8750
V 0.00000 -0.24000 -0.05800 0.0000 0.0000 -1.0000 0.1250 0.8750
V 0.04535 -0.18250 -0.03616 0.7818 0.0000 -0.6235 0.1250 0.8750
T
V 0.04535 -0.18250 -0.03616 0.7818 0.0000 -0.6235 0.1250 0.8750
V 0.00000 -0.24000 -0.05800 0.0000 0.0000 -1.0000 0.1250 0.8750
V 0.04535 -0.24000 -0.03616 0.7818 0.0000 -0.6235 0.1250 0.8750
T
V 0.04535 -0.18250 -0.03616 0.7818 0.0000 -0.6235 0.1250 0.8750
V 0.04535 -0.24000 -0.03616 0.7818 0.0000 -0.6235 0.1250 0.8750
V 0.05655 -0.18250 0.01291 0.9749 0.0000 0.2225 0.1250 0.8750
T
V 0.05655 -0.18250 0.01291 0.9749 0.0000 0.2225 0.1250 0.8750
V 0.04535 -0.24000 -0.03616 0.7818 0.0000 -0.6235 0.1250 0.8750
V 0.05655 -0.24000 0.01291 0.9749 0.0000 0.2225 0.1250 0.8750
T
V 0.05655 -0.18250 0.01291 0.9749 0.0000 0.2225 0.1250 0.8750
V 0.05655 -0.24000 0.01291 0.9749 0.0000 0.2225 0.1250 0.8750
V 0.02517 -0.18250 0.05226 0.4339 0.0000 0.9010 0.1250 0.8750
T
V 0.02517 -0.18250 0.05226 0.4339 0.0000 0.9010 0.1250 0.8750
V 0.05655 -0.24000 0.01291 0.9749 0.0000 0.2225 0.1250 0.8750
V 0.02517 -0.24000 0.05226 0.4339 0.0000 0.9010 0.1250 0.8750
T
V 0.02517 -0.18250 0.05226 0.4339 0.0000 0.9010 0.1250 0.8750
V 0.02517 -0.24000 0.05226 0.4339 0.0000 0.9010 0.1250 0.8750
V -0.02517 -0.18250 0.05226 -0.4339 -0.0000 0.9010 0.1250 0.8750
T
V -0.02517 -0.18250 0.05226 -0.4339 -0.0000 0.9010 0.1250 0.8750
V 0.02517 -0.24000 0.05226 0.4339 0.0000 0.9010 0.1250 0.8750
V -0.02517 -0.24000 0.05226 -0.4339 -0.0000 0.9010 0.1250 0.8750
T
V -0.02517 -0.18250 0.05226 -0.4339 -0.0000 0.9010 0.1250 0.8750
V -0.02517 -0.24000 0.05226 -0.4339 -0.0000 0.9010 0.1250 0.8750
V -0.05655 -0.18250 0.01291 -0.9749 -0.0000 0.2225 0.1250 0.8750
T
V -0.05655 -0.18250 0.01291 -0.9749 -0.0000 0.2225 0.1250 0.8750
V -0.02517 -0.24000 0.05226 -0.4339 -0.0000 0.9010 0.1250 0.8750
V -0.05655 -0.24000 0.01291 -0.9749 -0.0000 0.2225 0.1250 0.8750
T
V -0.05655 -0.18250 0.01291 -0.9749 -0.0000 0.2225 0.1250 0.8750
V -0.05655 -0.24000 0.01291 -0.9749 -0.0000 0.2225 0.1250 0.8750
V -0.04535 -0.18250 -0.03616 -0.7818 0.0000 -0.6235 0.1250 0.8750
T
V -0.04535 -0.18250 -0.03616 -0.7818 0.0000 -0.6235 0.1250 0.8750
V -0.05655 -0.24000 0.01291 -0.9749 -0.0000 0.2225 0.1250 0.8750
V -0.04535 -0.24000 -0.03616 -0.7818 0.0000 -0.6235 0.1250 0.8750
T
V -0.04535 -0.18250 -0.03616 -0.7818 0.0000 -0.6235 0.1250 0.8750
V -0.04535 -0.24000 -0.03616 -0.7818 0.0000 -0.6235 0.1250 0.8750
V 0.00000 -0.18250 -0.05800 0.0000 0.0000 -1.0000 0.1250 0.8750
T
V 0.00000 -0.18250 -0.05800 0.0000 0.0000 -1.0000 0.1250 0.8750
V -0.04535 -0.24000 -0.03616 -0.7818 0.0000 -0.6235 0.1250 0.8750
V 0.00000 -0.24000 -0.05800 0.0000 0.0000 -1.0000 0.1250 0.8750
T
V 0.00000 0.04800 0.00000 0.0000 1.0000 0.0000 0.1250 0.8750
V 0.05023 0.01900 0.00000 0.8660 0.5000 0.0000 0.1250 0.8750
V 0.00000 0.04800 0.00000 0.0000 1.0000 0.0000 0.1250 0.8750
T
V 0.00000 0.04800 0.00000 0.0000 1.0000 0.0000 0.1250 0.8750
V 0.05023 0.01900 0.00000 0.8660 0.5000 0.0000 0.1250 0.8750
V 0.03132 0.01900 0.03927 0.5400 0.5000 0.6771 0.1250 0.8750
T
V 0.00000 0.04800 0.00000 0.0000 1.0000 0.0000 0.1250 0.8750
V 0.03132 0.01900 0.03927 0.5400 0.5000 0.6771 0.1250 0.8750
V 0.00000 0.04800 0.00000 -0.0000 1.0000 0.0000 0.1250 0.8750
T
V 0.00000 0.04800 0.00000 -0.0000 1.0000 0.0000 0.1250 0.8750
V 0.03132 0.01900 0.03927 0.5400 0.5000 0.6771 0.1250 0.8750
V -0.01118 0.01900 0.04897 -0.1927 0.5000 0.8443 0.1250 0.8750
T
V 0.00000 0.04800 0.00000 -0.0000 1.0000 0.0000 0.1250 0.8750
V -0.01118 0.01900 0.04897 -0.1927 0.5000 0.8443 0.1250 0.8750
V 0.00000 0.04800 0.00000 -0.0000 1.0000 0.0000 0.1250 0.8750
T
V 0.00000 0.04800 0.00000 -0.0000 1.0000 0.0000 0.1250 0.8750
V -0.01118 0.01900 0.04897 -0.1927 0.5000 0.8443 0.1250 0.8750
V -0.04526 0.01900 0.02179 -0.7803 0.5000 0.3758 0.1250 0.8750
T
V 0.00000 0.04800 0.00000 -0.0000 1.0000 0.0000 0.1250 0.8750
V -0.04526 0.01900 0.02179 -0.7803 0.5000 0.3758 0.1250 0.8750
V 0.00000 0.04800 0.00000 -0.0000 1.0000 -0.0000 0.1250 0.8750
T
V 0.00000 0.04800 0.00000 -0.0000 1.0000 -0.0000 0.1250 0.8750
V -0.04526 0.01900 0.02179 -0.7803 0.5000 0.3758 0.1250 0.8750
V -0.04526 0.01900 -0.02179 -0.7803 0.5000 -0.3758 0.1250 0.8750
T
V 0.00000 0.04800 0.00000 -0.0000 1.0000 -0.0000 0.1250 0.8750
V -0.04526 0.01900 -0.02179 -0.7803 0.5000 -0.3758 0.1250 0.8750
V 0.00000 0.04800 0.00000 -0.0000 1.0000 -0.0000 0.1250 0.8750
T
V 0.00000 0.04800 0.00000 -0.0000 1.0000 -0.0000 0.1250 0.8750
V -0.04526 0.01900 -0.02179 -0.7803 0.5000 -0.3758 0.1250 0.8750
V -0.01118 0.01900 -0.04897 -0.1927 0.5000 -0.8443 0.1250 0.8750
T
V 0.00000 0.04800 0.00000 -0.0000 1.0000 -0.0000 0.1250 0.8750
V -0.01118 0.01900 -0.04897 -0.1927 0.5000 -0.8443 0.1250 0.8750
V 0.00000 0.04800 0.00000 0.0000 1.0000 -0.0000 0.1250 0.8750
T
V 0.00000 0.04800 0.00000 0.0000 1.0000 -0.0000 0.1250 0.8750
V -0.01118 0.01900 -0.04897 -0.1927 0.5000 -0.8443 0.1250 0.8750
V 0.03132 0.01900 -0.03927 0.5400 0.5000 -0.6771 0.1250 0.8750
T
V 0.00000 0.04800 0.00000 0.0000 1.0000 -0.0000 0.1250 0.8750
V 0.03132 0.01900 -0.03927 0.5400 0.5000 -0.6771 0.1250 0.8750
V 0.00000 0.04800 0.00000 0.0000 1.0000 -0.0000 0.1250 0.8750
T
V 0.00000 0.04800 0.00000 0.0000 1.0000 -0.0000 0.1250 0.8750
V 0.03132 0.01900 -0.03927 0.5400 0.5000 -0.6771 0.1250 0.8750
V 0.05023 0.01900 -0.00000 0.8660 0.5000 -0.0000 0.1250 0.8750
T
V 0.05023 0.01900 0.00000 0.8660 0.5000 0.0000 0.1250 0.8750
V 0.05023 -0.03900 0.00000 0.8660 -0.5000 0.0000 0.1250 0.8750
V 0.03132 0.01900 0.03927 0.5400 0.5000 0.6771 0.1250 0.8750
T
V 0.03132 0.01900 0.03927 0.5400 0.5000 0.6771 0.1250 0.8750
V 0.05023 -0.03900 0.00000 0.8660 -0.5000 0.0000 0.1250 0.8750
V 0.03132 -0.03900 0.03927 0.5400 -0.5000 0.6771 0.1250 0.8750
T
V 0.03132 0.01900 0.03927 0.5400 0.5000 0.6771 0.1250 0.8750
V 0.03132 -0.03900 0.03927 0.5400 -0.5000 0.6771 0.1250 0.8750
V -0.01118 0.01900 0.04897 -0.1927 0.5000 0.8443 0.1250 0.8750
T
V -0.01118 0.01900 0.04897 -0.1927 0.5000 0.8443 0.1250 0.8750
V 0.03132 -0.03900 0.03927 0.5400 -0.5000 0.6771 0.1250 0.8750
V -0.01118 -0.03900 0.04897 -0.1927 -0.5000 0.8443 0.1250 0.8750
T
V -0.01118 0.01900 0.04897 -0.1927 0.5000 0.8443 0.1250 0.8750
V -0.01118 -0.03900 0.04897 -0.1927 -0.5000 0.8443 0.1250 0.8750
V -0.04526 0.01900 0.02179 -0.7803 0.5000 0.3758 0.1250 0.8750
T
V -0.04526 0.01900 0.02179 -0.7803 0.5000 0.3758 0.1250 0.8750
V -0.01118 -0.03900 0.04897 -0.1927 -0.5000 0.8443 0.1250 0.8750
V -0.04526 -0.03900 0.02179 -0.7803 -0.5000 0.3758 0.1250 0.8750
T
V -0.04526 0.01900 0.02179 -0.7803 0.5000 0.3758 0.1250 0.8750
V -0.04526 -0.03900 0.02179 -0.7803 -0.5000 0.3758 0.1250 0.8750
V -0.04526 0.01900 -0.02179 -0.7803 0.5000 -0.3758 0.1250 0.8750
T
V -0.04526 0.01900 -0.02179 -0.7803 0.5000 -0.3758 0.1250 0.8750
V -0.04526 -0.03900 0.02179 -0.7803 -0.5000 0.3758 0.1250 0.8750
V -0.04526 -0.03900 -0.02179 -0.7803 -0.5000 -0.3758 0.1250 0.8750
T
V -0.04526 0.01900 -0.02179 -0.7803 0.5000 -0.3758 0.1250 0.8750
V -0.04526 -0.03900 -0.02179 -0.7803 -0.5000 -0.3758 0.1250 0.8750
V -0.01118 0.01900 -0.04897 -0.1927 0.5000 -0.8443 0.1250 0.8750
T
V -0.01118 0.01900 -0.04897 -0.1927 0.5000 -0.8443 0.1250 0.8750
V -0.04526 -0.03900 -0.02179 -0.7803 -0.5000 -0.3758 0.1250 0.8750
V -0.01118 -0.03900 -0.04897 -0.1927 -0.5000 -0.8443 0.1250 0.8750
T
V -0.01118 0.01900 -0.04897 -0.1927 0.5000 -0.8443 0.1250 0.8750
V -0.01118 -0.03900 -0.04897 -0.1927 -0.5000 -0.8443 0.1250 0.8750
V 0.03132 0.01900 -0.03927 0.5400 0.5000 -0.6771 0.1250 0.8750
T
V 0.03132 0.01900 -0.03927 0.5400 0.5000 -0.6771 0.1250 0.8750
V -0.01118 -0.03900 -0.04897 -0.1927 -0.5000 -0.8443 0.1250 0.8750
V 0.03132 -0.03900 -0.03927 0.5400 -0.5000 -0.6771 0.1250 0.8750
T
V 0.03132 0.01900 -0.03927 0.5400 0.5000 -0.6771 0.1250 0.8750
V 0.03132 -0.03900 -0.03927 0.5400 -0.5000 -0.6771 0.1250 0.8750
V 0.05023 0.01900 -0.00000 0.8660 0.5000 -0.0000 0.1250 0.8750
T
V 0.05023 0.01900 -0.00000 0.8660 0.5000 -0.0000 0.1250 0.8750
V 0.03132 -0.03900 -0.03927 0.5400 -0.5000 -0.6771 0.1250 0.8750
V 0.05023 -0.03900 -0.00000 0.8660 -0.5000 -0.0000 0.1250 0.8750
T
V 0.05023 -0.03900 0.00000 0.8660 -0.5000 0.0000 0.1250 0.8750
V 0.00000 -0.06800 0.00000 0.0000 -1.0000 0.0000 0.1250 0.8750
V 0.03132 -0.03900 0.03927 0.5400 -0.5000 0.6771 0.1250 0.8750
T
V 0.03132 -0.03900 0.03927 0.5400 -0.5000 0.6771 0.1250 0.8750
V 0.00000 -0.06800 0.00000 0.0000 -1.0000 0.0000 0.1250 0.8750
V 0.00000 -0.06800 0.00000 0.0000 -1.0000 0.0000 0.1250 0.8750
T
V 0.03132 -0.03900 0.03927 0.5400 -0.5000 0.6771 0.1250 0.8750
V 0.00000 -0.06800 0.00000 0.0000 -1.0000 0.0000 0.1250 0.8750
V -0.01118 -0.03900 0.04897 -0.1927 -0.5000 0.8443 0.1250 0.8750
T
V -0.01118 -0.03900 0.04897 -0.1927 -0.5000 0.8443 0.1250 0.8750
V 0.00000 -0.06800 0.00000 0.0000 -1.0000 0.0000 0.1250 0.8750
V -0.00000 -0.06800 0.00000 -0.0000 -1.0000 0.0000 0.1250 0.8750
T
V -0.01118 -0.03900 0.04897 -0.1927 -0.5000 0.8443 0.1250 0.8750
V -0.00000 -0.06800 0.00000 -0.0000 -1.0000 0.0000 0.1250 0.8750
V -0.04526 -0.03900 0.02179 -0.7803 -0.5000 0.3758 0.1250 0.8750
T
V -0.04526 -0.03900 0.02179 -0.7803 -0.5000 0.3758 0.1250 0.8750
V -0.00000 -0.06800 0.00000 -0.0000 -1.0000 0.0000 0.1250 0.8750
V -0.00000 -0.06800 0.00000 -0.0000 -1.0000 0.0000 0.1250 0.8750
T
V -0.04526 -0.03900 0.02179 -0.7803 -0.5000 0.3758 0.1250 0.8750
V -0.00000 -0.06800 0.00000 -0.0000 -1.0000 0.0000 0.1250 0.8750
V -0.04526 -0.03900 -0.02179 -0.7803 -0.5000 -0.3758 0.1250 0.8750
T
V -0.04526 -0.03900 -0.02179 -0.7803 -0.5000 -0.3758 0.1250 0.8750
V -0.00000 -0.06800 0.00000 -0.0000 -1.0000 0.0000 0.1250 0.8750
V -0.00000 -0.06800 -0.00000 -0.0000 -1.0000 -0.0000 0.1250 0.8750
T
V -0.04526 -0.03900 -0.02179 -0.7803 -0.5000 -0.3758 0.1250 0.8750
V -0.00000 -0.06800 -0.00000 -0.0000 -1.0000 -0.0000 0.1250 0.8750
V -0.01118 -0.03900 -0.04897 -0.1927 -0.5000 -0.8443 0.1250 0.8750
T
V -0.01118 -0.03900 -0.04897 -0.1927 -0.5000 -0.8443 0.1250 0.8750
V -0.00000 -0.06800 -0.00000 -0.0000 -1.0000 -0.0000 0.1250 0.8750
V -0.00000 -0.06800 -0.00000 -0.0000 -1.0000 -0.0000 0.1250 0.8750
T
V -0.01118 -0.03900 -0.04897 -0.1927 -0.5000 -0.8443 0.1250 0.8750
V -0.00000 -0.06800 -0.00000 -0.0000 -1.0000 -0.0000 0.1250 0.8750
V 0.03132 -0.03900 -0.03927 0.5400 -0.5000 -0.6771 0.1250 0.8750
T
V 0.03132 -0.03900 -0.03927 0.5400 -0.5000 -0.6771 0.1250 0.8750
V -0.00000 -0.06800 -0.00000 -0.0000 -1.0000 -0.0000 0.1250 0.8750
V 0.00000 -0.06800 -0.00000 0.0000 -1.0000 -0.0000 0.1250 0.8750
T
V 0.03132 -0.03900 -0.03927 0.5400 -0.5000 -0.6771 0.1250 0.8750
V 0.00000 -0.06800 -0.00000 0.0000 -1.0000 -0.0000 0.1250 0.8750
V 0.05023 -0.03900 -0.00000 0.8660 -0.5000 -0.0000 0.1250 0.8750
T
V 0.05023 -0.03900 -0.00000 0.8660 -0.5000 -0.0000 0.1250 0.8750
V 0.00000 -0.06800 -0.00000 0.0000 -1.0000 -0.0000 0.1250 0.8750
V 0.00000 -0.06800 -0.00000 0.0000 -1.0000 -0.0000 0.1250 0.8750
T
V 0.00000 -0.18200 0.00000 0.0000 1.0000 0.0000 0.1250 0.8750
V 0.05023 -0.21100 0.00000 0.8660 0.5000 0.0000 0.1250 0.8750
V 0.00000 -0.18200 0.00000 0.0000 1.0000 0.0000 0.1250 0.8750
T
V 0.00000 -0.18200 0.00000 0.0000 1.0000 0.0000 0.1250 0.8750
V 0.05023 -0.21100 0.00000 0.8660 0.5000 0.0000 0.1250 0.8750
V 0.03132 -0.21100 0.03927 0.5400 0.5000 0.6771 0.1250 0.8750
T
V 0.00000 -0.18200 0.00000 0.0000 1.0000 0.0000 0.1250 0.8750
V 0.03132 -0.21100 0.03927 0.5400 0.5000 0.6771 0.1250 0.8750
V 0.00000 -0.18200 0.00000 -0.0000 1.0000 0.0000 0.1250 0.8750
T
V 0.00000 -0.18200 0.00000 -0.0000 1.0000 0.0000 0.1250 0.8750
V 0.03132 -0.21100 0.03927 0.5400 0.5000 0.6771 0.1250 0.8750
V -0.01118 -0.21100 0.04897 -0.1927 0.5000 0.8443 0.1250 0.8750
T
V 0.00000 -0.18200 0.00000 -0.0000 1.0000 0.0000 0.1250 0.8750
V -0.01118 -0.21100 0.04897 -0.1927 0.5000 0.8443 0.1250 0.8750
V 0.00000 -0.18200 0.00000 -0.0000 1.0000 0.0000 0.1250 0.8750
T
V 0.00000 -0.18200 0.00000 -0.0000 1.0000 0.0000 0.1250 0.8750
V -0.01118 -0.21100 0.04897 -0.1927 0.5000 0.8443 0.1250 0.8750
V -0.04526 -0.21100 0.02179 -0.7803 0.5000 0.3758 0.1250 0.8750
T
V 0.00000 -0.18200 0.00000 -0.0000 1.0000 0.0000 0.1250 0.8750
V -0.04526 -0.21100 0.02179 -0.7803 0.5000 0.3758 0.1250 0.8750
V 0.00000 -0.18200 0.00000 -0.0000 1.0000 -0.0000 0.1250 0.8750
T
V 0.00000 -0.18200 0.00000 -0.0000 1.0000 -0.0000 0.1250 0.8750
V -0.04526 -0.21100 0.02179 -0.7803 0.5000 0.3758 0.1250 0.8750
V -0.04526 -0.21100 -0.02179 -0.7803 0.5000 -0.3758 0.1250 0.8750
T
V 0.00000 -0.18200 0.00000 -0.0000 1.0000 -0.0000 0.1250 0.8750
V -0.04526 -0.21100 -0.02179 -0.7803 0.5000 -0.3758 0.1250 0.8750
V 0.00000 -0.18200 0.00000 -0.0000 1.0000 -0.0000 0.1250 0.8750
T
V 0.00000 -0.18200 0.00000 -0.0000 1.0000 -0.0000 0.1250 0.8750
V -0.04526 -0.21100 -0.02179 -0.7803 0.5000 -0.3758 0.1250 0.8750
V -0.01118 -0.21100 -0.04897 -0.1927 0.5000 -0.8443 0.1250 0.8750
T
V 0.00000 -0.18200 0.00000 -0.0000 1.0000 -0.0000 0.1250 0.8750
V -0.01118 -0.21100 -0.04897 -0.1927 0.5000 -0.8443 0.1250 0.8750
V 0.00000 -0.18200 0.00000 0.0000 1.0000 -0.0000 0.1250 0.8750
T
V 0.00000 -0.18200 0.00000 0.0000 1.0000 -0.0000 0.1250 0.8750
V -0.01118 -0.21100 -0.04897 -0.1927 0.5000 -0.8443 0.1250 0.8750
V 0.03132 -0.21100 -0.03927 0.5400 0.5000 -0.6771 0.1250 0.8750
T
V 0.00000 -0.18200 0.00000 0.0000 1.0000 -0.0000 0.1250 0.8750
V 0.03132 -0.21100 -0.03927 0.5400 0.5000 -0.6771 0.1250 0.8750
V 0.00000 -0.18200 0.00000 0.0000 1.0000 -0.0000 0.1250 0.8750
T
V 0.00000 -0.18200 0.00000 0.0000 1.0000 -0.0000 0.1250 0.8750
V 0.03132 -0.21100 -0.03927 0.5400 0.5000 -0.6771 0.1250 0.8750
V 0.05023 -0.21100 -0.00000 0.8660 0.5000 -0.0000 0.1250 0.8750
T
V 0.05023 -0.21100 0.00000 0.8660 0.5000 0.0000 0.1250 0.8750
V 0.05023 -0.26900 0.00000 0.8660 -0.5000 0.0000 0.1250 0.8750
V 0.03132 -0.21100 0.03927 0.5400 0.5000 0.6771 0.1250 0.8750
T
V 0.03132 -0.21100 0.03927 0.5400 0.5000 0.6771 0.1250 0.8750
V 0.05023 -0.26900 0.00000 0.8660 -0.5000 0.0000 0.1250 0.8750
V 0.03132 -0.26900 0.03927 0.5400 -0.5000 0.6771 0.1250 0.8750
T
V 0.03132 -0.21100 0.03927 0.5400 0.5000 0.6771 0.1250 0.8750
V 0.03132 -0.26900 0.03927 0.5400 -0.5000 0.6771 0.1250 0.8750
V -0.01118 -0.21100 0.04897 -0.1927 0.5000 0.8443 0.1250 0.8750
T
V -0.01118 -0.21100 0.04897 -0.1927 0.5000 0.8443 0.1250 0.8750
V 0.03132 -0.26900 0.03927 0.5400 -0.5000 0.6771 0.1250 0.8750
V -0.01118 -0.26900 0.04897 -0.1927 -0.5000 0.8443 0.1250 0.8750
T
V -0.01118 -0.21100 0.04897 -0.1927 0.5000 0.8443 0.1250 0.8750
V -0.01118 -0.26900 0.04897 -0.1927 -0.5000 0.8443 0.1250 0.8750
V -0.04526 -0.21100 0.02179 -0.7803 0.5000 0.3758 0.1250 0.8750
T
V -0.04526 -0.21100 0.02179 -0.7803 0.5000 0.3758 0.1250 0.8750
V -0.01118 -0.26900 0.04897 -0.1927 -0.5000 0.8443 0.1250 0.8750
V -0.04526 -0.26900 0.02179 -0.7803 -0.5000 0.3758 0.1250 0.8750
T
V -0.04526 -0.21100 0.02179 -0.7803 0.5000 0.3758 0.1250 0.8750
V -0.04526 -0.26900 0.02179 -0.7803 -0.5000 0.3758 0.1250 0.8750
V -0.04526 -0.21100 -0.02179 -0.7803 0.5000 -0.3758 0.1250 0.8750
T
V -0.04526 -0.21100 -0.02179 -0.7803 0.5000 -0.3758 0.1250 0.8750
V -0.04526 -0.26900 0.02179 -0.7803 -0.5000 0.3758 0.1250 0.8750
V -0.04526 -0.26900 -0.02179 -0.7803 -0.5000 -0.3758 0.1250 0.8750
T
V -0.04526 -0.21100 -0.02179 -0.7803 0.5000 -0.3758 0.1250 0.8750
V -0.04526 -0.26900 -0.02179 -0.7803 -0.5000 -0.3758 0.1250 0.8750
V -0.01118 -0.21100 -0.04897 -0.1927 0.5000 -0.8443 0.1250 0.8750
T
V -0.01118 -0.21100 -0.04897 -0.1927 0.5000 -0.8443 0.1250 0.8750
V -0.04526 -0.26900 -0.02179 -0.7803 -0.5000 -0.3758 0.1250 0.8750
V -0.01118 -0.26900 -0.04897 -0.1927 -0.5000 -0.8443 0.1250 0.8750
T
V -0.01118 -0.21100 -0.04897 -0.1927 0.5000 -0.8443 0.1250 0.8750
V -0.01118 -0.26900 -0.04897 -0.1927 -0.5000 -0.8443 0.1250 0.8750
V 0.03132 -0.21100 -0.03927 0.5400 0.5000 -0.6771 0.1250 0.8750
T
V 0.03132 -0.21100 -0.03927 0.5400 0.5000 -0.6771 0.1250 0.8750
V -0.01118 -0.26900 -0.04897 -0.1927 -0.5000 -0.8443 0.1250 0.8750
V 0.03132 -0.26900 -0.03927 0.5400 -0.5000 -0.6771 0.1250 0.8750
T
V 0.03132 -0.21100 -0.03927 0.5400 0.5000 -0.6771 0.1250 0.8750
V 0.03132 -0.26900 -0.03927 0.5400 -0.5000 -0.6771 0.1250 0.8750
V 0.05023 -0.21100 -0.00000 0.8660 0.5000 -0.0000 0.1250 0.8750
T
V 0.05023 -0.21100 -0.00000 0.8660 0.5000 -0.0000 0.1250 0.8750
V 0.03132 -0.26900 -0.03927 0.5400 -0.5000 -0.6771 0.1250 0.8750
V 0.05023 -0.26900 -0.00000 0.8660 -0.5000 -0.0000 0.1250 0.8750
T
V 0.05023 -0.26900 0.00000 0.8660 -0.5000 0.0000 0.1250 0.8750
V 0.00000 -0.29800 0.00000 0.0000 -1.0000 0.0000 0.1250 0.8750
V 0.03132 -0.26900 0.03927 0.5400 -0.5000 0.6771 0.1250 0.8750
T
V 0.03132 -0.26900 0.03927 0.5400 -0.5000 0.6771 0.1250 0.8750
V 0.00000 -0.29800 0.00000 0.0000 -1.0000 0.0000 0.1250 0.8750
V 0.00000 -0.29800 0.00000 0.0000 -1.0000 0.0000 0.1250 0.8750
T
V 0.03132 -0.26900 0.03927 0.5400 -0.5000 0.6771 0.1250 0.8750
V 0.00000 -0.29800 0.00000 0.0000 -1.0000 0.0000 0.1250 0.8750
V -0.01118 -0.26900 0.04897 -0.1927 -0.5000 0.8443 0.1250 0.8750
T
V -0.01118 -0.26900 0.04897 -0.1927 -0.5000 0.8443 0.1250 0.8750
V 0.00000 -0.29800 0.00000 0.0000 -1.0000 0.0000 0.1250 0.8750
V -0.00000 -0.29800 0.00000 -0.0000 -1.0000 0.0000 0.1250 0.8750
T
V -0.01118 -0.26900 0.04897 -0.1927 -0.5000 0.8443 0.1250 0.8750
V -0.00000 -0.29800 0.00000 -0.0000 -1.0000 0.0000 0.1250 0.8750
V -0.04526 -0.26900 0.02179 -0.7803 -0.5000 0.3758 0.1250 0.8750
T
V -0.04526 -0.26900 0.02179 -0.7803 -0.5000 0.3758 0.1250 0.8750
V -0.00000 -0.29800 0.00000 -0.0000 -1.0000 0.0000 0.1250 0.8750
V -0.00000 -0.29800 0.00000 -0.0000 -1.0000 0.0000 0.1250 0.8750
T
V -0.04526 -0.26900 0.02179 -0.7803 -0.5000 0.3758 0.1250 0.8750
V -0.00000 -0.29800 0.00000 -0.0000 -1.0000 0.0000 0.1250 0.8750
V -0.04526 -0.26900 -0.02179 -0.7803 -0.5000 -0.3758 0.1250 0.8750
T
V -0.04526 -0.26900 -0.02179 -0.7803 -0.5000 -0.3758 0.1250 0.8750
V -0.00000 -0.29800 0.00000 -0.0000 -1.0000 0.0000 0.1250 0.8750
V -0.00000 -0.29800 -0.00000 -0.0000 -1.0000 -0.0000 0.1250 0.8750
T
V -0.04526 -0.26900 -0.02179 -0.7803 -0.5000 -0.3758 0.1250 0.8750
V -0.00000 -0.29800 -0.00000 -0.0000 -1.0000 -0.0000 0.1250 0.8750
V -0.01118 -0.26900 -0.04897 -0.1927 -0.5000 -0.8443 0.1250 0.8750
T
V -0.01118 -0.26900 -0.04897 -0.1927 -0.5000 -0.8443 0.1250 0.8750
V -0.00000 -0.29800 -0.00000 -0.0000 -1.0000 -0.0000 0.1250 0.8750
V -0.00000 -0.29800 -0.00000 -0.0000 -1.0000 -0.0000 0.1250 0.8750
T
V -0.01118 -0.26900 -0.04897 -0.1927 -0.5000 -0.8443 0.1250 0.8750
V -0.00000 -0.29800 -0.00000 -0.0000 -1.0000 -0.0000 0.1250 0.8750
V 0.03132 -0.26900 -0.03927 0.5400 -0.5000 -0.6771 0.1250 0.8750
T
V 0.03132 -0.26900 -0.03927 0.5400 -0.5000 -0.6771 0.1250 0.8750
V -0.00000 -0.29800 -0.00000 -0.0000 -1.0000 -0.0000 0.1250 0.8750
V 0.00000 -0.29800 -0.00000 0.0000 -1.0000 -0.0000 0.1250 0.8750
T
V 0.03132 -0.26900 -0.03927 0.5400 -0.5000 -0.6771 0.1250 0.8750
V 0.00000 -0.29800 -0.00000 0.0000 -1.0000 -0.0000 0.1250 0.8750
V 0.05023 -0.26900 -0.00000 0.8660 -0.5000 -0.0000 0.1250 0.8750
T
V 0.05023 -0.26900 -0.00000 0.8660 -0.5000 -0.0000 0.1250 0.8750
V 0.00000 -0.29800 -0.00000 0.0000 -1.0000 -0.0000 0.1250 0.8750
V 0.00000 -0.29800 -0.00000 0.0000 -1.0000 -0.0000 0.1250 0.8750
T
BONE Arm_L
V -0.05000 -0.03000 -0.05000 0.0000 0.0000 -1.0000 0.3750 0.8750
V 0.05000 -0.03000 -0.05000 0.0000 0.0000 -1.0000 0.3750 0.8750
V 0.05000 0.01000 -0.05000 0.0000 0.0000 -1.0000 0.3750 0.8750
T
V -0.05000 -0.03000 -0.05000 0.0000 0.0000 -1.0000 0.3750 0.8750
V 0.05000 0.01000 -0.05000 0.0000 0.0000 -1.0000 0.3750 0.8750
V -0.05000 0.01000 -0.05000 0.0000 0.0000 -1.0000 0.3750 0.8750
T
V 0.05000 -0.03000 0.05000 0.0000 0.0000 1.0000 0.3750 0.8750
V -0.05000 -0.03000 0.05000 0.0000 0.0000 1.0000 0.3750 0.8750
V -0.05000 0.01000 0.05000 0.0000 0.0000 1.0000 0.3750 0.8750
T
V 0.05000 -0.03000 0.05000 0.0000 0.0000 1.0000 0.3750 0.8750
V -0.05000 0.01000 0.05000 0.0000 0.0000 1.0000 0.3750 0.8750
V 0.05000 0.01000 0.05000 0.0000 0.0000 1.0000 0.3750 0.8750
T
V -0.05000 -0.03000 0.05000 -1.0000 0.0000 0.0000 0.3750 0.8750
V -0.05000 -0.03000 -0.05000 -1.0000 0.0000 0.0000 0.3750 0.8750
V -0.05000 0.01000 -0.05000 -1.0000 0.0000 0.0000 0.3750 0.8750
T
V -0.05000 -0.03000 0.05000 -1.0000 0.0000 0.0000 0.3750 0.8750
V -0.05000 0.01000 -0.05000 -1.0000 0.0000 0.0000 0.3750 0.8750
V -0.05000 0.01000 0.05000 -1.0000 0.0000 0.0000 0.3750 0.8750
T
V 0.05000 -0.03000 -0.05000 1.0000 0.0000 0.0000 0.3750 0.8750
V 0.05000 -0.03000 0.05000 1.0000 0.0000 0.0000 0.3750 0.8750
V 0.05000 0.01000 0.05000 1.0000 0.0000 0.0000 0.3750 0.8750
T
V 0.05000 -0.03000 -0.05000 1.0000 0.0000 0.0000 0.3750 0.8750
V 0.05000 0.01000 0.05000 1.0000 0.0000 0.0000 0.3750 0.8750
V 0.05000 0.01000 -0.05000 1.0000 0.0000 0.0000 0.3750 0.8750
T
V -0.05000 0.01000 -0.05000 0.0000 1.0000 0.0000 0.3750 0.8750
V 0.05000 0.01000 -0.05000 0.0000 1.0000 0.0000 0.3750 0.8750
V 0.05000 0.01000 0.05000 0.0000 1.0000 0.0000 0.3750 0.8750
T
V -0.05000 0.01000 -0.05000 0.0000 1.0000 0.0000 0.3750 0.8750
V 0.05000 0.01000 0.05000 0.0000 1.0000 0.0000 0.3750 0.8750
V -0.05000 0.01000 0.05000 0.0000 1.0000 0.0000 0.3750 0.8750
T
V -0.05000 -0.03000 0.05000 0.0000 -1.0000 0.0000 0.3750 0.8750
V 0.05000 -0.03000 0.05000 0.0000 -1.0000 0.0000 0.3750 0.8750
V 0.05000 -0.03000 -0.05000 0.0000 -1.0000 0.0000 0.3750 0.8750
T
V -0.05000 -0.03000 0.05000 0.0000 -1.0000 0.0000 0.3750 0.8750
V 0.05000 -0.03000 -0.05000 0.0000 -1.0000 0.0000 0.3750 0.8750
V -0.05000 -0.03000 -0.05000 0.0000 -1.0000 0.0000 0.3750 0.8750
T
BONE Fore_L
V 0.00000 -0.01000 -0.04800 0.0000 0.0000 -1.0000 0.1250 0.8750
V 0.00000 -0.05750 -0.04800 0.0000 0.0000 -1.0000 0.1250 0.8750
V 0.03753 -0.01000 -0.02993 0.7818 0.0000 -0.6235 0.1250 0.8750
T
V 0.03753 -0.01000 -0.02993 0.7818 0.0000 -0.6235 0.1250 0.8750
V 0.00000 -0.05750 -0.04800 0.0000 0.0000 -1.0000 0.1250 0.8750
V 0.03753 -0.05750 -0.02993 0.7818 0.0000 -0.6235 0.1250 0.8750
T
V 0.03753 -0.01000 -0.02993 0.7818 0.0000 -0.6235 0.1250 0.8750
V 0.03753 -0.05750 -0.02993 0.7818 0.0000 -0.6235 0.1250 0.8750
V 0.04680 -0.01000 0.01068 0.9749 0.0000 0.2225 0.1250 0.8750
T
V 0.04680 -0.01000 0.01068 0.9749 0.0000 0.2225 0.1250 0.8750
V 0.03753 -0.05750 -0.02993 0.7818 0.0000 -0.6235 0.1250 0.8750
V 0.04680 -0.05750 0.01068 0.9749 0.0000 0.2225 0.1250 0.8750
T
V 0.04680 -0.01000 0.01068 0.9749 0.0000 0.2225 0.1250 0.8750
V 0.04680 -0.05750 0.01068 0.9749 0.0000 0.2225 0.1250 0.8750
V 0.02083 -0.01000 0.04325 0.4339 0.0000 0.9010 0.1250 0.8750
T
V 0.02083 -0.01000 0.04325 0.4339 0.0000 0.9010 0.1250 0.8750
V 0.04680 -0.05750 0.01068 0.9749 0.0000 0.2225 0.1250 0.8750
V 0.02083 -0.05750 0.04325 0.4339 0.0000 0.9010 0.1250 0.8750
T
V 0.02083 -0.01000 0.04325 0.4339 0.0000 0.9010 0.1250 0.8750
V 0.02083 -0.05750 0.04325 0.4339 0.0000 0.9010 0.1250 0.8750
V -0.02083 -0.01000 0.04325 -0.4339 -0.0000 0.9010 0.1250 0.8750
T
V -0.02083 -0.01000 0.04325 -0.4339 -0.0000 0.9010 0.1250 0.8750
V 0.02083 -0.05750 0.04325 0.4339 0.0000 0.9010 0.1250 0.8750
V -0.02083 -0.05750 0.04325 -0.4339 -0.0000 0.9010 0.1250 0.8750
T
V -0.02083 -0.01000 0.04325 -0.4339 -0.0000 0.9010 0.1250 0.8750
V -0.02083 -0.05750 0.04325 -0.4339 -0.0000 0.9010 0.1250 0.8750
V -0.04680 -0.01000 0.01068 -0.9749 -0.0000 0.2225 0.1250 0.8750
T
V -0.04680 -0.01000 0.01068 -0.9749 -0.0000 0.2225 0.1250 0.8750
V -0.02083 -0.05750 0.04325 -0.4339 -0.0000 0.9010 0.1250 0.8750
V -0.04680 -0.05750 0.01068 -0.9749 -0.0000 0.2225 0.1250 0.8750
T
V -0.04680 -0.01000 0.01068 -0.9749 -0.0000 0.2225 0.1250 0.8750
V -0.04680 -0.05750 0.01068 -0.9749 -0.0000 0.2225 0.1250 0.8750
V -0.03753 -0.01000 -0.02993 -0.7818 0.0000 -0.6235 0.1250 0.8750
T
V -0.03753 -0.01000 -0.02993 -0.7818 0.0000 -0.6235 0.1250 0.8750
V -0.04680 -0.05750 0.01068 -0.9749 -0.0000 0.2225 0.1250 0.8750
V -0.03753 -0.05750 -0.02993 -0.7818 0.0000 -0.6235 0.1250 0.8750
T
V -0.03753 -0.01000 -0.02993 -0.7818 0.0000 -0.6235 0.1250 0.8750
V -0.03753 -0.05750 -0.02993 -0.7818 0.0000 -0.6235 0.1250 0.8750
V 0.00000 -0.01000 -0.04800 0.0000 0.0000 -1.0000 0.1250 0.8750
T
V 0.00000 -0.01000 -0.04800 0.0000 0.0000 -1.0000 0.1250 0.8750
V -0.03753 -0.05750 -0.02993 -0.7818 0.0000 -0.6235 0.1250 0.8750
V 0.00000 -0.05750 -0.04800 0.0000 0.0000 -1.0000 0.1250 0.8750
T
V 0.00000 -0.05750 -0.04800 0.0000 0.0000 -1.0000 0.1250 0.8750
V 0.00000 -0.10500 -0.04800 0.0000 0.0000 -1.0000 0.1250 0.8750
V 0.03753 -0.05750 -0.02993 0.7818 0.0000 -0.6235 0.1250 0.8750
T
V 0.03753 -0.05750 -0.02993 0.7818 0.0000 -0.6235 0.1250 0.8750
V 0.00000 -0.10500 -0.04800 0.0000 0.0000 -1.0000 0.1250 0.8750
V 0.03753 -0.10500 -0.02993 0.7818 0.0000 -0.6235 0.1250 0.8750
T
V 0.03753 -0.05750 -0.02993 0.7818 0.0000 -0.6235 0.1250 0.8750
V 0.03753 -0.10500 -0.02993 0.7818 0.0000 -0.6235 0.1250 0.8750
V 0.04680 -0.05750 0.01068 0.9749 0.0000 0.2225 0.1250 0.8750
T
V 0.04680 -0.05750 0.01068 0.9749 0.0000 0.2225 0.1250 0.8750
V 0.03753 -0.10500 -0.02993 0.7818 0.0000 -0.6235 0.1250 0.8750
V 0.04680 -0.10500 0.01068 0.9749 0.0000 0.2225 0.1250 0.8750
T
V 0.04680 -0.05750 0.01068 0.9749 0.0000 0.2225 0.1250 0.8750
V 0.04680 -0.10500 0.01068 0.9749 0.0000 0.2225 0.1250 0.8750
V 0.02083 -0.05750 0.04325 0.4339 0.0000 0.9010 0.1250 0.8750
T
V 0.02083 -0.05750 0.04325 0.4339 0.0000 0.9010 0.1250 0.8750
V 0.04680 -0.10500 0.01068 0.9749 0.0000 0.2225 0.1250 0.8750
V 0.02083 -0.10500 0.04325 0.4339 0.0000 0.9010 0.1250 0.8750
T
V 0.02083 -0.05750 0.04325 0.4339 0.0000 0.9010 0.1250 0.8750
V 0.02083 -0.10500 0.04325 0.4339 0.0000 0.9010 0.1250 0.8750
V -0.02083 -0.05750 0.04325 -0.4339 -0.0000 0.9010 0.1250 0.8750
T
V -0.02083 -0.05750 0.04325 -0.4339 -0.0000 0.9010 0.1250 0.8750
V 0.02083 -0.10500 0.04325 0.4339 0.0000 0.9010 0.1250 0.8750
V -0.02083 -0.10500 0.04325 -0.4339 -0.0000 0.9010 0.1250 0.8750
T
V -0.02083 -0.05750 0.04325 -0.4339 -0.0000 0.9010 0.1250 0.8750
V -0.02083 -0.10500 0.04325 -0.4339 -0.0000 0.9010 0.1250 0.8750
V -0.04680 -0.05750 0.01068 -0.9749 -0.0000 0.2225 0.1250 0.8750
T
V -0.04680 -0.05750 0.01068 -0.9749 -0.0000 0.2225 0.1250 0.8750
V -0.02083 -0.10500 0.04325 -0.4339 -0.0000 0.9010 0.1250 0.8750
V -0.04680 -0.10500 0.01068 -0.9749 -0.0000 0.2225 0.1250 0.8750
T
V -0.04680 -0.05750 0.01068 -0.9749 -0.0000 0.2225 0.1250 0.8750
V -0.04680 -0.10500 0.01068 -0.9749 -0.0000 0.2225 0.1250 0.8750
V -0.03753 -0.05750 -0.02993 -0.7818 0.0000 -0.6235 0.1250 0.8750
T
V -0.03753 -0.05750 -0.02993 -0.7818 0.0000 -0.6235 0.1250 0.8750
V -0.04680 -0.10500 0.01068 -0.9749 -0.0000 0.2225 0.1250 0.8750
V -0.03753 -0.10500 -0.02993 -0.7818 0.0000 -0.6235 0.1250 0.8750
T
V -0.03753 -0.05750 -0.02993 -0.7818 0.0000 -0.6235 0.1250 0.8750
V -0.03753 -0.10500 -0.02993 -0.7818 0.0000 -0.6235 0.1250 0.8750
V 0.00000 -0.05750 -0.04800 0.0000 0.0000 -1.0000 0.1250 0.8750
T
V 0.00000 -0.05750 -0.04800 0.0000 0.0000 -1.0000 0.1250 0.8750
V -0.03753 -0.10500 -0.02993 -0.7818 0.0000 -0.6235 0.1250 0.8750
V 0.00000 -0.10500 -0.04800 0.0000 0.0000 -1.0000 0.1250 0.8750
T
V 0.00000 -0.10500 -0.04800 0.0000 0.0000 -1.0000 0.1250 0.8750
V 0.00000 -0.15250 -0.04800 0.0000 0.0000 -1.0000 0.1250 0.8750
V 0.03753 -0.10500 -0.02993 0.7818 0.0000 -0.6235 0.1250 0.8750
T
V 0.03753 -0.10500 -0.02993 0.7818 0.0000 -0.6235 0.1250 0.8750
V 0.00000 -0.15250 -0.04800 0.0000 0.0000 -1.0000 0.1250 0.8750
V 0.03753 -0.15250 -0.02993 0.7818 0.0000 -0.6235 0.1250 0.8750
T
V 0.03753 -0.10500 -0.02993 0.7818 0.0000 -0.6235 0.1250 0.8750
V 0.03753 -0.15250 -0.02993 0.7818 0.0000 -0.6235 0.1250 0.8750
V 0.04680 -0.10500 0.01068 0.9749 0.0000 0.2225 0.1250 0.8750
T
V 0.04680 -0.10500 0.01068 0.9749 0.0000 0.2225 0.1250 0.8750
V 0.03753 -0.15250 -0.02993 0.7818 0.0000 -0.6235 0.1250 0.8750
V 0.04680 -0.15250 0.01068 0.9749 0.0000 0.2225 0.1250 0.8750
T
V 0.04680 -0.10500 0.01068 0.9749 0.0000 0.2225 0.1250 0.8750
V 0.04680 -0.15250 0.01068 0.9749 0.0000 0.2225 0.1250 0.8750
V 0.02083 -0.10500 0.04325 0.4339 0.0000 0.9010 0.1250 0.8750
T
V 0.02083 -0.10500 0.04325 0.4339 0.0000 0.9010 0.1250 0.8750
V 0.04680 -0.15250 0.01068 0.9749 0.0000 0.2225 0.1250 0.8750
V 0.02083 -0.15250 0.04325 0.4339 0.0000 0.9010 0.1250 0.8750
T
V 0.02083 -0.10500 0.04325 0.4339 0.0000 0.9010 0.1250 0.8750
V 0.02083 -0.15250 0.04325 0.4339 0.0000 0.9010 0.1250 0.8750
V -0.02083 -0.10500 0.04325 -0.4339 -0.0000 0.9010 0.1250 0.8750
T
V -0.02083 -0.10500 0.04325 -0.4339 -0.0000 0.9010 0.1250 0.8750
V 0.02083 -0.15250 0.04325 0.4339 0.0000 0.9010 0.1250 0.8750
V -0.02083 -0.15250 0.04325 -0.4339 -0.0000 0.9010 0.1250 0.8750
T
V -0.02083 -0.10500 0.04325 -0.4339 -0.0000 0.9010 0.1250 0.8750
V -0.02083 -0.15250 0.04325 -0.4339 -0.0000 0.9010 0.1250 0.8750
V -0.04680 -0.10500 0.01068 -0.9749 -0.0000 0.2225 0.1250 0.8750
T
V -0.04680 -0.10500 0.01068 -0.9749 -0.0000 0.2225 0.1250 0.8750
V -0.02083 -0.15250 0.04325 -0.4339 -0.0000 0.9010 0.1250 0.8750
V -0.04680 -0.15250 0.01068 -0.9749 -0.0000 0.2225 0.1250 0.8750
T
V -0.04680 -0.10500 0.01068 -0.9749 -0.0000 0.2225 0.1250 0.8750
V -0.04680 -0.15250 0.01068 -0.9749 -0.0000 0.2225 0.1250 0.8750
V -0.03753 -0.10500 -0.02993 -0.7818 0.0000 -0.6235 0.1250 0.8750
T
V -0.03753 -0.10500 -0.02993 -0.7818 0.0000 -0.6235 0.1250 0.8750
V -0.04680 -0.15250 0.01068 -0.9749 -0.0000 0.2225 0.1250 0.8750
V -0.03753 -0.15250 -0.02993 -0.7818 0.0000 -0.6235 0.1250 0.8750
T
V -0.03753 -0.10500 -0.02993 -0.7818 0.0000 -0.6235 0.1250 0.8750
V -0.03753 -0.15250 -0.02993 -0.7818 0.0000 -0.6235 0.1250 0.8750
V 0.00000 -0.10500 -0.04800 0.0000 0.0000 -1.0000 0.1250 0.8750
T
V 0.00000 -0.10500 -0.04800 0.0000 0.0000 -1.0000 0.1250 0.8750
V -0.03753 -0.15250 -0.02993 -0.7818 0.0000 -0.6235 0.1250 0.8750
V 0.00000 -0.15250 -0.04800 0.0000 0.0000 -1.0000 0.1250 0.8750
T
V 0.00000 -0.15250 -0.04800 0.0000 0.0000 -1.0000 0.1250 0.8750
V 0.00000 -0.20000 -0.04800 0.0000 0.0000 -1.0000 0.1250 0.8750
V 0.03753 -0.15250 -0.02993 0.7818 0.0000 -0.6235 0.1250 0.8750
T
V 0.03753 -0.15250 -0.02993 0.7818 0.0000 -0.6235 0.1250 0.8750
V 0.00000 -0.20000 -0.04800 0.0000 0.0000 -1.0000 0.1250 0.8750
V 0.03753 -0.20000 -0.02993 0.7818 0.0000 -0.6235 0.1250 0.8750
T
V 0.03753 -0.15250 -0.02993 0.7818 0.0000 -0.6235 0.1250 0.8750
V 0.03753 -0.20000 -0.02993 0.7818 0.0000 -0.6235 0.1250 0.8750
V 0.04680 -0.15250 0.01068 0.9749 0.0000 0.2225 0.1250 0.8750
T
V 0.04680 -0.15250 0.01068 0.9749 0.0000 0.2225 0.1250 0.8750
V 0.03753 -0.20000 -0.02993 0.7818 0.0000 -0.6235 0.1250 0.8750
V 0.04680 -0.20000 0.01068 0.9749 0.0000 0.2225 0.1250 0.8750
T
V 0.04680 -0.15250 0.01068 0.9749 0.0000 0.2225 0.1250 0.8750
V 0.04680 -0.20000 0.01068 0.9749 0.0000 0.2225 0.1250 0.8750
V 0.02083 -0.15250 0.04325 0.4339 0.0000 0.9010 0.1250 0.8750
T
V 0.02083 -0.15250 0.04325 0.4339 0.0000 0.9010 0.1250 0.8750
V 0.04680 -0.20000 0.01068 0.9749 0.0000 0.2225 0.1250 0.8750
V 0.02083 -0.20000 0.04325 0.4339 0.0000 0.9010 0.1250 0.8750
T
V 0.02083 -0.15250 0.04325 0.4339 0.0000 0.9010 0.1250 0.8750
V 0.02083 -0.20000 0.04325 0.4339 0.0000 0.9010 0.1250 0.8750
V -0.02083 -0.15250 0.04325 -0.4339 -0.0000 0.9010 0.1250 0.8750
T
V -0.02083 -0.15250 0.04325 -0.4339 -0.0000 0.9010 0.1250 0.8750
V 0.02083 -0.20000 0.04325 0.4339 0.0000 0.9010 0.1250 0.8750
V -0.02083 -0.20000 0.04325 -0.4339 -0.0000 0.9010 0.1250 0.8750
T
V -0.02083 -0.15250 0.04325 -0.4339 -0.0000 0.9010 0.1250 0.8750
V -0.02083 -0.20000 0.04325 -0.4339 -0.0000 0.9010 0.1250 0.8750
V -0.04680 -0.15250 0.01068 -0.9749 -0.0000 0.2225 0.1250 0.8750
T
V -0.04680 -0.15250 0.01068 -0.9749 -0.0000 0.2225 0.1250 0.8750
V -0.02083 -0.20000 0.04325 -0.4339 -0.0000 0.9010 0.1250 0.8750
V -0.04680 -0.20000 0.01068 -0.9749 -0.0000 0.2225 0.1250 0.8750
T
V -0.04680 -0.15250 0.01068 -0.9749 -0.0000 0.2225 0.1250 0.8750
V -0.04680 -0.20000 0.01068 -0.9749 -0.0000 0.2225 0.1250 0.8750
V -0.03753 -0.15250 -0.02993 -0.7818 0.0000 -0.6235 0.1250 0.8750
T
V -0.03753 -0.15250 -0.02993 -0.7818 0.0000 -0.6235 0.1250 0.8750
V -0.04680 -0.20000 0.01068 -0.9749 -0.0000 0.2225 0.1250 0.8750
V -0.03753 -0.20000 -0.02993 -0.7818 0.0000 -0.6235 0.1250 0.8750
T
V -0.03753 -0.15250 -0.02993 -0.7818 0.0000 -0.6235 0.1250 0.8750
V -0.03753 -0.20000 -0.02993 -0.7818 0.0000 -0.6235 0.1250 0.8750
V 0.00000 -0.15250 -0.04800 0.0000 0.0000 -1.0000 0.1250 0.8750
T
V 0.00000 -0.15250 -0.04800 0.0000 0.0000 -1.0000 0.1250 0.8750
V -0.03753 -0.20000 -0.02993 -0.7818 0.0000 -0.6235 0.1250 0.8750
V 0.00000 -0.20000 -0.04800 0.0000 0.0000 -1.0000 0.1250 0.8750
T
V 0.00000 0.03800 0.00000 0.0000 1.0000 0.0000 0.1250 0.8750
V 0.04157 0.01400 0.00000 0.8660 0.5000 0.0000 0.1250 0.8750
V 0.00000 0.03800 0.00000 0.0000 1.0000 0.0000 0.1250 0.8750
T
V 0.00000 0.03800 0.00000 0.0000 1.0000 0.0000 0.1250 0.8750
V 0.04157 0.01400 0.00000 0.8660 0.5000 0.0000 0.1250 0.8750
V 0.02592 0.01400 0.03250 0.5400 0.5000 0.6771 0.1250 0.8750
T
V 0.00000 0.03800 0.00000 0.0000 1.0000 0.0000 0.1250 0.8750
V 0.02592 0.01400 0.03250 0.5400 0.5000 0.6771 0.1250 0.8750
V 0.00000 0.03800 0.00000 -0.0000 1.0000 0.0000 0.1250 0.8750
T
V 0.00000 0.03800 0.00000 -0.0000 1.0000 0.0000 0.1250 0.8750
V 0.02592 0.01400 0.03250 0.5400 0.5000 0.6771 0.1250 0.8750
V -0.00925 0.01400 0.04053 -0.1927 0.5000 0.8443 0.1250 0.8750
T
V 0.00000 0.03800 0.00000 -0.0000 1.0000 0.0000 0.1250 0.8750
V -0.00925 0.01400 0.04053 -0.1927 0.5000 0.8443 0.1250 0.8750
V 0.00000 0.03800 0.00000 -0.0000 1.0000 0.0000 0.1250 0.8750
T
V 0.00000 0.03800 0.00000 -0.0000 1.0000 0.0000 0.1250 0.8750
V -0.00925 0.01400 0.04053 -0.1927 0.5000 0.8443 0.1250 0.8750
V -0.03745 0.01400 0.01804 -0.7803 0.5000 0.3758 0.1250 0.8750
T
V 0.00000 0.03800 0.00000 -0.0000 1.0000 0.0000 0.1250 0.8750
V -0.03745 0.01400 0.01804 -0.7803 0.5000 0.3758 0.1250 0.8750
V 0.00000 0.03800 0.00000 -0.0000 1.0000 -0.0000 0.1250 0.8750
T
V 0.00000 0.03800 0.00000 -0.0000 1.0000 -0.0000 0.1250 0.8750
V -0.03745 0.01400 0.01804 -0.7803 0.5000 0.3758 0.1250 0.8750
V -0.03745 0.01400 -0.01804 -0.7803 0.5000 -0.3758 0.1250 0.8750
T
V 0.00000 0.03800 0.00000 -0.0000 1.0000 -0.0000 0.1250 0.8750
V -0.03745 0.01400 -0.01804 -0.7803 0.5000 -0.3758 0.1250 0.8750
V 0.00000 0.03800 0.00000 -0.0000 1.0000 -0.0000 0.1250 0.8750
T
V 0.00000 0.03800 0.00000 -0.0000 1.0000 -0.0000 0.1250 0.8750
V -0.03745 0.01400 -0.01804 -0.7803 0.5000 -0.3758 0.1250 0.8750
V -0.00925 0.01400 -0.04053 -0.1927 0.5000 -0.8443 0.1250 0.8750
T
V 0.00000 0.03800 0.00000 -0.0000 1.0000 -0.0000 0.1250 0.8750
V -0.00925 0.01400 -0.04053 -0.1927 0.5000 -0.8443 0.1250 0.8750
V 0.00000 0.03800 0.00000 0.0000 1.0000 -0.0000 0.1250 0.8750
T
V 0.00000 0.03800 0.00000 0.0000 1.0000 -0.0000 0.1250 0.8750
V -0.00925 0.01400 -0.04053 -0.1927 0.5000 -0.8443 0.1250 0.8750
V 0.02592 0.01400 -0.03250 0.5400 0.5000 -0.6771 0.1250 0.8750
T
V 0.00000 0.03800 0.00000 0.0000 1.0000 -0.0000 0.1250 0.8750
V 0.02592 0.01400 -0.03250 0.5400 0.5000 -0.6771 0.1250 0.8750
V 0.00000 0.03800 0.00000 0.0000 1.0000 -0.0000 0.1250 0.8750
T
V 0.00000 0.03800 0.00000 0.0000 1.0000 -0.0000 0.1250 0.8750
V 0.02592 0.01400 -0.03250 0.5400 0.5000 -0.6771 0.1250 0.8750
V 0.04157 0.01400 -0.00000 0.8660 0.5000 -0.0000 0.1250 0.8750
T
V 0.04157 0.01400 0.00000 0.8660 0.5000 0.0000 0.1250 0.8750
V 0.04157 -0.03400 0.00000 0.8660 -0.5000 0.0000 0.1250 0.8750
V 0.02592 0.01400 0.03250 0.5400 0.5000 0.6771 0.1250 0.8750
T
V 0.02592 0.01400 0.03250 0.5400 0.5000 0.6771 0.1250 0.8750
V 0.04157 -0.03400 0.00000 0.8660 -0.5000 0.0000 0.1250 0.8750
V 0.02592 -0.03400 0.03250 0.5400 -0.5000 0.6771 0.1250 0.8750
T
V 0.02592 0.01400 0.03250 0.5400 0.5000 0.6771 0.1250 0.8750
V 0.02592 -0.03400 0.03250 0.5400 -0.5000 0.6771 0.1250 0.8750
V -0.00925 0.01400 0.04053 -0.1927 0.5000 0.8443 0.1250 0.8750
T
V -0.00925 0.01400 0.04053 -0.1927 0.5000 0.8443 0.1250 0.8750
V 0.02592 -0.03400 0.03250 0.5400 -0.5000 0.6771 0.1250 0.8750
V -0.00925 -0.03400 0.04053 -0.1927 -0.5000 0.8443 0.1250 0.8750
T
V -0.00925 0.01400 0.04053 -0.1927 0.5000 0.8443 0.1250 0.8750
V -0.00925 -0.03400 0.04053 -0.1927 -0.5000 0.8443 0.1250 0.8750
V -0.03745 0.01400 0.01804 -0.7803 0.5000 0.3758 0.1250 0.8750
T
V -0.03745 0.01400 0.01804 -0.7803 0.5000 0.3758 0.1250 0.8750
V -0.00925 -0.03400 0.04053 -0.1927 -0.5000 0.8443 0.1250 0.8750
V -0.03745 -0.03400 0.01804 -0.7803 -0.5000 0.3758 0.1250 0.8750
T
V -0.03745 0.01400 0.01804 -0.7803 0.5000 0.3758 0.1250 0.8750
V -0.03745 -0.03400 0.01804 -0.7803 -0.5000 0.3758 0.1250 0.8750
V -0.03745 0.01400 -0.01804 -0.7803 0.5000 -0.3758 0.1250 0.8750
T
V -0.03745 0.01400 -0.01804 -0.7803 0.5000 -0.3758 0.1250 0.8750
V -0.03745 -0.03400 0.01804 -0.7803 -0.5000 0.3758 0.1250 0.8750
V -0.03745 -0.03400 -0.01804 -0.7803 -0.5000 -0.3758 0.1250 0.8750
T
V -0.03745 0.01400 -0.01804 -0.7803 0.5000 -0.3758 0.1250 0.8750
V -0.03745 -0.03400 -0.01804 -0.7803 -0.5000 -0.3758 0.1250 0.8750
V -0.00925 0.01400 -0.04053 -0.1927 0.5000 -0.8443 0.1250 0.8750
T
V -0.00925 0.01400 -0.04053 -0.1927 0.5000 -0.8443 0.1250 0.8750
V -0.03745 -0.03400 -0.01804 -0.7803 -0.5000 -0.3758 0.1250 0.8750
V -0.00925 -0.03400 -0.04053 -0.1927 -0.5000 -0.8443 0.1250 0.8750
T
V -0.00925 0.01400 -0.04053 -0.1927 0.5000 -0.8443 0.1250 0.8750
V -0.00925 -0.03400 -0.04053 -0.1927 -0.5000 -0.8443 0.1250 0.8750
V 0.02592 0.01400 -0.03250 0.5400 0.5000 -0.6771 0.1250 0.8750
T
V 0.02592 0.01400 -0.03250 0.5400 0.5000 -0.6771 0.1250 0.8750
V -0.00925 -0.03400 -0.04053 -0.1927 -0.5000 -0.8443 0.1250 0.8750
V 0.02592 -0.03400 -0.03250 0.5400 -0.5000 -0.6771 0.1250 0.8750
T
V 0.02592 0.01400 -0.03250 0.5400 0.5000 -0.6771 0.1250 0.8750
V 0.02592 -0.03400 -0.03250 0.5400 -0.5000 -0.6771 0.1250 0.8750
V 0.04157 0.01400 -0.00000 0.8660 0.5000 -0.0000 0.1250 0.8750
T
V 0.04157 0.01400 -0.00000 0.8660 0.5000 -0.0000 0.1250 0.8750
V 0.02592 -0.03400 -0.03250 0.5400 -0.5000 -0.6771 0.1250 0.8750
V 0.04157 -0.03400 -0.00000 0.8660 -0.5000 -0.0000 0.1250 0.8750
T
V 0.04157 -0.03400 0.00000 0.8660 -0.5000 0.0000 0.1250 0.8750
V 0.00000 -0.05800 0.00000 0.0000 -1.0000 0.0000 0.1250 0.8750
V 0.02592 -0.03400 0.03250 0.5400 -0.5000 0.6771 0.1250 0.8750
T
V 0.02592 -0.03400 0.03250 0.5400 -0.5000 0.6771 0.1250 0.8750
V 0.00000 -0.05800 0.00000 0.0000 -1.0000 0.0000 0.1250 0.8750
V 0.00000 -0.05800 0.00000 0.0000 -1.0000 0.0000 0.1250 0.8750
T
V 0.02592 -0.03400 0.03250 0.5400 -0.5000 0.6771 0.1250 0.8750
V 0.00000 -0.05800 0.00000 0.0000 -1.0000 0.0000 0.1250 0.8750
V -0.00925 -0.03400 0.04053 -0.1927 -0.5000 0.8443 0.1250 0.8750
T
V -0.00925 -0.03400 0.04053 -0.1927 -0.5000 0.8443 0.1250 0.8750
V 0.00000 -0.05800 0.00000 0.0000 -1.0000 0.0000 0.1250 0.8750
V -0.00000 -0.05800 0.00000 -0.0000 -1.0000 0.0000 0.1250 0.8750
T
V -0.00925 -0.03400 0.04053 -0.1927 -0.5000 0.8443 0.1250 0.8750
V -0.00000 -0.05800 0.00000 -0.0000 -1.0000 0.0000 0.1250 0.8750
V -0.03745 -0.03400 0.01804 -0.7803 -0.5000 0.3758 0.1250 0.8750
T
V -0.03745 -0.03400 0.01804 -0.7803 -0.5000 0.3758 0.1250 0.8750
V -0.00000 -0.05800 0.00000 -0.0000 -1.0000 0.0000 0.1250 0.8750
V -0.00000 -0.05800 0.00000 -0.0000 -1.0000 0.0000 0.1250 0.8750
T
V -0.03745 -0.03400 0.01804 -0.7803 -0.5000 0.3758 0.1250 0.8750
V -0.00000 -0.05800 0.00000 -0.0000 -1.0000 0.0000 0.1250 0.8750
V -0.03745 -0.03400 -0.01804 -0.7803 -0.5000 -0.3758 0.1250 0.8750
T
V -0.03745 -0.03400 -0.01804 -0.7803 -0.5000 -0.3758 0.1250 0.8750
V -0.00000 -0.05800 0.00000 -0.0000 -1.0000 0.0000 0.1250 0.8750
V -0.00000 -0.05800 -0.00000 -0.0000 -1.0000 -0.0000 0.1250 0.8750
T
V -0.03745 -0.03400 -0.01804 -0.7803 -0.5000 -0.3758 0.1250 0.8750
V -0.00000 -0.05800 -0.00000 -0.0000 -1.0000 -0.0000 0.1250 0.8750
V -0.00925 -0.03400 -0.04053 -0.1927 -0.5000 -0.8443 0.1250 0.8750
T
V -0.00925 -0.03400 -0.04053 -0.1927 -0.5000 -0.8443 0.1250 0.8750
V -0.00000 -0.05800 -0.00000 -0.0000 -1.0000 -0.0000 0.1250 0.8750
V -0.00000 -0.05800 -0.00000 -0.0000 -1.0000 -0.0000 0.1250 0.8750
T
V -0.00925 -0.03400 -0.04053 -0.1927 -0.5000 -0.8443 0.1250 0.8750
V -0.00000 -0.05800 -0.00000 -0.0000 -1.0000 -0.0000 0.1250 0.8750
V 0.02592 -0.03400 -0.03250 0.5400 -0.5000 -0.6771 0.1250 0.8750
T
V 0.02592 -0.03400 -0.03250 0.5400 -0.5000 -0.6771 0.1250 0.8750
V -0.00000 -0.05800 -0.00000 -0.0000 -1.0000 -0.0000 0.1250 0.8750
V 0.00000 -0.05800 -0.00000 0.0000 -1.0000 -0.0000 0.1250 0.8750
T
V 0.02592 -0.03400 -0.03250 0.5400 -0.5000 -0.6771 0.1250 0.8750
V 0.00000 -0.05800 -0.00000 0.0000 -1.0000 -0.0000 0.1250 0.8750
V 0.04157 -0.03400 -0.00000 0.8660 -0.5000 -0.0000 0.1250 0.8750
T
V 0.04157 -0.03400 -0.00000 0.8660 -0.5000 -0.0000 0.1250 0.8750
V 0.00000 -0.05800 -0.00000 0.0000 -1.0000 -0.0000 0.1250 0.8750
V 0.00000 -0.05800 -0.00000 0.0000 -1.0000 -0.0000 0.1250 0.8750
T
V 0.00000 -0.15200 0.00000 0.0000 1.0000 0.0000 0.1250 0.8750
V 0.04157 -0.17600 0.00000 0.8660 0.5000 0.0000 0.1250 0.8750
V 0.00000 -0.15200 0.00000 0.0000 1.0000 0.0000 0.1250 0.8750
T
V 0.00000 -0.15200 0.00000 0.0000 1.0000 0.0000 0.1250 0.8750
V 0.04157 -0.17600 0.00000 0.8660 0.5000 0.0000 0.1250 0.8750
V 0.02592 -0.17600 0.03250 0.5400 0.5000 0.6771 0.1250 0.8750
T
V 0.00000 -0.15200 0.00000 0.0000 1.0000 0.0000 0.1250 0.8750
V 0.02592 -0.17600 0.03250 0.5400 0.5000 0.6771 0.1250 0.8750
V 0.00000 -0.15200 0.00000 -0.0000 1.0000 0.0000 0.1250 0.8750
T
V 0.00000 -0.15200 0.00000 -0.0000 1.0000 0.0000 0.1250 0.8750
V 0.02592 -0.17600 0.03250 0.5400 0.5000 0.6771 0.1250 0.8750
V -0.00925 -0.17600 0.04053 -0.1927 0.5000 0.8443 0.1250 0.8750
T
V 0.00000 -0.15200 0.00000 -0.0000 1.0000 0.0000 0.1250 0.8750
V -0.00925 -0.17600 0.04053 -0.1927 0.5000 0.8443 0.1250 0.8750
V 0.00000 -0.15200 0.00000 -0.0000 1.0000 0.0000 0.1250 0.8750
T
V 0.00000 -0.15200 0.00000 -0.0000 1.0000 0.0000 0.1250 0.8750
V -0.00925 -0.17600 0.04053 -0.1927 0.5000 0.8443 0.1250 0.8750
V -0.03745 -0.17600 0.01804 -0.7803 0.5000 0.3758 0.1250 0.8750
T
V 0.00000 -0.15200 0.00000 -0.0000 1.0000 0.0000 0.1250 0.8750
V -0.03745 -0.17600 0.01804 -0.7803 0.5000 0.3758 0.1250 0.8750
V 0.00000 -0.15200 0.00000 -0.0000 1.0000 -0.0000 0.1250 0.8750
T
V 0.00000 -0.15200 0.00000 -0.0000 1.0000 -0.0000 0.1250 0.8750
V -0.03745 -0.17600 0.01804 -0.7803 0.5000 0.3758 0.1250 0.8750
V -0.03745 -0.17600 -0.01804 -0.7803 0.5000 -0.3758 0.1250 0.8750
T
V 0.00000 -0.15200 0.00000 -0.0000 1.0000 -0.0000 0.1250 0.8750
V -0.03745 -0.17600 -0.01804 -0.7803 0.5000 -0.3758 0.1250 0.8750
V 0.00000 -0.15200 0.00000 -0.0000 1.0000 -0.0000 0.1250 0.8750
T
V 0.00000 -0.15200 0.00000 -0.0000 1.0000 -0.0000 0.1250 0.8750
V -0.03745 -0.17600 -0.01804 -0.7803 0.5000 -0.3758 0.1250 0.8750
V -0.00925 -0.17600 -0.04053 -0.1927 0.5000 -0.8443 0.1250 0.8750
T
V 0.00000 -0.15200 0.00000 -0.0000 1.0000 -0.0000 0.1250 0.8750
V -0.00925 -0.17600 -0.04053 -0.1927 0.5000 -0.8443 0.1250 0.8750
V 0.00000 -0.15200 0.00000 0.0000 1.0000 -0.0000 0.1250 0.8750
T
V 0.00000 -0.15200 0.00000 0.0000 1.0000 -0.0000 0.1250 0.8750
V -0.00925 -0.17600 -0.04053 -0.1927 0.5000 -0.8443 0.1250 0.8750
V 0.02592 -0.17600 -0.03250 0.5400 0.5000 -0.6771 0.1250 0.8750
T
V 0.00000 -0.15200 0.00000 0.0000 1.0000 -0.0000 0.1250 0.8750
V 0.02592 -0.17600 -0.03250 0.5400 0.5000 -0.6771 0.1250 0.8750
V 0.00000 -0.15200 0.00000 0.0000 1.0000 -0.0000 0.1250 0.8750
T
V 0.00000 -0.15200 0.00000 0.0000 1.0000 -0.0000 0.1250 0.8750
V 0.02592 -0.17600 -0.03250 0.5400 0.5000 -0.6771 0.1250 0.8750
V 0.04157 -0.17600 -0.00000 0.8660 0.5000 -0.0000 0.1250 0.8750
T
V 0.04157 -0.17600 0.00000 0.8660 0.5000 0.0000 0.1250 0.8750
V 0.04157 -0.22400 0.00000 0.8660 -0.5000 0.0000 0.1250 0.8750
V 0.02592 -0.17600 0.03250 0.5400 0.5000 0.6771 0.1250 0.8750
T
V 0.02592 -0.17600 0.03250 0.5400 0.5000 0.6771 0.1250 0.8750
V 0.04157 -0.22400 0.00000 0.8660 -0.5000 0.0000 0.1250 0.8750
V 0.02592 -0.22400 0.03250 0.5400 -0.5000 0.6771 0.1250 0.8750
T
V 0.02592 -0.17600 0.03250 0.5400 0.5000 0.6771 0.1250 0.8750
V 0.02592 -0.22400 0.03250 0.5400 -0.5000 0.6771 0.1250 0.8750
V -0.00925 -0.17600 0.04053 -0.1927 0.5000 0.8443 0.1250 0.8750
T
V -0.00925 -0.17600 0.04053 -0.1927 0.5000 0.8443 0.1250 0.8750
V 0.02592 -0.22400 0.03250 0.5400 -0.5000 0.6771 0.1250 0.8750
V -0.00925 -0.22400 0.04053 -0.1927 -0.5000 0.8443 0.1250 0.8750
T
V -0.00925 -0.17600 0.04053 -0.1927 0.5000 0.8443 0.1250 0.8750
V -0.00925 -0.22400 0.04053 -0.1927 -0.5000 0.8443 0.1250 0.8750
V -0.03745 -0.17600 0.01804 -0.7803 0.5000 0.3758 0.1250 0.8750
T
V -0.03745 -0.17600 0.01804 -0.7803 0.5000 0.3758 0.1250 0.8750
V -0.00925 -0.22400 0.04053 -0.1927 -0.5000 0.8443 0.1250 0.8750
V -0.03745 -0.22400 0.01804 -0.7803 -0.5000 0.3758 0.1250 0.8750
T
V -0.03745 -0.17600 0.01804 -0.7803 0.5000 0.3758 0.1250 0.8750
V -0.03745 -0.22400 0.01804 -0.7803 -0.5000 0.3758 0.1250 0.8750
V -0.03745 -0.17600 -0.01804 -0.7803 0.5000 -0.3758 0.1250 0.8750
T
V -0.03745 -0.17600 -0.01804 -0.7803 0.5000 -0.3758 0.1250 0.8750
V -0.03745 -0.22400 0.01804 -0.7803 -0.5000 0.3758 0.1250 0.8750
V -0.03745 -0.22400 -0.01804 -0.7803 -0.5000 -0.3758 0.1250 0.8750
T
V -0.03745 -0.17600 -0.01804 -0.7803 0.5000 -0.3758 0.1250 0.8750
V -0.03745 -0.22400 -0.01804 -0.7803 -0.5000 -0.3758 0.1250 0.8750
V -0.00925 -0.17600 -0.04053 -0.1927 0.5000 -0.8443 0.1250 0.8750
T
V -0.00925 -0.17600 -0.04053 -0.1927 0.5000 -0.8443 0.1250 0.8750
V -0.03745 -0.22400 -0.01804 -0.7803 -0.5000 -0.3758 0.1250 0.8750
V -0.00925 -0.22400 -0.04053 -0.1927 -0.5000 -0.8443 0.1250 0.8750
T
V -0.00925 -0.17600 -0.04053 -0.1927 0.5000 -0.8443 0.1250 0.8750
V -0.00925 -0.22400 -0.04053 -0.1927 -0.5000 -0.8443 0.1250 0.8750
V 0.02592 -0.17600 -0.03250 0.5400 0.5000 -0.6771 0.1250 0.8750
T
V 0.02592 -0.17600 -0.03250 0.5400 0.5000 -0.6771 0.1250 0.8750
V -0.00925 -0.22400 -0.04053 -0.1927 -0.5000 -0.8443 0.1250 0.8750
V 0.02592 -0.22400 -0.03250 0.5400 -0.5000 -0.6771 0.1250 0.8750
T
V 0.02592 -0.17600 -0.03250 0.5400 0.5000 -0.6771 0.1250 0.8750
V 0.02592 -0.22400 -0.03250 0.5400 -0.5000 -0.6771 0.1250 0.8750
V 0.04157 -0.17600 -0.00000 0.8660 0.5000 -0.0000 0.1250 0.8750
T
V 0.04157 -0.17600 -0.00000 0.8660 0.5000 -0.0000 0.1250 0.8750
V 0.02592 -0.22400 -0.03250 0.5400 -0.5000 -0.6771 0.1250 0.8750
V 0.04157 -0.22400 -0.00000 0.8660 -0.5000 -0.0000 0.1250 0.8750
T
V 0.04157 -0.22400 0.00000 0.8660 -0.5000 0.0000 0.1250 0.8750
V 0.00000 -0.24800 0.00000 0.0000 -1.0000 0.0000 0.1250 0.8750
V 0.02592 -0.22400 0.03250 0.5400 -0.5000 0.6771 0.1250 0.8750
T
V 0.02592 -0.22400 0.03250 0.5400 -0.5000 0.6771 0.1250 0.8750
V 0.00000 -0.24800 0.00000 0.0000 -1.0000 0.0000 0.1250 0.8750
V 0.00000 -0.24800 0.00000 0.0000 -1.0000 0.0000 0.1250 0.8750
T
V 0.02592 -0.22400 0.03250 0.5400 -0.5000 0.6771 0.1250 0.8750
V 0.00000 -0.24800 0.00000 0.0000 -1.0000 0.0000 0.1250 0.8750
V -0.00925 -0.22400 0.04053 -0.1927 -0.5000 0.8443 0.1250 0.8750
T
V -0.00925 -0.22400 0.04053 -0.1927 -0.5000 0.8443 0.1250 0.8750
V 0.00000 -0.24800 0.00000 0.0000 -1.0000 0.0000 0.1250 0.8750
V -0.00000 -0.24800 0.00000 -0.0000 -1.0000 0.0000 0.1250 0.8750
T
V -0.00925 -0.22400 0.04053 -0.1927 -0.5000 0.8443 0.1250 0.8750
V -0.00000 -0.24800 0.00000 -0.0000 -1.0000 0.0000 0.1250 0.8750
V -0.03745 -0.22400 0.01804 -0.7803 -0.5000 0.3758 0.1250 0.8750
T
V -0.03745 -0.22400 0.01804 -0.7803 -0.5000 0.3758 0.1250 0.8750
V -0.00000 -0.24800 0.00000 -0.0000 -1.0000 0.0000 0.1250 0.8750
V -0.00000 -0.24800 0.00000 -0.0000 -1.0000 0.0000 0.1250 0.8750
T
V -0.03745 -0.22400 0.01804 -0.7803 -0.5000 0.3758 0.1250 0.8750
V -0.00000 -0.24800 0.00000 -0.0000 -1.0000 0.0000 0.1250 0.8750
V -0.03745 -0.22400 -0.01804 -0.7803 -0.5000 -0.3758 0.1250 0.8750
T
V -0.03745 -0.22400 -0.01804 -0.7803 -0.5000 -0.3758 0.1250 0.8750
V -0.00000 -0.24800 0.00000 -0.0000 -1.0000 0.0000 0.1250 0.8750
V -0.00000 -0.24800 -0.00000 -0.0000 -1.0000 -0.0000 0.1250 0.8750
T
V -0.03745 -0.22400 -0.01804 -0.7803 -0.5000 -0.3758 0.1250 0.8750
V -0.00000 -0.24800 -0.00000 -0.0000 -1.0000 -0.0000 0.1250 0.8750
V -0.00925 -0.22400 -0.04053 -0.1927 -0.5000 -0.8443 0.1250 0.8750
T
V -0.00925 -0.22400 -0.04053 -0.1927 -0.5000 -0.8443 0.1250 0.8750
V -0.00000 -0.24800 -0.00000 -0.0000 -1.0000 -0.0000 0.1250 0.8750
V -0.00000 -0.24800 -0.00000 -0.0000 -1.0000 -0.0000 0.1250 0.8750
T
V -0.00925 -0.22400 -0.04053 -0.1927 -0.5000 -0.8443 0.1250 0.8750
V -0.00000 -0.24800 -0.00000 -0.0000 -1.0000 -0.0000 0.1250 0.8750
V 0.02592 -0.22400 -0.03250 0.5400 -0.5000 -0.6771 0.1250 0.8750
T
V 0.02592 -0.22400 -0.03250 0.5400 -0.5000 -0.6771 0.1250 0.8750
V -0.00000 -0.24800 -0.00000 -0.0000 -1.0000 -0.0000 0.1250 0.8750
V 0.00000 -0.24800 -0.00000 0.0000 -1.0000 -0.0000 0.1250 0.8750
T
V 0.02592 -0.22400 -0.03250 0.5400 -0.5000 -0.6771 0.1250 0.8750
V 0.00000 -0.24800 -0.00000 0.0000 -1.0000 -0.0000 0.1250 0.8750
V 0.04157 -0.22400 -0.00000 0.8660 -0.5000 -0.0000 0.1250 0.8750
T
V 0.04157 -0.22400 -0.00000 0.8660 -0.5000 -0.0000 0.1250 0.8750
V 0.00000 -0.24800 -0.00000 0.0000 -1.0000 -0.0000 0.1250 0.8750
V 0.00000 -0.24800 -0.00000 0.0000 -1.0000 -0.0000 0.1250 0.8750
T
BONE Fore_L
V -0.04000 -0.02750 -0.04000 0.0000 0.0000 -1.0000 0.3750 0.8750
V 0.04000 -0.02750 -0.04000 0.0000 0.0000 -1.0000 0.3750 0.8750
V 0.04000 0.00750 -0.04000 0.0000 0.0000 -1.0000 0.3750 0.8750
T
V -0.04000 -0.02750 -0.04000 0.0000 0.0000 -1.0000 0.3750 0.8750
V 0.04000 0.00750 -0.04000 0.0000 0.0000 -1.0000 0.3750 0.8750
V -0.04000 0.00750 -0.04000 0.0000 0.0000 -1.0000 0.3750 0.8750
T
V 0.04000 -0.02750 0.04000 0.0000 0.0000 1.0000 0.3750 0.8750
V -0.04000 -0.02750 0.04000 0.0000 0.0000 1.0000 0.3750 0.8750
V -0.04000 0.00750 0.04000 0.0000 0.0000 1.0000 0.3750 0.8750
T
V 0.04000 -0.02750 0.04000 0.0000 0.0000 1.0000 0.3750 0.8750
V -0.04000 0.00750 0.04000 0.0000 0.0000 1.0000 0.3750 0.8750
V 0.04000 0.00750 0.04000 0.0000 0.0000 1.0000 0.3750 0.8750
T
V -0.04000 -0.02750 0.04000 -1.0000 0.0000 0.0000 0.3750 0.8750
V -0.04000 -0.02750 -0.04000 -1.0000 0.0000 0.0000 0.3750 0.8750
V -0.04000 0.00750 -0.04000 -1.0000 0.0000 0.0000 0.3750 0.8750
T
V -0.04000 -0.02750 0.04000 -1.0000 0.0000 0.0000 0.3750 0.8750
V -0.04000 0.00750 -0.04000 -1.0000 0.0000 0.0000 0.3750 0.8750
V -0.04000 0.00750 0.04000 -1.0000 0.0000 0.0000 0.3750 0.8750
T
V 0.04000 -0.02750 -0.04000 1.0000 0.0000 0.0000 0.3750 0.8750
V 0.04000 -0.02750 0.04000 1.0000 0.0000 0.0000 0.3750 0.8750
V 0.04000 0.00750 0.04000 1.0000 0.0000 0.0000 0.3750 0.8750
T
V 0.04000 -0.02750 -0.04000 1.0000 0.0000 0.0000 0.3750 0.8750
V 0.04000 0.00750 0.04000 1.0000 0.0000 0.0000 0.3750 0.8750
V 0.04000 0.00750 -0.04000 1.0000 0.0000 0.0000 0.3750 0.8750
T
V -0.04000 0.00750 -0.04000 0.0000 1.0000 0.0000 0.3750 0.8750
V 0.04000 0.00750 -0.04000 0.0000 1.0000 0.0000 0.3750 0.8750
V 0.04000 0.00750 0.04000 0.0000 1.0000 0.0000 0.3750 0.8750
T
V -0.04000 0.00750 -0.04000 0.0000 1.0000 0.0000 0.3750 0.8750
V 0.04000 0.00750 0.04000 0.0000 1.0000 0.0000 0.3750 0.8750
V -0.04000 0.00750 0.04000 0.0000 1.0000 0.0000 0.3750 0.8750
T
V -0.04000 -0.02750 0.04000 0.0000 -1.0000 0.0000 0.3750 0.8750
V 0.04000 -0.02750 0.04000 0.0000 -1.0000 0.0000 0.3750 0.8750
V 0.04000 -0.02750 -0.04000 0.0000 -1.0000 0.0000 0.3750 0.8750
T
V -0.04000 -0.02750 0.04000 0.0000 -1.0000 0.0000 0.3750 0.8750
V 0.04000 -0.02750 -0.04000 0.0000 -1.0000 0.0000 0.3750 0.8750
V -0.04000 -0.02750 -0.04000 0.0000 -1.0000 0.0000 0.3750 0.8750
T
BONE Hand_L
V -0.03500 -0.08500 -0.01500 0.0000 0.0000 -1.0000 0.1250 0.8750
V 0.03500 -0.08500 -0.01500 0.0000 0.0000 -1.0000 0.1250 0.8750
V 0.03500 0.00500 -0.01500 0.0000 0.0000 -1.0000 0.1250 0.8750
T
V -0.03500 -0.08500 -0.01500 0.0000 0.0000 -1.0000 0.1250 0.8750
V 0.03500 0.00500 -0.01500 0.0000 0.0000 -1.0000 0.1250 0.8750
V -0.03500 0.00500 -0.01500 0.0000 0.0000 -1.0000 0.1250 0.8750
T
V 0.03500 -0.08500 0.03500 0.0000 0.0000 1.0000 0.1250 0.8750
V -0.03500 -0.08500 0.03500 0.0000 0.0000 1.0000 0.1250 0.8750
V -0.03500 0.00500 0.03500 0.0000 0.0000 1.0000 0.1250 0.8750
T
V 0.03500 -0.08500 0.03500 0.0000 0.0000 1.0000 0.1250 0.8750
V -0.03500 0.00500 0.03500 0.0000 0.0000 1.0000 0.1250 0.8750
V 0.03500 0.00500 0.03500 0.0000 0.0000 1.0000 0.1250 0.8750
T
V -0.03500 -0.08500 0.03500 -1.0000 0.0000 0.0000 0.1250 0.8750
V -0.03500 -0.08500 -0.01500 -1.0000 0.0000 0.0000 0.1250 0.8750
V -0.03500 0.00500 -0.01500 -1.0000 0.0000 0.0000 0.1250 0.8750
T
V -0.03500 -0.08500 0.03500 -1.0000 0.0000 0.0000 0.1250 0.8750
V -0.03500 0.00500 -0.01500 -1.0000 0.0000 0.0000 0.1250 0.8750
V -0.03500 0.00500 0.03500 -1.0000 0.0000 0.0000 0.1250 0.8750
T
V 0.03500 -0.08500 -0.01500 1.0000 0.0000 0.0000 0.1250 0.8750
V 0.03500 -0.08500 0.03500 1.0000 0.0000 0.0000 0.1250 0.8750
V 0.03500 0.00500 0.03500 1.0000 0.0000 0.0000 0.1250 0.8750
T
V 0.03500 -0.08500 -0.01500 1.0000 0.0000 0.0000 0.1250 0.8750
V 0.03500 0.00500 0.03500 1.0000 0.0000 0.0000 0.1250 0.8750
V 0.03500 0.00500 -0.01500 1.0000 0.0000 0.0000 0.1250 0.8750
T
V -0.03500 0.00500 -0.01500 0.0000 1.0000 0.0000 0.1250 0.8750
V 0.03500 0.00500 -0.01500 0.0000 1.0000 0.0000 0.1250 0.8750
V 0.03500 0.00500 0.03500 0.0000 1.0000 0.0000 0.1250 0.8750
T
V -0.03500 0.00500 -0.01500 0.0000 1.0000 0.0000 0.1250 0.8750
V 0.03500 0.00500 0.03500 0.0000 1.0000 0.0000 0.1250 0.8750
V -0.03500 0.00500 0.03500 0.0000 1.0000 0.0000 0.1250 0.8750
T
V -0.03500 -0.08500 0.03500 0.0000 -1.0000 0.0000 0.1250 0.8750
V 0.03500 -0.08500 0.03500 0.0000 -1.0000 0.0000 0.1250 0.8750
V 0.03500 -0.08500 -0.01500 0.0000 -1.0000 0.0000 0.1250 0.8750
T
V -0.03500 -0.08500 0.03500 0.0000 -1.0000 0.0000 0.1250 0.8750
V 0.03500 -0.08500 -0.01500 0.0000 -1.0000 0.0000 0.1250 0.8750
V -0.03500 -0.08500 -0.01500 0.0000 -1.0000 0.0000 0.1250 0.8750
T
BONE Hand_L
V -0.03750 -0.02000 -0.01750 0.0000 0.0000 -1.0000 0.3750 0.8750
V 0.03750 -0.02000 -0.01750 0.0000 0.0000 -1.0000 0.3750 0.8750
V 0.03750 0.00000 -0.01750 0.0000 0.0000 -1.0000 0.3750 0.8750
T
V -0.03750 -0.02000 -0.01750 0.0000 0.0000 -1.0000 0.3750 0.8750
V 0.03750 0.00000 -0.01750 0.0000 0.0000 -1.0000 0.3750 0.8750
V -0.03750 0.00000 -0.01750 0.0000 0.0000 -1.0000 0.3750 0.8750
T
V 0.03750 -0.02000 0.03750 0.0000 0.0000 1.0000 0.3750 0.8750
V -0.03750 -0.02000 0.03750 0.0000 0.0000 1.0000 0.3750 0.8750
V -0.03750 0.00000 0.03750 0.0000 0.0000 1.0000 0.3750 0.8750
T
V 0.03750 -0.02000 0.03750 0.0000 0.0000 1.0000 0.3750 0.8750
V -0.03750 0.00000 0.03750 0.0000 0.0000 1.0000 0.3750 0.8750
V 0.03750 0.00000 0.03750 0.0000 0.0000 1.0000 0.3750 0.8750
T
V -0.03750 -0.02000 0.03750 -1.0000 0.0000 0.0000 0.3750 0.8750
V -0.03750 -0.02000 -0.01750 -1.0000 0.0000 0.0000 0.3750 0.8750
V -0.03750 0.00000 -0.01750 -1.0000 0.0000 0.0000 0.3750 0.8750
T
V -0.03750 -0.02000 0.03750 -1.0000 0.0000 0.0000 0.3750 0.8750
V -0.03750 0.00000 -0.01750 -1.0000 0.0000 0.0000 0.3750 0.8750
V -0.03750 0.00000 0.03750 -1.0000 0.0000 0.0000 0.3750 0.8750
T
V 0.03750 -0.02000 -0.01750 1.0000 0.0000 0.0000 0.3750 0.8750
V 0.03750 -0.02000 0.03750 1.0000 0.0000 0.0000 0.3750 0.8750
V 0.03750 0.00000 0.03750 1.0000 0.0000 0.0000 0.3750 0.8750
T
V 0.03750 -0.02000 -0.01750 1.0000 0.0000 0.0000 0.3750 0.8750
V 0.03750 0.00000 0.03750 1.0000 0.0000 0.0000 0.3750 0.8750
V 0.03750 0.00000 -0.01750 1.0000 0.0000 0.0000 0.3750 0.8750
T
V -0.03750 0.00000 -0.01750 0.0000 1.0000 0.0000 0.3750 0.8750
V 0.03750 0.00000 -0.01750 0.0000 1.0000 0.0000 0.3750 0.8750
V 0.03750 0.00000 0.03750 0.0000 1.0000 0.0000 0.3750 0.8750
T
V -0.03750 0.00000 -0.01750 0.0000 1.0000 0.0000 0.3750 0.8750
V 0.03750 0.00000 0.03750 0.0000 1.0000 0.0000 0.3750 0.8750
V -0.03750 0.00000 0.03750 0.0000 1.0000 0.0000 0.3750 0.8750
T
V -0.03750 -0.02000 0.03750 0.0000 -1.0000 0.0000 0.3750 0.8750
V 0.03750 -0.02000 0.03750 0.0000 -1.0000 0.0000 0.3750 0.8750
V 0.03750 -0.02000 -0.01750 0.0000 -1.0000 0.0000 0.3750 0.8750
T
V -0.03750 -0.02000 0.03750 0.0000 -1.0000 0.0000 0.3750 0.8750
V 0.03750 -0.02000 -0.01750 0.0000 -1.0000 0.0000 0.3750 0.8750
V -0.03750 -0.02000 -0.01750 0.0000 -1.0000 0.0000 0.3750 0.8750
T
BONE Arm_R
V 0.00000 -0.01000 -0.05800 0.0000 0.0000 -1.0000 0.1250 0.8750
V 0.00000 -0.06750 -0.05800 0.0000 0.0000 -1.0000 0.1250 0.8750
V 0.04535 -0.01000 -0.03616 0.7818 0.0000 -0.6235 0.1250 0.8750
T
V 0.04535 -0.01000 -0.03616 0.7818 0.0000 -0.6235 0.1250 0.8750
V 0.00000 -0.06750 -0.05800 0.0000 0.0000 -1.0000 0.1250 0.8750
V 0.04535 -0.06750 -0.03616 0.7818 0.0000 -0.6235 0.1250 0.8750
T
V 0.04535 -0.01000 -0.03616 0.7818 0.0000 -0.6235 0.1250 0.8750
V 0.04535 -0.06750 -0.03616 0.7818 0.0000 -0.6235 0.1250 0.8750
V 0.05655 -0.01000 0.01291 0.9749 0.0000 0.2225 0.1250 0.8750
T
V 0.05655 -0.01000 0.01291 0.9749 0.0000 0.2225 0.1250 0.8750
V 0.04535 -0.06750 -0.03616 0.7818 0.0000 -0.6235 0.1250 0.8750
V 0.05655 -0.06750 0.01291 0.9749 0.0000 0.2225 0.1250 0.8750
T
V 0.05655 -0.01000 0.01291 0.9749 0.0000 0.2225 0.1250 0.8750
V 0.05655 -0.06750 0.01291 0.9749 0.0000 0.2225 0.1250 0.8750
V 0.02517 -0.01000 0.05226 0.4339 0.0000 0.9010 0.1250 0.8750
T
V 0.02517 -0.01000 0.05226 0.4339 0.0000 0.9010 0.1250 0.8750
V 0.05655 -0.06750 0.01291 0.9749 0.0000 0.2225 0.1250 0.8750
V 0.02517 -0.06750 0.05226 0.4339 0.0000 0.9010 0.1250 0.8750
T
V 0.02517 -0.01000 0.05226 0.4339 0.0000 0.9010 0.1250 0.8750
V 0.02517 -0.06750 0.05226 0.4339 0.0000 0.9010 0.1250 0.8750
V -0.02517 -0.01000 0.05226 -0.4339 -0.0000 0.9010 0.1250 0.8750
T
V -0.02517 -0.01000 0.05226 -0.4339 -0.0000 0.9010 0.1250 0.8750
V 0.02517 -0.06750 0.05226 0.4339 0.0000 0.9010 0.1250 0.8750
V -0.02517 -0.06750 0.05226 -0.4339 -0.0000 0.9010 0.1250 0.8750
T
V -0.02517 -0.01000 0.05226 -0.4339 -0.0000 0.9010 0.1250 0.8750
V -0.02517 -0.06750 0.05226 -0.4339 -0.0000 0.9010 0.1250 0.8750
V -0.05655 -0.01000 0.01291 -0.9749 -0.0000 0.2225 0.1250 0.8750
T
V -0.05655 -0.01000 0.01291 -0.9749 -0.0000 0.2225 0.1250 0.8750
V -0.02517 -0.06750 0.05226 -0.4339 -0.0000 0.9010 0.1250 0.8750
V -0.05655 -0.06750 0.01291 -0.9749 -0.0000 0.2225 0.1250 0.8750
T
V -0.05655 -0.01000 0.01291 -0.9749 -0.0000 0.2225 0.1250 0.8750
V -0.05655 -0.06750 0.01291 -0.9749 -0.0000 0.2225 0.1250 0.8750
V -0.04535 -0.01000 -0.03616 -0.7818 0.0000 -0.6235 0.1250 0.8750
T
V -0.04535 -0.01000 -0.03616 -0.7818 0.0000 -0.6235 0.1250 0.8750
V -0.05655 -0.06750 0.01291 -0.9749 -0.0000 0.2225 0.1250 0.8750
V -0.04535 -0.06750 -0.03616 -0.7818 0.0000 -0.6235 0.1250 0.8750
T
V -0.04535 -0.01000 -0.03616 -0.7818 0.0000 -0.6235 0.1250 0.8750
V -0.04535 -0.06750 -0.03616 -0.7818 0.0000 -0.6235 0.1250 0.8750
V 0.00000 -0.01000 -0.05800 0.0000 0.0000 -1.0000 0.1250 0.8750
T
V 0.00000 -0.01000 -0.05800 0.0000 0.0000 -1.0000 0.1250 0.8750
V -0.04535 -0.06750 -0.03616 -0.7818 0.0000 -0.6235 0.1250 0.8750
V 0.00000 -0.06750 -0.05800 0.0000 0.0000 -1.0000 0.1250 0.8750
T
V 0.00000 -0.06750 -0.05800 0.0000 0.0000 -1.0000 0.1250 0.8750
V 0.00000 -0.12500 -0.05800 0.0000 0.0000 -1.0000 0.1250 0.8750
V 0.04535 -0.06750 -0.03616 0.7818 0.0000 -0.6235 0.1250 0.8750
T
V 0.04535 -0.06750 -0.03616 0.7818 0.0000 -0.6235 0.1250 0.8750
V 0.00000 -0.12500 -0.05800 0.0000 0.0000 -1.0000 0.1250 0.8750
V 0.04535 -0.12500 -0.03616 0.7818 0.0000 -0.6235 0.1250 0.8750
T
V 0.04535 -0.06750 -0.03616 0.7818 0.0000 -0.6235 0.1250 0.8750
V 0.04535 -0.12500 -0.03616 0.7818 0.0000 -0.6235 0.1250 0.8750
V 0.05655 -0.06750 0.01291 0.9749 0.0000 0.2225 0.1250 0.8750
T
V 0.05655 -0.06750 0.01291 0.9749 0.0000 0.2225 0.1250 0.8750
V 0.04535 -0.12500 -0.03616 0.7818 0.0000 -0.6235 0.1250 0.8750
V 0.05655 -0.12500 0.01291 0.9749 0.0000 0.2225 0.1250 0.8750
T
V 0.05655 -0.06750 0.01291 0.9749 0.0000 0.2225 0.1250 0.8750
V 0.05655 -0.12500 0.01291 0.9749 0.0000 0.2225 0.1250 0.8750
V 0.02517 -0.06750 0.05226 0.4339 0.0000 0.9010 0.1250 0.8750
T
V 0.02517 -0.06750 0.05226 0.4339 0.0000 0.9010 0.1250 0.8750
V 0.05655 -0.12500 0.01291 0.9749 0.0000 0.2225 0.1250 0.8750
V 0.02517 -0.12500 0.05226 0.4339 0.0000 0.9010 0.1250 0.8750
T
V 0.02517 -0.06750 0.05226 0.4339 0.0000 0.9010 0.1250 0.8750
V 0.02517 -0.12500 0.05226 0.4339 0.0000 0.9010 0.1250 0.8750
V -0.02517 -0.06750 0.05226 -0.4339 -0.0000 0.9010 0.1250 0.8750
T
V -0.02517 -0.06750 0.05226 -0.4339 -0.0000 0.9010 0.1250 0.8750
V 0.02517 -0.12500 0.05226 0.4339 0.0000 0.9010 0.1250 0.8750
V -0.02517 -0.12500 0.05226 -0.4339 -0.0000 0.9010 0.1250 0.8750
T
V -0.02517 -0.06750 0.05226 -0.4339 -0.0000 0.9010 0.1250 0.8750
V -0.02517 -0.12500 0.05226 -0.4339 -0.0000 0.9010 0.1250 0.8750
V -0.05655 -0.06750 0.01291 -0.9749 -0.0000 0.2225 0.1250 0.8750
T
V -0.05655 -0.06750 0.01291 -0.9749 -0.0000 0.2225 0.1250 0.8750
V -0.02517 -0.12500 0.05226 -0.4339 -0.0000 0.9010 0.1250 0.8750
V -0.05655 -0.12500 0.01291 -0.9749 -0.0000 0.2225 0.1250 0.8750
T
V -0.05655 -0.06750 0.01291 -0.9749 -0.0000 0.2225 0.1250 0.8750
V -0.05655 -0.12500 0.01291 -0.9749 -0.0000 0.2225 0.1250 0.8750
V -0.04535 -0.06750 -0.03616 -0.7818 0.0000 -0.6235 0.1250 0.8750
T
V -0.04535 -0.06750 -0.03616 -0.7818 0.0000 -0.6235 0.1250 0.8750
V -0.05655 -0.12500 0.01291 -0.9749 -0.0000 0.2225 0.1250 0.8750
V -0.04535 -0.12500 -0.03616 -0.7818 0.0000 -0.6235 0.1250 0.8750
T
V -0.04535 -0.06750 -0.03616 -0.7818 0.0000 -0.6235 0.1250 0.8750
V -0.04535 -0.12500 -0.03616 -0.7818 0.0000 -0.6235 0.1250 0.8750
V 0.00000 -0.06750 -0.05800 0.0000 0.0000 -1.0000 0.1250 0.8750
T
V 0.00000 -0.06750 -0.05800 0.0000 0.0000 -1.0000 0.1250 0.8750
V -0.04535 -0.12500 -0.03616 -0.7818 0.0000 -0.6235 0.1250 0.8750
V 0.00000 -0.12500 -0.05800 0.0000 0.0000 -1.0000 0.1250 0.8750
T
V 0.00000 -0.12500 -0.05800 0.0000 0.0000 -1.0000 0.1250 0.8750
V 0.00000 -0.18250 -0.05800 0.0000 0.0000 -1.0000 0.1250 0.8750
V 0.04535 -0.12500 -0.03616 0.7818 0.0000 -0.6235 0.1250 0.8750
T
V 0.04535 -0.12500 -0.03616 0.7818 0.0000 -0.6235 0.1250 0.8750
V 0.00000 -0.18250 -0.05800 0.0000 0.0000 -1.0000 0.1250 0.8750
V 0.04535 -0.18250 -0.03616 0.7818 0.0000 -0.6235 0.1250 0.8750
T
V 0.04535 -0.12500 -0.03616 0.7818 0.0000 -0.6235 0.1250 0.8750
V 0.04535 -0.18250 -0.03616 0.7818 0.0000 -0.6235 0.1250 0.8750
V 0.05655 -0.12500 0.01291 0.9749 0.0000 0.2225 0.1250 0.8750
T
V 0.05655 -0.12500 0.01291 0.9749 0.0000 0.2225 0.1250 0.8750
V 0.04535 -0.18250 -0.03616 0.7818 0.0000 -0.6235 0.1250 0.8750
V 0.05655 -0.18250 0.01291 0.9749 0.0000 0.2225 0.1250 0.8750
T
V 0.05655 -0.12500 0.01291 0.9749 0.0000 0.2225 0.1250 0.8750
V 0.05655 -0.18250 0.01291 0.9749 0.0000 0.2225 0.1250 0.8750
V 0.02517 -0.12500 0.05226 0.4339 0.0000 0.9010 0.1250 0.8750
T
V 0.02517 -0.12500 0.05226 0.4339 0.0000 0.9010 0.1250 0.8750
V 0.05655 -0.18250 0.01291 0.9749 0.0000 0.2225 0.1250 0.8750
V 0.02517 -0.18250 0.05226 0.4339 0.0000 0.9010 0.1250 0.8750
T
V 0.02517 -0.12500 0.05226 0.4339 0.0000 0.9010 0.1250 0.8750
V 0.02517 -0.18250 0.05226 0.4339 0.0000 0.9010 0.1250 0.8750
V -0.02517 -0.12500 0.05226 -0.4339 -0.0000 0.9010 0.1250 0.8750
T
V -0.02517 -0.12500 0.05226 -0.4339 -0.0000 0.9010 0.1250 0.8750
V 0.02517 -0.18250 0.05226 0.4339 0.0000 0.9010 0.1250 0.8750
V -0.02517 -0.18250 0.05226 -0.4339 -0.0000 0.9010 0.1250 0.8750
T
V -0.02517 -0.12500 0.05226 -0.4339 -0.0000 0.9010 0.1250 0.8750
V -0.02517 -0.18250 0.05226 -0.4339 -0.0000 0.9010 0.1250 0.8750
V -0.05655 -0.12500 0.01291 -0.9749 -0.0000 0.2225 0.1250 0.8750
T
V -0.05655 -0.12500 0.01291 -0.9749 -0.0000 0.2225 0.1250 0.8750
V -0.02517 -0.18250 0.05226 -0.4339 -0.0000 0.9010 0.1250 0.8750
V -0.05655 -0.18250 0.01291 -0.9749 -0.0000 0.2225 0.1250 0.8750
T
V -0.05655 -0.12500 0.01291 -0.9749 -0.0000 0.2225 0.1250 0.8750
V -0.05655 -0.18250 0.01291 -0.9749 -0.0000 0.2225 0.1250 0.8750
V -0.04535 -0.12500 -0.03616 -0.7818 0.0000 -0.6235 0.1250 0.8750
T
V -0.04535 -0.12500 -0.03616 -0.7818 0.0000 -0.6235 0.1250 0.8750
V -0.05655 -0.18250 0.01291 -0.9749 -0.0000 0.2225 0.1250 0.8750
V -0.04535 -0.18250 -0.03616 -0.7818 0.0000 -0.6235 0.1250 0.8750
T
V -0.04535 -0.12500 -0.03616 -0.7818 0.0000 -0.6235 0.1250 0.8750
V -0.04535 -0.18250 -0.03616 -0.7818 0.0000 -0.6235 0.1250 0.8750
V 0.00000 -0.12500 -0.05800 0.0000 0.0000 -1.0000 0.1250 0.8750
T
V 0.00000 -0.12500 -0.05800 0.0000 0.0000 -1.0000 0.1250 0.8750
V -0.04535 -0.18250 -0.03616 -0.7818 0.0000 -0.6235 0.1250 0.8750
V 0.00000 -0.18250 -0.05800 0.0000 0.0000 -1.0000 0.1250 0.8750
T
V 0.00000 -0.18250 -0.05800 0.0000 0.0000 -1.0000 0.1250 0.8750
V 0.00000 -0.24000 -0.05800 0.0000 0.0000 -1.0000 0.1250 0.8750
V 0.04535 -0.18250 -0.03616 0.7818 0.0000 -0.6235 0.1250 0.8750
T
V 0.04535 -0.18250 -0.03616 0.7818 0.0000 -0.6235 0.1250 0.8750
V 0.00000 -0.24000 -0.05800 0.0000 0.0000 -1.0000 0.1250 0.8750
V 0.04535 -0.24000 -0.03616 0.7818 0.0000 -0.6235 0.1250 0.8750
T
V 0.04535 -0.18250 -0.03616 0.7818 0.0000 -0.6235 0.1250 0.8750
V 0.04535 -0.24000 -0.03616 0.7818 0.0000 -0.6235 0.1250 0.8750
V 0.05655 -0.18250 0.01291 0.9749 0.0000 0.2225 0.1250 0.8750
T
V 0.05655 -0.18250 0.01291 0.9749 0.0000 0.2225 0.1250 0.8750
V 0.04535 -0.24000 -0.03616 0.7818 0.0000 -0.6235 0.1250 0.8750
V 0.05655 -0.24000 0.01291 0.9749 0.0000 0.2225 0.1250 0.8750
T
V 0.05655 -0.18250 0.01291 0.9749 0.0000 0.2225 0.1250 0.8750
V 0.05655 -0.24000 0.01291 0.9749 0.0000 0.2225 0.1250 0.8750
V 0.02517 -0.18250 0.05226 0.4339 0.0000 0.9010 0.1250 0.8750
T
V 0.02517 -0.18250 0.05226 0.4339 0.0000 0.9010 0.1250 0.8750
V 0.05655 -0.24000 0.01291 0.9749 0.0000 0.2225 0.1250 0.8750
V 0.02517 -0.24000 0.05226 0.4339 0.0000 0.9010 0.1250 0.8750
T
V 0.02517 -0.18250 0.05226 0.4339 0.0000 0.9010 0.1250 0.8750
V 0.02517 -0.24000 0.05226 0.4339 0.0000 0.9010 0.1250 0.8750
V -0.02517 -0.18250 0.05226 -0.4339 -0.0000 0.9010 0.1250 0.8750
T
V -0.02517 -0.18250 0.05226 -0.4339 -0.0000 0.9010 0.1250 0.8750
V 0.02517 -0.24000 0.05226 0.4339 0.0000 0.9010 0.1250 0.8750
V -0.02517 -0.24000 0.05226 -0.4339 -0.0000 0.9010 0.1250 0.8750
T
V -0.02517 -0.18250 0.05226 -0.4339 -0.0000 0.9010 0.1250 0.8750
V -0.02517 -0.24000 0.05226 -0.4339 -0.0000 0.9010 0.1250 0.8750
V -0.05655 -0.18250 0.01291 -0.9749 -0.0000 0.2225 0.1250 0.8750
T
V -0.05655 -0.18250 0.01291 -0.9749 -0.0000 0.2225 0.1250 0.8750
V -0.02517 -0.24000 0.05226 -0.4339 -0.0000 0.9010 0.1250 0.8750
V -0.05655 -0.24000 0.01291 -0.9749 -0.0000 0.2225 0.1250 0.8750
T
V -0.05655 -0.18250 0.01291 -0.9749 -0.0000 0.2225 0.1250 0.8750
V -0.05655 -0.24000 0.01291 -0.9749 -0.0000 0.2225 0.1250 0.8750
V -0.04535 -0.18250 -0.03616 -0.7818 0.0000 -0.6235 0.1250 0.8750
T
V -0.04535 -0.18250 -0.03616 -0.7818 0.0000 -0.6235 0.1250 0.8750
V -0.05655 -0.24000 0.01291 -0.9749 -0.0000 0.2225 0.1250 0.8750
V -0.04535 -0.24000 -0.03616 -0.7818 0.0000 -0.6235 0.1250 0.8750
T
V -0.04535 -0.18250 -0.03616 -0.7818 0.0000 -0.6235 0.1250 0.8750
V -0.04535 -0.24000 -0.03616 -0.7818 0.0000 -0.6235 0.1250 0.8750
V 0.00000 -0.18250 -0.05800 0.0000 0.0000 -1.0000 0.1250 0.8750
T
V 0.00000 -0.18250 -0.05800 0.0000 0.0000 -1.0000 0.1250 0.8750
V -0.04535 -0.24000 -0.03616 -0.7818 0.0000 -0.6235 0.1250 0.8750
V 0.00000 -0.24000 -0.05800 0.0000 0.0000 -1.0000 0.1250 0.8750
T
V 0.00000 0.04800 0.00000 0.0000 1.0000 0.0000 0.1250 0.8750
V 0.05023 0.01900 0.00000 0.8660 0.5000 0.0000 0.1250 0.8750
V 0.00000 0.04800 0.00000 0.0000 1.0000 0.0000 0.1250 0.8750
T
V 0.00000 0.04800 0.00000 0.0000 1.0000 0.0000 0.1250 0.8750
V 0.05023 0.01900 0.00000 0.8660 0.5000 0.0000 0.1250 0.8750
V 0.03132 0.01900 0.03927 0.5400 0.5000 0.6771 0.1250 0.8750
T
V 0.00000 0.04800 0.00000 0.0000 1.0000 0.0000 0.1250 0.8750
V 0.03132 0.01900 0.03927 0.5400 0.5000 0.6771 0.1250 0.8750
V 0.00000 0.04800 0.00000 -0.0000 1.0000 0.0000 0.1250 0.8750
T
V 0.00000 0.04800 0.00000 -0.0000 1.0000 0.0000 0.1250 0.8750
V 0.03132 0.01900 0.03927 0.5400 0.5000 0.6771 0.1250 0.8750
V -0.01118 0.01900 0.04897 -0.1927 0.5000 0.8443 0.1250 0.8750
T
V 0.00000 0.04800 0.00000 -0.0000 1.0000 0.0000 0.1250 0.8750
V -0.01118 0.01900 0.04897 -0.1927 0.5000 0.8443 0.1250 0.8750
V 0.00000 0.04800 0.00000 -0.0000 1.0000 0.0000 0.1250 0.8750
T
V 0.00000 0.04800 0.00000 -0.0000 1.0000 0.0000 0.1250 0.8750
V -0.01118 0.01900 0.04897 -0.1927 0.5000 0.8443 0.1250 0.8750
V -0.04526 0.01900 0.02179 -0.7803 0.5000 0.3758 0.1250 0.8750
T
V 0.00000 0.04800 0.00000 -0.0000 1.0000 0.0000 0.1250 0.8750
V -0.04526 0.01900 0.02179 -0.7803 0.5000 0.3758 0.1250 0.8750
V 0.00000 0.04800 0.00000 -0.0000 1.0000 -0.0000 0.1250 0.8750
T
V 0.00000 0.04800 0.00000 -0.0000 1.0000 -0.0000 0.1250 0.8750
V -0.04526 0.01900 0.02179 -0.7803 0.5000 0.3758 0.1250 0.8750
V -0.04526 0.01900 -0.02179 -0.7803 0.5000 -0.3758 0.1250 0.8750
T
V 0.00000 0.04800 0.00000 -0.0000 1.0000 -0.0000 0.1250 0.8750
V -0.04526 0.01900 -0.02179 -0.7803 0.5000 -0.3758 0.1250 0.8750
V 0.00000 0.04800 0.00000 -0.0000 1.0000 -0.0000 0.1250 0.8750
T
V 0.00000 0.04800 0.00000 -0.0000 1.0000 -0.0000 0.1250 0.8750
V -0.04526 0.01900 -0.02179 -0.7803 0.5000 -0.3758 0.1250 0.8750
V -0.01118 0.01900 -0.04897 -0.1927 0.5000 -0.8443 0.1250 0.8750
T
V 0.00000 0.04800 0.00000 -0.0000 1.0000 -0.0000 0.1250 0.8750
V -0.01118 0.01900 -0.04897 -0.1927 0.5000 -0.8443 0.1250 0.8750
V 0.00000 0.04800 0.00000 0.0000 1.0000 -0.0000 0.1250 0.8750
T
V 0.00000 0.04800 0.00000 0.0000 1.0000 -0.0000 0.1250 0.8750
V -0.01118 0.01900 -0.04897 -0.1927 0.5000 -0.8443 0.1250 0.8750
V 0.03132 0.01900 -0.03927 0.5400 0.5000 -0.6771 0.1250 0.8750
T
V 0.00000 0.04800 0.00000 0.0000 1.0000 -0.0000 0.1250 0.8750
V 0.03132 0.01900 -0.03927 0.5400 0.5000 -0.6771 0.1250 0.8750
V 0.00000 0.04800 0.00000 0.0000 1.0000 -0.0000 0.1250 0.8750
T
V 0.00000 0.04800 0.00000 0.0000 1.0000 -0.0000 0.1250 0.8750
V 0.03132 0.01900 -0.03927 0.5400 0.5000 -0.6771 0.1250 0.8750
V 0.05023 0.01900 -0.00000 0.8660 0.5000 -0.0000 0.1250 0.8750
T
V 0.05023 0.01900 0.00000 0.8660 0.5000 0.0000 0.1250 0.8750
V 0.05023 -0.03900 0.00000 0.8660 -0.5000 0.0000 0.1250 0.8750
V 0.03132 0.01900 0.03927 0.5400 0.5000 0.6771 0.1250 0.8750
T
V 0.03132 0.01900 0.03927 0.5400 0.5000 0.6771 0.1250 0.8750
V 0.05023 -0.03900 0.00000 0.8660 -0.5000 0.0000 0.1250 0.8750
V 0.03132 -0.03900 0.03927 0.5400 -0.5000 0.6771 0.1250 0.8750
T
V 0.03132 0.01900 0.03927 0.5400 0.5000 0.6771 0.1250 0.8750
V 0.03132 -0.03900 0.03927 0.5400 -0.5000 0.6771 0.1250 0.8750
V -0.01118 0.01900 0.04897 -0.1927 0.5000 0.8443 0.1250 0.8750
T
V -0.01118 0.01900 0.04897 -0.1927 0.5000 0.8443 0.1250 0.8750
V 0.03132 -0.03900 0.03927 0.5400 -0.5000 0.6771 0.1250 0.8750
V -0.01118 -0.03900 0.04897 -0.1927 -0.5000 0.8443 0.1250 0.8750
T
V -0.01118 0.01900 0.04897 -0.1927 0.5000 0.8443 0.1250 0.8750
V -0.01118 -0.03900 0.04897 -0.1927 -0.5000 0.8443 0.1250 0.8750
V -0.04526 0.01900 0.02179 -0.7803 0.5000 0.3758 0.1250 0.8750
T
V -0.04526 0.01900 0.02179 -0.7803 0.5000 0.3758 0.1250 0.8750
V -0.01118 -0.03900 0.04897 -0.1927 -0.5000 0.8443 0.1250 0.8750
V -0.04526 -0.03900 0.02179 -0.7803 -0.5000 0.3758 0.1250 0.8750
T
V -0.04526 0.01900 0.02179 -0.7803 0.5000 0.3758 0.1250 0.8750
V -0.04526 -0.03900 0.02179 -0.7803 -0.5000 0.3758 0.1250 0.8750
V -0.04526 0.01900 -0.02179 -0.7803 0.5000 -0.3758 0.1250 0.8750
T
V -0.04526 0.01900 -0.02179 -0.7803 0.5000 -0.3758 0.1250 0.8750
V -0.04526 -0.03900 0.02179 -0.7803 -0.5000 0.3758 0.1250 0.8750
V -0.04526 -0.03900 -0.02179 -0.7803 -0.5000 -0.3758 0.1250 0.8750
T
V -0.04526 0.01900 -0.02179 -0.7803 0.5000 -0.3758 0.1250 0.8750
V -0.04526 -0.03900 -0.02179 -0.7803 -0.5000 -0.3758 0.1250 0.8750
V -0.01118 0.01900 -0.04897 -0.1927 0.5000 -0.8443 0.1250 0.8750
T
V -0.01118 0.01900 -0.04897 -0.1927 0.5000 -0.8443 0.1250 0.8750
V -0.04526 -0.03900 -0.02179 -0.7803 -0.5000 -0.3758 0.1250 0.8750
V -0.01118 -0.03900 -0.04897 -0.1927 -0.5000 -0.8443 0.1250 0.8750
T
V -0.01118 0.01900 -0.04897 -0.1927 0.5000 -0.8443 0.1250 0.8750
V -0.01118 -0.03900 -0.04897 -0.1927 -0.5000 -0.8443 0.1250 0.8750
V 0.03132 0.01900 -0.03927 0.5400 0.5000 -0.6771 0.1250 0.8750
T
V 0.03132 0.01900 -0.03927 0.5400 0.5000 -0.6771 0.1250 0.8750
V -0.01118 -0.03900 -0.04897 -0.1927 -0.5000 -0.8443 0.1250 0.8750
V 0.03132 -0.03900 -0.03927 0.5400 -0.5000 -0.6771 0.1250 0.8750
T
V 0.03132 0.01900 -0.03927 0.5400 0.5000 -0.6771 0.1250 0.8750
V 0.03132 -0.03900 -0.03927 0.5400 -0.5000 -0.6771 0.1250 0.8750
V 0.05023 0.01900 -0.00000 0.8660 0.5000 -0.0000 0.1250 0.8750
T
V 0.05023 0.01900 -0.00000 0.8660 0.5000 -0.0000 0.1250 0.8750
V 0.03132 -0.03900 -0.03927 0.5400 -0.5000 -0.6771 0.1250 0.8750
V 0.05023 -0.03900 -0.00000 0.8660 -0.5000 -0.0000 0.1250 0.8750
T
V 0.05023 -0.03900 0.00000 0.8660 -0.5000 0.0000 0.1250 0.8750
V 0.00000 -0.06800 0.00000 0.0000 -1.0000 0.0000 0.1250 0.8750
V 0.03132 -0.03900 0.03927 0.5400 -0.5000 0.6771 0.1250 0.8750
T
V 0.03132 -0.03900 0.03927 0.5400 -0.5000 0.6771 0.1250 0.8750
V 0.00000 -0.06800 0.00000 0.0000 -1.0000 0.0000 0.1250 0.8750
V 0.00000 -0.06800 0.00000 0.0000 -1.0000 0.0000 0.1250 0.8750
T
V 0.03132 -0.03900 0.03927 0.5400 -0.5000 0.6771 0.1250 0.8750
V 0.00000 -0.06800 0.00000 0.0000 -1.0000 0.0000 0.1250 0.8750
V -0.01118 -0.03900 0.04897 -0.1927 -0.5000 0.8443 0.1250 0.8750
T
V -0.01118 -0.03900 0.04897 -0.1927 -0.5000 0.8443 0.1250 0.8750
V 0.00000 -0.06800 0.00000 0.0000 -1.0000 0.0000 0.1250 0.8750
V -0.00000 -0.06800 0.00000 -0.0000 -1.0000 0.0000 0.1250 0.8750
T
V -0.01118 -0.03900 0.04897 -0.1927 -0.5000 0.8443 0.1250 0.8750
V -0.00000 -0.06800 0.00000 -0.0000 -1.0000 0.0000 0.1250 0.8750
V -0.04526 -0.03900 0.02179 -0.7803 -0.5000 0.3758 0.1250 0.8750
T
V -0.04526 -0.03900 0.02179 -0.7803 -0.5000 0.3758 0.1250 0.8750
V -0.00000 -0.06800 0.00000 -0.0000 -1.0000 0.0000 0.1250 0.8750
V -0.00000 -0.06800 0.00000 -0.0000 -1.0000 0.0000 0.1250 0.8750
T
V -0.04526 -0.03900 0.02179 -0.7803 -0.5000 0.3758 0.1250 0.8750
V -0.00000 -0.06800 0.00000 -0.0000 -1.0000 0.0000 0.1250 0.8750
V -0.04526 -0.03900 -0.02179 -0.7803 -0.5000 -0.3758 0.1250 0.8750
T
V -0.04526 -0.03900 -0.02179 -0.7803 -0.5000 -0.3758 0.1250 0.8750
V -0.00000 -0.06800 0.00000 -0.0000 -1.0000 0.0000 0.1250 0.8750
V -0.00000 -0.06800 -0.00000 -0.0000 -1.0000 -0.0000 0.1250 0.8750
T
V -0.04526 -0.03900 -0.02179 -0.7803 -0.5000 -0.3758 0.1250 0.8750
V -0.00000 -0.06800 -0.00000 -0.0000 -1.0000 -0.0000 0.1250 0.8750
V -0.01118 -0.03900 -0.04897 -0.1927 -0.5000 -0.8443 0.1250 0.8750
T
V -0.01118 -0.03900 -0.04897 -0.1927 -0.5000 -0.8443 0.1250 0.8750
V -0.00000 -0.06800 -0.00000 -0.0000 -1.0000 -0.0000 0.1250 0.8750
V -0.00000 -0.06800 -0.00000 -0.0000 -1.0000 -0.0000 0.1250 0.8750
T
V -0.01118 -0.03900 -0.04897 -0.1927 -0.5000 -0.8443 0.1250 0.8750
V -0.00000 -0.06800 -0.00000 -0.0000 -1.0000 -0.0000 0.1250 0.8750
V 0.03132 -0.03900 -0.03927 0.5400 -0.5000 -0.6771 0.1250 0.8750
T
V 0.03132 -0.03900 -0.03927 0.5400 -0.5000 -0.6771 0.1250 0.8750
V -0.00000 -0.06800 -0.00000 -0.0000 -1.0000 -0.0000 0.1250 0.8750
V 0.00000 -0.06800 -0.00000 0.0000 -1.0000 -0.0000 0.1250 0.8750
T
V 0.03132 -0.03900 -0.03927 0.5400 -0.5000 -0.6771 0.1250 0.8750
V 0.00000 -0.06800 -0.00000 0.0000 -1.0000 -0.0000 0.1250 0.8750
V 0.05023 -0.03900 -0.00000 0.8660 -0.5000 -0.0000 0.1250 0.8750
T
V 0.05023 -0.03900 -0.00000 0.8660 -0.5000 -0.0000 0.1250 0.8750
V 0.00000 -0.06800 -0.00000 0.0000 -1.0000 -0.0000 0.1250 0.8750
V 0.00000 -0.06800 -0.00000 0.0000 -1.0000 -0.0000 0.1250 0.8750
T
V 0.00000 -0.18200 0.00000 0.0000 1.0000 0.0000 0.1250 0.8750
V 0.05023 -0.21100 0.00000 0.8660 0.5000 0.0000 0.1250 0.8750
V 0.00000 -0.18200 0.00000 0.0000 1.0000 0.0000 0.1250 0.8750
T
V 0.00000 -0.18200 0.00000 0.0000 1.0000 0.0000 0.1250 0.8750
V 0.05023 -0.21100 0.00000 0.8660 0.5000 0.0000 0.1250 0.8750
V 0.03132 -0.21100 0.03927 0.5400 0.5000 0.6771 0.1250 0.8750
T
V 0.00000 -0.18200 0.00000 0.0000 1.0000 0.0000 0.1250 0.8750
V 0.03132 -0.21100 0.03927 0.5400 0.5000 0.6771 0.1250 0.8750
V 0.00000 -0.18200 0.00000 -0.0000 1.0000 0.0000 0.1250 0.8750
T
V 0.00000 -0.18200 0.00000 -0.0000 1.0000 0.0000 0.1250 0.8750
V 0.03132 -0.21100 0.03927 0.5400 0.5000 0.6771 0.1250 0.8750
V -0.01118 -0.21100 0.04897 -0.1927 0.5000 0.8443 0.1250 0.8750
T
V 0.00000 -0.18200 0.00000 -0.0000 1.0000 0.0000 0.1250 0.8750
V -0.01118 -0.21100 0.04897 -0.1927 0.5000 0.8443 0.1250 0.8750
V 0.00000 -0.18200 0.00000 -0.0000 1.0000 0.0000 0.1250 0.8750
T
V 0.00000 -0.18200 0.00000 -0.0000 1.0000 0.0000 0.1250 0.8750
V -0.01118 -0.21100 0.04897 -0.1927 0.5000 0.8443 0.1250 0.8750
V -0.04526 -0.21100 0.02179 -0.7803 0.5000 0.3758 0.1250 0.8750
T
V 0.00000 -0.18200 0.00000 -0.0000 1.0000 0.0000 0.1250 0.8750
V -0.04526 -0.21100 0.02179 -0.7803 0.5000 0.3758 0.1250 0.8750
V 0.00000 -0.18200 0.00000 -0.0000 1.0000 -0.0000 0.1250 0.8750
T
V 0.00000 -0.18200 0.00000 -0.0000 1.0000 -0.0000 0.1250 0.8750
V -0.04526 -0.21100 0.02179 -0.7803 0.5000 0.3758 0.1250 0.8750
V -0.04526 -0.21100 -0.02179 -0.7803 0.5000 -0.3758 0.1250 0.8750
T
V 0.00000 -0.18200 0.00000 -0.0000 1.0000 -0.0000 0.1250 0.8750
V -0.04526 -0.21100 -0.02179 -0.7803 0.5000 -0.3758 0.1250 0.8750
V 0.00000 -0.18200 0.00000 -0.0000 1.0000 -0.0000 0.1250 0.8750
T
V 0.00000 -0.18200 0.00000 -0.0000 1.0000 -0.0000 0.1250 0.8750
V -0.04526 -0.21100 -0.02179 -0.7803 0.5000 -0.3758 0.1250 0.8750
V -0.01118 -0.21100 -0.04897 -0.1927 0.5000 -0.8443 0.1250 0.8750
T
V 0.00000 -0.18200 0.00000 -0.0000 1.0000 -0.0000 0.1250 0.8750
V -0.01118 -0.21100 -0.04897 -0.1927 0.5000 -0.8443 0.1250 0.8750
V 0.00000 -0.18200 0.00000 0.0000 1.0000 -0.0000 0.1250 0.8750
T
V 0.00000 -0.18200 0.00000 0.0000 1.0000 -0.0000 0.1250 0.8750
V -0.01118 -0.21100 -0.04897 -0.1927 0.5000 -0.8443 0.1250 0.8750
V 0.03132 -0.21100 -0.03927 0.5400 0.5000 -0.6771 0.1250 0.8750
T
V 0.00000 -0.18200 0.00000 0.0000 1.0000 -0.0000 0.1250 0.8750
V 0.03132 -0.21100 -0.03927 0.5400 0.5000 -0.6771 0.1250 0.8750
V 0.00000 -0.18200 0.00000 0.0000 1.0000 -0.0000 0.1250 0.8750
T
V 0.00000 -0.18200 0.00000 0.0000 1.0000 -0.0000 0.1250 0.8750
V 0.03132 -0.21100 -0.03927 0.5400 0.5000 -0.6771 0.1250 0.8750
V 0.05023 -0.21100 -0.00000 0.8660 0.5000 -0.0000 0.1250 0.8750
T
V 0.05023 -0.21100 0.00000 0.8660 0.5000 0.0000 0.1250 0.8750
V 0.05023 -0.26900 0.00000 0.8660 -0.5000 0.0000 0.1250 0.8750
V 0.03132 -0.21100 0.03927 0.5400 0.5000 0.6771 0.1250 0.8750
T
V 0.03132 -0.21100 0.03927 0.5400 0.5000 0.6771 0.1250 0.8750
V 0.05023 -0.26900 0.00000 0.8660 -0.5000 0.0000 0.1250 0.8750
V 0.03132 -0.26900 0.03927 0.5400 -0.5000 0.6771 0.1250 0.8750
T
V 0.03132 -0.21100 0.03927 0.5400 0.5000 0.6771 0.1250 0.8750
V 0.03132 -0.26900 0.03927 0.5400 -0.5000 0.6771 0.1250 0.8750
V -0.01118 -0.21100 0.04897 -0.1927 0.5000 0.8443 0.1250 0.8750
T
V -0.01118 -0.21100 0.04897 -0.1927 0.5000 0.8443 0.1250 0.8750
V 0.03132 -0.26900 0.03927 0.5400 -0.5000 0.6771 0.1250 0.8750
V -0.01118 -0.26900 0.04897 -0.1927 -0.5000 0.8443 0.1250 0.8750
T
V -0.01118 -0.21100 0.04897 -0.1927 0.5000 0.8443 0.1250 0.8750
V -0.01118 -0.26900 0.04897 -0.1927 -0.5000 0.8443 0.1250 0.8750
V -0.04526 -0.21100 0.02179 -0.7803 0.5000 0.3758 0.1250 0.8750
T
V -0.04526 -0.21100 0.02179 -0.7803 0.5000 0.3758 0.1250 0.8750
V -0.01118 -0.26900 0.04897 -0.1927 -0.5000 0.8443 0.1250 0.8750
V -0.04526 -0.26900 0.02179 -0.7803 -0.5000 0.3758 0.1250 0.8750
T
V -0.04526 -0.21100 0.02179 -0.7803 0.5000 0.3758 0.1250 0.8750
V -0.04526 -0.26900 0.02179 -0.7803 -0.5000 0.3758 0.1250 0.8750
V -0.04526 -0.21100 -0.02179 -0.7803 0.5000 -0.3758 0.1250 0.8750
T
V -0.04526 -0.21100 -0.02179 -0.7803 0.5000 -0.3758 0.1250 0.8750
V -0.04526 -0.26900 0.02179 -0.7803 -0.5000 0.3758 0.1250 0.8750
V -0.04526 -0.26900 -0.02179 -0.7803 -0.5000 -0.3758 0.1250 0.8750
T
V -0.04526 -0.21100 -0.02179 -0.7803 0.5000 -0.3758 0.1250 0.8750
V -0.04526 -0.26900 -0.02179 -0.7803 -0.5000 -0.3758 0.1250 0.8750
V -0.01118 -0.21100 -0.04897 -0.1927 0.5000 -0.8443 0.1250 0.8750
T
V -0.01118 -0.21100 -0.04897 -0.1927 0.5000 -0.8443 0.1250 0.8750
V -0.04526 -0.26900 -0.02179 -0.7803 -0.5000 -0.3758 0.1250 0.8750
V -0.01118 -0.26900 -0.04897 -0.1927 -0.5000 -0.8443 0.1250 0.8750
T
V -0.01118 -0.21100 -0.04897 -0.1927 0.5000 -0.8443 0.1250 0.8750
V -0.01118 -0.26900 -0.04897 -0.1927 -0.5000 -0.8443 0.1250 0.8750
V 0.03132 -0.21100 -0.03927 0.5400 0.5000 -0.6771 0.1250 0.8750
T
V 0.03132 -0.21100 -0.03927 0.5400 0.5000 -0.6771 0.1250 0.8750
V -0.01118 -0.26900 -0.04897 -0.1927 -0.5000 -0.8443 0.1250 0.8750
V 0.03132 -0.26900 -0.03927 0.5400 -0.5000 -0.6771 0.1250 0.8750
T
V 0.03132 -0.21100 -0.03927 0.5400 0.5000 -0.6771 0.1250 0.8750
V 0.03132 -0.26900 -0.03927 0.5400 -0.5000 -0.6771 0.1250 0.8750
V 0.05023 -0.21100 -0.00000 0.8660 0.5000 -0.0000 0.1250 0.8750
T
V 0.05023 -0.21100 -0.00000 0.8660 0.5000 -0.0000 0.1250 0.8750
V 0.03132 -0.26900 -0.03927 0.5400 -0.5000 -0.6771 0.1250 0.8750
V 0.05023 -0.26900 -0.00000 0.8660 -0.5000 -0.0000 0.1250 0.8750
T
V 0.05023 -0.26900 0.00000 0.8660 -0.5000 0.0000 0.1250 0.8750
V 0.00000 -0.29800 0.00000 0.0000 -1.0000 0.0000 0.1250 0.8750
V 0.03132 -0.26900 0.03927 0.5400 -0.5000 0.6771 0.1250 0.8750
T
V 0.03132 -0.26900 0.03927 0.5400 -0.5000 0.6771 0.1250 0.8750
V 0.00000 -0.29800 0.00000 0.0000 -1.0000 0.0000 0.1250 0.8750
V 0.00000 -0.29800 0.00000 0.0000 -1.0000 0.0000 0.1250 0.8750
T
V 0.03132 -0.26900 0.03927 0.5400 -0.5000 0.6771 0.1250 0.8750
V 0.00000 -0.29800 0.00000 0.0000 -1.0000 0.0000 0.1250 0.8750
V -0.01118 -0.26900 0.04897 -0.1927 -0.5000 0.8443 0.1250 0.8750
T
V -0.01118 -0.26900 0.04897 -0.1927 -0.5000 0.8443 0.1250 0.8750
V 0.00000 -0.29800 0.00000 0.0000 -1.0000 0.0000 0.1250 0.8750
V -0.00000 -0.29800 0.00000 -0.0000 -1.0000 0.0000 0.1250 0.8750
T
V -0.01118 -0.26900 0.04897 -0.1927 -0.5000 0.8443 0.1250 0.8750
V -0.00000 -0.29800 0.00000 -0.0000 -1.0000 0.0000 0.1250 0.8750
V -0.04526 -0.26900 0.02179 -0.7803 -0.5000 0.3758 0.1250 0.8750
T
V -0.04526 -0.26900 0.02179 -0.7803 -0.5000 0.3758 0.1250 0.8750
V -0.00000 -0.29800 0.00000 -0.0000 -1.0000 0.0000 0.1250 0.8750
V -0.00000 -0.29800 0.00000 -0.0000 -1.0000 0.0000 0.1250 0.8750
T
V -0.04526 -0.26900 0.02179 -0.7803 -0.5000 0.3758 0.1250 0.8750
V -0.00000 -0.29800 0.00000 -0.0000 -1.0000 0.0000 0.1250 0.8750
V -0.04526 -0.26900 -0.02179 -0.7803 -0.5000 -0.3758 0.1250 0.8750
T
V -0.04526 -0.26900 -0.02179 -0.7803 -0.5000 -0.3758 0.1250 0.8750
V -0.00000 -0.29800 0.00000 -0.0000 -1.0000 0.0000 0.1250 0.8750
V -0.00000 -0.29800 -0.00000 -0.0000 -1.0000 -0.0000 0.1250 0.8750
T
V -0.04526 -0.26900 -0.02179 -0.7803 -0.5000 -0.3758 0.1250 0.8750
V -0.00000 -0.29800 -0.00000 -0.0000 -1.0000 -0.0000 0.1250 0.8750
V -0.01118 -0.26900 -0.04897 -0.1927 -0.5000 -0.8443 0.1250 0.8750
T
V -0.01118 -0.26900 -0.04897 -0.1927 -0.5000 -0.8443 0.1250 0.8750
V -0.00000 -0.29800 -0.00000 -0.0000 -1.0000 -0.0000 0.1250 0.8750
V -0.00000 -0.29800 -0.00000 -0.0000 -1.0000 -0.0000 0.1250 0.8750
T
V -0.01118 -0.26900 -0.04897 -0.1927 -0.5000 -0.8443 0.1250 0.8750
V -0.00000 -0.29800 -0.00000 -0.0000 -1.0000 -0.0000 0.1250 0.8750
V 0.03132 -0.26900 -0.03927 0.5400 -0.5000 -0.6771 0.1250 0.8750
T
V 0.03132 -0.26900 -0.03927 0.5400 -0.5000 -0.6771 0.1250 0.8750
V -0.00000 -0.29800 -0.00000 -0.0000 -1.0000 -0.0000 0.1250 0.8750
V 0.00000 -0.29800 -0.00000 0.0000 -1.0000 -0.0000 0.1250 0.8750
T
V 0.03132 -0.26900 -0.03927 0.5400 -0.5000 -0.6771 0.1250 0.8750
V 0.00000 -0.29800 -0.00000 0.0000 -1.0000 -0.0000 0.1250 0.8750
V 0.05023 -0.26900 -0.00000 0.8660 -0.5000 -0.0000 0.1250 0.8750
T
V 0.05023 -0.26900 -0.00000 0.8660 -0.5000 -0.0000 0.1250 0.8750
V 0.00000 -0.29800 -0.00000 0.0000 -1.0000 -0.0000 0.1250 0.8750
V 0.00000 -0.29800 -0.00000 0.0000 -1.0000 -0.0000 0.1250 0.8750
T
BONE Arm_R
V -0.05000 -0.03000 -0.05000 0.0000 0.0000 -1.0000 0.3750 0.8750
V 0.05000 -0.03000 -0.05000 0.0000 0.0000 -1.0000 0.3750 0.8750
V 0.05000 0.01000 -0.05000 0.0000 0.0000 -1.0000 0.3750 0.8750
T
V -0.05000 -0.03000 -0.05000 0.0000 0.0000 -1.0000 0.3750 0.8750
V 0.05000 0.01000 -0.05000 0.0000 0.0000 -1.0000 0.3750 0.8750
V -0.05000 0.01000 -0.05000 0.0000 0.0000 -1.0000 0.3750 0.8750
T
V 0.05000 -0.03000 0.05000 0.0000 0.0000 1.0000 0.3750 0.8750
V -0.05000 -0.03000 0.05000 0.0000 0.0000 1.0000 0.3750 0.8750
V -0.05000 0.01000 0.05000 0.0000 0.0000 1.0000 0.3750 0.8750
T
V 0.05000 -0.03000 0.05000 0.0000 0.0000 1.0000 0.3750 0.8750
V -0.05000 0.01000 0.05000 0.0000 0.0000 1.0000 0.3750 0.8750
V 0.05000 0.01000 0.05000 0.0000 0.0000 1.0000 0.3750 0.8750
T
V -0.05000 -0.03000 0.05000 -1.0000 0.0000 0.0000 0.3750 0.8750
V -0.05000 -0.03000 -0.05000 -1.0000 0.0000 0.0000 0.3750 0.8750
V -0.05000 0.01000 -0.05000 -1.0000 0.0000 0.0000 0.3750 0.8750
T
V -0.05000 -0.03000 0.05000 -1.0000 0.0000 0.0000 0.3750 0.8750
V -0.05000 0.01000 -0.05000 -1.0000 0.0000 0.0000 0.3750 0.8750
V -0.05000 0.01000 0.05000 -1.0000 0.0000 0.0000 0.3750 0.8750
T
V 0.05000 -0.03000 -0.05000 1.0000 0.0000 0.0000 0.3750 0.8750
V 0.05000 -0.03000 0.05000 1.0000 0.0000 0.0000 0.3750 0.8750
V 0.05000 0.01000 0.05000 1.0000 0.0000 0.0000 0.3750 0.8750
T
V 0.05000 -0.03000 -0.05000 1.0000 0.0000 0.0000 0.3750 0.8750
V 0.05000 0.01000 0.05000 1.0000 0.0000 0.0000 0.3750 0.8750
V 0.05000 0.01000 -0.05000 1.0000 0.0000 0.0000 0.3750 0.8750
T
V -0.05000 0.01000 -0.05000 0.0000 1.0000 0.0000 0.3750 0.8750
V 0.05000 0.01000 -0.05000 0.0000 1.0000 0.0000 0.3750 0.8750
V 0.05000 0.01000 0.05000 0.0000 1.0000 0.0000 0.3750 0.8750
T
V -0.05000 0.01000 -0.05000 0.0000 1.0000 0.0000 0.3750 0.8750
V 0.05000 0.01000 0.05000 0.0000 1.0000 0.0000 0.3750 0.8750
V -0.05000 0.01000 0.05000 0.0000 1.0000 0.0000 0.3750 0.8750
T
V -0.05000 -0.03000 0.05000 0.0000 -1.0000 0.0000 0.3750 0.8750
V 0.05000 -0.03000 0.05000 0.0000 -1.0000 0.0000 0.3750 0.8750
V 0.05000 -0.03000 -0.05000 0.0000 -1.0000 0.0000 0.3750 0.8750
T
V -0.05000 -0.03000 0.05000 0.0000 -1.0000 0.0000 0.3750 0.8750
V 0.05000 -0.03000 -0.05000 0.0000 -1.0000 0.0000 0.3750 0.8750
V -0.05000 -0.03000 -0.05000 0.0000 -1.0000 0.0000 0.3750 0.8750
T
BONE Fore_R
V 0.00000 -0.01000 -0.04800 0.0000 0.0000 -1.0000 0.1250 0.8750
V 0.00000 -0.05750 -0.04800 0.0000 0.0000 -1.0000 0.1250 0.8750
V 0.03753 -0.01000 -0.02993 0.7818 0.0000 -0.6235 0.1250 0.8750
T
V 0.03753 -0.01000 -0.02993 0.7818 0.0000 -0.6235 0.1250 0.8750
V 0.00000 -0.05750 -0.04800 0.0000 0.0000 -1.0000 0.1250 0.8750
V 0.03753 -0.05750 -0.02993 0.7818 0.0000 -0.6235 0.1250 0.8750
T
V 0.03753 -0.01000 -0.02993 0.7818 0.0000 -0.6235 0.1250 0.8750
V 0.03753 -0.05750 -0.02993 0.7818 0.0000 -0.6235 0.1250 0.8750
V 0.04680 -0.01000 0.01068 0.9749 0.0000 0.2225 0.1250 0.8750
T
V 0.04680 -0.01000 0.01068 0.9749 0.0000 0.2225 0.1250 0.8750
V 0.03753 -0.05750 -0.02993 0.7818 0.0000 -0.6235 0.1250 0.8750
V 0.04680 -0.05750 0.01068 0.9749 0.0000 0.2225 0.1250 0.8750
T
V 0.04680 -0.01000 0.01068 0.9749 0.0000 0.2225 0.1250 0.8750
V 0.04680 -0.05750 0.01068 0.9749 0.0000 0.2225 0.1250 0.8750
V 0.02083 -0.01000 0.04325 0.4339 0.0000 0.9010 0.1250 0.8750
T
V 0.02083 -0.01000 0.04325 0.4339 0.0000 0.9010 0.1250 0.8750
V 0.04680 -0.05750 0.01068 0.9749 0.0000 0.2225 0.1250 0.8750
V 0.02083 -0.05750 0.04325 0.4339 0.0000 0.9010 0.1250 0.8750
T
V 0.02083 -0.01000 0.04325 0.4339 0.0000 0.9010 0.1250 0.8750
V 0.02083 -0.05750 0.04325 0.4339 0.0000 0.9010 0.1250 0.8750
V -0.02083 -0.01000 0.04325 -0.4339 -0.0000 0.9010 0.1250 0.8750
T
V -0.02083 -0.01000 0.04325 -0.4339 -0.0000 0.9010 0.1250 0.8750
V 0.02083 -0.05750 0.04325 0.4339 0.0000 0.9010 0.1250 0.8750
V -0.02083 -0.05750 0.04325 -0.4339 -0.0000 0.9010 0.1250 0.8750
T
V -0.02083 -0.01000 0.04325 -0.4339 -0.0000 0.9010 0.1250 0.8750
V -0.02083 -0.05750 0.04325 -0.4339 -0.0000 0.9010 0.1250 0.8750
V -0.04680 -0.01000 0.01068 -0.9749 -0.0000 0.2225 0.1250 0.8750
T
V -0.04680 -0.01000 0.01068 -0.9749 -0.0000 0.2225 0.1250 0.8750
V -0.02083 -0.05750 0.04325 -0.4339 -0.0000 0.9010 0.1250 0.8750
V -0.04680 -0.05750 0.01068 -0.9749 -0.0000 0.2225 0.1250 0.8750
T
V -0.04680 -0.01000 0.01068 -0.9749 -0.0000 0.2225 0.1250 0.8750
V -0.04680 -0.05750 0.01068 -0.9749 -0.0000 0.2225 0.1250 0.8750
V -0.03753 -0.01000 -0.02993 -0.7818 0.0000 -0.6235 0.1250 0.8750
T
V -0.03753 -0.01000 -0.02993 -0.7818 0.0000 -0.6235 0.1250 0.8750
V -0.04680 -0.05750 0.01068 -0.9749 -0.0000 0.2225 0.1250 0.8750
V -0.03753 -0.05750 -0.02993 -0.7818 0.0000 -0.6235 0.1250 0.8750
T
V -0.03753 -0.01000 -0.02993 -0.7818 0.0000 -0.6235 0.1250 0.8750
V -0.03753 -0.05750 -0.02993 -0.7818 0.0000 -0.6235 0.1250 0.8750
V 0.00000 -0.01000 -0.04800 0.0000 0.0000 -1.0000 0.1250 0.8750
T
V 0.00000 -0.01000 -0.04800 0.0000 0.0000 -1.0000 0.1250 0.8750
V -0.03753 -0.05750 -0.02993 -0.7818 0.0000 -0.6235 0.1250 0.8750
V 0.00000 -0.05750 -0.04800 0.0000 0.0000 -1.0000 0.1250 0.8750
T
V 0.00000 -0.05750 -0.04800 0.0000 0.0000 -1.0000 0.1250 0.8750
V 0.00000 -0.10500 -0.04800 0.0000 0.0000 -1.0000 0.1250 0.8750
V 0.03753 -0.05750 -0.02993 0.7818 0.0000 -0.6235 0.1250 0.8750
T
V 0.03753 -0.05750 -0.02993 0.7818 0.0000 -0.6235 0.1250 0.8750
V 0.00000 -0.10500 -0.04800 0.0000 0.0000 -1.0000 0.1250 0.8750
V 0.03753 -0.10500 -0.02993 0.7818 0.0000 -0.6235 0.1250 0.8750
T
V 0.03753 -0.05750 -0.02993 0.7818 0.0000 -0.6235 0.1250 0.8750
V 0.03753 -0.10500 -0.02993 0.7818 0.0000 -0.6235 0.1250 0.8750
V 0.04680 -0.05750 0.01068 0.9749 0.0000 0.2225 0.1250 0.8750
T
V 0.04680 -0.05750 0.01068 0.9749 0.0000 0.2225 0.1250 0.8750
V 0.03753 -0.10500 -0.02993 0.7818 0.0000 -0.6235 0.1250 0.8750
V 0.04680 -0.10500 0.01068 0.9749 0.0000 0.2225 0.1250 0.8750
T
V 0.04680 -0.05750 0.01068 0.9749 0.0000 0.2225 0.1250 0.8750
V 0.04680 -0.10500 0.01068 0.9749 0.0000 0.2225 0.1250 0.8750
V 0.02083 -0.05750 0.04325 0.4339 0.0000 0.9010 0.1250 0.8750
T
V 0.02083 -0.05750 0.04325 0.4339 0.0000 0.9010 0.1250 0.8750
V 0.04680 -0.10500 0.01068 0.9749 0.0000 0.2225 0.1250 0.8750
V 0.02083 -0.10500 0.04325 0.4339 0.0000 0.9010 0.1250 0.8750
T
V 0.02083 -0.05750 0.04325 0.4339 0.0000 0.9010 0.1250 0.8750
V 0.02083 -0.10500 0.04325 0.4339 0.0000 0.9010 0.1250 0.8750
V -0.02083 -0.05750 0.04325 -0.4339 -0.0000 0.9010 0.1250 0.8750
T
V -0.02083 -0.05750 0.04325 -0.4339 -0.0000 0.9010 0.1250 0.8750
V 0.02083 -0.10500 0.04325 0.4339 0.0000 0.9010 0.1250 0.8750
V -0.02083 -0.10500 0.04325 -0.4339 -0.0000 0.9010 0.1250 0.8750
T
V -0.02083 -0.05750 0.04325 -0.4339 -0.0000 0.9010 0.1250 0.8750
V -0.02083 -0.10500 0.04325 -0.4339 -0.0000 0.9010 0.1250 0.8750
V -0.04680 -0.05750 0.01068 -0.9749 -0.0000 0.2225 0.1250 0.8750
T
V -0.04680 -0.05750 0.01068 -0.9749 -0.0000 0.2225 0.1250 0.8750
V -0.02083 -0.10500 0.04325 -0.4339 -0.0000 0.9010 0.1250 0.8750
V -0.04680 -0.10500 0.01068 -0.9749 -0.0000 0.2225 0.1250 0.8750
T
V -0.04680 -0.05750 0.01068 -0.9749 -0.0000 0.2225 0.1250 0.8750
V -0.04680 -0.10500 0.01068 -0.9749 -0.0000 0.2225 0.1250 0.8750
V -0.03753 -0.05750 -0.02993 -0.7818 0.0000 -0.6235 0.1250 0.8750
T
V -0.03753 -0.05750 -0.02993 -0.7818 0.0000 -0.6235 0.1250 0.8750
V -0.04680 -0.10500 0.01068 -0.9749 -0.0000 0.2225 0.1250 0.8750
V -0.03753 -0.10500 -0.02993 -0.7818 0.0000 -0.6235 0.1250 0.8750
T
V -0.03753 -0.05750 -0.02993 -0.7818 0.0000 -0.6235 0.1250 0.8750
V -0.03753 -0.10500 -0.02993 -0.7818 0.0000 -0.6235 0.1250 0.8750
V 0.00000 -0.05750 -0.04800 0.0000 0.0000 -1.0000 0.1250 0.8750
T
V 0.00000 -0.05750 -0.04800 0.0000 0.0000 -1.0000 0.1250 0.8750
V -0.03753 -0.10500 -0.02993 -0.7818 0.0000 -0.6235 0.1250 0.8750
V 0.00000 -0.10500 -0.04800 0.0000 0.0000 -1.0000 0.1250 0.8750
T
V 0.00000 -0.10500 -0.04800 0.0000 0.0000 -1.0000 0.1250 0.8750
V 0.00000 -0.15250 -0.04800 0.0000 0.0000 -1.0000 0.1250 0.8750
V 0.03753 -0.10500 -0.02993 0.7818 0.0000 -0.6235 0.1250 0.8750
T
V 0.03753 -0.10500 -0.02993 0.7818 0.0000 -0.6235 0.1250 0.8750
V 0.00000 -0.15250 -0.04800 0.0000 0.0000 -1.0000 0.1250 0.8750
V 0.03753 -0.15250 -0.02993 0.7818 0.0000 -0.6235 0.1250 0.8750
T
V 0.03753 -0.10500 -0.02993 0.7818 0.0000 -0.6235 0.1250 0.8750
V 0.03753 -0.15250 -0.02993 0.7818 0.0000 -0.6235 0.1250 0.8750
V 0.04680 -0.10500 0.01068 0.9749 0.0000 0.2225 0.1250 0.8750
T
V 0.04680 -0.10500 0.01068 0.9749 0.0000 0.2225 0.1250 0.8750
V 0.03753 -0.15250 -0.02993 0.7818 0.0000 -0.6235 0.1250 0.8750
V 0.04680 -0.15250 0.01068 0.9749 0.0000 0.2225 0.1250 0.8750
T
V 0.04680 -0.10500 0.01068 0.9749 0.0000 0.2225 0.1250 0.8750
V 0.04680 -0.15250 0.01068 0.9749 0.0000 0.2225 0.1250 0.8750
V 0.02083 -0.10500 0.04325 0.4339 0.0000 0.9010 0.1250 0.8750
T
V 0.02083 -0.10500 0.04325 0.4339 0.0000 0.9010 0.1250 0.8750
V 0.04680 -0.15250 0.01068 0.9749 0.0000 0.2225 0.1250 0.8750
V 0.02083 -0.15250 0.04325 0.4339 0.0000 0.9010 0.1250 0.8750
T
V 0.02083 -0.10500 0.04325 0.4339 0.0000 0.9010 0.1250 0.8750
V 0.02083 -0.15250 0.04325 0.4339 0.0000 0.9010 0.1250 0.8750
V -0.02083 -0.10500 0.04325 -0.4339 -0.0000 0.9010 0.1250 0.8750
T
V -0.02083 -0.10500 0.04325 -0.4339 -0.0000 0.9010 0.1250 0.8750
V 0.02083 -0.15250 0.04325 0.4339 0.0000 0.9010 0.1250 0.8750
V -0.02083 -0.15250 0.04325 -0.4339 -0.0000 0.9010 0.1250 0.8750
T
V -0.02083 -0.10500 0.04325 -0.4339 -0.0000 0.9010 0.1250 0.8750
V -0.02083 -0.15250 0.04325 -0.4339 -0.0000 0.9010 0.1250 0.8750
V -0.04680 -0.10500 0.01068 -0.9749 -0.0000 0.2225 0.1250 0.8750
T
V -0.04680 -0.10500 0.01068 -0.9749 -0.0000 0.2225 0.1250 0.8750
V -0.02083 -0.15250 0.04325 -0.4339 -0.0000 0.9010 0.1250 0.8750
V -0.04680 -0.15250 0.01068 -0.9749 -0.0000 0.2225 0.1250 0.8750
T
V -0.04680 -0.10500 0.01068 -0.9749 -0.0000 0.2225 0.1250 0.8750
V -0.04680 -0.15250 0.01068 -0.9749 -0.0000 0.2225 0.1250 0.8750
V -0.03753 -0.10500 -0.02993 -0.7818 0.0000 -0.6235 0.1250 0.8750
T
V -0.03753 -0.10500 -0.02993 -0.7818 0.0000 -0.6235 0.1250 0.8750
V -0.04680 -0.15250 0.01068 -0.9749 -0.0000 0.2225 0.1250 0.8750
V -0.03753 -0.15250 -0.02993 -0.7818 0.0000 -0.6235 0.1250 0.8750
T
V -0.03753 -0.10500 -0.02993 -0.7818 0.0000 -0.6235 0.1250 0.8750
V -0.03753 -0.15250 -0.02993 -0.7818 0.0000 -0.6235 0.1250 0.8750
V 0.00000 -0.10500 -0.04800 0.0000 0.0000 -1.0000 0.1250 0.8750
T
V 0.00000 -0.10500 -0.04800 0.0000 0.0000 -1.0000 0.1250 0.8750
V -0.03753 -0.15250 -0.02993 -0.7818 0.0000 -0.6235 0.1250 0.8750
V 0.00000 -0.15250 -0.04800 0.0000 0.0000 -1.0000 0.1250 0.8750
T
V 0.00000 -0.15250 -0.04800 0.0000 0.0000 -1.0000 0.1250 0.8750
V 0.00000 -0.20000 -0.04800 0.0000 0.0000 -1.0000 0.1250 0.8750
V 0.03753 -0.15250 -0.02993 0.7818 0.0000 -0.6235 0.1250 0.8750
T
V 0.03753 -0.15250 -0.02993 0.7818 0.0000 -0.6235 0.1250 0.8750
V 0.00000 -0.20000 -0.04800 0.0000 0.0000 -1.0000 0.1250 0.8750
V 0.03753 -0.20000 -0.02993 0.7818 0.0000 -0.6235 0.1250 0.8750
T
V 0.03753 -0.15250 -0.02993 0.7818 0.0000 -0.6235 0.1250 0.8750
V 0.03753 -0.20000 -0.02993 0.7818 0.0000 -0.6235 0.1250 0.8750
V 0.04680 -0.15250 0.01068 0.9749 0.0000 0.2225 0.1250 0.8750
T
V 0.04680 -0.15250 0.01068 0.9749 0.0000 0.2225 0.1250 0.8750
V 0.03753 -0.20000 -0.02993 0.7818 0.0000 -0.6235 0.1250 0.8750
V 0.04680 -0.20000 0.01068 0.9749 0.0000 0.2225 0.1250 0.8750
T
V 0.04680 -0.15250 0.01068 0.9749 0.0000 0.2225 0.1250 0.8750
V 0.04680 -0.20000 0.01068 0.9749 0.0000 0.2225 0.1250 0.8750
V 0.02083 -0.15250 0.04325 0.4339 0.0000 0.9010 0.1250 0.8750
T
V 0.02083 -0.15250 0.04325 0.4339 0.0000 0.9010 0.1250 0.8750
V 0.04680 -0.20000 0.01068 0.9749 0.0000 0.2225 0.1250 0.8750
V 0.02083 -0.20000 0.04325 0.4339 0.0000 0.9010 0.1250 0.8750
T
V 0.02083 -0.15250 0.04325 0.4339 0.0000 0.9010 0.1250 0.8750
V 0.02083 -0.20000 0.04325 0.4339 0.0000 0.9010 0.1250 0.8750
V -0.02083 -0.15250 0.04325 -0.4339 -0.0000 0.9010 0.1250 0.8750
T
V -0.02083 -0.15250 0.04325 -0.4339 -0.0000 0.9010 0.1250 0.8750
V 0.02083 -0.20000 0.04325 0.4339 0.0000 0.9010 0.1250 0.8750
V -0.02083 -0.20000 0.04325 -0.4339 -0.0000 0.9010 0.1250 0.8750
T
V -0.02083 -0.15250 0.04325 -0.4339 -0.0000 0.9010 0.1250 0.8750
V -0.02083 -0.20000 0.04325 -0.4339 -0.0000 0.9010 0.1250 0.8750
V -0.04680 -0.15250 0.01068 -0.9749 -0.0000 0.2225 0.1250 0.8750
T
V -0.04680 -0.15250 0.01068 -0.9749 -0.0000 0.2225 0.1250 0.8750
V -0.02083 -0.20000 0.04325 -0.4339 -0.0000 0.9010 0.1250 0.8750
V -0.04680 -0.20000 0.01068 -0.9749 -0.0000 0.2225 0.1250 0.8750
T
V -0.04680 -0.15250 0.01068 -0.9749 -0.0000 0.2225 0.1250 0.8750
V -0.04680 -0.20000 0.01068 -0.9749 -0.0000 0.2225 0.1250 0.8750
V -0.03753 -0.15250 -0.02993 -0.7818 0.0000 -0.6235 0.1250 0.8750
T
V -0.03753 -0.15250 -0.02993 -0.7818 0.0000 -0.6235 0.1250 0.8750
V -0.04680 -0.20000 0.01068 -0.9749 -0.0000 0.2225 0.1250 0.8750
V -0.03753 -0.20000 -0.02993 -0.7818 0.0000 -0.6235 0.1250 0.8750
T
V -0.03753 -0.15250 -0.02993 -0.7818 0.0000 -0.6235 0.1250 0.8750
V -0.03753 -0.20000 -0.02993 -0.7818 0.0000 -0.6235 0.1250 0.8750
V 0.00000 -0.15250 -0.04800 0.0000 0.0000 -1.0000 0.1250 0.8750
T
V 0.00000 -0.15250 -0.04800 0.0000 0.0000 -1.0000 0.1250 0.8750
V -0.03753 -0.20000 -0.02993 -0.7818 0.0000 -0.6235 0.1250 0.8750
V 0.00000 -0.20000 -0.04800 0.0000 0.0000 -1.0000 0.1250 0.8750
T
V 0.00000 0.03800 0.00000 0.0000 1.0000 0.0000 0.1250 0.8750
V 0.04157 0.01400 0.00000 0.8660 0.5000 0.0000 0.1250 0.8750
V 0.00000 0.03800 0.00000 0.0000 1.0000 0.0000 0.1250 0.8750
T
V 0.00000 0.03800 0.00000 0.0000 1.0000 0.0000 0.1250 0.8750
V 0.04157 0.01400 0.00000 0.8660 0.5000 0.0000 0.1250 0.8750
V 0.02592 0.01400 0.03250 0.5400 0.5000 0.6771 0.1250 0.8750
T
V 0.00000 0.03800 0.00000 0.0000 1.0000 0.0000 0.1250 0.8750
V 0.02592 0.01400 0.03250 0.5400 0.5000 0.6771 0.1250 0.8750
V 0.00000 0.03800 0.00000 -0.0000 1.0000 0.0000 0.1250 0.8750
T
V 0.00000 0.03800 0.00000 -0.0000 1.0000 0.0000 0.1250 0.8750
V 0.02592 0.01400 0.03250 0.5400 0.5000 0.6771 0.1250 0.8750
V -0.00925 0.01400 0.04053 -0.1927 0.5000 0.8443 0.1250 0.8750
T
V 0.00000 0.03800 0.00000 -0.0000 1.0000 0.0000 0.1250 0.8750
V -0.00925 0.01400 0.04053 -0.1927 0.5000 0.8443 0.1250 0.8750
V 0.00000 0.03800 0.00000 -0.0000 1.0000 0.0000 0.1250 0.8750
T
V 0.00000 0.03800 0.00000 -0.0000 1.0000 0.0000 0.1250 0.8750
V -0.00925 0.01400 0.04053 -0.1927 0.5000 0.8443 0.1250 0.8750
V -0.03745 0.01400 0.01804 -0.7803 0.5000 0.3758 0.1250 0.8750
T
V 0.00000 0.03800 0.00000 -0.0000 1.0000 0.0000 0.1250 0.8750
V -0.03745 0.01400 0.01804 -0.7803 0.5000 0.3758 0.1250 0.8750
V 0.00000 0.03800 0.00000 -0.0000 1.0000 -0.0000 0.1250 0.8750
T
V 0.00000 0.03800 0.00000 -0.0000 1.0000 -0.0000 0.1250 0.8750
V -0.03745 0.01400 0.01804 -0.7803 0.5000 0.3758 0.1250 0.8750
V -0.03745 0.01400 -0.01804 -0.7803 0.5000 -0.3758 0.1250 0.8750
T
V 0.00000 0.03800 0.00000 -0.0000 1.0000 -0.0000 0.1250 0.8750
V -0.03745 0.01400 -0.01804 -0.7803 0.5000 -0.3758 0.1250 0.8750
V 0.00000 0.03800 0.00000 -0.0000 1.0000 -0.0000 0.1250 0.8750
T
V 0.00000 0.03800 0.00000 -0.0000 1.0000 -0.0000 0.1250 0.8750
V -0.03745 0.01400 -0.01804 -0.7803 0.5000 -0.3758 0.1250 0.8750
V -0.00925 0.01400 -0.04053 -0.1927 0.5000 -0.8443 0.1250 0.8750
T
V 0.00000 0.03800 0.00000 -0.0000 1.0000 -0.0000 0.1250 0.8750
V -0.00925 0.01400 -0.04053 -0.1927 0.5000 -0.8443 0.1250 0.8750
V 0.00000 0.03800 0.00000 0.0000 1.0000 -0.0000 0.1250 0.8750
T
V 0.00000 0.03800 0.00000 0.0000 1.0000 -0.0000 0.1250 0.8750
V -0.00925 0.01400 -0.04053 -0.1927 0.5000 -0.8443 0.1250 0.8750
V 0.02592 0.01400 -0.03250 0.5400 0.5000 -0.6771 0.1250 0.8750
T
V 0.00000 0.03800 0.00000 0.0000 1.0000 -0.0000 0.1250 0.8750
V 0.02592 0.01400 -0.03250 0.5400 0.5000 -0.6771 0.1250 0.8750
V 0.00000 0.03800 0.00000 0.0000 1.0000 -0.0000 0.1250 0.8750
T
V 0.00000 0.03800 0.00000 0.0000 1.0000 -0.0000 0.1250 0.8750
V 0.02592 0.01400 -0.03250 0.5400 0.5000 -0.6771 0.1250 0.8750
V 0.04157 0.01400 -0.00000 0.8660 0.5000 -0.0000 0.1250 0.8750
T
V 0.04157 0.01400 0.00000 0.8660 0.5000 0.0000 0.1250 0.8750
V 0.04157 -0.03400 0.00000 0.8660 -0.5000 0.0000 0.1250 0.8750
V 0.02592 0.01400 0.03250 0.5400 0.5000 0.6771 0.1250 0.8750
T
V 0.02592 0.01400 0.03250 0.5400 0.5000 0.6771 0.1250 0.8750
V 0.04157 -0.03400 0.00000 0.8660 -0.5000 0.0000 0.1250 0.8750
V 0.02592 -0.03400 0.03250 0.5400 -0.5000 0.6771 0.1250 0.8750
T
V 0.02592 0.01400 0.03250 0.5400 0.5000 0.6771 0.1250 0.8750
V 0.02592 -0.03400 0.03250 0.5400 -0.5000 0.6771 0.1250 0.8750
V -0.00925 0.01400 0.04053 -0.1927 0.5000 0.8443 0.1250 0.8750
T
V -0.00925 0.01400 0.04053 -0.1927 0.5000 0.8443 0.1250 0.8750
V 0.02592 -0.03400 0.03250 0.5400 -0.5000 0.6771 0.1250 0.8750
V -0.00925 -0.03400 0.04053 -0.1927 -0.5000 0.8443 0.1250 0.8750
T
V -0.00925 0.01400 0.04053 -0.1927 0.5000 0.8443 0.1250 0.8750
V -0.00925 -0.03400 0.04053 -0.1927 -0.5000 0.8443 0.1250 0.8750
V -0.03745 0.01400 0.01804 -0.7803 0.5000 0.3758 0.1250 0.8750
T
V -0.03745 0.01400 0.01804 -0.7803 0.5000 0.3758 0.1250 0.8750
V -0.00925 -0.03400 0.04053 -0.1927 -0.5000 0.8443 0.1250 0.8750
V -0.03745 -0.03400 0.01804 -0.7803 -0.5000 0.3758 0.1250 0.8750
T
V -0.03745 0.01400 0.01804 -0.7803 0.5000 0.3758 0.1250 0.8750
V -0.03745 -0.03400 0.01804 -0.7803 -0.5000 0.3758 0.1250 0.8750
V -0.03745 0.01400 -0.01804 -0.7803 0.5000 -0.3758 0.1250 0.8750
T
V -0.03745 0.01400 -0.01804 -0.7803 0.5000 -0.3758 0.1250 0.8750
V -0.03745 -0.03400 0.01804 -0.7803 -0.5000 0.3758 0.1250 0.8750
V -0.03745 -0.03400 -0.01804 -0.7803 -0.5000 -0.3758 0.1250 0.8750
T
V -0.03745 0.01400 -0.01804 -0.7803 0.5000 -0.3758 0.1250 0.8750
V -0.03745 -0.03400 -0.01804 -0.7803 -0.5000 -0.3758 0.1250 0.8750
V -0.00925 0.01400 -0.04053 -0.1927 0.5000 -0.8443 0.1250 0.8750
T
V -0.00925 0.01400 -0.04053 -0.1927 0.5000 -0.8443 0.1250 0.8750
V -0.03745 -0.03400 -0.01804 -0.7803 -0.5000 -0.3758 0.1250 0.8750
V -0.00925 -0.03400 -0.04053 -0.1927 -0.5000 -0.8443 0.1250 0.8750
T
V -0.00925 0.01400 -0.04053 -0.1927 0.5000 -0.8443 0.1250 0.8750
V -0.00925 -0.03400 -0.04053 -0.1927 -0.5000 -0.8443 0.1250 0.8750
V 0.02592 0.01400 -0.03250 0.5400 0.5000 -0.6771 0.1250 0.8750
T
V 0.02592 0.01400 -0.03250 0.5400 0.5000 -0.6771 0.1250 0.8750
V -0.00925 -0.03400 -0.04053 -0.1927 -0.5000 -0.8443 0.1250 0.8750
V 0.02592 -0.03400 -0.03250 0.5400 -0.5000 -0.6771 0.1250 0.8750
T
V 0.02592 0.01400 -0.03250 0.5400 0.5000 -0.6771 0.1250 0.8750
V 0.02592 -0.03400 -0.03250 0.5400 -0.5000 -0.6771 0.1250 0.8750
V 0.04157 0.01400 -0.00000 0.8660 0.5000 -0.0000 0.1250 0.8750
T
V 0.04157 0.01400 -0.00000 0.8660 0.5000 -0.0000 0.1250 0.8750
V 0.02592 -0.03400 -0.03250 0.5400 -0.5000 -0.6771 0.1250 0.8750
V 0.04157 -0.03400 -0.00000 0.8660 -0.5000 -0.0000 0.1250 0.8750
T
V 0.04157 -0.03400 0.00000 0.8660 -0.5000 0.0000 0.1250 0.8750
V 0.00000 -0.05800 0.00000 0.0000 -1.0000 0.0000 0.1250 0.8750
V 0.02592 -0.03400 0.03250 0.5400 -0.5000 0.6771 0.1250 0.8750
T
V 0.02592 -0.03400 0.03250 0.5400 -0.5000 0.6771 0.1250 0.8750
V 0.00000 -0.05800 0.00000 0.0000 -1.0000 0.0000 0.1250 0.8750
V 0.00000 -0.05800 0.00000 0.0000 -1.0000 0.0000 0.1250 0.8750
T
V 0.02592 -0.03400 0.03250 0.5400 -0.5000 0.6771 0.1250 0.8750
V 0.00000 -0.05800 0.00000 0.0000 -1.0000 0.0000 0.1250 0.8750
V -0.00925 -0.03400 0.04053 -0.1927 -0.5000 0.8443 0.1250 0.8750
T
V -0.00925 -0.03400 0.04053 -0.1927 -0.5000 0.8443 0.1250 0.8750
V 0.00000 -0.05800 0.00000 0.0000 -1.0000 0.0000 0.1250 0.8750
V -0.00000 -0.05800 0.00000 -0.0000 -1.0000 0.0000 0.1250 0.8750
T
V -0.00925 -0.03400 0.04053 -0.1927 -0.5000 0.8443 0.1250 0.8750
V -0.00000 -0.05800 0.00000 -0.0000 -1.0000 0.0000 0.1250 0.8750
V -0.03745 -0.03400 0.01804 -0.7803 -0.5000 0.3758 0.1250 0.8750
T
V -0.03745 -0.03400 0.01804 -0.7803 -0.5000 0.3758 0.1250 0.8750
V -0.00000 -0.05800 0.00000 -0.0000 -1.0000 0.0000 0.1250 0.8750
V -0.00000 -0.05800 0.00000 -0.0000 -1.0000 0.0000 0.1250 0.8750
T
V -0.03745 -0.03400 0.01804 -0.7803 -0.5000 0.3758 0.1250 0.8750
V -0.00000 -0.05800 0.00000 -0.0000 -1.0000 0.0000 0.1250 0.8750
V -0.03745 -0.03400 -0.01804 -0.7803 -0.5000 -0.3758 0.1250 0.8750
T
V -0.03745 -0.03400 -0.01804 -0.7803 -0.5000 -0.3758 0.1250 0.8750
V -0.00000 -0.05800 0.00000 -0.0000 -1.0000 0.0000 0.1250 0.8750
V -0.00000 -0.05800 -0.00000 -0.0000 -1.0000 -0.0000 0.1250 0.8750
T
V -0.03745 -0.03400 -0.01804 -0.7803 -0.5000 -0.3758 0.1250 0.8750
V -0.00000 -0.05800 -0.00000 -0.0000 -1.0000 -0.0000 0.1250 0.8750
V -0.00925 -0.03400 -0.04053 -0.1927 -0.5000 -0.8443 0.1250 0.8750
T
V -0.00925 -0.03400 -0.04053 -0.1927 -0.5000 -0.8443 0.1250 0.8750
V -0.00000 -0.05800 -0.00000 -0.0000 -1.0000 -0.0000 0.1250 0.8750
V -0.00000 -0.05800 -0.00000 -0.0000 -1.0000 -0.0000 0.1250 0.8750
T
V -0.00925 -0.03400 -0.04053 -0.1927 -0.5000 -0.8443 0.1250 0.8750
V -0.00000 -0.05800 -0.00000 -0.0000 -1.0000 -0.0000 0.1250 0.8750
V 0.02592 -0.03400 -0.03250 0.5400 -0.5000 -0.6771 0.1250 0.8750
T
V 0.02592 -0.03400 -0.03250 0.5400 -0.5000 -0.6771 0.1250 0.8750
V -0.00000 -0.05800 -0.00000 -0.0000 -1.0000 -0.0000 0.1250 0.8750
V 0.00000 -0.05800 -0.00000 0.0000 -1.0000 -0.0000 0.1250 0.8750
T
V 0.02592 -0.03400 -0.03250 0.5400 -0.5000 -0.6771 0.1250 0.8750
V 0.00000 -0.05800 -0.00000 0.0000 -1.0000 -0.0000 0.1250 0.8750
V 0.04157 -0.03400 -0.00000 0.8660 -0.5000 -0.0000 0.1250 0.8750
T
V 0.04157 -0.03400 -0.00000 0.8660 -0.5000 -0.0000 0.1250 0.8750
V 0.00000 -0.05800 -0.00000 0.0000 -1.0000 -0.0000 0.1250 0.8750
V 0.00000 -0.05800 -0.00000 0.0000 -1.0000 -0.0000 0.1250 0.8750
T
V 0.00000 -0.15200 0.00000 0.0000 1.0000 0.0000 0.1250 0.8750
V 0.04157 -0.17600 0.00000 0.8660 0.5000 0.0000 0.1250 0.8750
V 0.00000 -0.15200 0.00000 0.0000 1.0000 0.0000 0.1250 0.8750
T
V 0.00000 -0.15200 0.00000 0.0000 1.0000 0.0000 0.1250 0.8750
V 0.04157 -0.17600 0.00000 0.8660 0.5000 0.0000 0.1250 0.8750
V 0.02592 -0.17600 0.03250 0.5400 0.5000 0.6771 0.1250 0.8750
T
V 0.00000 -0.15200 0.00000 0.0000 1.0000 0.0000 0.1250 0.8750
V 0.02592 -0.17600 0.03250 0.5400 0.5000 0.6771 0.1250 0.8750
V 0.00000 -0.15200 0.00000 -0.0000 1.0000 0.0000 0.1250 0.8750
T
V 0.00000 -0.15200 0.00000 -0.0000 1.0000 0.0000 0.1250 0.8750
V 0.02592 -0.17600 0.03250 0.5400 0.5000 0.6771 0.1250 0.8750
V -0.00925 -0.17600 0.04053 -0.1927 0.5000 0.8443 0.1250 0.8750
T
V 0.00000 -0.15200 0.00000 -0.0000 1.0000 0.0000 0.1250 0.8750
V -0.00925 -0.17600 0.04053 -0.1927 0.5000 0.8443 0.1250 0.8750
V 0.00000 -0.15200 0.00000 -0.0000 1.0000 0.0000 0.1250 0.8750
T
V 0.00000 -0.15200 0.00000 -0.0000 1.0000 0.0000 0.1250 0.8750
V -0.00925 -0.17600 0.04053 -0.1927 0.5000 0.8443 0.1250 0.8750
V -0.03745 -0.17600 0.01804 -0.7803 0.5000 0.3758 0.1250 0.8750
T
V 0.00000 -0.15200 0.00000 -0.0000 1.0000 0.0000 0.1250 0.8750
V -0.03745 -0.17600 0.01804 -0.7803 0.5000 0.3758 0.1250 0.8750
V 0.00000 -0.15200 0.00000 -0.0000 1.0000 -0.0000 0.1250 0.8750
T
V 0.00000 -0.15200 0.00000 -0.0000 1.0000 -0.0000 0.1250 0.8750
V -0.03745 -0.17600 0.01804 -0.7803 0.5000 0.3758 0.1250 0.8750
V -0.03745 -0.17600 -0.01804 -0.7803 0.5000 -0.3758 0.1250 0.8750
T
V 0.00000 -0.15200 0.00000 -0.0000 1.0000 -0.0000 0.1250 0.8750
V -0.03745 -0.17600 -0.01804 -0.7803 0.5000 -0.3758 0.1250 0.8750
V 0.00000 -0.15200 0.00000 -0.0000 1.0000 -0.0000 0.1250 0.8750
T
V 0.00000 -0.15200 0.00000 -0.0000 1.0000 -0.0000 0.1250 0.8750
V -0.03745 -0.17600 -0.01804 -0.7803 0.5000 -0.3758 0.1250 0.8750
V -0.00925 -0.17600 -0.04053 -0.1927 0.5000 -0.8443 0.1250 0.8750
T
V 0.00000 -0.15200 0.00000 -0.0000 1.0000 -0.0000 0.1250 0.8750
V -0.00925 -0.17600 -0.04053 -0.1927 0.5000 -0.8443 0.1250 0.8750
V 0.00000 -0.15200 0.00000 0.0000 1.0000 -0.0000 0.1250 0.8750
T
V 0.00000 -0.15200 0.00000 0.0000 1.0000 -0.0000 0.1250 0.8750
V -0.00925 -0.17600 -0.04053 -0.1927 0.5000 -0.8443 0.1250 0.8750
V 0.02592 -0.17600 -0.03250 0.5400 0.5000 -0.6771 0.1250 0.8750
T
V 0.00000 -0.15200 0.00000 0.0000 1.0000 -0.0000 0.1250 0.8750
V 0.02592 -0.17600 -0.03250 0.5400 0.5000 -0.6771 0.1250 0.8750
V 0.00000 -0.15200 0.00000 0.0000 1.0000 -0.0000 0.1250 0.8750
T
V 0.00000 -0.15200 0.00000 0.0000 1.0000 -0.0000 0.1250 0.8750
V 0.02592 -0.17600 -0.03250 0.5400 0.5000 -0.6771 0.1250 0.8750
V 0.04157 -0.17600 -0.00000 0.8660 0.5000 -0.0000 0.1250 0.8750
T
V 0.04157 -0.17600 0.00000 0.8660 0.5000 0.0000 0.1250 0.8750
V 0.04157 -0.22400 0.00000 0.8660 -0.5000 0.0000 0.1250 0.8750
V 0.02592 -0.17600 0.03250 0.5400 0.5000 0.6771 0.1250 0.8750
T
V 0.02592 -0.17600 0.03250 0.5400 0.5000 0.6771 0.1250 0.8750
V 0.04157 -0.22400 0.00000 0.8660 -0.5000 0.0000 0.1250 0.8750
V 0.02592 -0.22400 0.03250 0.5400 -0.5000 0.6771 0.1250 0.8750
T
V 0.02592 -0.17600 0.03250 0.5400 0.5000 0.6771 0.1250 0.8750
V 0.02592 -0.22400 0.03250 0.5400 -0.5000 0.6771 0.1250 0.8750
V -0.00925 -0.17600 0.04053 -0.1927 0.5000 0.8443 0.1250 0.8750
T
V -0.00925 -0.17600 0.04053 -0.1927 0.5000 0.8443 0.1250 0.8750
V 0.02592 -0.22400 0.03250 0.5400 -0.5000 0.6771 0.1250 0.8750
V -0.00925 -0.22400 0.04053 -0.1927 -0.5000 0.8443 0.1250 0.8750
T
V -0.00925 -0.17600 0.04053 -0.1927 0.5000 0.8443 0.1250 0.8750
V -0.00925 -0.22400 0.04053 -0.1927 -0.5000 0.8443 0.1250 0.8750
V -0.03745 -0.17600 0.01804 -0.7803 0.5000 0.3758 0.1250 0.8750
T
V -0.03745 -0.17600 0.01804 -0.7803 0.5000 0.3758 0.1250 0.8750
V -0.00925 -0.22400 0.04053 -0.1927 -0.5000 0.8443 0.1250 0.8750
V -0.03745 -0.22400 0.01804 -0.7803 -0.5000 0.3758 0.1250 0.8750
T
V -0.03745 -0.17600 0.01804 -0.7803 0.5000 0.3758 0.1250 0.8750
V -0.03745 -0.22400 0.01804 -0.7803 -0.5000 0.3758 0.1250 0.8750
V -0.03745 -0.17600 -0.01804 -0.7803 0.5000 -0.3758 0.1250 0.8750
T
V -0.03745 -0.17600 -0.01804 -0.7803 0.5000 -0.3758 0.1250 0.8750
V -0.03745 -0.22400 0.01804 -0.7803 -0.5000 0.3758 0.1250 0.8750
V -0.03745 -0.22400 -0.01804 -0.7803 -0.5000 -0.3758 0.1250 0.8750
T
V -0.03745 -0.17600 -0.01804 -0.7803 0.5000 -0.3758 0.1250 0.8750
V -0.03745 -0.22400 -0.01804 -0.7803 -0.5000 -0.3758 0.1250 0.8750
V -0.00925 -0.17600 -0.04053 -0.1927 0.5000 -0.8443 0.1250 0.8750
T
V -0.00925 -0.17600 -0.04053 -0.1927 0.5000 -0.8443 0.1250 0.8750
V -0.03745 -0.22400 -0.01804 -0.7803 -0.5000 -0.3758 0.1250 0.8750
V -0.00925 -0.22400 -0.04053 -0.1927 -0.5000 -0.8443 0.1250 0.8750
T
V -0.00925 -0.17600 -0.04053 -0.1927 0.5000 -0.8443 0.1250 0.8750
V -0.00925 -0.22400 -0.04053 -0.1927 -0.5000 -0.8443 0.1250 0.8750
V 0.02592 -0.17600 -0.03250 0.5400 0.5000 -0.6771 0.1250 0.8750
T
V 0.02592 -0.17600 -0.03250 0.5400 0.5000 -0.6771 0.1250 0.8750
V -0.00925 -0.22400 -0.04053 -0.1927 -0.5000 -0.8443 0.1250 0.8750
V 0.02592 -0.22400 -0.03250 0.5400 -0.5000 -0.6771 0.1250 0.8750
T
V 0.02592 -0.17600 -0.03250 0.5400 0.5000 -0.6771 0.1250 0.8750
V 0.02592 -0.22400 -0.03250 0.5400 -0.5000 -0.6771 0.1250 0.8750
V 0.04157 -0.17600 -0.00000 0.8660 0.5000 -0.0000 0.1250 0.8750
T
V 0.04157 -0.17600 -0.00000 0.8660 0.5000 -0.0000 0.1250 0.8750
V 0.02592 -0.22400 -0.03250 0.5400 -0.5000 -0.6771 0.1250 0.8750
V 0.04157 -0.22400 -0.00000 0.8660 -0.5000 -0.0000 0.1250 0.8750
T
V 0.04157 -0.22400 0.00000 0.8660 -0.5000 0.0000 0.1250 0.8750
V 0.00000 -0.24800 0.00000 0.0000 -1.0000 0.0000 0.1250 0.8750
V 0.02592 -0.22400 0.03250 0.5400 -0.5000 0.6771 0.1250 0.8750
T
V 0.02592 -0.22400 0.03250 0.5400 -0.5000 0.6771 0.1250 0.8750
V 0.00000 -0.24800 0.00000 0.0000 -1.0000 0.0000 0.1250 0.8750
V 0.00000 -0.24800 0.00000 0.0000 -1.0000 0.0000 0.1250 0.8750
T
V 0.02592 -0.22400 0.03250 0.5400 -0.5000 0.6771 0.1250 0.8750
V 0.00000 -0.24800 0.00000 0.0000 -1.0000 0.0000 0.1250 0.8750
V -0.00925 -0.22400 0.04053 -0.1927 -0.5000 0.8443 0.1250 0.8750
T
V -0.00925 -0.22400 0.04053 -0.1927 -0.5000 0.8443 0.1250 0.8750
V 0.00000 -0.24800 0.00000 0.0000 -1.0000 0.0000 0.1250 0.8750
V -0.00000 -0.24800 0.00000 -0.0000 -1.0000 0.0000 0.1250 0.8750
T
V -0.00925 -0.22400 0.04053 -0.1927 -0.5000 0.8443 0.1250 0.8750
V -0.00000 -0.24800 0.00000 -0.0000 -1.0000 0.0000 0.1250 0.8750
V -0.03745 -0.22400 0.01804 -0.7803 -0.5000 0.3758 0.1250 0.8750
T
V -0.03745 -0.22400 0.01804 -0.7803 -0.5000 0.3758 0.1250 0.8750
V -0.00000 -0.24800 0.00000 -0.0000 -1.0000 0.0000 0.1250 0.8750
V -0.00000 -0.24800 0.00000 -0.0000 -1.0000 0.0000 0.1250 0.8750
T
V -0.03745 -0.22400 0.01804 -0.7803 -0.5000 0.3758 0.1250 0.8750
V -0.00000 -0.24800 0.00000 -0.0000 -1.0000 0.0000 0.1250 0.8750
V -0.03745 -0.22400 -0.01804 -0.7803 -0.5000 -0.3758 0.1250 0.8750
T
V -0.03745 -0.22400 -0.01804 -0.7803 -0.5000 -0.3758 0.1250 0.8750
V -0.00000 -0.24800 0.00000 -0.0000 -1.0000 0.0000 0.1250 0.8750
V -0.00000 -0.24800 -0.00000 -0.0000 -1.0000 -0.0000 0.1250 0.8750
T
V -0.03745 -0.22400 -0.01804 -0.7803 -0.5000 -0.3758 0.1250 0.8750
V -0.00000 -0.24800 -0.00000 -0.0000 -1.0000 -0.0000 0.1250 0.8750
V -0.00925 -0.22400 -0.04053 -0.1927 -0.5000 -0.8443 0.1250 0.8750
T
V -0.00925 -0.22400 -0.04053 -0.1927 -0.5000 -0.8443 0.1250 0.8750
V -0.00000 -0.24800 -0.00000 -0.0000 -1.0000 -0.0000 0.1250 0.8750
V -0.00000 -0.24800 -0.00000 -0.0000 -1.0000 -0.0000 0.1250 0.8750
T
V -0.00925 -0.22400 -0.04053 -0.1927 -0.5000 -0.8443 0.1250 0.8750
V -0.00000 -0.24800 -0.00000 -0.0000 -1.0000 -0.0000 0.1250 0.8750
V 0.02592 -0.22400 -0.03250 0.5400 -0.5000 -0.6771 0.1250 0.8750
T
V 0.02592 -0.22400 -0.03250 0.5400 -0.5000 -0.6771 0.1250 0.8750
V -0.00000 -0.24800 -0.00000 -0.0000 -1.0000 -0.0000 0.1250 0.8750
V 0.00000 -0.24800 -0.00000 0.0000 -1.0000 -0.0000 0.1250 0.8750
T
V 0.02592 -0.22400 -0.03250 0.5400 -0.5000 -0.6771 0.1250 0.8750
V 0.00000 -0.24800 -0.00000 0.0000 -1.0000 -0.0000 0.1250 0.8750
V 0.04157 -0.22400 -0.00000 0.8660 -0.5000 -0.0000 0.1250 0.8750
T
V 0.04157 -0.22400 -0.00000 0.8660 -0.5000 -0.0000 0.1250 0.8750
V 0.00000 -0.24800 -0.00000 0.0000 -1.0000 -0.0000 0.1250 0.8750
V 0.00000 -0.24800 -0.00000 0.0000 -1.0000 -0.0000 0.1250 0.8750
T
BONE Fore_R
V -0.04000 -0.02750 -0.04000 0.0000 0.0000 -1.0000 0.3750 0.8750
V 0.04000 -0.02750 -0.04000 0.0000 0.0000 -1.0000 0.3750 0.8750
V 0.04000 0.00750 -0.04000 0.0000 0.0000 -1.0000 0.3750 0.8750
T
V -0.04000 -0.02750 -0.04000 0.0000 0.0000 -1.0000 0.3750 0.8750
V 0.04000 0.00750 -0.04000 0.0000 0.0000 -1.0000 0.3750 0.8750
V -0.04000 0.00750 -0.04000 0.0000 0.0000 -1.0000 0.3750 0.8750
T
V 0.04000 -0.02750 0.04000 0.0000 0.0000 1.0000 0.3750 0.8750
V -0.04000 -0.02750 0.04000 0.0000 0.0000 1.0000 0.3750 0.8750
V -0.04000 0.00750 0.04000 0.0000 0.0000 1.0000 0.3750 0.8750
T
V 0.04000 -0.02750 0.04000 0.0000 0.0000 1.0000 0.3750 0.8750
V -0.04000 0.00750 0.04000 0.0000 0.0000 1.0000 0.3750 0.8750
V 0.04000 0.00750 0.04000 0.0000 0.0000 1.0000 0.3750 0.8750
T
V -0.04000 -0.02750 0.04000 -1.0000 0.0000 0.0000 0.3750 0.8750
V -0.04000 -0.02750 -0.04000 -1.0000 0.0000 0.0000 0.3750 0.8750
V -0.04000 0.00750 -0.04000 -1.0000 0.0000 0.0000 0.3750 0.8750
T
V -0.04000 -0.02750 0.04000 -1.0000 0.0000 0.0000 0.3750 0.8750
V -0.04000 0.00750 -0.04000 -1.0000 0.0000 0.0000 0.3750 0.8750
V -0.04000 0.00750 0.04000 -1.0000 0.0000 0.0000 0.3750 0.8750
T
V 0.04000 -0.02750 -0.04000 1.0000 0.0000 0.0000 0.3750 0.8750
V 0.04000 -0.02750 0.04000 1.0000 0.0000 0.0000 0.3750 0.8750
V 0.04000 0.00750 0.04000 1.0000 0.0000 0.0000 0.3750 0.8750
T
V 0.04000 -0.02750 -0.04000 1.0000 0.0000 0.0000 0.3750 0.8750
V 0.04000 0.00750 0.04000 1.0000 0.0000 0.0000 0.3750 0.8750
V 0.04000 0.00750 -0.04000 1.0000 0.0000 0.0000 0.3750 0.8750
T
V -0.04000 0.00750 -0.04000 0.0000 1.0000 0.0000 0.3750 0.8750
V 0.04000 0.00750 -0.04000 0.0000 1.0000 0.0000 0.3750 0.8750
V 0.04000 0.00750 0.04000 0.0000 1.0000 0.0000 0.3750 0.8750
T
V -0.04000 0.00750 -0.04000 0.0000 1.0000 0.0000 0.3750 0.8750
V 0.04000 0.00750 0.04000 0.0000 1.0000 0.0000 0.3750 0.8750
V -0.04000 0.00750 0.04000 0.0000 1.0000 0.0000 0.3750 0.8750
T
V -0.04000 -0.02750 0.04000 0.0000 -1.0000 0.0000 0.3750 0.8750
V 0.04000 -0.02750 0.04000 0.0000 -1.0000 0.0000 0.3750 0.8750
V 0.04000 -0.02750 -0.04000 0.0000 -1.0000 0.0000 0.3750 0.8750
T
V -0.04000 -0.02750 0.04000 0.0000 -1.0000 0.0000 0.3750 0.8750
V 0.04000 -0.02750 -0.04000 0.0000 -1.0000 0.0000 0.3750 0.8750
V -0.04000 -0.02750 -0.04000 0.0000 -1.0000 0.0000 0.3750 0.8750
T
BONE Hand_R
V -0.03500 -0.08500 -0.01500 0.0000 0.0000 -1.0000 0.1250 0.8750
V 0.03500 -0.08500 -0.01500 0.0000 0.0000 -1.0000 0.1250 0.8750
V 0.03500 0.00500 -0.01500 0.0000 0.0000 -1.0000 0.1250 0.8750
T
V -0.03500 -0.08500 -0.01500 0.0000 0.0000 -1.0000 0.1250 0.8750
V 0.03500 0.00500 -0.01500 0.0000 0.0000 -1.0000 0.1250 0.8750
V -0.03500 0.00500 -0.01500 0.0000 0.0000 -1.0000 0.1250 0.8750
T
V 0.03500 -0.08500 0.03500 0.0000 0.0000 1.0000 0.1250 0.8750
V -0.03500 -0.08500 0.03500 0.0000 0.0000 1.0000 0.1250 0.8750
V -0.03500 0.00500 0.03500 0.0000 0.0000 1.0000 0.1250 0.8750
T
V 0.03500 -0.08500 0.03500 0.0000 0.0000 1.0000 0.1250 0.8750
V -0.03500 0.00500 0.03500 0.0000 0.0000 1.0000 0.1250 0.8750
V 0.03500 0.00500 0.03500 0.0000 0.0000 1.0000 0.1250 0.8750
T
V -0.03500 -0.08500 0.03500 -1.0000 0.0000 0.0000 0.1250 0.8750
V -0.03500 -0.08500 -0.01500 -1.0000 0.0000 0.0000 0.1250 0.8750
V -0.03500 0.00500 -0.01500 -1.0000 0.0000 0.0000 0.1250 0.8750
T
V -0.03500 -0.08500 0.03500 -1.0000 0.0000 0.0000 0.1250 0.8750
V -0.03500 0.00500 -0.01500 -1.0000 0.0000 0.0000 0.1250 0.8750
V -0.03500 0.00500 0.03500 -1.0000 0.0000 0.0000 0.1250 0.8750
T
V 0.03500 -0.08500 -0.01500 1.0000 0.0000 0.0000 0.1250 0.8750
V 0.03500 -0.08500 0.03500 1.0000 0.0000 0.0000 0.1250 0.8750
V 0.03500 0.00500 0.03500 1.0000 0.0000 0.0000 0.1250 0.8750
T
V 0.03500 -0.08500 -0.01500 1.0000 0.0000 0.0000 0.1250 0.8750
V 0.03500 0.00500 0.03500 1.0000 0.0000 0.0000 0.1250 0.8750
V 0.03500 0.00500 -0.01500 1.0000 0.0000 0.0000 0.1250 0.8750
T
V -0.03500 0.00500 -0.01500 0.0000 1.0000 0.0000 0.1250 0.8750
V 0.03500 0.00500 -0.01500 0.0000 1.0000 0.0000 0.1250 0.8750
V 0.03500 0.00500 0.03500 0.0000 1.0000 0.0000 0.1250 0.8750
T
V -0.03500 0.00500 -0.01500 0.0000 1.0000 0.0000 0.1250 0.8750
V 0.03500 0.00500 0.03500 0.0000 1.0000 0.0000 0.1250 0.8750
V -0.03500 0.00500 0.03500 0.0000 1.0000 0.0000 0.1250 0.8750
T
V -0.03500 -0.08500 0.03500 0.0000 -1.0000 0.0000 0.1250 0.8750
V 0.03500 -0.08500 0.03500 0.0000 -1.0000 0.0000 0.1250 0.8750
V 0.03500 -0.08500 -0.01500 0.0000 -1.0000 0.0000 0.1250 0.8750
T
V -0.03500 -0.08500 0.03500 0.0000 -1.0000 0.0000 0.1250 0.8750
V 0.03500 -0.08500 -0.01500 0.0000 -1.0000 0.0000 0.1250 0.8750
V -0.03500 -0.08500 -0.01500 0.0000 -1.0000 0.0000 0.1250 0.8750
T
BONE Hand_R
V -0.03750 -0.02000 -0.01750 0.0000 0.0000 -1.0000 0.3750 0.8750
V 0.03750 -0.02000 -0.01750 0.0000 0.0000 -1.0000 0.3750 0.8750
V 0.03750 0.00000 -0.01750 0.0000 0.0000 -1.0000 0.3750 0.8750
T
V -0.03750 -0.02000 -0.01750 0.0000 0.0000 -1.0000 0.3750 0.8750
V 0.03750 0.00000 -0.01750 0.0000 0.0000 -1.0000 0.3750 0.8750
V -0.03750 0.00000 -0.01750 0.0000 0.0000 -1.0000 0.3750 0.8750
T
V 0.03750 -0.02000 0.03750 0.0000 0.0000 1.0000 0.3750 0.8750
V -0.03750 -0.02000 0.03750 0.0000 0.0000 1.0000 0.3750 0.8750
V -0.03750 0.00000 0.03750 0.0000 0.0000 1.0000 0.3750 0.8750
T
V 0.03750 -0.02000 0.03750 0.0000 0.0000 1.0000 0.3750 0.8750
V -0.03750 0.00000 0.03750 0.0000 0.0000 1.0000 0.3750 0.8750
V 0.03750 0.00000 0.03750 0.0000 0.0000 1.0000 0.3750 0.8750
T
V -0.03750 -0.02000 0.03750 -1.0000 0.0000 0.0000 0.3750 0.8750
V -0.03750 -0.02000 -0.01750 -1.0000 0.0000 0.0000 0.3750 0.8750
V -0.03750 0.00000 -0.01750 -1.0000 0.0000 0.0000 0.3750 0.8750
T
V -0.03750 -0.02000 0.03750 -1.0000 0.0000 0.0000 0.3750 0.8750
V -0.03750 0.00000 -0.01750 -1.0000 0.0000 0.0000 0.3750 0.8750
V -0.03750 0.00000 0.03750 -1.0000 0.0000 0.0000 0.3750 0.8750
T
V 0.03750 -0.02000 -0.01750 1.0000 0.0000 0.0000 0.3750 0.8750
V 0.03750 -0.02000 0.03750 1.0000 0.0000 0.0000 0.3750 0.8750
V 0.03750 0.00000 0.03750 1.0000 0.0000 0.0000 0.3750 0.8750
T
V 0.03750 -0.02000 -0.01750 1.0000 0.0000 0.0000 0.3750 0.8750
V 0.03750 0.00000 0.03750 1.0000 0.0000 0.0000 0.3750 0.8750
V 0.03750 0.00000 -0.01750 1.0000 0.0000 0.0000 0.3750 0.8750
T
V -0.03750 0.00000 -0.01750 0.0000 1.0000 0.0000 0.3750 0.8750
V 0.03750 0.00000 -0.01750 0.0000 1.0000 0.0000 0.3750 0.8750
V 0.03750 0.00000 0.03750 0.0000 1.0000 0.0000 0.3750 0.8750
T
V -0.03750 0.00000 -0.01750 0.0000 1.0000 0.0000 0.3750 0.8750
V 0.03750 0.00000 0.03750 0.0000 1.0000 0.0000 0.3750 0.8750
V -0.03750 0.00000 0.03750 0.0000 1.0000 0.0000 0.3750 0.8750
T
V -0.03750 -0.02000 0.03750 0.0000 -1.0000 0.0000 0.3750 0.8750
V 0.03750 -0.02000 0.03750 0.0000 -1.0000 0.0000 0.3750 0.8750
V 0.03750 -0.02000 -0.01750 0.0000 -1.0000 0.0000 0.3750 0.8750
T
V -0.03750 -0.02000 0.03750 0.0000 -1.0000 0.0000 0.3750 0.8750
V 0.03750 -0.02000 -0.01750 0.0000 -1.0000 0.0000 0.3750 0.8750
V -0.03750 -0.02000 -0.01750 0.0000 -1.0000 0.0000 0.3750 0.8750
T
BONE Sword
V 0.00100 -0.56000 0.01000 0.0000 0.0000 -1.0000 0.1250 0.8750
V 0.01900 -0.56000 0.01000 0.0000 0.0000 -1.0000 0.1250 0.8750
V 0.01900 0.00000 0.01000 0.0000 0.0000 -1.0000 0.1250 0.8750
T
V 0.00100 -0.56000 0.01000 0.0000 0.0000 -1.0000 0.1250 0.8750
V 0.01900 0.00000 0.01000 0.0000 0.0000 -1.0000 0.1250 0.8750
V 0.00100 0.00000 0.01000 0.0000 0.0000 -1.0000 0.1250 0.8750
T
V 0.01900 -0.56000 0.05000 0.0000 0.0000 1.0000 0.1250 0.8750
V 0.00100 -0.56000 0.05000 0.0000 0.0000 1.0000 0.1250 0.8750
V 0.00100 0.00000 0.05000 0.0000 0.0000 1.0000 0.1250 0.8750
T
V 0.01900 -0.56000 0.05000 0.0000 0.0000 1.0000 0.1250 0.8750
V 0.00100 0.00000 0.05000 0.0000 0.0000 1.0000 0.1250 0.8750
V 0.01900 0.00000 0.05000 0.0000 0.0000 1.0000 0.1250 0.8750
T
V 0.00100 -0.56000 0.05000 -1.0000 0.0000 0.0000 0.1250 0.8750
V 0.00100 -0.56000 0.01000 -1.0000 0.0000 0.0000 0.1250 0.8750
V 0.00100 0.00000 0.01000 -1.0000 0.0000 0.0000 0.1250 0.8750
T
V 0.00100 -0.56000 0.05000 -1.0000 0.0000 0.0000 0.1250 0.8750
V 0.00100 0.00000 0.01000 -1.0000 0.0000 0.0000 0.1250 0.8750
V 0.00100 0.00000 0.05000 -1.0000 0.0000 0.0000 0.1250 0.8750
T
V 0.01900 -0.56000 0.01000 1.0000 0.0000 0.0000 0.1250 0.8750
V 0.01900 -0.56000 0.05000 1.0000 0.0000 0.0000 0.1250 0.8750
V 0.01900 0.00000 0.05000 1.0000 0.0000 0.0000 0.1250 0.8750
T
V 0.01900 -0.56000 0.01000 1.0000 0.0000 0.0000 0.1250 0.8750
V 0.01900 0.00000 0.05000 1.0000 0.0000 0.0000 0.1250 0.8750
V 0.01900 0.00000 0.01000 1.0000 0.0000 0.0000 0.1250 0.8750
T
V 0.00100 0.00000 0.01000 0.0000 1.0000 0.0000 0.1250 0.8750
V 0.01900 0.00000 0.01000 0.0000 1.0000 0.0000 0.1250 0.8750
V 0.01900 0.00000 0.05000 0.0000 1.0000 0.0000 0.1250 0.8750
T
V 0.00100 0.00000 0.01000 0.0000 1.0000 0.0000 0.1250 0.8750
V 0.01900 0.00000 0.05000 0.0000 1.0000 0.0000 0.1250 0.8750
V 0.00100 0.00000 0.05000 0.0000 1.0000 0.0000 0.1250 0.8750
T
V 0.00100 -0.56000 0.05000 0.0000 -1.0000 0.0000 0.1250 0.8750
V 0.01900 -0.56000 0.05000 0.0000 -1.0000 0.0000 0.1250 0.8750
V 0.01900 -0.56000 0.01000 0.0000 -1.0000 0.0000 0.1250 0.8750
T
V 0.00100 -0.56000 0.05000 0.0000 -1.0000 0.0000 0.1250 0.8750
V 0.01900 -0.56000 0.01000 0.0000 -1.0000 0.0000 0.1250 0.8750
V 0.00100 -0.56000 0.01000 0.0000 -1.0000 0.0000 0.1250 0.8750
T
BONE Sword
V -0.06000 0.03000 0.01500 0.0000 0.0000 -1.0000 0.3750 0.8750
V 0.08000 0.03000 0.01500 0.0000 0.0000 -1.0000 0.3750 0.8750
V 0.08000 0.05000 0.01500 0.0000 0.0000 -1.0000 0.3750 0.8750
T
V -0.06000 0.03000 0.01500 0.0000 0.0000 -1.0000 0.3750 0.8750
V 0.08000 0.05000 0.01500 0.0000 0.0000 -1.0000 0.3750 0.8750
V -0.06000 0.05000 0.01500 0.0000 0.0000 -1.0000 0.3750 0.8750
T
V 0.08000 0.03000 0.04500 0.0000 0.0000 1.0000 0.3750 0.8750
V -0.06000 0.03000 0.04500 0.0000 0.0000 1.0000 0.3750 0.8750
V -0.06000 0.05000 0.04500 0.0000 0.0000 1.0000 0.3750 0.8750
T
V 0.08000 0.03000 0.04500 0.0000 0.0000 1.0000 0.3750 0.8750
V -0.06000 0.05000 0.04500 0.0000 0.0000 1.0000 0.3750 0.8750
V 0.08000 0.05000 0.04500 0.0000 0.0000 1.0000 0.3750 0.8750
T
V -0.06000 0.03000 0.04500 -1.0000 0.0000 0.0000 0.3750 0.8750
V -0.06000 0.03000 0.01500 -1.0000 0.0000 0.0000 0.3750 0.8750
V -0.06000 0.05000 0.01500 -1.0000 0.0000 0.0000 0.3750 0.8750
T
V -0.06000 0.03000 0.04500 -1.0000 0.0000 0.0000 0.3750 0.8750
V -0.06000 0.05000 0.01500 -1.0000 0.0000 0.0000 0.3750 0.8750
V -0.06000 0.05000 0.04500 -1.0000 0.0000 0.0000 0.3750 0.8750
T
V 0.08000 0.03000 0.01500 1.0000 0.0000 0.0000 0.3750 0.8750
V 0.08000 0.03000 0.04500 1.0000 0.0000 0.0000 0.3750 0.8750
V 0.08000 0.05000 0.04500 1.0000 0.0000 0.0000 0.3750 0.8750
T
V 0.08000 0.03000 0.01500 1.0000 0.0000 0.0000 0.3750 0.8750
V 0.08000 0.05000 0.04500 1.0000 0.0000 0.0000 0.3750 0.8750
V 0.08000 0.05000 0.01500 1.0000 0.0000 0.0000 0.3750 0.8750
T
V -0.06000 0.05000 0.01500 0.0000 1.0000 0.0000 0.3750 0.8750
V 0.08000 0.05000 0.01500 0.0000 1.0000 0.0000 0.3750 0.8750
V 0.08000 0.05000 0.04500 0.0000 1.0000 0.0000 0.3750 0.8750
T
V -0.06000 0.05000 0.01500 0.0000 1.0000 0.0000 0.3750 0.8750
V 0.08000 0.05000 0.04500 0.0000 1.0000 0.0000 0.3750 0.8750
V -0.06000 0.05000 0.04500 0.0000 1.0000 0.0000 0.3750 0.8750
T
V -0.06000 0.03000 0.04500 0.0000 -1.0000 0.0000 0.3750 0.8750
V 0.08000 0.03000 0.04500 0.0000 -1.0000 0.0000 0.3750 0.8750
V 0.08000 0.03000 0.01500 0.0000 -1.0000 0.0000 0.3750 0.8750
T
V -0.06000 0.03000 0.04500 0.0000 -1.0000 0.0000 0.3750 0.8750
V 0.08000 0.03000 0.01500 0.0000 -1.0000 0.0000 0.3750 0.8750
V -0.06000 0.03000 0.01500 0.0000 -1.0000 0.0000 0.3750 0.8750
T
BONE Sword
V 0.01000 0.11000 0.03000 0.0000 1.0000 0.0000 0.3750 0.8750
V 0.03165 0.09500 0.03000 0.9011 0.4336 0.0000 0.3750 0.8750
V 0.01000 0.11000 0.03000 0.0000 1.0000 0.0000 0.3750 0.8750
T
V 0.01000 0.11000 0.03000 0.0000 1.0000 0.0000 0.3750 0.8750
V 0.03165 0.09500 0.03000 0.9011 0.4336 0.0000 0.3750 0.8750
V 0.02083 0.09500 0.04875 0.4506 0.4336 0.7804 0.3750 0.8750
T
V 0.01000 0.11000 0.03000 0.0000 1.0000 0.0000 0.3750 0.8750
V 0.02083 0.09500 0.04875 0.4506 0.4336 0.7804 0.3750 0.8750
V 0.01000 0.11000 0.03000 -0.0000 1.0000 0.0000 0.3750 0.8750
T
V 0.01000 0.11000 0.03000 -0.0000 1.0000 0.0000 0.3750 0.8750
V 0.02083 0.09500 0.04875 0.4506 0.4336 0.7804 0.3750 0.8750
V -0.00083 0.09500 0.04875 -0.4506 0.4336 0.7804 0.3750 0.8750
T
V 0.01000 0.11000 0.03000 -0.0000 1.0000 0.0000 0.3750 0.8750
V -0.00083 0.09500 0.04875 -0.4506 0.4336 0.7804 0.3750 0.8750
V 0.01000 0.11000 0.03000 -0.0000 1.0000 0.0000 0.3750 0.8750
T
V 0.01000 0.11000 0.03000 -0.0000 1.0000 0.0000 0.3750 0.8750
V -0.00083 0.09500 0.04875 -0.4506 0.4336 0.7804 0.3750 0.8750
V -0.01165 0.09500 0.03000 -0.9011 0.4336 0.0000 0.3750 0.8750
T
V 0.01000 0.11000 0.03000 -0.0000 1.0000 0.0000 0.3750 0.8750
V -0.01165 0.09500 0.03000 -0.9011 0.4336 0.0000 0.3750 0.8750
V 0.01000 0.11000 0.03000 -0.0000 1.0000 -0.0000 0.3750 0.8750
T
V 0.01000 0.11000 0.03000 -0.0000 1.0000 -0.0000 0.3750 0.8750
V -0.01165 0.09500 0.03000 -0.9011 0.4336 0.0000 0.3750 0.8750
V -0.00083 0.09500 0.01125 -0.4506 0.4336 -0.7804 0.3750 0.8750
T
V 0.01000 0.11000 0.03000 -0.0000 1.0000 -0.0000 0.3750 0.8750
V -0.00083 0.09500 0.01125 -0.4506 0.4336 -0.7804 0.3750 0.8750
V 0.01000 0.11000 0.03000 0.0000 1.0000 -0.0000 0.3750 0.8750
T
V 0.01000 0.11000 0.03000 0.0000 1.0000 -0.0000 0.3750 0.8750
V -0.00083 0.09500 0.01125 -0.4506 0.4336 -0.7804 0.3750 0.8750
V 0.02083 0.09500 0.01125 0.4506 0.4336 -0.7804 0.3750 0.8750
T
V 0.01000 0.11000 0.03000 0.0000 1.0000 -0.0000 0.3750 0.8750
V 0.02083 0.09500 0.01125 0.4506 0.4336 -0.7804 0.3750 0.8750
V 0.01000 0.11000 0.03000 0.0000 1.0000 -0.0000 0.3750 0.8750
T
V 0.01000 0.11000 0.03000 0.0000 1.0000 -0.0000 0.3750 0.8750
V 0.02083 0.09500 0.01125 0.4506 0.4336 -0.7804 0.3750 0.8750
V 0.03165 0.09500 0.03000 0.9011 0.4336 -0.0000 0.3750 0.8750
T
V 0.03165 0.09500 0.03000 0.9011 0.4336 0.0000 0.3750 0.8750
V 0.03165 0.06500 0.03000 0.9011 -0.4336 0.0000 0.3750 0.8750
V 0.02083 0.09500 0.04875 0.4506 0.4336 0.7804 0.3750 0.8750
T
V 0.02083 0.09500 0.04875 0.4506 0.4336 0.7804 0.3750 0.8750
V 0.03165 0.06500 0.03000 0.9011 -0.4336 0.0000 0.3750 0.8750
V 0.02083 0.06500 0.04875 0.4506 -0.4336 0.7804 0.3750 0.8750
T
V 0.02083 0.09500 0.04875 0.4506 0.4336 0.7804 0.3750 0.8750
V 0.02083 0.06500 0.04875 0.4506 -0.4336 0.7804 0.3750 0.8750
V -0.00083 0.09500 0.04875 -0.4506 0.4336 0.7804 0.3750 0.8750
T
V -0.00083 0.09500 0.04875 -0.4506 0.4336 0.7804 0.3750 0.8750
V 0.02083 0.06500 0.04875 0.4506 -0.4336 0.7804 0.3750 0.8750
V -0.00083 0.06500 0.04875 -0.4506 -0.4336 0.7804 0.3750 0.8750
T
V -0.00083 0.09500 0.04875 -0.4506 0.4336 0.7804 0.3750 0.8750
V -0.00083 0.06500 0.04875 -0.4506 -0.4336 0.7804 0.3750 0.8750
V -0.01165 0.09500 0.03000 -0.9011 0.4336 0.0000 0.3750 0.8750
T
V -0.01165 0.09500 0.03000 -0.9011 0.4336 0.0000 0.3750 0.8750
V -0.00083 0.06500 0.04875 -0.4506 -0.4336 0.7804 0.3750 0.8750
V -0.01165 0.06500 0.03000 -0.9011 -0.4336 0.0000 0.3750 0.8750
T
V -0.01165 0.09500 0.03000 -0.9011 0.4336 0.0000 0.3750 0.8750
V -0.01165 0.06500 0.03000 -0.9011 -0.4336 0.0000 0.3750 0.8750
V -0.00083 0.09500 0.01125 -0.4506 0.4336 -0.7804 0.3750 0.8750
T
V -0.00083 0.09500 0.01125 -0.4506 0.4336 -0.7804 0.3750 0.8750
V -0.01165 0.06500 0.03000 -0.9011 -0.4336 0.0000 0.3750 0.8750
V -0.00083 0.06500 0.01125 -0.4506 -0.4336 -0.7804 0.3750 0.8750
T
V -0.00083 0.09500 0.01125 -0.4506 0.4336 -0.7804 0.3750 0.8750
V -0.00083 0.06500 0.01125 -0.4506 -0.4336 -0.7804 0.3750 0.8750
V 0.02083 0.09500 0.01125 0.4506 0.4336 -0.7804 0.3750 0.8750
T
V 0.02083 0.09500 0.01125 0.4506 0.4336 -0.7804 0.3750 0.8750
V -0.00083 0.06500 0.01125 -0.4506 -0.4336 -0.7804 0.3750 0.8750
V 0.02083 0.06500 0.01125 0.4506 -0.4336 -0.7804 0.3750 0.8750
T
V 0.02083 0.09500 0.01125 0.4506 0.4336 -0.7804 0.3750 0.8750
V 0.02083 0.06500 0.01125 0.4506 -0.4336 -0.7804 0.3750 0.8750
V 0.03165 0.09500 0.03000 0.9011 0.4336 -0.0000 0.3750 0.8750
T
V 0.03165 0.09500 0.03000 0.9011 0.4336 -0.0000 0.3750 0.8750
V 0.02083 0.06500 0.01125 0.4506 -0.4336 -0.7804 0.3750 0.8750
V 0.03165 0.06500 0.03000 0.9011 -0.4336 -0.0000 0.3750 0.8750
T
V 0.03165 0.06500 0.03000 0.9011 -0.4336 0.0000 0.3750 0.8750
V 0.01000 0.05000 0.03000 0.0000 -1.0000 0.0000 0.3750 0.8750
V 0.02083 0.06500 0.04875 0.4506 -0.4336 0.7804 0.3750 0.8750
T
V 0.02083 0.06500 0.04875 0.4506 -0.4336 0.7804 0.3750 0.8750
V 0.01000 0.05000 0.03000 0.0000 -1.0000 0.0000 0.3750 0.8750
V 0.01000 0.05000 0.03000 0.0000 -1.0000 0.0000 0.3750 0.8750
T
V 0.02083 0.06500 0.04875 0.4506 -0.4336 0.7804 0.3750 0.8750
V 0.01000 0.05000 0.03000 0.0000 -1.0000 0.0000 0.3750 0.8750
V -0.00083 0.06500 0.04875 -0.4506 -0.4336 0.7804 0.3750 0.8750
T
V -0.00083 0.06500 0.04875 -0.4506 -0.4336 0.7804 0.3750 0.8750
V 0.01000 0.05000 0.03000 0.0000 -1.0000 0.0000 0.3750 0.8750
V 0.01000 0.05000 0.03000 -0.0000 -1.0000 0.0000 0.3750 0.8750
T
V -0.00083 0.06500 0.04875 -0.4506 -0.4336 0.7804 0.3750 0.8750
V 0.01000 0.05000 0.03000 -0.0000 -1.0000 0.0000 0.3750 0.8750
V -0.01165 0.06500 0.03000 -0.9011 -0.4336 0.0000 0.3750 0.8750
T
V -0.01165 0.06500 0.03000 -0.9011 -0.4336 0.0000 0.3750 0.8750
V 0.01000 0.05000 0.03000 -0.0000 -1.0000 0.0000 0.3750 0.8750
V 0.01000 0.05000 0.03000 -0.0000 -1.0000 0.0000 0.3750 0.8750
T
V -0.01165 0.06500 0.03000 -0.9011 -0.4336 0.0000 0.3750 0.8750
V 0.01000 0.05000 0.03000 -0.0000 -1.0000 0.0000 0.3750 0.8750
V -0.00083 0.06500 0.01125 -0.4506 -0.4336 -0.7804 0.3750 0.8750
T
V -0.00083 0.06500 0.01125 -0.4506 -0.4336 -0.7804 0.3750 0.8750
V 0.01000 0.05000 0.03000 -0.0000 -1.0000 0.0000 0.3750 0.8750
V 0.01000 0.05000 0.03000 -0.0000 -1.0000 -0.0000 0.3750 0.8750
T
V -0.00083 0.06500 0.01125 -0.4506 -0.4336 -0.7804 0.3750 0.8750
V 0.01000 0.05000 0.03000 -0.0000 -1.0000 -0.0000 0.3750 0.8750
V 0.02083 0.06500 0.01125 0.4506 -0.4336 -0.7804 0.3750 0.8750
T
V 0.02083 0.06500 0.01125 0.4506 -0.4336 -0.7804 0.3750 0.8750
V 0.01000 0.05000 0.03000 -0.0000 -1.0000 -0.0000 0.3750 0.8750
V 0.01000 0.05000 0.03000 0.0000 -1.0000 -0.0000 0.3750 0.8750
T
V 0.02083 0.06500 0.01125 0.4506 -0.4336 -0.7804 0.3750 0.8750
V 0.01000 0.05000 0.03000 0.0000 -1.0000 -0.0000 0.3750 0.8750
V 0.03165 0.06500 0.03000 0.9011 -0.4336 -0.0000 0.3750 0.8750
T
V 0.03165 0.06500 0.03000 0.9011 -0.4336 -0.0000 0.3750 0.8750
V 0.01000 0.05000 0.03000 0.0000 -1.0000 -0.0000 0.3750 0.8750
V 0.01000 0.05000 0.03000 0.0000 -1.0000 -0.0000 0.3750 0.8750
T
BONE UpLeg_L
V 0.00000 -0.02000 -0.07800 0.0000 0.0000 -1.0000 0.1250 0.8750
V 0.00000 -0.11000 -0.07800 0.0000 0.0000 -1.0000 0.1250 0.8750
V 0.06098 -0.02000 -0.04863 0.7818 0.0000 -0.6235 0.1250 0.8750
T
V 0.06098 -0.02000 -0.04863 0.7818 0.0000 -0.6235 0.1250 0.8750
V 0.00000 -0.11000 -0.07800 0.0000 0.0000 -1.0000 0.1250 0.8750
V 0.06098 -0.11000 -0.04863 0.7818 0.0000 -0.6235 0.1250 0.8750
T
V 0.06098 -0.02000 -0.04863 0.7818 0.0000 -0.6235 0.1250 0.8750
V 0.06098 -0.11000 -0.04863 0.7818 0.0000 -0.6235 0.1250 0.8750
V 0.07604 -0.02000 0.01736 0.9749 0.0000 0.2225 0.1250 0.8750
T
V 0.07604 -0.02000 0.01736 0.9749 0.0000 0.2225 0.1250 0.8750
V 0.06098 -0.11000 -0.04863 0.7818 0.0000 -0.6235 0.1250 0.8750
V 0.07604 -0.11000 0.01736 0.9749 0.0000 0.2225 0.1250 0.8750
T
V 0.07604 -0.02000 0.01736 0.9749 0.0000 0.2225 0.1250 0.8750
V 0.07604 -0.11000 0.01736 0.9749 0.0000 0.2225 0.1250 0.8750
V 0.03384 -0.02000 0.07028 0.4339 0.0000 0.9010 0.1250 0.8750
T
V 0.03384 -0.02000 0.07028 0.4339 0.0000 0.9010 0.1250 0.8750
V 0.07604 -0.11000 0.01736 0.9749 0.0000 0.2225 0.1250 0.8750
V 0.03384 -0.11000 0.07028 0.4339 0.0000 0.9010 0.1250 0.8750
T
V 0.03384 -0.02000 0.07028 0.4339 0.0000 0.9010 0.1250 0.8750
V 0.03384 -0.11000 0.07028 0.4339 0.0000 0.9010 0.1250 0.8750
V -0.03384 -0.02000 0.07028 -0.4339 -0.0000 0.9010 0.1250 0.8750
T
V -0.03384 -0.02000 0.07028 -0.4339 -0.0000 0.9010 0.1250 0.8750
V 0.03384 -0.11000 0.07028 0.4339 0.0000 0.9010 0.1250 0.8750
V -0.03384 -0.11000 0.07028 -0.4339 -0.0000 0.9010 0.1250 0.8750
T
V -0.03384 -0.02000 0.07028 -0.4339 -0.0000 0.9010 0.1250 0.8750
V -0.03384 -0.11000 0.07028 -0.4339 -0.0000 0.9010 0.1250 0.8750
V -0.07604 -0.02000 0.01736 -0.9749 -0.0000 0.2225 0.1250 0.8750
T
V -0.07604 -0.02000 0.01736 -0.9749 -0.0000 0.2225 0.1250 0.8750
V -0.03384 -0.11000 0.07028 -0.4339 -0.0000 0.9010 0.1250 0.8750
V -0.07604 -0.11000 0.01736 -0.9749 -0.0000 0.2225 0.1250 0.8750
T
V -0.07604 -0.02000 0.01736 -0.9749 -0.0000 0.2225 0.1250 0.8750
V -0.07604 -0.11000 0.01736 -0.9749 -0.0000 0.2225 0.1250 0.8750
V -0.06098 -0.02000 -0.04863 -0.7818 0.0000 -0.6235 0.1250 0.8750
T
V -0.06098 -0.02000 -0.04863 -0.7818 0.0000 -0.6235 0.1250 0.8750
V -0.07604 -0.11000 0.01736 -0.9749 -0.0000 0.2225 0.1250 0.8750
V -0.06098 -0.11000 -0.04863 -0.7818 0.0000 -0.6235 0.1250 0.8750
T
V -0.06098 -0.02000 -0.04863 -0.7818 0.0000 -0.6235 0.1250 0.8750
V -0.06098 -0.11000 -0.04863 -0.7818 0.0000 -0.6235 0.1250 0.8750
V 0.00000 -0.02000 -0.07800 0.0000 0.0000 -1.0000 0.1250 0.8750
T
V 0.00000 -0.02000 -0.07800 0.0000 0.0000 -1.0000 0.1250 0.8750
V -0.06098 -0.11000 -0.04863 -0.7818 0.0000 -0.6235 0.1250 0.8750
V 0.00000 -0.11000 -0.07800 0.0000 0.0000 -1.0000 0.1250 0.8750
T
V 0.00000 -0.11000 -0.07800 0.0000 0.0000 -1.0000 0.1250 0.8750
V 0.00000 -0.20000 -0.07800 0.0000 0.0000 -1.0000 0.1250 0.8750
V 0.06098 -0.11000 -0.04863 0.7818 0.0000 -0.6235 0.1250 0.8750
T
V 0.06098 -0.11000 -0.04863 0.7818 0.0000 -0.6235 0.1250 0.8750
V 0.00000 -0.20000 -0.07800 0.0000 0.0000 -1.0000 0.1250 0.8750
V 0.06098 -0.20000 -0.04863 0.7818 0.0000 -0.6235 0.1250 0.8750
T
V 0.06098 -0.11000 -0.04863 0.7818 0.0000 -0.6235 0.1250 0.8750
V 0.06098 -0.20000 -0.04863 0.7818 0.0000 -0.6235 0.1250 0.8750
V 0.07604 -0.11000 0.01736 0.9749 0.0000 0.2225 0.1250 0.8750
T
V 0.07604 -0.11000 0.01736 0.9749 0.0000 0.2225 0.1250 0.8750
V 0.06098 -0.20000 -0.04863 0.7818 0.0000 -0.6235 0.1250 0.8750
V 0.07604 -0.20000 0.01736 0.9749 0.0000 0.2225 0.1250 0.8750
T
V 0.07604 -0.11000 0.01736 0.9749 0.0000 0.2225 0.1250 0.8750
V 0.07604 -0.20000 0.01736 0.9749 0.0000 0.2225 0.1250 0.8750
V 0.03384 -0.11000 0.07028 0.4339 0.0000 0.9010 0.1250 0.8750
T
V 0.03384 -0.11000 0.07028 0.4339 0.0000 0.9010 0.1250 0.8750
V 0.07604 -0.20000 0.01736 0.9749 0.0000 0.2225 0.1250 0.8750
V 0.03384 -0.20000 0.07028 0.4339 0.0000 0.9010 0.1250 0.8750
T
V 0.03384 -0.11000 0.07028 0.4339 0.0000 0.9010 0.1250 0.8750
V 0.03384 -0.20000 0.07028 0.4339 0.0000 0.9010 0.1250 0.8750
V -0.03384 -0.11000 0.07028 -0.4339 -0.0000 0.9010 0.1250 0.8750
T
V -0.03384 -0.11000 0.07028 -0.4339 -0.0000 0.9010 0.1250 0.8750
V 0.03384 -0.20000 0.07028 0.4339 0.0000 0.9010 0.1250 0.8750
V -0.03384 -0.20000 0.07028 -0.4339 -0.0000 0.9010 0.1250 0.8750
T
V -0.03384 -0.11000 0.07028 -0.4339 -0.0000 0.9010 0.1250 0.8750
V -0.03384 -0.20000 0.07028 -0.4339 -0.0000 0.9010 0.1250 0.8750
V -0.07604 -0.11000 0.01736 -0.9749 -0.0000 0.2225 0.1250 0.8750
T
V -0.07604 -0.11000 0.01736 -0.9749 -0.0000 0.2225 0.1250 0.8750
V -0.03384 -0.20000 0.07028 -0.4339 -0.0000 0.9010 0.1250 0.8750
V -0.07604 -0.20000 0.01736 -0.9749 -0.0000 0.2225 0.1250 0.8750
T
V -0.07604 -0.11000 0.01736 -0.9749 -0.0000 0.2225 0.1250 0.8750
V -0.07604 -0.20000 0.01736 -0.9749 -0.0000 0.2225 0.1250 0.8750
V -0.06098 -0.11000 -0.04863 -0.7818 0.0000 -0.6235 0.1250 0.8750
T
V -0.06098 -0.11000 -0.04863 -0.7818 0.0000 -0.6235 0.1250 0.8750
V -0.07604 -0.20000 0.01736 -0.9749 -0.0000 0.2225 0.1250 0.8750
V -0.06098 -0.20000 -0.04863 -0.7818 0.0000 -0.6235 0.1250 0.8750
T
V -0.06098 -0.11000 -0.04863 -0.7818 0.0000 -0.6235 0.1250 0.8750
V -0.06098 -0.20000 -0.04863 -0.7818 0.0000 -0.6235 0.1250 0.8750
V 0.00000 -0.11000 -0.07800 0.0000 0.0000 -1.0000 0.1250 0.8750
T
V 0.00000 -0.11000 -0.07800 0.0000 0.0000 -1.0000 0.1250 0.8750
V -0.06098 -0.20000 -0.04863 -0.7818 0.0000 -0.6235 0.1250 0.8750
V 0.00000 -0.20000 -0.07800 0.0000 0.0000 -1.0000 0.1250 0.8750
T
V 0.00000 -0.20000 -0.07800 0.0000 0.0000 -1.0000 0.1250 0.8750
V 0.00000 -0.29000 -0.07800 0.0000 0.0000 -1.0000 0.1250 0.8750
V 0.06098 -0.20000 -0.04863 0.7818 0.0000 -0.6235 0.1250 0.8750
T
V 0.06098 -0.20000 -0.04863 0.7818 0.0000 -0.6235 0.1250 0.8750
V 0.00000 -0.29000 -0.07800 0.0000 0.0000 -1.0000 0.1250 0.8750
V 0.06098 -0.29000 -0.04863 0.7818 0.0000 -0.6235 0.1250 0.8750
T
V 0.06098 -0.20000 -0.04863 0.7818 0.0000 -0.6235 0.1250 0.8750
V 0.06098 -0.29000 -0.04863 0.7818 0.0000 -0.6235 0.1250 0.8750
V 0.07604 -0.20000 0.01736 0.9749 0.0000 0.2225 0.1250 0.8750
T
V 0.07604 -0.20000 0.01736 0.9749 0.0000 0.2225 0.1250 0.8750
V 0.06098 -0.29000 -0.04863 0.7818 0.0000 -0.6235 0.1250 0.8750
V 0.07604 -0.29000 0.01736 0.9749 0.0000 0.2225 0.1250 0.8750
T
V 0.07604 -0.20000 0.01736 0.9749 0.0000 0.2225 0.1250 0.8750
V 0.07604 -0.29000 0.01736 0.9749 0.0000 0.2225 0.1250 0.8750
V 0.03384 -0.20000 0.07028 0.4339 0.0000 0.9010 0.1250 0.8750
T
V 0.03384 -0.20000 0.07028 0.4339 0.0000 0.9010 0.1250 0.8750
V 0.07604 -0.29000 0.01736 0.9749 0.0000 0.2225 0.1250 0.8750
V 0.03384 -0.29000 0.07028 0.4339 0.0000 0.9010 0.1250 0.8750
T
V 0.03384 -0.20000 0.07028 0.4339 0.0000 0.9010 0.1250 0.8750
V 0.03384 -0.29000 0.07028 0.4339 0.0000 0.9010 0.1250 0.8750
V -0.03384 -0.20000 0.07028 -0.4339 -0.0000 0.9010 0.1250 0.8750
T
V -0.03384 -0.20000 0.07028 -0.4339 -0.0000 0.9010 0.1250 0.8750
V 0.03384 -0.29000 0.07028 0.4339 0.0000 0.9010 0.1250 0.8750
V -0.03384 -0.29000 0.07028 -0.4339 -0.0000 0.9010 0.1250 0.8750
T
V -0.03384 -0.20000 0.07028 -0.4339 -0.0000 0.9010 0.1250 0.8750
V -0.03384 -0.29000 0.07028 -0.4339 -0.0000 0.9010 0.1250 0.8750
V -0.07604 -0.20000 0.01736 -0.9749 -0.0000 0.2225 0.1250 0.8750
T
V -0.07604 -0.20000 0.01736 -0.9749 -0.0000 0.2225 0.1250 0.8750
V -0.03384 -0.29000 0.07028 -0.4339 -0.0000 0.9010 0.1250 0.8750
V -0.07604 -0.29000 0.01736 -0.9749 -0.0000 0.2225 0.1250 0.8750
T
V -0.07604 -0.20000 0.01736 -0.9749 -0.0000 0.2225 0.1250 0.8750
V -0.07604 -0.29000 0.01736 -0.9749 -0.0000 0.2225 0.1250 0.8750
V -0.06098 -0.20000 -0.04863 -0.7818 0.0000 -0.6235 0.1250 0.8750
T
V -0.06098 -0.20000 -0.04863 -0.7818 0.0000 -0.6235 0.1250 0.8750
V -0.07604 -0.29000 0.01736 -0.9749 -0.0000 0.2225 0.1250 0.8750
V -0.06098 -0.29000 -0.04863 -0.7818 0.0000 -0.6235 0.1250 0.8750
T
V -0.06098 -0.20000 -0.04863 -0.7818 0.0000 -0.6235 0.1250 0.8750
V -0.06098 -0.29000 -0.04863 -0.7818 0.0000 -0.6235 0.1250 0.8750
V 0.00000 -0.20000 -0.07800 0.0000 0.0000 -1.0000 0.1250 0.8750
T
V 0.00000 -0.20000 -0.07800 0.0000 0.0000 -1.0000 0.1250 0.8750
V -0.06098 -0.29000 -0.04863 -0.7818 0.0000 -0.6235 0.1250 0.8750
V 0.00000 -0.29000 -0.07800 0.0000 0.0000 -1.0000 0.1250 0.8750
T
V 0.00000 -0.29000 -0.07800 0.0000 0.0000 -1.0000 0.1250 0.8750
V 0.00000 -0.38000 -0.07800 0.0000 0.0000 -1.0000 0.1250 0.8750
V 0.06098 -0.29000 -0.04863 0.7818 0.0000 -0.6235 0.1250 0.8750
T
V 0.06098 -0.29000 -0.04863 0.7818 0.0000 -0.6235 0.1250 0.8750
V 0.00000 -0.38000 -0.07800 0.0000 0.0000 -1.0000 0.1250 0.8750
V 0.06098 -0.38000 -0.04863 0.7818 0.0000 -0.6235 0.1250 0.8750
T
V 0.06098 -0.29000 -0.04863 0.7818 0.0000 -0.6235 0.1250 0.8750
V 0.06098 -0.38000 -0.04863 0.7818 0.0000 -0.6235 0.1250 0.8750
V 0.07604 -0.29000 0.01736 0.9749 0.0000 0.2225 0.1250 0.8750
T
V 0.07604 -0.29000 0.01736 0.9749 0.0000 0.2225 0.1250 0.8750
V 0.06098 -0.38000 -0.04863 0.7818 0.0000 -0.6235 0.1250 0.8750
V 0.07604 -0.38000 0.01736 0.9749 0.0000 0.2225 0.1250 0.8750
T
V 0.07604 -0.29000 0.01736 0.9749 0.0000 0.2225 0.1250 0.8750
V 0.07604 -0.38000 0.01736 0.9749 0.0000 0.2225 0.1250 0.8750
V 0.03384 -0.29000 0.07028 0.4339 0.0000 0.9010 0.1250 0.8750
T
V 0.03384 -0.29000 0.07028 0.4339 0.0000 0.9010 0.1250 0.8750
V 0.07604 -0.38000 0.01736 0.9749 0.0000 0.2225 0.1250 0.8750
V 0.03384 -0.38000 0.07028 0.4339 0.0000 0.9010 0.1250 0.8750
T
V 0.03384 -0.29000 0.07028 0.4339 0.0000 0.9010 0.1250 0.8750
V 0.03384 -0.38000 0.07028 0.4339 0.0000 0.9010 0.1250 0.8750
V -0.03384 -0.29000 0.07028 -0.4339 -0.0000 0.9010 0.1250 0.8750
T
V -0.03384 -0.29000 0.07028 -0.4339 -0.0000 0.9010 0.1250 0.8750
V 0.03384 -0.38000 0.07028 0.4339 0.0000 0.9010 0.1250 0.8750
V -0.03384 -0.38000 0.07028 -0.4339 -0.0000 0.9010 0.1250 0.8750
T
V -0.03384 -0.29000 0.07028 -0.4339 -0.0000 0.9010 0.1250 0.8750
V -0.03384 -0.38000 0.07028 -0.4339 -0.0000 0.9010 0.1250 0.8750
V -0.07604 -0.29000 0.01736 -0.9749 -0.0000 0.2225 0.1250 0.8750
T
V -0.07604 -0.29000 0.01736 -0.9749 -0.0000 0.2225 0.1250 0.8750
V -0.03384 -0.38000 0.07028 -0.4339 -0.0000 0.9010 0.1250 0.8750
V -0.07604 -0.38000 0.01736 -0.9749 -0.0000 0.2225 0.1250 0.8750
T
V -0.07604 -0.29000 0.01736 -0.9749 -0.0000 0.2225 0.1250 0.8750
V -0.07604 -0.38000 0.01736 -0.9749 -0.0000 0.2225 0.1250 0.8750
V -0.06098 -0.29000 -0.04863 -0.7818 0.0000 -0.6235 0.1250 0.8750
T
V -0.06098 -0.29000 -0.04863 -0.7818 0.0000 -0.6235 0.1250 0.8750
V -0.07604 -0.38000 0.01736 -0.9749 -0.0000 0.2225 0.1250 0.8750
V -0.06098 -0.38000 -0.04863 -0.7818 0.0000 -0.6235 0.1250 0.8750
T
V -0.06098 -0.29000 -0.04863 -0.7818 0.0000 -0.6235 0.1250 0.8750
V -0.06098 -0.38000 -0.04863 -0.7818 0.0000 -0.6235 0.1250 0.8750
V 0.00000 -0.29000 -0.07800 0.0000 0.0000 -1.0000 0.1250 0.8750
T
V 0.00000 -0.29000 -0.07800 0.0000 0.0000 -1.0000 0.1250 0.8750
V -0.06098 -0.38000 -0.04863 -0.7818 0.0000 -0.6235 0.1250 0.8750
V 0.00000 -0.38000 -0.07800 0.0000 0.0000 -1.0000 0.1250 0.8750
T
V 0.00000 0.05800 0.00000 0.0000 1.0000 0.0000 0.1250 0.8750
V 0.06755 0.01900 0.00000 0.8660 0.5000 0.0000 0.1250 0.8750
V 0.00000 0.05800 0.00000 0.0000 1.0000 0.0000 0.1250 0.8750
T
V 0.00000 0.05800 0.00000 0.0000 1.0000 0.0000 0.1250 0.8750
V 0.06755 0.01900 0.00000 0.8660 0.5000 0.0000 0.1250 0.8750
V 0.04212 0.01900 0.05281 0.5400 0.5000 0.6771 0.1250 0.8750
T
V 0.00000 0.05800 0.00000 0.0000 1.0000 0.0000 0.1250 0.8750
V 0.04212 0.01900 0.05281 0.5400 0.5000 0.6771 0.1250 0.8750
V 0.00000 0.05800 0.00000 -0.0000 1.0000 0.0000 0.1250 0.8750
T
V 0.00000 0.05800 0.00000 -0.0000 1.0000 0.0000 0.1250 0.8750
V 0.04212 0.01900 0.05281 0.5400 0.5000 0.6771 0.1250 0.8750
V -0.01503 0.01900 0.06586 -0.1927 0.5000 0.8443 0.1250 0.8750
T
V 0.00000 0.05800 0.00000 -0.0000 1.0000 0.0000 0.1250 0.8750
V -0.01503 0.01900 0.06586 -0.1927 0.5000 0.8443 0.1250 0.8750
V 0.00000 0.05800 0.00000 -0.0000 1.0000 0.0000 0.1250 0.8750
T
V 0.00000 0.05800 0.00000 -0.0000 1.0000 0.0000 0.1250 0.8750
V -0.01503 0.01900 0.06586 -0.1927 0.5000 0.8443 0.1250 0.8750
V -0.06086 0.01900 0.02931 -0.7803 0.5000 0.3758 0.1250 0.8750
T
V 0.00000 0.05800 0.00000 -0.0000 1.0000 0.0000 0.1250 0.8750
V -0.06086 0.01900 0.02931 -0.7803 0.5000 0.3758 0.1250 0.8750
V 0.00000 0.05800 0.00000 -0.0000 1.0000 -0.0000 0.1250 0.8750
T
V 0.00000 0.05800 0.00000 -0.0000 1.0000 -0.0000 0.1250 0.8750
V -0.06086 0.01900 0.02931 -0.7803 0.5000 0.3758 0.1250 0.8750
V -0.06086 0.01900 -0.02931 -0.7803 0.5000 -0.3758 0.1250 0.8750
T
V 0.00000 0.05800 0.00000 -0.0000 1.0000 -0.0000 0.1250 0.8750
V -0.06086 0.01900 -0.02931 -0.7803 0.5000 -0.3758 0.1250 0.8750
V 0.00000 0.05800 0.00000 -0.0000 1.0000 -0.0000 0.1250 0.8750
T
V 0.00000 0.05800 0.00000 -0.0000 1.0000 -0.0000 0.1250 0.8750
V -0.06086 0.01900 -0.02931 -0.7803 0.5000 -0.3758 0.1250 0.8750
V -0.01503 0.01900 -0.06586 -0.1927 0.5000 -0.8443 0.1250 0.8750
T
V 0.00000 0.05800 0.00000 -0.0000 1.0000 -0.0000 0.1250 0.8750
V -0.01503 0.01900 -0.06586 -0.1927 0.5000 -0.8443 0.1250 0.8750
V 0.00000 0.05800 0.00000 0.0000 1.0000 -0.0000 0.1250 0.8750
T
V 0.00000 0.05800 0.00000 0.0000 1.0000 -0.0000 0.1250 0.8750
V -0.01503 0.01900 -0.06586 -0.1927 0.5000 -0.8443 0.1250 0.8750
V 0.04212 0.01900 -0.05281 0.5400 0.5000 -0.6771 0.1250 0.8750
T
V 0.00000 0.05800 0.00000 0.0000 1.0000 -0.0000 0.1250 0.8750
V 0.04212 0.01900 -0.05281 0.5400 0.5000 -0.6771 0.1250 0.8750
V 0.00000 0.05800 0.00000 0.0000 1.0000 -0.0000 0.1250 0.8750
T
V 0.00000 0.05800 0.00000 0.0000 1.0000 -0.0000 0.1250 0.8750
V 0.04212 0.01900 -0.05281 0.5400 0.5000 -0.6771 0.1250 0.8750
V 0.06755 0.01900 -0.00000 0.8660 0.5000 -0.0000 0.1250 0.8750
T
V 0.06755 0.01900 0.00000 0.8660 0.5000 0.0000 0.1250 0.8750
V 0.06755 -0.05900 0.00000 0.8660 -0.5000 0.0000 0.1250 0.8750
V 0.04212 0.01900 0.05281 0.5400 0.5000 0.6771 0.1250 0.8750
T
V 0.04212 0.01900 0.05281 0.5400 0.5000 0.6771 0.1250 0.8750
V 0.06755 -0.05900 0.00000 0.8660 -0.5000 0.0000 0.1250 0.8750
V 0.04212 -0.05900 0.05281 0.5400 -0.5000 0.6771 0.1250 0.8750
T
V 0.04212 0.01900 0.05281 0.5400 0.5000 0.6771 0.1250 0.8750
V 0.04212 -0.05900 0.05281 0.5400 -0.5000 0.6771 0.1250 0.8750
V -0.01503 0.01900 0.06586 -0.1927 0.5000 0.8443 0.1250 0.8750
T
V -0.01503 0.01900 0.06586 -0.1927 0.5000 0.8443 0.1250 0.8750
V 0.04212 -0.05900 0.05281 0.5400 -0.5000 0.6771 0.1250 0.8750
V -0.01503 -0.05900 0.06586 -0.1927 -0.5000 0.8443 0.1250 0.8750
T
V -0.01503 0.01900 0.06586 -0.1927 0.5000 0.8443 0.1250 0.8750
V -0.01503 -0.05900 0.06586 -0.1927 -0.5000 0.8443 0.1250 0.8750
V -0.06086 0.01900 0.02931 -0.7803 0.5000 0.3758 0.1250 0.8750
T
V -0.06086 0.01900 0.02931 -0.7803 0.5000 0.3758 0.1250 0.8750
V -0.01503 -0.05900 0.06586 -0.1927 -0.5000 0.8443 0.1250 0.8750
V -0.06086 -0.05900 0.02931 -0.7803 -0.5000 0.3758 0.1250 0.8750
T
V -0.06086 0.01900 0.02931 -0.7803 0.5000 0.3758 0.1250 0.8750
V -0.06086 -0.05900 0.02931 -0.7803 -0.5000 0.3758 0.1250 0.8750
V -0.06086 0.01900 -0.02931 -0.7803 0.5000 -0.3758 0.1250 0.8750
T
V -0.06086 0.01900 -0.02931 -0.7803 0.5000 -0.3758 0.1250 0.8750
V -0.06086 -0.05900 0.02931 -0.7803 -0.5000 0.3758 0.1250 0.8750
V -0.06086 -0.05900 -0.02931 -0.7803 -0.5000 -0.3758 0.1250 0.8750
T
V -0.06086 0.01900 -0.02931 -0.7803 0.5000 -0.3758 0.1250 0.8750
V -0.06086 -0.05900 -0.02931 -0.7803 -0.5000 -0.3758 0.1250 0.8750
V -0.01503 0.01900 -0.06586 -0.1927 0.5000 -0.8443 0.1250 0.8750
T
V -0.01503 0.01900 -0.06586 -0.1927 0.5000 -0.8443 0.1250 0.8750
V -0.06086 -0.05900 -0.02931 -0.7803 -0.5000 -0.3758 0.1250 0.8750
V -0.01503 -0.05900 -0.06586 -0.1927 -0.5000 -0.8443 0.1250 0.8750
T
V -0.01503 0.01900 -0.06586 -0.1927 0.5000 -0.8443 0.1250 0.8750
V -0.01503 -0.05900 -0.06586 -0.1927 -0.5000 -0.8443 0.1250 0.8750
V 0.04212 0.01900 -0.05281 0.5400 0.5000 -0.6771 0.1250 0.8750
T
V 0.04212 0.01900 -0.05281 0.5400 0.5000 -0.6771 0.1250 0.8750
V -0.01503 -0.05900 -0.06586 -0.1927 -0.5000 -0.8443 0.1250 0.8750
V 0.04212 -0.05900 -0.05281 0.5400 -0.5000 -0.6771 0.1250 0.8750
T
V 0.04212 0.01900 -0.05281 0.5400 0.5000 -0.6771 0.1250 0.8750
V 0.04212 -0.05900 -0.05281 0.5400 -0.5000 -0.6771 0.1250 0.8750
V 0.06755 0.01900 -0.00000 0.8660 0.5000 -0.0000 0.1250 0.8750
T
V 0.06755 0.01900 -0.00000 0.8660 0.5000 -0.0000 0.1250 0.8750
V 0.04212 -0.05900 -0.05281 0.5400 -0.5000 -0.6771 0.1250 0.8750
V 0.06755 -0.05900 -0.00000 0.8660 -0.5000 -0.0000 0.1250 0.8750
T
V 0.06755 -0.05900 0.00000 0.8660 -0.5000 0.0000 0.1250 0.8750
V 0.00000 -0.09800 0.00000 0.0000 -1.0000 0.0000 0.1250 0.8750
V 0.04212 -0.05900 0.05281 0.5400 -0.5000 0.6771 0.1250 0.8750
T
V 0.04212 -0.05900 0.05281 0.5400 -0.5000 0.6771 0.1250 0.8750
V 0.00000 -0.09800 0.00000 0.0000 -1.0000 0.0000 0.1250 0.8750
V 0.00000 -0.09800 0.00000 0.0000 -1.0000 0.0000 0.1250 0.8750
T
V 0.04212 -0.05900 0.05281 0.5400 -0.5000 0.6771 0.1250 0.8750
V 0.00000 -0.09800 0.00000 0.0000 -1.0000 0.0000 0.1250 0.8750
V -0.01503 -0.05900 0.06586 -0.1927 -0.5000 0.8443 0.1250 0.8750
T
V -0.01503 -0.05900 0.06586 -0.1927 -0.5000 0.8443 0.1250 0.8750
V 0.00000 -0.09800 0.00000 0.0000 -1.0000 0.0000 0.1250 0.8750
V -0.00000 -0.09800 0.00000 -0.0000 -1.0000 0.0000 0.1250 0.8750
T
V -0.01503 -0.05900 0.06586 -0.1927 -0.5000 0.8443 0.1250 0.8750
V -0.00000 -0.09800 0.00000 -0.0000 -1.0000 0.0000 0.1250 0.8750
V -0.06086 -0.05900 0.02931 -0.7803 -0.5000 0.3758 0.1250 0.8750
T
V -0.06086 -0.05900 0.02931 -0.7803 -0.5000 0.3758 0.1250 0.8750
V -0.00000 -0.09800 0.00000 -0.0000 -1.0000 0.0000 0.1250 0.8750
V -0.00000 -0.09800 0.00000 -0.0000 -1.0000 0.0000 0.1250 0.8750
T
V -0.06086 -0.05900 0.02931 -0.7803 -0.5000 0.3758 0.1250 0.8750
V -0.00000 -0.09800 0.00000 -0.0000 -1.0000 0.0000 0.1250 0.8750
V -0.06086 -0.05900 -0.02931 -0.7803 -0.5000 -0.3758 0.1250 0.8750
T
V -0.06086 -0.05900 -0.02931 -0.7803 -0.5000 -0.3758 0.1250 0.8750
V -0.00000 -0.09800 0.00000 -0.0000 -1.0000 0.0000 0.1250 0.8750
V -0.00000 -0.09800 -0.00000 -0.0000 -1.0000 -0.0000 0.1250 0.8750
T
V -0.06086 -0.05900 -0.02931 -0.7803 -0.5000 -0.3758 0.1250 0.8750
V -0.00000 -0.09800 -0.00000 -0.0000 -1.0000 -0.0000 0.1250 0.8750
V -0.01503 -0.05900 -0.06586 -0.1927 -0.5000 -0.8443 0.1250 0.8750
T
V -0.01503 -0.05900 -0.06586 -0.1927 -0.5000 -0.8443 0.1250 0.8750
V -0.00000 -0.09800 -0.00000 -0.0000 -1.0000 -0.0000 0.1250 0.8750
V -0.00000 -0.09800 -0.00000 -0.0000 -1.0000 -0.0000 0.1250 0.8750
T
V -0.01503 -0.05900 -0.06586 -0.1927 -0.5000 -0.8443 0.1250 0.8750
V -0.00000 -0.09800 -0.00000 -0.0000 -1.0000 -0.0000 0.1250 0.8750
V 0.04212 -0.05900 -0.05281 0.5400 -0.5000 -0.6771 0.1250 0.8750
T
V 0.04212 -0.05900 -0.05281 0.5400 -0.5000 -0.6771 0.1250 0.8750
V -0.00000 -0.09800 -0.00000 -0.0000 -1.0000 -0.0000 0.1250 0.8750
V 0.00000 -0.09800 -0.00000 0.0000 -1.0000 -0.0000 0.1250 0.8750
T
V 0.04212 -0.05900 -0.05281 0.5400 -0.5000 -0.6771 0.1250 0.8750
V 0.00000 -0.09800 -0.00000 0.0000 -1.0000 -0.0000 0.1250 0.8750
V 0.06755 -0.05900 -0.00000 0.8660 -0.5000 -0.0000 0.1250 0.8750
T
V 0.06755 -0.05900 -0.00000 0.8660 -0.5000 -0.0000 0.1250 0.8750
V 0.00000 -0.09800 -0.00000 0.0000 -1.0000 -0.0000 0.1250 0.8750
V 0.00000 -0.09800 -0.00000 0.0000 -1.0000 -0.0000 0.1250 0.8750
T
V 0.00000 -0.30200 0.00000 0.0000 1.0000 0.0000 0.1250 0.8750
V 0.06755 -0.34100 0.00000 0.8660 0.5000 0.0000 0.1250 0.8750
V 0.00000 -0.30200 0.00000 0.0000 1.0000 0.0000 0.1250 0.8750
T
V 0.00000 -0.30200 0.00000 0.0000 1.0000 0.0000 0.1250 0.8750
V 0.06755 -0.34100 0.00000 0.8660 0.5000 0.0000 0.1250 0.8750
V 0.04212 -0.34100 0.05281 0.5400 0.5000 0.6771 0.1250 0.8750
T
V 0.00000 -0.30200 0.00000 0.0000 1.0000 0.0000 0.1250 0.8750
V 0.04212 -0.34100 0.05281 0.5400 0.5000 0.6771 0.1250 0.8750
V 0.00000 -0.30200 0.00000 -0.0000 1.0000 0.0000 0.1250 0.8750
T
V 0.00000 -0.30200 0.00000 -0.0000 1.0000 0.0000 0.1250 0.8750
V 0.04212 -0.34100 0.05281 0.5400 0.5000 0.6771 0.1250 0.8750
V -0.01503 -0.34100 0.06586 -0.1927 0.5000 0.8443 0.1250 0.8750
T
V 0.00000 -0.30200 0.00000 -0.0000 1.0000 0.0000 0.1250 0.8750
V -0.01503 -0.34100 0.06586 -0.1927 0.5000 0.8443 0.1250 0.8750
V 0.00000 -0.30200 0.00000 -0.0000 1.0000 0.0000 0.1250 0.8750
T
V 0.00000 -0.30200 0.00000 -0.0000 1.0000 0.0000 0.1250 0.8750
V -0.01503 -0.34100 0.06586 -0.1927 0.5000 0.8443 0.1250 0.8750
V -0.06086 -0.34100 0.02931 -0.7803 0.5000 0.3758 0.1250 0.8750
T
V 0.00000 -0.30200 0.00000 -0.0000 1.0000 0.0000 0.1250 0.8750
V -0.06086 -0.34100 0.02931 -0.7803 0.5000 0.3758 0.1250 0.8750
V 0.00000 -0.30200 0.00000 -0.0000 1.0000 -0.0000 0.1250 0.8750
T
V 0.00000 -0.30200 0.00000 -0.0000 1.0000 -0.0000 0.1250 0.8750
V -0.06086 -0.34100 0.02931 -0.7803 0.5000 0.3758 0.1250 0.8750
V -0.06086 -0.34100 -0.02931 -0.7803 0.5000 -0.3758 0.1250 0.8750
T
V 0.00000 -0.30200 0.00000 -0.0000 1.0000 -0.0000 0.1250 0.8750
V -0.06086 -0.34100 -0.02931 -0.7803 0.5000 -0.3758 0.1250 0.8750
V 0.00000 -0.30200 0.00000 -0.0000 1.0000 -0.0000 0.1250 0.8750
T
V 0.00000 -0.30200 0.00000 -0.0000 1.0000 -0.0000 0.1250 0.8750
V -0.06086 -0.34100 -0.02931 -0.7803 0.5000 -0.3758 0.1250 0.8750
V -0.01503 -0.34100 -0.06586 -0.1927 0.5000 -0.8443 0.1250 0.8750
T
V 0.00000 -0.30200 0.00000 -0.0000 1.0000 -0.0000 0.1250 0.8750
V -0.01503 -0.34100 -0.06586 -0.1927 0.5000 -0.8443 0.1250 0.8750
V 0.00000 -0.30200 0.00000 0.0000 1.0000 -0.0000 0.1250 0.8750
T
V 0.00000 -0.30200 0.00000 0.0000 1.0000 -0.0000 0.1250 0.8750
V -0.01503 -0.34100 -0.06586 -0.1927 0.5000 -0.8443 0.1250 0.8750
V 0.04212 -0.34100 -0.05281 0.5400 0.5000 -0.6771 0.1250 0.8750
T
V 0.00000 -0.30200 0.00000 0.0000 1.0000 -0.0000 0.1250 0.8750
V 0.04212 -0.34100 -0.05281 0.5400 0.5000 -0.6771 0.1250 0.8750
V 0.00000 -0.30200 0.00000 0.0000 1.0000 -0.0000 0.1250 0.8750
T
V 0.00000 -0.30200 0.00000 0.0000 1.0000 -0.0000 0.1250 0.8750
V 0.04212 -0.34100 -0.05281 0.5400 0.5000 -0.6771 0.1250 0.8750
V 0.06755 -0.34100 -0.00000 0.8660 0.5000 -0.0000 0.1250 0.8750
T
V 0.06755 -0.34100 0.00000 0.8660 0.5000 0.0000 0.1250 0.8750
V 0.06755 -0.41900 0.00000 0.8660 -0.5000 0.0000 0.1250 0.8750
V 0.04212 -0.34100 0.05281 0.5400 0.5000 0.6771 0.1250 0.8750
T
V 0.04212 -0.34100 0.05281 0.5400 0.5000 0.6771 0.1250 0.8750
V 0.06755 -0.41900 0.00000 0.8660 -0.5000 0.0000 0.1250 0.8750
V 0.04212 -0.41900 0.05281 0.5400 -0.5000 0.6771 0.1250 0.8750
T
V 0.04212 -0.34100 0.05281 0.5400 0.5000 0.6771 0.1250 0.8750
V 0.04212 -0.41900 0.05281 0.5400 -0.5000 0.6771 0.1250 0.8750
V -0.01503 -0.34100 0.06586 -0.1927 0.5000 0.8443 0.1250 0.8750
T
V -0.01503 -0.34100 0.06586 -0.1927 0.5000 0.8443 0.1250 0.8750
V 0.04212 -0.41900 0.05281 0.5400 -0.5000 0.6771 0.1250 0.8750
V -0.01503 -0.41900 0.06586 -0.1927 -0.5000 0.8443 0.1250 0.8750
T
V -0.01503 -0.34100 0.06586 -0.1927 0.5000 0.8443 0.1250 0.8750
V -0.01503 -0.41900 0.06586 -0.1927 -0.5000 0.8443 0.1250 0.8750
V -0.06086 -0.34100 0.02931 -0.7803 0.5000 0.3758 0.1250 0.8750
T
V -0.06086 -0.34100 0.02931 -0.7803 0.5000 0.3758 0.1250 0.8750
V -0.01503 -0.41900 0.06586 -0.1927 -0.5000 0.8443 0.1250 0.8750
V -0.06086 -0.41900 0.02931 -0.7803 -0.5000 0.3758 0.1250 0.8750
T
V -0.06086 -0.34100 0.02931 -0.7803 0.5000 0.3758 0.1250 0.8750
V -0.06086 -0.41900 0.02931 -0.7803 -0.5000 0.3758 0.1250 0.8750
V -0.06086 -0.34100 -0.02931 -0.7803 0.5000 -0.3758 0.1250 0.8750
T
V -0.06086 -0.34100 -0.02931 -0.7803 0.5000 -0.3758 0.1250 0.8750
V -0.06086 -0.41900 0.02931 -0.7803 -0.5000 0.3758 0.1250 0.8750
V -0.06086 -0.41900 -0.02931 -0.7803 -0.5000 -0.3758 0.1250 0.8750
T
V -0.06086 -0.34100 -0.02931 -0.7803 0.5000 -0.3758 0.1250 0.8750
V -0.06086 -0.41900 -0.02931 -0.7803 -0.5000 -0.3758 0.1250 0.8750
V -0.01503 -0.34100 -0.06586 -0.1927 0.5000 -0.8443 0.1250 0.8750
T
V -0.01503 -0.34100 -0.06586 -0.1927 0.5000 -0.8443 0.1250 0.8750
V -0.06086 -0.41900 -0.02931 -0.7803 -0.5000 -0.3758 0.1250 0.8750
V -0.01503 -0.41900 -0.06586 -0.1927 -0.5000 -0.8443 0.1250 0.8750
T
V -0.01503 -0.34100 -0.06586 -0.1927 0.5000 -0.8443 0.1250 0.8750
V -0.01503 -0.41900 -0.06586 -0.1927 -0.5000 -0.8443 0.1250 0.8750
V 0.04212 -0.34100 -0.05281 0.5400 0.5000 -0.6771 0.1250 0.8750
T
V 0.04212 -0.34100 -0.05281 0.5400 0.5000 -0.6771 0.1250 0.8750
V -0.01503 -0.41900 -0.06586 -0.1927 -0.5000 -0.8443 0.1250 0.8750
V 0.04212 -0.41900 -0.05281 0.5400 -0.5000 -0.6771 0.1250 0.8750
T
V 0.04212 -0.34100 -0.05281 0.5400 0.5000 -0.6771 0.1250 0.8750
V 0.04212 -0.41900 -0.05281 0.5400 -0.5000 -0.6771 0.1250 0.8750
V 0.06755 -0.34100 -0.00000 0.8660 0.5000 -0.0000 0.1250 0.8750
T
V 0.06755 -0.34100 -0.00000 0.8660 0.5000 -0.0000 0.1250 0.8750
V 0.04212 -0.41900 -0.05281 0.5400 -0.5000 -0.6771 0.1250 0.8750
V 0.06755 -0.41900 -0.00000 0.8660 -0.5000 -0.0000 0.1250 0.8750
T
V 0.06755 -0.41900 0.00000 0.8660 -0.5000 0.0000 0.1250 0.8750
V 0.00000 -0.45800 0.00000 0.0000 -1.0000 0.0000 0.1250 0.8750
V 0.04212 -0.41900 0.05281 0.5400 -0.5000 0.6771 0.1250 0.8750
T
V 0.04212 -0.41900 0.05281 0.5400 -0.5000 0.6771 0.1250 0.8750
V 0.00000 -0.45800 0.00000 0.0000 -1.0000 0.0000 0.1250 0.8750
V 0.00000 -0.45800 0.00000 0.0000 -1.0000 0.0000 0.1250 0.8750
T
V 0.04212 -0.41900 0.05281 0.5400 -0.5000 0.6771 0.1250 0.8750
V 0.00000 -0.45800 0.00000 0.0000 -1.0000 0.0000 0.1250 0.8750
V -0.01503 -0.41900 0.06586 -0.1927 -0.5000 0.8443 0.1250 0.8750
T
V -0.01503 -0.41900 0.06586 -0.1927 -0.5000 0.8443 0.1250 0.8750
V 0.00000 -0.45800 0.00000 0.0000 -1.0000 0.0000 0.1250 0.8750
V -0.00000 -0.45800 0.00000 -0.0000 -1.0000 0.0000 0.1250 0.8750
T
V -0.01503 -0.41900 0.06586 -0.1927 -0.5000 0.8443 0.1250 0.8750
V -0.00000 -0.45800 0.00000 -0.0000 -1.0000 0.0000 0.1250 0.8750
V -0.06086 -0.41900 0.02931 -0.7803 -0.5000 0.3758 0.1250 0.8750
T
V -0.06086 -0.41900 0.02931 -0.7803 -0.5000 0.3758 0.1250 0.8750
V -0.00000 -0.45800 0.00000 -0.0000 -1.0000 0.0000 0.1250 0.8750
V -0.00000 -0.45800 0.00000 -0.0000 -1.0000 0.0000 0.1250 0.8750
T
V -0.06086 -0.41900 0.02931 -0.7803 -0.5000 0.3758 0.1250 0.8750
V -0.00000 -0.45800 0.00000 -0.0000 -1.0000 0.0000 0.1250 0.8750
V -0.06086 -0.41900 -0.02931 -0.7803 -0.5000 -0.3758 0.1250 0.8750
T
V -0.06086 -0.41900 -0.02931 -0.7803 -0.5000 -0.3758 0.1250 0.8750
V -0.00000 -0.45800 0.00000 -0.0000 -1.0000 0.0000 0.1250 0.8750
V -0.00000 -0.45800 -0.00000 -0.0000 -1.0000 -0.0000 0.1250 0.8750
T
V -0.06086 -0.41900 -0.02931 -0.7803 -0.5000 -0.3758 0.1250 0.8750
V -0.00000 -0.45800 -0.00000 -0.0000 -1.0000 -0.0000 0.1250 0.8750
V -0.01503 -0.41900 -0.06586 -0.1927 -0.5000 -0.8443 0.1250 0.8750
T
V -0.01503 -0.41900 -0.06586 -0.1927 -0.5000 -0.8443 0.1250 0.8750
V -0.00000 -0.45800 -0.00000 -0.0000 -1.0000 -0.0000 0.1250 0.8750
V -0.00000 -0.45800 -0.00000 -0.0000 -1.0000 -0.0000 0.1250 0.8750
T
V -0.01503 -0.41900 -0.06586 -0.1927 -0.5000 -0.8443 0.1250 0.8750
V -0.00000 -0.45800 -0.00000 -0.0000 -1.0000 -0.0000 0.1250 0.8750
V 0.04212 -0.41900 -0.05281 0.5400 -0.5000 -0.6771 0.1250 0.8750
T
V 0.04212 -0.41900 -0.05281 0.5400 -0.5000 -0.6771 0.1250 0.8750
V -0.00000 -0.45800 -0.00000 -0.0000 -1.0000 -0.0000 0.1250 0.8750
V 0.00000 -0.45800 -0.00000 0.0000 -1.0000 -0.0000 0.1250 0.8750
T
V 0.04212 -0.41900 -0.05281 0.5400 -0.5000 -0.6771 0.1250 0.8750
V 0.00000 -0.45800 -0.00000 0.0000 -1.0000 -0.0000 0.1250 0.8750
V 0.06755 -0.41900 -0.00000 0.8660 -0.5000 -0.0000 0.1250 0.8750
T
V 0.06755 -0.41900 -0.00000 0.8660 -0.5000 -0.0000 0.1250 0.8750
V 0.00000 -0.45800 -0.00000 0.0000 -1.0000 -0.0000 0.1250 0.8750
V 0.00000 -0.45800 -0.00000 0.0000 -1.0000 -0.0000 0.1250 0.8750
T
BONE Leg_L
V 0.00000 -0.02000 -0.06200 0.0000 0.0000 -1.0000 0.1250 0.8750
V 0.00000 -0.10000 -0.06200 0.0000 0.0000 -1.0000 0.1250 0.8750
V 0.04847 -0.02000 -0.03866 0.7818 0.0000 -0.6235 0.1250 0.8750
T
V 0.04847 -0.02000 -0.03866 0.7818 0.0000 -0.6235 0.1250 0.8750
V 0.00000 -0.10000 -0.06200 0.0000 0.0000 -1.0000 0.1250 0.8750
V 0.04847 -0.10000 -0.03866 0.7818 0.0000 -0.6235 0.1250 0.8750
T
V 0.04847 -0.02000 -0.03866 0.7818 0.0000 -0.6235 0.1250 0.8750
V 0.04847 -0.10000 -0.03866 0.7818 0.0000 -0.6235 0.1250 0.8750
V 0.06045 -0.02000 0.01380 0.9749 0.0000 0.2225 0.1250 0.8750
T
V 0.06045 -0.02000 0.01380 0.9749 0.0000 0.2225 0.1250 0.8750
V 0.04847 -0.10000 -0.03866 0.7818 0.0000 -0.6235 0.1250 0.8750
V 0.06045 -0.10000 0.01380 0.9749 0.0000 0.2225 0.1250 0.8750
T
V 0.06045 -0.02000 0.01380 0.9749 0.0000 0.2225 0.1250 0.8750
V 0.06045 -0.10000 0.01380 0.9749 0.0000 0.2225 0.1250 0.8750
V 0.02690 -0.02000 0.05586 0.4339 0.0000 0.9010 0.1250 0.8750
T
V 0.02690 -0.02000 0.05586 0.4339 0.0000 0.9010 0.1250 0.8750
V 0.06045 -0.10000 0.01380 0.9749 0.0000 0.2225 0.1250 0.8750
V 0.02690 -0.10000 0.05586 0.4339 0.0000 0.9010 0.1250 0.8750
T
V 0.02690 -0.02000 0.05586 0.4339 0.0000 0.9010 0.1250 0.8750
V 0.02690 -0.10000 0.05586 0.4339 0.0000 0.9010 0.1250 0.8750
V -0.02690 -0.02000 0.05586 -0.4339 -0.0000 0.9010 0.1250 0.8750
T
V -0.02690 -0.02000 0.05586 -0.4339 -0.0000 0.9010 0.1250 0.8750
V 0.02690 -0.10000 0.05586 0.4339 0.0000 0.9010 0.1250 0.8750
V -0.02690 -0.10000 0.05586 -0.4339 -0.0000 0.9010 0.1250 0.8750
T
V -0.02690 -0.02000 0.05586 -0.4339 -0.0000 0.9010 0.1250 0.8750
V -0.02690 -0.10000 0.05586 -0.4339 -0.0000 0.9010 0.1250 0.8750
V -0.06045 -0.02000 0.01380 -0.9749 -0.0000 0.2225 0.1250 0.8750
T
V -0.06045 -0.02000 0.01380 -0.9749 -0.0000 0.2225 0.1250 0.8750
V -0.02690 -0.10000 0.05586 -0.4339 -0.0000 0.9010 0.1250 0.8750
V -0.06045 -0.10000 0.01380 -0.9749 -0.0000 0.2225 0.1250 0.8750
T
V -0.06045 -0.02000 0.01380 -0.9749 -0.0000 0.2225 0.1250 0.8750
V -0.06045 -0.10000 0.01380 -0.9749 -0.0000 0.2225 0.1250 0.8750
V -0.04847 -0.02000 -0.03866 -0.7818 0.0000 -0.6235 0.1250 0.8750
T
V -0.04847 -0.02000 -0.03866 -0.7818 0.0000 -0.6235 0.1250 0.8750
V -0.06045 -0.10000 0.01380 -0.9749 -0.0000 0.2225 0.1250 0.8750
V -0.04847 -0.10000 -0.03866 -0.7818 0.0000 -0.6235 0.1250 0.8750
T
V -0.04847 -0.02000 -0.03866 -0.7818 0.0000 -0.6235 0.1250 0.8750
V -0.04847 -0.10000 -0.03866 -0.7818 0.0000 -0.6235 0.1250 0.8750
V 0.00000 -0.02000 -0.06200 0.0000 0.0000 -1.0000 0.1250 0.8750
T
V 0.00000 -0.02000 -0.06200 0.0000 0.0000 -1.0000 0.1250 0.8750
V -0.04847 -0.10000 -0.03866 -0.7818 0.0000 -0.6235 0.1250 0.8750
V 0.00000 -0.10000 -0.06200 0.0000 0.0000 -1.0000 0.1250 0.8750
T
V 0.00000 -0.10000 -0.06200 0.0000 0.0000 -1.0000 0.1250 0.8750
V 0.00000 -0.18000 -0.06200 0.0000 0.0000 -1.0000 0.1250 0.8750
V 0.04847 -0.10000 -0.03866 0.7818 0.0000 -0.6235 0.1250 0.8750
T
V 0.04847 -0.10000 -0.03866 0.7818 0.0000 -0.6235 0.1250 0.8750
V 0.00000 -0.18000 -0.06200 0.0000 0.0000 -1.0000 0.1250 0.8750
V 0.04847 -0.18000 -0.03866 0.7818 0.0000 -0.6235 0.1250 0.8750
T
V 0.04847 -0.10000 -0.03866 0.7818 0.0000 -0.6235 0.1250 0.8750
V 0.04847 -0.18000 -0.03866 0.7818 0.0000 -0.6235 0.1250 0.8750
V 0.06045 -0.10000 0.01380 0.9749 0.0000 0.2225 0.1250 0.8750
T
V 0.06045 -0.10000 0.01380 0.9749 0.0000 0.2225 0.1250 0.8750
V 0.04847 -0.18000 -0.03866 0.7818 0.0000 -0.6235 0.1250 0.8750
V 0.06045 -0.18000 0.01380 0.9749 0.0000 0.2225 0.1250 0.8750
T
V 0.06045 -0.10000 0.01380 0.9749 0.0000 0.2225 0.1250 0.8750
V 0.06045 -0.18000 0.01380 0.9749 0.0000 0.2225 0.1250 0.8750
V 0.02690 -0.10000 0.05586 0.4339 0.0000 0.9010 0.1250 0.8750
T
V 0.02690 -0.10000 0.05586 0.4339 0.0000 0.9010 0.1250 0.8750
V 0.06045 -0.18000 0.01380 0.9749 0.0000 0.2225 0.1250 0.8750
V 0.02690 -0.18000 0.05586 0.4339 0.0000 0.9010 0.1250 0.8750
T
V 0.02690 -0.10000 0.05586 0.4339 0.0000 0.9010 0.1250 0.8750
V 0.02690 -0.18000 0.05586 0.4339 0.0000 0.9010 0.1250 0.8750
V -0.02690 -0.10000 0.05586 -0.4339 -0.0000 0.9010 0.1250 0.8750
T
V -0.02690 -0.10000 0.05586 -0.4339 -0.0000 0.9010 0.1250 0.8750
V 0.02690 -0.18000 0.05586 0.4339 0.0000 0.9010 0.1250 0.8750
V -0.02690 -0.18000 0.05586 -0.4339 -0.0000 0.9010 0.1250 0.8750
T
V -0.02690 -0.10000 0.05586 -0.4339 -0.0000 0.9010 0.1250 0.8750
V -0.02690 -0.18000 0.05586 -0.4339 -0.0000 0.9010 0.1250 0.8750
V -0.06045 -0.10000 0.01380 -0.9749 -0.0000 0.2225 0.1250 0.8750
T
V -0.06045 -0.10000 0.01380 -0.9749 -0.0000 0.2225 0.1250 0.8750
V -0.02690 -0.18000 0.05586 -0.4339 -0.0000 0.9010 0.1250 0.8750
V -0.06045 -0.18000 0.01380 -0.9749 -0.0000 0.2225 0.1250 0.8750
T
V -0.06045 -0.10000 0.01380 -0.9749 -0.0000 0.2225 0.1250 0.8750
V -0.06045 -0.18000 0.01380 -0.9749 -0.0000 0.2225 0.1250 0.8750
V -0.04847 -0.10000 -0.03866 -0.7818 0.0000 -0.6235 0.1250 0.8750
T
V -0.04847 -0.10000 -0.03866 -0.7818 0.0000 -0.6235 0.1250 0.8750
V -0.06045 -0.18000 0.01380 -0.9749 -0.0000 0.2225 0.1250 0.8750
V -0.04847 -0.18000 -0.03866 -0.7818 0.0000 -0.6235 0.1250 0.8750
T
V -0.04847 -0.10000 -0.03866 -0.7818 0.0000 -0.6235 0.1250 0.8750
V -0.04847 -0.18000 -0.03866 -0.7818 0.0000 -0.6235 0.1250 0.8750
V 0.00000 -0.10000 -0.06200 0.0000 0.0000 -1.0000 0.1250 0.8750
T
V 0.00000 -0.10000 -0.06200 0.0000 0.0000 -1.0000 0.1250 0.8750
V -0.04847 -0.18000 -0.03866 -0.7818 0.0000 -0.6235 0.1250 0.8750
V 0.00000 -0.18000 -0.06200 0.0000 0.0000 -1.0000 0.1250 0.8750
T
V 0.00000 -0.18000 -0.06200 0.0000 0.0000 -1.0000 0.1250 0.8750
V 0.00000 -0.26000 -0.06200 0.0000 0.0000 -1.0000 0.1250 0.8750
V 0.04847 -0.18000 -0.03866 0.7818 0.0000 -0.6235 0.1250 0.8750
T
V 0.04847 -0.18000 -0.03866 0.7818 0.0000 -0.6235 0.1250 0.8750
V 0.00000 -0.26000 -0.06200 0.0000 0.0000 -1.0000 0.1250 0.8750
V 0.04847 -0.26000 -0.03866 0.7818 0.0000 -0.6235 0.1250 0.8750
T
V 0.04847 -0.18000 -0.03866 0.7818 0.0000 -0.6235 0.1250 0.8750
V 0.04847 -0.26000 -0.03866 0.7818 0.0000 -0.6235 0.1250 0.8750
V 0.06045 -0.18000 0.01380 0.9749 0.0000 0.2225 0.1250 0.8750
T
V 0.06045 -0.18000 0.01380 0.9749 0.0000 0.2225 0.1250 0.8750
V 0.04847 -0.26000 -0.03866 0.7818 0.0000 -0.6235 0.1250 0.8750
V 0.06045 -0.26000 0.01380 0.9749 0.0000 0.2225 0.1250 0.8750
T
V 0.06045 -0.18000 0.01380 0.9749 0.0000 0.2225 0.1250 0.8750
V 0.06045 -0.26000 0.01380 0.9749 0.0000 0.2225 0.1250 0.8750
V 0.02690 -0.18000 0.05586 0.4339 0.0000 0.9010 0.1250 0.8750
T
V 0.02690 -0.18000 0.05586 0.4339 0.0000 0.9010 0.1250 0.8750
V 0.06045 -0.26000 0.01380 0.9749 0.0000 0.2225 0.1250 0.8750
V 0.02690 -0.26000 0.05586 0.4339 0.0000 0.9010 0.1250 0.8750
T
V 0.02690 -0.18000 0.05586 0.4339 0.0000 0.9010 0.1250 0.8750
V 0.02690 -0.26000 0.05586 0.4339 0.0000 0.9010 0.1250 0.8750
V -0.02690 -0.18000 0.05586 -0.4339 -0.0000 0.9010 0.1250 0.8750
T
V -0.02690 -0.18000 0.05586 -0.4339 -0.0000 0.9010 0.1250 0.8750
V 0.02690 -0.26000 0.05586 0.4339 0.0000 0.9010 0.1250 0.8750
V -0.02690 -0.26000 0.05586 -0.4339 -0.0000 0.9010 0.1250 0.8750
T
V -0.02690 -0.18000 0.05586 -0.4339 -0.0000 0.9010 0.1250 0.8750
V -0.02690 -0.26000 0.05586 -0.4339 -0.0000 0.9010 0.1250 0.8750
V -0.06045 -0.18000 0.01380 -0.9749 -0.0000 0.2225 0.1250 0.8750
T
V -0.06045 -0.18000 0.01380 -0.9749 -0.0000 0.2225 0.1250 0.8750
V -0.02690 -0.26000 0.05586 -0.4339 -0.0000 0.9010 0.1250 0.8750
V -0.06045 -0.26000 0.01380 -0.9749 -0.0000 0.2225 0.1250 0.8750
T
V -0.06045 -0.18000 0.01380 -0.9749 -0.0000 0.2225 0.1250 0.8750
V -0.06045 -0.26000 0.01380 -0.9749 -0.0000 0.2225 0.1250 0.8750
V -0.04847 -0.18000 -0.03866 -0.7818 0.0000 -0.6235 0.1250 0.8750
T
V -0.04847 -0.18000 -0.03866 -0.7818 0.0000 -0.6235 0.1250 0.8750
V -0.06045 -0.26000 0.01380 -0.9749 -0.0000 0.2225 0.1250 0.8750
V -0.04847 -0.26000 -0.03866 -0.7818 0.0000 -0.6235 0.1250 0.8750
T
V -0.04847 -0.18000 -0.03866 -0.7818 0.0000 -0.6235 0.1250 0.8750
V -0.04847 -0.26000 -0.03866 -0.7818 0.0000 -0.6235 0.1250 0.8750
V 0.00000 -0.18000 -0.06200 0.0000 0.0000 -1.0000 0.1250 0.8750
T
V 0.00000 -0.18000 -0.06200 0.0000 0.0000 -1.0000 0.1250 0.8750
V -0.04847 -0.26000 -0.03866 -0.7818 0.0000 -0.6235 0.1250 0.8750
V 0.00000 -0.26000 -0.06200 0.0000 0.0000 -1.0000 0.1250 0.8750
T
V 0.00000 -0.26000 -0.06200 0.0000 0.0000 -1.0000 0.1250 0.8750
V 0.00000 -0.34000 -0.06200 0.0000 0.0000 -1.0000 0.1250 0.8750
V 0.04847 -0.26000 -0.03866 0.7818 0.0000 -0.6235 0.1250 0.8750
T
V 0.04847 -0.26000 -0.03866 0.7818 0.0000 -0.6235 0.1250 0.8750
V 0.00000 -0.34000 -0.06200 0.0000 0.0000 -1.0000 0.1250 0.8750
V 0.04847 -0.34000 -0.03866 0.7818 0.0000 -0.6235 0.1250 0.8750
T
V 0.04847 -0.26000 -0.03866 0.7818 0.0000 -0.6235 0.1250 0.8750
V 0.04847 -0.34000 -0.03866 0.7818 0.0000 -0.6235 0.1250 0.8750
V 0.06045 -0.26000 0.01380 0.9749 0.0000 0.2225 0.1250 0.8750
T
V 0.06045 -0.26000 0.01380 0.9749 0.0000 0.2225 0.1250 0.8750
V 0.04847 -0.34000 -0.03866 0.7818 0.0000 -0.6235 0.1250 0.8750
V 0.06045 -0.34000 0.01380 0.9749 0.0000 0.2225 0.1250 0.8750
T
V 0.06045 -0.26000 0.01380 0.9749 0.0000 0.2225 0.1250 0.8750
V 0.06045 -0.34000 0.01380 0.9749 0.0000 0.2225 0.1250 0.8750
V 0.02690 -0.26000 0.05586 0.4339 0.0000 0.9010 0.1250 0.8750
T
V 0.02690 -0.26000 0.05586 0.4339 0.0000 0.9010 0.1250 0.8750
V 0.06045 -0.34000 0.01380 0.9749 0.0000 0.2225 0.1250 0.8750
V 0.02690 -0.34000 0.05586 0.4339 0.0000 0.9010 0.1250 0.8750
T
V 0.02690 -0.26000 0.05586 0.4339 0.0000 0.9010 0.1250 0.8750
V 0.02690 -0.34000 0.05586 0.4339 0.0000 0.9010 0.1250 0.8750
V -0.02690 -0.26000 0.05586 -0.4339 -0.0000 0.9010 0.1250 0.8750
T
V -0.02690 -0.26000 0.05586 -0.4339 -0.0000 0.9010 0.1250 0.8750
V 0.02690 -0.34000 0.05586 0.4339 0.0000 0.9010 0.1250 0.8750
V -0.02690 -0.34000 0.05586 -0.4339 -0.0000 0.9010 0.1250 0.8750
T
V -0.02690 -0.26000 0.05586 -0.4339 -0.0000 0.9010 0.1250 0.8750
V -0.02690 -0.34000 0.05586 -0.4339 -0.0000 0.9010 0.1250 0.8750
V -0.06045 -0.26000 0.01380 -0.9749 -0.0000 0.2225 0.1250 0.8750
T
V -0.06045 -0.26000 0.01380 -0.9749 -0.0000 0.2225 0.1250 0.8750
V -0.02690 -0.34000 0.05586 -0.4339 -0.0000 0.9010 0.1250 0.8750
V -0.06045 -0.34000 0.01380 -0.9749 -0.0000 0.2225 0.1250 0.8750
T
V -0.06045 -0.26000 0.01380 -0.9749 -0.0000 0.2225 0.1250 0.8750
V -0.06045 -0.34000 0.01380 -0.9749 -0.0000 0.2225 0.1250 0.8750
V -0.04847 -0.26000 -0.03866 -0.7818 0.0000 -0.6235 0.1250 0.8750
T
V -0.04847 -0.26000 -0.03866 -0.7818 0.0000 -0.6235 0.1250 0.8750
V -0.06045 -0.34000 0.01380 -0.9749 -0.0000 0.2225 0.1250 0.8750
V -0.04847 -0.34000 -0.03866 -0.7818 0.0000 -0.6235 0.1250 0.8750
T
V -0.04847 -0.26000 -0.03866 -0.7818 0.0000 -0.6235 0.1250 0.8750
V -0.04847 -0.34000 -0.03866 -0.7818 0.0000 -0.6235 0.1250 0.8750
V 0.00000 -0.26000 -0.06200 0.0000 0.0000 -1.0000 0.1250 0.8750
T
V 0.00000 -0.26000 -0.06200 0.0000 0.0000 -1.0000 0.1250 0.8750
V -0.04847 -0.34000 -0.03866 -0.7818 0.0000 -0.6235 0.1250 0.8750
V 0.00000 -0.34000 -0.06200 0.0000 0.0000 -1.0000 0.1250 0.8750
T
V 0.00000 0.04200 0.00000 0.0000 1.0000 0.0000 0.1250 0.8750
V 0.05369 0.01100 0.00000 0.8660 0.5000 0.0000 0.1250 0.8750
V 0.00000 0.04200 0.00000 0.0000 1.0000 0.0000 0.1250 0.8750
T
V 0.00000 0.04200 0.00000 0.0000 1.0000 0.0000 0.1250 0.8750
V 0.05369 0.01100 0.00000 0.8660 0.5000 0.0000 0.1250 0.8750
V 0.03348 0.01100 0.04198 0.5400 0.5000 0.6771 0.1250 0.8750
T
V 0.00000 0.04200 0.00000 0.0000 1.0000 0.0000 0.1250 0.8750
V 0.03348 0.01100 0.04198 0.5400 0.5000 0.6771 0.1250 0.8750
V 0.00000 0.04200 0.00000 -0.0000 1.0000 0.0000 0.1250 0.8750
T
V 0.00000 0.04200 0.00000 -0.0000 1.0000 0.0000 0.1250 0.8750
V 0.03348 0.01100 0.04198 0.5400 0.5000 0.6771 0.1250 0.8750
V -0.01195 0.01100 0.05235 -0.1927 0.5000 0.8443 0.1250 0.8750
T
V 0.00000 0.04200 0.00000 -0.0000 1.0000 0.0000 0.1250 0.8750
V -0.01195 0.01100 0.05235 -0.1927 0.5000 0.8443 0.1250 0.8750
V 0.00000 0.04200 0.00000 -0.0000 1.0000 0.0000 0.1250 0.8750
T
V 0.00000 0.04200 0.00000 -0.0000 1.0000 0.0000 0.1250 0.8750
V -0.01195 0.01100 0.05235 -0.1927 0.5000 0.8443 0.1250 0.8750
V -0.04838 0.01100 0.02330 -0.7803 0.5000 0.3758 0.1250 0.8750
T
V 0.00000 0.04200 0.00000 -0.0000 1.0000 0.0000 0.1250 0.8750
V -0.04838 0.01100 0.02330 -0.7803 0.5000 0.3758 0.1250 0.8750
V 0.00000 0.04200 0.00000 -0.0000 1.0000 -0.0000 0.1250 0.8750
T
V 0.00000 0.04200 0.00000 -0.0000 1.0000 -0.0000 0.1250 0.8750
V -0.04838 0.01100 0.02330 -0.7803 0.5000 0.3758 0.1250 0.8750
V -0.04838 0.01100 -0.02330 -0.7803 0.5000 -0.3758 0.1250 0.8750
T
V 0.00000 0.04200 0.00000 -0.0000 1.0000 -0.0000 0.1250 0.8750
V -0.04838 0.01100 -0.02330 -0.7803 0.5000 -0.3758 0.1250 0.8750
V 0.00000 0.04200 0.00000 -0.0000 1.0000 -0.0000 0.1250 0.8750
T
V 0.00000 0.04200 0.00000 -0.0000 1.0000 -0.0000 0.1250 0.8750
V -0.04838 0.01100 -0.02330 -0.7803 0.5000 -0.3758 0.1250 0.8750
V -0.01195 0.01100 -0.05235 -0.1927 0.5000 -0.8443 0.1250 0.8750
T
V 0.00000 0.04200 0.00000 -0.0000 1.0000 -0.0000 0.1250 0.8750
V -0.01195 0.01100 -0.05235 -0.1927 0.5000 -0.8443 0.1250 0.8750
V 0.00000 0.04200 0.00000 0.0000 1.0000 -0.0000 0.1250 0.8750
T
V 0.00000 0.04200 0.00000 0.0000 1.0000 -0.0000 0.1250 0.8750
V -0.01195 0.01100 -0.05235 -0.1927 0.5000 -0.8443 0.1250 0.8750
V 0.03348 0.01100 -0.04198 0.5400 0.5000 -0.6771 0.1250 0.8750
T
V 0.00000 0.04200 0.00000 0.0000 1.0000 -0.0000 0.1250 0.8750
V 0.03348 0.01100 -0.04198 0.5400 0.5000 -0.6771 0.1250 0.8750
V 0.00000 0.04200 0.00000 0.0000 1.0000 -0.0000 0.1250 0.8750
T
V 0.00000 0.04200 0.00000 0.0000 1.0000 -0.0000 0.1250 0.8750
V 0.03348 0.01100 -0.04198 0.5400 0.5000 -0.6771 0.1250 0.8750
V 0.05369 0.01100 -0.00000 0.8660 0.5000 -0.0000 0.1250 0.8750
T
V 0.05369 0.01100 0.00000 0.8660 0.5000 0.0000 0.1250 0.8750
V 0.05369 -0.05100 0.00000 0.8660 -0.5000 0.0000 0.1250 0.8750
V 0.03348 0.01100 0.04198 0.5400 0.5000 0.6771 0.1250 0.8750
T
V 0.03348 0.01100 0.04198 0.5400 0.5000 0.6771 0.1250 0.8750
V 0.05369 -0.05100 0.00000 0.8660 -0.5000 0.0000 0.1250 0.8750
V 0.03348 -0.05100 0.04198 0.5400 -0.5000 0.6771 0.1250 0.8750
T
V 0.03348 0.01100 0.04198 0.5400 0.5000 0.6771 0.1250 0.8750
V 0.03348 -0.05100 0.04198 0.5400 -0.5000 0.6771 0.1250 0.8750
V -0.01195 0.01100 0.05235 -0.1927 0.5000 0.8443 0.1250 0.8750
T
V -0.01195 0.01100 0.05235 -0.1927 0.5000 0.8443 0.1250 0.8750
V 0.03348 -0.05100 0.04198 0.5400 -0.5000 0.6771 0.1250 0.8750
V -0.01195 -0.05100 0.05235 -0.1927 -0.5000 0.8443 0.1250 0.8750
T
V -0.01195 0.01100 0.05235 -0.1927 0.5000 0.8443 0.1250 0.8750
V -0.01195 -0.05100 0.05235 -0.1927 -0.5000 0.8443 0.1250 0.8750
V -0.04838 0.01100 0.02330 -0.7803 0.5000 0.3758 0.1250 0.8750
T
V -0.04838 0.01100 0.02330 -0.7803 0.5000 0.3758 0.1250 0.8750
V -0.01195 -0.05100 0.05235 -0.1927 -0.5000 0.8443 0.1250 0.8750
V -0.04838 -0.05100 0.02330 -0.7803 -0.5000 0.3758 0.1250 0.8750
T
V -0.04838 0.01100 0.02330 -0.7803 0.5000 0.3758 0.1250 0.8750
V -0.04838 -0.05100 0.02330 -0.7803 -0.5000 0.3758 0.1250 0.8750
V -0.04838 0.01100 -0.02330 -0.7803 0.5000 -0.3758 0.1250 0.8750
T
V -0.04838 0.01100 -0.02330 -0.7803 0.5000 -0.3758 0.1250 0.8750
V -0.04838 -0.05100 0.02330 -0.7803 -0.5000 0.3758 0.1250 0.8750
V -0.04838 -0.05100 -0.02330 -0.7803 -0.5000 -0.3758 0.1250 0.8750
T
V -0.04838 0.01100 -0.02330 -0.7803 0.5000 -0.3758 0.1250 0.8750
V -0.04838 -0.05100 -0.02330 -0.7803 -0.5000 -0.3758 0.1250 0.8750
V -0.01195 0.01100 -0.05235 -0.1927 0.5000 -0.8443 0.1250 0.8750
T
V -0.01195 0.01100 -0.05235 -0.1927 0.5000 -0.8443 0.1250 0.8750
V -0.04838 -0.05100 -0.02330 -0.7803 -0.5000 -0.3758 0.1250 0.8750
V -0.01195 -0.05100 -0.05235 -0.1927 -0.5000 -0.8443 0.1250 0.8750
T
V -0.01195 0.01100 -0.05235 -0.1927 0.5000 -0.8443 0.1250 0.8750
V -0.01195 -0.05100 -0.05235 -0.1927 -0.5000 -0.8443 0.1250 0.8750
V 0.03348 0.01100 -0.04198 0.5400 0.5000 -0.6771 0.1250 0.8750
T
V 0.03348 0.01100 -0.04198 0.5400 0.5000 -0.6771 0.1250 0.8750
V -0.01195 -0.05100 -0.05235 -0.1927 -0.5000 -0.8443 0.1250 0.8750
V 0.03348 -0.05100 -0.04198 0.5400 -0.5000 -0.6771 0.1250 0.8750
T
V 0.03348 0.01100 -0.04198 0.5400 0.5000 -0.6771 0.1250 0.8750
V 0.03348 -0.05100 -0.04198 0.5400 -0.5000 -0.6771 0.1250 0.8750
V 0.05369 0.01100 -0.00000 0.8660 0.5000 -0.0000 0.1250 0.8750
T
V 0.05369 0.01100 -0.00000 0.8660 0.5000 -0.0000 0.1250 0.8750
V 0.03348 -0.05100 -0.04198 0.5400 -0.5000 -0.6771 0.1250 0.8750
V 0.05369 -0.05100 -0.00000 0.8660 -0.5000 -0.0000 0.1250 0.8750
T
V 0.05369 -0.05100 0.00000 0.8660 -0.5000 0.0000 0.1250 0.8750
V 0.00000 -0.08200 0.00000 0.0000 -1.0000 0.0000 0.1250 0.8750
V 0.03348 -0.05100 0.04198 0.5400 -0.5000 0.6771 0.1250 0.8750
T
V 0.03348 -0.05100 0.04198 0.5400 -0.5000 0.6771 0.1250 0.8750
V 0.00000 -0.08200 0.00000 0.0000 -1.0000 0.0000 0.1250 0.8750
V 0.00000 -0.08200 0.00000 0.0000 -1.0000 0.0000 0.1250 0.8750
T
V 0.03348 -0.05100 0.04198 0.5400 -0.5000 0.6771 0.1250 0.8750
V 0.00000 -0.08200 0.00000 0.0000 -1.0000 0.0000 0.1250 0.8750
V -0.01195 -0.05100 0.05235 -0.1927 -0.5000 0.8443 0.1250 0.8750
T
V -0.01195 -0.05100 0.05235 -0.1927 -0.5000 0.8443 0.1250 0.8750
V 0.00000 -0.08200 0.00000 0.0000 -1.0000 0.0000 0.1250 0.8750
V -0.00000 -0.08200 0.00000 -0.0000 -1.0000 0.0000 0.1250 0.8750
T
V -0.01195 -0.05100 0.05235 -0.1927 -0.5000 0.8443 0.1250 0.8750
V -0.00000 -0.08200 0.00000 -0.0000 -1.0000 0.0000 0.1250 0.8750
V -0.04838 -0.05100 0.02330 -0.7803 -0.5000 0.3758 0.1250 0.8750
T
V -0.04838 -0.05100 0.02330 -0.7803 -0.5000 0.3758 0.1250 0.8750
V -0.00000 -0.08200 0.00000 -0.0000 -1.0000 0.0000 0.1250 0.8750
V -0.00000 -0.08200 0.00000 -0.0000 -1.0000 0.0000 0.1250 0.8750
T
V -0.04838 -0.05100 0.02330 -0.7803 -0.5000 0.3758 0.1250 0.8750
V -0.00000 -0.08200 0.00000 -0.0000 -1.0000 0.0000 0.1250 0.8750
V -0.04838 -0.05100 -0.02330 -0.7803 -0.5000 -0.3758 0.1250 0.8750
T
V -0.04838 -0.05100 -0.02330 -0.7803 -0.5000 -0.3758 0.1250 0.8750
V -0.00000 -0.08200 0.00000 -0.0000 -1.0000 0.0000 0.1250 0.8750
V -0.00000 -0.08200 -0.00000 -0.0000 -1.0000 -0.0000 0.1250 0.8750
T
V -0.04838 -0.05100 -0.02330 -0.7803 -0.5000 -0.3758 0.1250 0.8750
V -0.00000 -0.08200 -0.00000 -0.0000 -1.0000 -0.0000 0.1250 0.8750
V -0.01195 -0.05100 -0.05235 -0.1927 -0.5000 -0.8443 0.1250 0.8750
T
V -0.01195 -0.05100 -0.05235 -0.1927 -0.5000 -0.8443 0.1250 0.8750
V -0.00000 -0.08200 -0.00000 -0.0000 -1.0000 -0.0000 0.1250 0.8750
V -0.00000 -0.08200 -0.00000 -0.0000 -1.0000 -0.0000 0.1250 0.8750
T
V -0.01195 -0.05100 -0.05235 -0.1927 -0.5000 -0.8443 0.1250 0.8750
V -0.00000 -0.08200 -0.00000 -0.0000 -1.0000 -0.0000 0.1250 0.8750
V 0.03348 -0.05100 -0.04198 0.5400 -0.5000 -0.6771 0.1250 0.8750
T
V 0.03348 -0.05100 -0.04198 0.5400 -0.5000 -0.6771 0.1250 0.8750
V -0.00000 -0.08200 -0.00000 -0.0000 -1.0000 -0.0000 0.1250 0.8750
V 0.00000 -0.08200 -0.00000 0.0000 -1.0000 -0.0000 0.1250 0.8750
T
V 0.03348 -0.05100 -0.04198 0.5400 -0.5000 -0.6771 0.1250 0.8750
V 0.00000 -0.08200 -0.00000 0.0000 -1.0000 -0.0000 0.1250 0.8750
V 0.05369 -0.05100 -0.00000 0.8660 -0.5000 -0.0000 0.1250 0.8750
T
V 0.05369 -0.05100 -0.00000 0.8660 -0.5000 -0.0000 0.1250 0.8750
V 0.00000 -0.08200 -0.00000 0.0000 -1.0000 -0.0000 0.1250 0.8750
V 0.00000 -0.08200 -0.00000 0.0000 -1.0000 -0.0000 0.1250 0.8750
T
V 0.00000 -0.27800 0.00000 0.0000 1.0000 0.0000 0.1250 0.8750
V 0.05369 -0.30900 0.00000 0.8660 0.5000 0.0000 0.1250 0.8750
V 0.00000 -0.27800 0.00000 0.0000 1.0000 0.0000 0.1250 0.8750
T
V 0.00000 -0.27800 0.00000 0.0000 1.0000 0.0000 0.1250 0.8750
V 0.05369 -0.30900 0.00000 0.8660 0.5000 0.0000 0.1250 0.8750
V 0.03348 -0.30900 0.04198 0.5400 0.5000 0.6771 0.1250 0.8750
T
V 0.00000 -0.27800 0.00000 0.0000 1.0000 0.0000 0.1250 0.8750
V 0.03348 -0.30900 0.04198 0.5400 0.5000 0.6771 0.1250 0.8750
V 0.00000 -0.27800 0.00000 -0.0000 1.0000 0.0000 0.1250 0.8750
T
V 0.00000 -0.27800 0.00000 -0.0000 1.0000 0.0000 0.1250 0.8750
V 0.03348 -0.30900 0.04198 0.5400 0.5000 0.6771 0.1250 0.8750
V -0.01195 -0.30900 0.05235 -0.1927 0.5000 0.8443 0.1250 0.8750
T
V 0.00000 -0.27800 0.00000 -0.0000 1.0000 0.0000 0.1250 0.8750
V -0.01195 -0.30900 0.05235 -0.1927 0.5000 0.8443 0.1250 0.8750
V 0.00000 -0.27800 0.00000 -0.0000 1.0000 0.0000 0.1250 0.8750
T
V 0.00000 -0.27800 0.00000 -0.0000 1.0000 0.0000 0.1250 0.8750
V -0.01195 -0.30900 0.05235 -0.1927 0.5000 0.8443 0.1250 0.8750
V -0.04838 -0.30900 0.02330 -0.7803 0.5000 0.3758 0.1250 0.8750
T
V 0.00000 -0.27800 0.00000 -0.0000 1.0000 0.0000 0.1250 0.8750
V -0.04838 -0.30900 0.02330 -0.7803 0.5000 0.3758 0.1250 0.8750
V 0.00000 -0.27800 0.00000 -0.0000 1.0000 -0.0000 0.1250 0.8750
T
V 0.00000 -0.27800 0.00000 -0.0000 1.0000 -0.0000 0.1250 0.8750
V -0.04838 -0.30900 0.02330 -0.7803 0.5000 0.3758 0.1250 0.8750
V -0.04838 -0.30900 -0.02330 -0.7803 0.5000 -0.3758 0.1250 0.8750
T
V 0.00000 -0.27800 0.00000 -0.0000 1.0000 -0.0000 0.1250 0.8750
V -0.04838 -0.30900 -0.02330 -0.7803 0.5000 -0.3758 0.1250 0.8750
V 0.00000 -0.27800 0.00000 -0.0000 1.0000 -0.0000 0.1250 0.8750
T
V 0.00000 -0.27800 0.00000 -0.0000 1.0000 -0.0000 0.1250 0.8750
V -0.04838 -0.30900 -0.02330 -0.7803 0.5000 -0.3758 0.1250 0.8750
V -0.01195 -0.30900 -0.05235 -0.1927 0.5000 -0.8443 0.1250 0.8750
T
V 0.00000 -0.27800 0.00000 -0.0000 1.0000 -0.0000 0.1250 0.8750
V -0.01195 -0.30900 -0.05235 -0.1927 0.5000 -0.8443 0.1250 0.8750
V 0.00000 -0.27800 0.00000 0.0000 1.0000 -0.0000 0.1250 0.8750
T
V 0.00000 -0.27800 0.00000 0.0000 1.0000 -0.0000 0.1250 0.8750
V -0.01195 -0.30900 -0.05235 -0.1927 0.5000 -0.8443 0.1250 0.8750
V 0.03348 -0.30900 -0.04198 0.5400 0.5000 -0.6771 0.1250 0.8750
T
V 0.00000 -0.27800 0.00000 0.0000 1.0000 -0.0000 0.1250 0.8750
V 0.03348 -0.30900 -0.04198 0.5400 0.5000 -0.6771 0.1250 0.8750
V 0.00000 -0.27800 0.00000 0.0000 1.0000 -0.0000 0.1250 0.8750
T
V 0.00000 -0.27800 0.00000 0.0000 1.0000 -0.0000 0.1250 0.8750
V 0.03348 -0.30900 -0.04198 0.5400 0.5000 -0.6771 0.1250 0.8750
V 0.05369 -0.30900 -0.00000 0.8660 0.5000 -0.0000 0.1250 0.8750
T
V 0.05369 -0.30900 0.00000 0.8660 0.5000 0.0000 0.1250 0.8750
V 0.05369 -0.37100 0.00000 0.8660 -0.5000 0.0000 0.1250 0.8750
V 0.03348 -0.30900 0.04198 0.5400 0.5000 0.6771 0.1250 0.8750
T
V 0.03348 -0.30900 0.04198 0.5400 0.5000 0.6771 0.1250 0.8750
V 0.05369 -0.37100 0.00000 0.8660 -0.5000 0.0000 0.1250 0.8750
V 0.03348 -0.37100 0.04198 0.5400 -0.5000 0.6771 0.1250 0.8750
T
V 0.03348 -0.30900 0.04198 0.5400 0.5000 0.6771 0.1250 0.8750
V 0.03348 -0.37100 0.04198 0.5400 -0.5000 0.6771 0.1250 0.8750
V -0.01195 -0.30900 0.05235 -0.1927 0.5000 0.8443 0.1250 0.8750
T
V -0.01195 -0.30900 0.05235 -0.1927 0.5000 0.8443 0.1250 0.8750
V 0.03348 -0.37100 0.04198 0.5400 -0.5000 0.6771 0.1250 0.8750
V -0.01195 -0.37100 0.05235 -0.1927 -0.5000 0.8443 0.1250 0.8750
T
V -0.01195 -0.30900 0.05235 -0.1927 0.5000 0.8443 0.1250 0.8750
V -0.01195 -0.37100 0.05235 -0.1927 -0.5000 0.8443 0.1250 0.8750
V -0.04838 -0.30900 0.02330 -0.7803 0.5000 0.3758 0.1250 0.8750
T
V -0.04838 -0.30900 0.02330 -0.7803 0.5000 0.3758 0.1250 0.8750
V -0.01195 -0.37100 0.05235 -0.1927 -0.5000 0.8443 0.1250 0.8750
V -0.04838 -0.37100 0.02330 -0.7803 -0.5000 0.3758 0.1250 0.8750
T
V -0.04838 -0.30900 0.02330 -0.7803 0.5000 0.3758 0.1250 0.8750
V -0.04838 -0.37100 0.02330 -0.7803 -0.5000 0.3758 0.1250 0.8750
V -0.04838 -0.30900 -0.02330 -0.7803 0.5000 -0.3758 0.1250 0.8750
T
V -0.04838 -0.30900 -0.02330 -0.7803 0.5000 -0.3758 0.1250 0.8750
V -0.04838 -0.37100 0.02330 -0.7803 -0.5000 0.3758 0.1250 0.8750
V -0.04838 -0.37100 -0.02330 -0.7803 -0.5000 -0.3758 0.1250 0.8750
T
V -0.04838 -0.30900 -0.02330 -0.7803 0.5000 -0.3758 0.1250 0.8750
V -0.04838 -0.37100 -0.02330 -0.7803 -0.5000 -0.3758 0.1250 0.8750
V -0.01195 -0.30900 -0.05235 -0.1927 0.5000 -0.8443 0.1250 0.8750
T
V -0.01195 -0.30900 -0.05235 -0.1927 0.5000 -0.8443 0.1250 0.8750
V -0.04838 -0.37100 -0.02330 -0.7803 -0.5000 -0.3758 0.1250 0.8750
V -0.01195 -0.37100 -0.05235 -0.1927 -0.5000 -0.8443 0.1250 0.8750
T
V -0.01195 -0.30900 -0.05235 -0.1927 0.5000 -0.8443 0.1250 0.8750
V -0.01195 -0.37100 -0.05235 -0.1927 -0.5000 -0.8443 0.1250 0.8750
V 0.03348 -0.30900 -0.04198 0.5400 0.5000 -0.6771 0.1250 0.8750
T
V 0.03348 -0.30900 -0.04198 0.5400 0.5000 -0.6771 0.1250 0.8750
V -0.01195 -0.37100 -0.05235 -0.1927 -0.5000 -0.8443 0.1250 0.8750
V 0.03348 -0.37100 -0.04198 0.5400 -0.5000 -0.6771 0.1250 0.8750
T
V 0.03348 -0.30900 -0.04198 0.5400 0.5000 -0.6771 0.1250 0.8750
V 0.03348 -0.37100 -0.04198 0.5400 -0.5000 -0.6771 0.1250 0.8750
V 0.05369 -0.30900 -0.00000 0.8660 0.5000 -0.0000 0.1250 0.8750
T
V 0.05369 -0.30900 -0.00000 0.8660 0.5000 -0.0000 0.1250 0.8750
V 0.03348 -0.37100 -0.04198 0.5400 -0.5000 -0.6771 0.1250 0.8750
V 0.05369 -0.37100 -0.00000 0.8660 -0.5000 -0.0000 0.1250 0.8750
T
V 0.05369 -0.37100 0.00000 0.8660 -0.5000 0.0000 0.1250 0.8750
V 0.00000 -0.40200 0.00000 0.0000 -1.0000 0.0000 0.1250 0.8750
V 0.03348 -0.37100 0.04198 0.5400 -0.5000 0.6771 0.1250 0.8750
T
V 0.03348 -0.37100 0.04198 0.5400 -0.5000 0.6771 0.1250 0.8750
V 0.00000 -0.40200 0.00000 0.0000 -1.0000 0.0000 0.1250 0.8750
V 0.00000 -0.40200 0.00000 0.0000 -1.0000 0.0000 0.1250 0.8750
T
V 0.03348 -0.37100 0.04198 0.5400 -0.5000 0.6771 0.1250 0.8750
V 0.00000 -0.40200 0.00000 0.0000 -1.0000 0.0000 0.1250 0.8750
V -0.01195 -0.37100 0.05235 -0.1927 -0.5000 0.8443 0.1250 0.8750
T
V -0.01195 -0.37100 0.05235 -0.1927 -0.5000 0.8443 0.1250 0.8750
V 0.00000 -0.40200 0.00000 0.0000 -1.0000 0.0000 0.1250 0.8750
V -0.00000 -0.40200 0.00000 -0.0000 -1.0000 0.0000 0.1250 0.8750
T
V -0.01195 -0.37100 0.05235 -0.1927 -0.5000 0.8443 0.1250 0.8750
V -0.00000 -0.40200 0.00000 -0.0000 -1.0000 0.0000 0.1250 0.8750
V -0.04838 -0.37100 0.02330 -0.7803 -0.5000 0.3758 0.1250 0.8750
T
V -0.04838 -0.37100 0.02330 -0.7803 -0.5000 0.3758 0.1250 0.8750
V -0.00000 -0.40200 0.00000 -0.0000 -1.0000 0.0000 0.1250 0.8750
V -0.00000 -0.40200 0.00000 -0.0000 -1.0000 0.0000 0.1250 0.8750
T
V -0.04838 -0.37100 0.02330 -0.7803 -0.5000 0.3758 0.1250 0.8750
V -0.00000 -0.40200 0.00000 -0.0000 -1.0000 0.0000 0.1250 0.8750
V -0.04838 -0.37100 -0.02330 -0.7803 -0.5000 -0.3758 0.1250 0.8750
T
V -0.04838 -0.37100 -0.02330 -0.7803 -0.5000 -0.3758 0.1250 0.8750
V -0.00000 -0.40200 0.00000 -0.0000 -1.0000 0.0000 0.1250 0.8750
V -0.00000 -0.40200 -0.00000 -0.0000 -1.0000 -0.0000 0.1250 0.8750
T
V -0.04838 -0.37100 -0.02330 -0.7803 -0.5000 -0.3758 0.1250 0.8750
V -0.00000 -0.40200 -0.00000 -0.0000 -1.0000 -0.0000 0.1250 0.8750
V -0.01195 -0.37100 -0.05235 -0.1927 -0.5000 -0.8443 0.1250 0.8750
T
V -0.01195 -0.37100 -0.05235 -0.1927 -0.5000 -0.8443 0.1250 0.8750
V -0.00000 -0.40200 -0.00000 -0.0000 -1.0000 -0.0000 0.1250 0.8750
V -0.00000 -0.40200 -0.00000 -0.0000 -1.0000 -0.0000 0.1250 0.8750
T
V -0.01195 -0.37100 -0.05235 -0.1927 -0.5000 -0.8443 0.1250 0.8750
V -0.00000 -0.40200 -0.00000 -0.0000 -1.0000 -0.0000 0.1250 0.8750
V 0.03348 -0.37100 -0.04198 0.5400 -0.5000 -0.6771 0.1250 0.8750
T
V 0.03348 -0.37100 -0.04198 0.5400 -0.5000 -0.6771 0.1250 0.8750
V -0.00000 -0.40200 -0.00000 -0.0000 -1.0000 -0.0000 0.1250 0.8750
V 0.00000 -0.40200 -0.00000 0.0000 -1.0000 -0.0000 0.1250 0.8750
T
V 0.03348 -0.37100 -0.04198 0.5400 -0.5000 -0.6771 0.1250 0.8750
V 0.00000 -0.40200 -0.00000 0.0000 -1.0000 -0.0000 0.1250 0.8750
V 0.05369 -0.37100 -0.00000 0.8660 -0.5000 -0.0000 0.1250 0.8750
T
V 0.05369 -0.37100 -0.00000 0.8660 -0.5000 -0.0000 0.1250 0.8750
V 0.00000 -0.40200 -0.00000 0.0000 -1.0000 -0.0000 0.1250 0.8750
V 0.00000 -0.40200 -0.00000 0.0000 -1.0000 -0.0000 0.1250 0.8750
T
BONE Leg_L
V -0.04500 -0.04000 -0.04500 0.0000 0.0000 -1.0000 0.3750 0.8750
V 0.04500 -0.04000 -0.04500 0.0000 0.0000 -1.0000 0.3750 0.8750
V 0.04500 0.00000 -0.04500 0.0000 0.0000 -1.0000 0.3750 0.8750
T
V -0.04500 -0.04000 -0.04500 0.0000 0.0000 -1.0000 0.3750 0.8750
V 0.04500 0.00000 -0.04500 0.0000 0.0000 -1.0000 0.3750 0.8750
V -0.04500 0.00000 -0.04500 0.0000 0.0000 -1.0000 0.3750 0.8750
T
V 0.04500 -0.04000 0.04500 0.0000 0.0000 1.0000 0.3750 0.8750
V -0.04500 -0.04000 0.04500 0.0000 0.0000 1.0000 0.3750 0.8750
V -0.04500 0.00000 0.04500 0.0000 0.0000 1.0000 0.3750 0.8750
T
V 0.04500 -0.04000 0.04500 0.0000 0.0000 1.0000 0.3750 0.8750
V -0.04500 0.00000 0.04500 0.0000 0.0000 1.0000 0.3750 0.8750
V 0.04500 0.00000 0.04500 0.0000 0.0000 1.0000 0.3750 0.8750
T
V -0.04500 -0.04000 0.04500 -1.0000 0.0000 0.0000 0.3750 0.8750
V -0.04500 -0.04000 -0.04500 -1.0000 0.0000 0.0000 0.3750 0.8750
V -0.04500 0.00000 -0.04500 -1.0000 0.0000 0.0000 0.3750 0.8750
T
V -0.04500 -0.04000 0.04500 -1.0000 0.0000 0.0000 0.3750 0.8750
V -0.04500 0.00000 -0.04500 -1.0000 0.0000 0.0000 0.3750 0.8750
V -0.04500 0.00000 0.04500 -1.0000 0.0000 0.0000 0.3750 0.8750
T
V 0.04500 -0.04000 -0.04500 1.0000 0.0000 0.0000 0.3750 0.8750
V 0.04500 -0.04000 0.04500 1.0000 0.0000 0.0000 0.3750 0.8750
V 0.04500 0.00000 0.04500 1.0000 0.0000 0.0000 0.3750 0.8750
T
V 0.04500 -0.04000 -0.04500 1.0000 0.0000 0.0000 0.3750 0.8750
V 0.04500 0.00000 0.04500 1.0000 0.0000 0.0000 0.3750 0.8750
V 0.04500 0.00000 -0.04500 1.0000 0.0000 0.0000 0.3750 0.8750
T
V -0.04500 0.00000 -0.04500 0.0000 1.0000 0.0000 0.3750 0.8750
V 0.04500 0.00000 -0.04500 0.0000 1.0000 0.0000 0.3750 0.8750
V 0.04500 0.00000 0.04500 0.0000 1.0000 0.0000 0.3750 0.8750
T
V -0.04500 0.00000 -0.04500 0.0000 1.0000 0.0000 0.3750 0.8750
V 0.04500 0.00000 0.04500 0.0000 1.0000 0.0000 0.3750 0.8750
V -0.04500 0.00000 0.04500 0.0000 1.0000 0.0000 0.3750 0.8750
T
V -0.04500 -0.04000 0.04500 0.0000 -1.0000 0.0000 0.3750 0.8750
V 0.04500 -0.04000 0.04500 0.0000 -1.0000 0.0000 0.3750 0.8750
V 0.04500 -0.04000 -0.04500 0.0000 -1.0000 0.0000 0.3750 0.8750
T
V -0.04500 -0.04000 0.04500 0.0000 -1.0000 0.0000 0.3750 0.8750
V 0.04500 -0.04000 -0.04500 0.0000 -1.0000 0.0000 0.3750 0.8750
V -0.04500 -0.04000 -0.04500 0.0000 -1.0000 0.0000 0.3750 0.8750
T
BONE Foot_L
V -0.04500 -0.04500 -0.03000 0.0000 0.0000 -1.0000 0.1250 0.8750
V 0.04500 -0.04500 -0.03000 0.0000 0.0000 -1.0000 0.1250 0.8750
V 0.04500 0.02500 -0.03000 0.0000 0.0000 -1.0000 0.1250 0.8750
T
V -0.04500 -0.04500 -0.03000 0.0000 0.0000 -1.0000 0.1250 0.8750
V 0.04500 0.02500 -0.03000 0.0000 0.0000 -1.0000 0.1250 0.8750
V -0.04500 0.02500 -0.03000 0.0000 0.0000 -1.0000 0.1250 0.8750
T
V 0.04500 -0.04500 0.15000 0.0000 0.0000 1.0000 0.1250 0.8750
V -0.04500 -0.04500 0.15000 0.0000 0.0000 1.0000 0.1250 0.8750
V -0.04500 0.02500 0.15000 0.0000 0.0000 1.0000 0.1250 0.8750
T
V 0.04500 -0.04500 0.15000 0.0000 0.0000 1.0000 0.1250 0.8750
V -0.04500 0.02500 0.15000 0.0000 0.0000 1.0000 0.1250 0.8750
V 0.04500 0.02500 0.15000 0.0000 0.0000 1.0000 0.1250 0.8750
T
V -0.04500 -0.04500 0.15000 -1.0000 0.0000 0.0000 0.1250 0.8750
V -0.04500 -0.04500 -0.03000 -1.0000 0.0000 0.0000 0.1250 0.8750
V -0.04500 0.02500 -0.03000 -1.0000 0.0000 0.0000 0.1250 0.8750
T
V -0.04500 -0.04500 0.15000 -1.0000 0.0000 0.0000 0.1250 0.8750
V -0.04500 0.02500 -0.03000 -1.0000 0.0000 0.0000 0.1250 0.8750
V -0.04500 0.02500 0.15000 -1.0000 0.0000 0.0000 0.1250 0.8750
T
V 0.04500 -0.04500 -0.03000 1.0000 0.0000 0.0000 0.1250 0.8750
V 0.04500 -0.04500 0.15000 1.0000 0.0000 0.0000 0.1250 0.8750
V 0.04500 0.02500 0.15000 1.0000 0.0000 0.0000 0.1250 0.8750
T
V 0.04500 -0.04500 -0.03000 1.0000 0.0000 0.0000 0.1250 0.8750
V 0.04500 0.02500 0.15000 1.0000 0.0000 0.0000 0.1250 0.8750
V 0.04500 0.02500 -0.03000 1.0000 0.0000 0.0000 0.1250 0.8750
T
V -0.04500 0.02500 -0.03000 0.0000 1.0000 0.0000 0.1250 0.8750
V 0.04500 0.02500 -0.03000 0.0000 1.0000 0.0000 0.1250 0.8750
V 0.04500 0.02500 0.15000 0.0000 1.0000 0.0000 0.1250 0.8750
T
V -0.04500 0.02500 -0.03000 0.0000 1.0000 0.0000 0.1250 0.8750
V 0.04500 0.02500 0.15000 0.0000 1.0000 0.0000 0.1250 0.8750
V -0.04500 0.02500 0.15000 0.0000 1.0000 0.0000 0.1250 0.8750
T
V -0.04500 -0.04500 0.15000 0.0000 -1.0000 0.0000 0.1250 0.8750
V 0.04500 -0.04500 0.15000 0.0000 -1.0000 0.0000 0.1250 0.8750
V 0.04500 -0.04500 -0.03000 0.0000 -1.0000 0.0000 0.1250 0.8750
T
V -0.04500 -0.04500 0.15000 0.0000 -1.0000 0.0000 0.1250 0.8750
V 0.04500 -0.04500 -0.03000 0.0000 -1.0000 0.0000 0.1250 0.8750
V -0.04500 -0.04500 -0.03000 0.0000 -1.0000 0.0000 0.1250 0.8750
T
BONE Foot_L
V -0.04000 0.00500 -0.02000 0.0000 0.0000 -1.0000 0.3750 0.8750
V 0.04000 0.00500 -0.02000 0.0000 0.0000 -1.0000 0.3750 0.8750
V 0.04000 0.03500 -0.02000 0.0000 0.0000 -1.0000 0.3750 0.8750
T
V -0.04000 0.00500 -0.02000 0.0000 0.0000 -1.0000 0.3750 0.8750
V 0.04000 0.03500 -0.02000 0.0000 0.0000 -1.0000 0.3750 0.8750
V -0.04000 0.03500 -0.02000 0.0000 0.0000 -1.0000 0.3750 0.8750
T
V 0.04000 0.00500 0.06000 0.0000 0.0000 1.0000 0.3750 0.8750
V -0.04000 0.00500 0.06000 0.0000 0.0000 1.0000 0.3750 0.8750
V -0.04000 0.03500 0.06000 0.0000 0.0000 1.0000 0.3750 0.8750
T
V 0.04000 0.00500 0.06000 0.0000 0.0000 1.0000 0.3750 0.8750
V -0.04000 0.03500 0.06000 0.0000 0.0000 1.0000 0.3750 0.8750
V 0.04000 0.03500 0.06000 0.0000 0.0000 1.0000 0.3750 0.8750
T
V -0.04000 0.00500 0.06000 -1.0000 0.0000 0.0000 0.3750 0.8750
V -0.04000 0.00500 -0.02000 -1.0000 0.0000 0.0000 0.3750 0.8750
V -0.04000 0.03500 -0.02000 -1.0000 0.0000 0.0000 0.3750 0.8750
T
V -0.04000 0.00500 0.06000 -1.0000 0.0000 0.0000 0.3750 0.8750
V -0.04000 0.03500 -0.02000 -1.0000 0.0000 0.0000 0.3750 0.8750
V -0.04000 0.03500 0.06000 -1.0000 0.0000 0.0000 0.3750 0.8750
T
V 0.04000 0.00500 -0.02000 1.0000 0.0000 0.0000 0.3750 0.8750
V 0.04000 0.00500 0.06000 1.0000 0.0000 0.0000 0.3750 0.8750
V 0.04000 0.03500 0.06000 1.0000 0.0000 0.0000 0.3750 0.8750
T
V 0.04000 0.00500 -0.02000 1.0000 0.0000 0.0000 0.3750 0.8750
V 0.04000 0.03500 0.06000 1.0000 0.0000 0.0000 0.3750 0.8750
V 0.04000 0.03500 -0.02000 1.0000 0.0000 0.0000 0.3750 0.8750
T
V -0.04000 0.03500 -0.02000 0.0000 1.0000 0.0000 0.3750 0.8750
V 0.04000 0.03500 -0.02000 0.0000 1.0000 0.0000 0.3750 0.8750
V 0.04000 0.03500 0.06000 0.0000 1.0000 0.0000 0.3750 0.8750
T
V -0.04000 0.03500 -0.02000 0.0000 1.0000 0.0000 0.3750 0.8750
V 0.04000 0.03500 0.06000 0.0000 1.0000 0.0000 0.3750 0.8750
V -0.04000 0.03500 0.06000 0.0000 1.0000 0.0000 0.3750 0.8750
T
V -0.04000 0.00500 0.06000 0.0000 -1.0000 0.0000 0.3750 0.8750
V 0.04000 0.00500 0.06000 0.0000 -1.0000 0.0000 0.3750 0.8750
V 0.04000 0.00500 -0.02000 0.0000 -1.0000 0.0000 0.3750 0.8750
T
V -0.04000 0.00500 0.06000 0.0000 -1.0000 0.0000 0.3750 0.8750
V 0.04000 0.00500 -0.02000 0.0000 -1.0000 0.0000 0.3750 0.8750
V -0.04000 0.00500 -0.02000 0.0000 -1.0000 0.0000 0.3750 0.8750
T
BONE Foot_L
V -0.04000 -0.04000 0.11500 0.0000 0.0000 -1.0000 0.3750 0.8750
V 0.04000 -0.04000 0.11500 0.0000 0.0000 -1.0000 0.3750 0.8750
V 0.04000 0.00000 0.11500 0.0000 0.0000 -1.0000 0.3750 0.8750
T
V -0.04000 -0.04000 0.11500 0.0000 0.0000 -1.0000 0.3750 0.8750
V 0.04000 0.00000 0.11500 0.0000 0.0000 -1.0000 0.3750 0.8750
V -0.04000 0.00000 0.11500 0.0000 0.0000 -1.0000 0.3750 0.8750
T
V 0.04000 -0.04000 0.16500 0.0000 0.0000 1.0000 0.3750 0.8750
V -0.04000 -0.04000 0.16500 0.0000 0.0000 1.0000 0.3750 0.8750
V -0.04000 0.00000 0.16500 0.0000 0.0000 1.0000 0.3750 0.8750
T
V 0.04000 -0.04000 0.16500 0.0000 0.0000 1.0000 0.3750 0.8750
V -0.04000 0.00000 0.16500 0.0000 0.0000 1.0000 0.3750 0.8750
V 0.04000 0.00000 0.16500 0.0000 0.0000 1.0000 0.3750 0.8750
T
V -0.04000 -0.04000 0.16500 -1.0000 0.0000 0.0000 0.3750 0.8750
V -0.04000 -0.04000 0.11500 -1.0000 0.0000 0.0000 0.3750 0.8750
V -0.04000 0.00000 0.11500 -1.0000 0.0000 0.0000 0.3750 0.8750
T
V -0.04000 -0.04000 0.16500 -1.0000 0.0000 0.0000 0.3750 0.8750
V -0.04000 0.00000 0.11500 -1.0000 0.0000 0.0000 0.3750 0.8750
V -0.04000 0.00000 0.16500 -1.0000 0.0000 0.0000 0.3750 0.8750
T
V 0.04000 -0.04000 0.11500 1.0000 0.0000 0.0000 0.3750 0.8750
V 0.04000 -0.04000 0.16500 1.0000 0.0000 0.0000 0.3750 0.8750
V 0.04000 0.00000 0.16500 1.0000 0.0000 0.0000 0.3750 0.8750
T
V 0.04000 -0.04000 0.11500 1.0000 0.0000 0.0000 0.3750 0.8750
V 0.04000 0.00000 0.16500 1.0000 0.0000 0.0000 0.3750 0.8750
V 0.04000 0.00000 0.11500 1.0000 0.0000 0.0000 0.3750 0.8750
T
V -0.04000 0.00000 0.11500 0.0000 1.0000 0.0000 0.3750 0.8750
V 0.04000 0.00000 0.11500 0.0000 1.0000 0.0000 0.3750 0.8750
V 0.04000 0.00000 0.16500 0.0000 1.0000 0.0000 0.3750 0.8750
T
V -0.04000 0.00000 0.11500 0.0000 1.0000 0.0000 0.3750 0.8750
V 0.04000 0.00000 0.16500 0.0000 1.0000 0.0000 0.3750 0.8750
V -0.04000 0.00000 0.16500 0.0000 1.0000 0.0000 0.3750 0.8750
T
V -0.04000 -0.04000 0.16500 0.0000 -1.0000 0.0000 0.3750 0.8750
V 0.04000 -0.04000 0.16500 0.0000 -1.0000 0.0000 0.3750 0.8750
V 0.04000 -0.04000 0.11500 0.0000 -1.0000 0.0000 0.3750 0.8750
T
V -0.04000 -0.04000 0.16500 0.0000 -1.0000 0.0000 0.3750 0.8750
V 0.04000 -0.04000 0.11500 0.0000 -1.0000 0.0000 0.3750 0.8750
V -0.04000 -0.04000 0.11500 0.0000 -1.0000 0.0000 0.3750 0.8750
T
BONE UpLeg_R
V 0.00000 -0.02000 -0.07800 0.0000 0.0000 -1.0000 0.1250 0.8750
V 0.00000 -0.11000 -0.07800 0.0000 0.0000 -1.0000 0.1250 0.8750
V 0.06098 -0.02000 -0.04863 0.7818 0.0000 -0.6235 0.1250 0.8750
T
V 0.06098 -0.02000 -0.04863 0.7818 0.0000 -0.6235 0.1250 0.8750
V 0.00000 -0.11000 -0.07800 0.0000 0.0000 -1.0000 0.1250 0.8750
V 0.06098 -0.11000 -0.04863 0.7818 0.0000 -0.6235 0.1250 0.8750
T
V 0.06098 -0.02000 -0.04863 0.7818 0.0000 -0.6235 0.1250 0.8750
V 0.06098 -0.11000 -0.04863 0.7818 0.0000 -0.6235 0.1250 0.8750
V 0.07604 -0.02000 0.01736 0.9749 0.0000 0.2225 0.1250 0.8750
T
V 0.07604 -0.02000 0.01736 0.9749 0.0000 0.2225 0.1250 0.8750
V 0.06098 -0.11000 -0.04863 0.7818 0.0000 -0.6235 0.1250 0.8750
V 0.07604 -0.11000 0.01736 0.9749 0.0000 0.2225 0.1250 0.8750
T
V 0.07604 -0.02000 0.01736 0.9749 0.0000 0.2225 0.1250 0.8750
V 0.07604 -0.11000 0.01736 0.9749 0.0000 0.2225 0.1250 0.8750
V 0.03384 -0.02000 0.07028 0.4339 0.0000 0.9010 0.1250 0.8750
T
V 0.03384 -0.02000 0.07028 0.4339 0.0000 0.9010 0.1250 0.8750
V 0.07604 -0.11000 0.01736 0.9749 0.0000 0.2225 0.1250 0.8750
V 0.03384 -0.11000 0.07028 0.4339 0.0000 0.9010 0.1250 0.8750
T
V 0.03384 -0.02000 0.07028 0.4339 0.0000 0.9010 0.1250 0.8750
V 0.03384 -0.11000 0.07028 0.4339 0.0000 0.9010 0.1250 0.8750
V -0.03384 -0.02000 0.07028 -0.4339 -0.0000 0.9010 0.1250 0.8750
T
V -0.03384 -0.02000 0.07028 -0.4339 -0.0000 0.9010 0.1250 0.8750
V 0.03384 -0.11000 0.07028 0.4339 0.0000 0.9010 0.1250 0.8750
V -0.03384 -0.11000 0.07028 -0.4339 -0.0000 0.9010 0.1250 0.8750
T
V -0.03384 -0.02000 0.07028 -0.4339 -0.0000 0.9010 0.1250 0.8750
V -0.03384 -0.11000 0.07028 -0.4339 -0.0000 0.9010 0.1250 0.8750
V -0.07604 -0.02000 0.01736 -0.9749 -0.0000 0.2225 0.1250 0.8750
T
V -0.07604 -0.02000 0.01736 -0.9749 -0.0000 0.2225 0.1250 0.8750
V -0.03384 -0.11000 0.07028 -0.4339 -0.0000 0.9010 0.1250 0.8750
V -0.07604 -0.11000 0.01736 -0.9749 -0.0000 0.2225 0.1250 0.8750
T
V -0.07604 -0.02000 0.01736 -0.9749 -0.0000 0.2225 0.1250 0.8750
V -0.07604 -0.11000 0.01736 -0.9749 -0.0000 0.2225 0.1250 0.8750
V -0.06098 -0.02000 -0.04863 -0.7818 0.0000 -0.6235 0.1250 0.8750
T
V -0.06098 -0.02000 -0.04863 -0.7818 0.0000 -0.6235 0.1250 0.8750
V -0.07604 -0.11000 0.01736 -0.9749 -0.0000 0.2225 0.1250 0.8750
V -0.06098 -0.11000 -0.04863 -0.7818 0.0000 -0.6235 0.1250 0.8750
T
V -0.06098 -0.02000 -0.04863 -0.7818 0.0000 -0.6235 0.1250 0.8750
V -0.06098 -0.11000 -0.04863 -0.7818 0.0000 -0.6235 0.1250 0.8750
V 0.00000 -0.02000 -0.07800 0.0000 0.0000 -1.0000 0.1250 0.8750
T
V 0.00000 -0.02000 -0.07800 0.0000 0.0000 -1.0000 0.1250 0.8750
V -0.06098 -0.11000 -0.04863 -0.7818 0.0000 -0.6235 0.1250 0.8750
V 0.00000 -0.11000 -0.07800 0.0000 0.0000 -1.0000 0.1250 0.8750
T
V 0.00000 -0.11000 -0.07800 0.0000 0.0000 -1.0000 0.1250 0.8750
V 0.00000 -0.20000 -0.07800 0.0000 0.0000 -1.0000 0.1250 0.8750
V 0.06098 -0.11000 -0.04863 0.7818 0.0000 -0.6235 0.1250 0.8750
T
V 0.06098 -0.11000 -0.04863 0.7818 0.0000 -0.6235 0.1250 0.8750
V 0.00000 -0.20000 -0.07800 0.0000 0.0000 -1.0000 0.1250 0.8750
V 0.06098 -0.20000 -0.04863 0.7818 0.0000 -0.6235 0.1250 0.8750
T
V 0.06098 -0.11000 -0.04863 0.7818 0.0000 -0.6235 0.1250 0.8750
V 0.06098 -0.20000 -0.04863 0.7818 0.0000 -0.6235 0.1250 0.8750
V 0.07604 -0.11000 0.01736 0.9749 0.0000 0.2225 0.1250 0.8750
T
V 0.07604 -0.11000 0.01736 0.9749 0.0000 0.2225 0.1250 0.8750
V 0.06098 -0.20000 -0.04863 0.7818 0.0000 -0.6235 0.1250 0.8750
V 0.07604 -0.20000 0.01736 0.9749 0.0000 0.2225 0.1250 0.8750
T
V 0.07604 -0.11000 0.01736 0.9749 0.0000 0.2225 0.1250 0.8750
V 0.07604 -0.20000 0.01736 0.9749 0.0000 0.2225 0.1250 0.8750
V 0.03384 -0.11000 0.07028 0.4339 0.0000 0.9010 0.1250 0.8750
T
V 0.03384 -0.11000 0.07028 0.4339 0.0000 0.9010 0.1250 0.8750
V 0.07604 -0.20000 0.01736 0.9749 0.0000 0.2225 0.1250 0.8750
V 0.03384 -0.20000 0.07028 0.4339 0.0000 0.9010 0.1250 0.8750
T
V 0.03384 -0.11000 0.07028 0.4339 0.0000 0.9010 0.1250 0.8750
V 0.03384 -0.20000 0.07028 0.4339 0.0000 0.9010 0.1250 0.8750
V -0.03384 -0.11000 0.07028 -0.4339 -0.0000 0.9010 0.1250 0.8750
T
V -0.03384 -0.11000 0.07028 -0.4339 -0.0000 0.9010 0.1250 0.8750
V 0.03384 -0.20000 0.07028 0.4339 0.0000 0.9010 0.1250 0.8750
V -0.03384 -0.20000 0.07028 -0.4339 -0.0000 0.9010 0.1250 0.8750
T
V -0.03384 -0.11000 0.07028 -0.4339 -0.0000 0.9010 0.1250 0.8750
V -0.03384 -0.20000 0.07028 -0.4339 -0.0000 0.9010 0.1250 0.8750
V -0.07604 -0.11000 0.01736 -0.9749 -0.0000 0.2225 0.1250 0.8750
T
V -0.07604 -0.11000 0.01736 -0.9749 -0.0000 0.2225 0.1250 0.8750
V -0.03384 -0.20000 0.07028 -0.4339 -0.0000 0.9010 0.1250 0.8750
V -0.07604 -0.20000 0.01736 -0.9749 -0.0000 0.2225 0.1250 0.8750
T
V -0.07604 -0.11000 0.01736 -0.9749 -0.0000 0.2225 0.1250 0.8750
V -0.07604 -0.20000 0.01736 -0.9749 -0.0000 0.2225 0.1250 0.8750
V -0.06098 -0.11000 -0.04863 -0.7818 0.0000 -0.6235 0.1250 0.8750
T
V -0.06098 -0.11000 -0.04863 -0.7818 0.0000 -0.6235 0.1250 0.8750
V -0.07604 -0.20000 0.01736 -0.9749 -0.0000 0.2225 0.1250 0.8750
V -0.06098 -0.20000 -0.04863 -0.7818 0.0000 -0.6235 0.1250 0.8750
T
V -0.06098 -0.11000 -0.04863 -0.7818 0.0000 -0.6235 0.1250 0.8750
V -0.06098 -0.20000 -0.04863 -0.7818 0.0000 -0.6235 0.1250 0.8750
V 0.00000 -0.11000 -0.07800 0.0000 0.0000 -1.0000 0.1250 0.8750
T
V 0.00000 -0.11000 -0.07800 0.0000 0.0000 -1.0000 0.1250 0.8750
V -0.06098 -0.20000 -0.04863 -0.7818 0.0000 -0.6235 0.1250 0.8750
V 0.00000 -0.20000 -0.07800 0.0000 0.0000 -1.0000 0.1250 0.8750
T
V 0.00000 -0.20000 -0.07800 0.0000 0.0000 -1.0000 0.1250 0.8750
V 0.00000 -0.29000 -0.07800 0.0000 0.0000 -1.0000 0.1250 0.8750
V 0.06098 -0.20000 -0.04863 0.7818 0.0000 -0.6235 0.1250 0.8750
T
V 0.06098 -0.20000 -0.04863 0.7818 0.0000 -0.6235 0.1250 0.8750
V 0.00000 -0.29000 -0.07800 0.0000 0.0000 -1.0000 0.1250 0.8750
V 0.06098 -0.29000 -0.04863 0.7818 0.0000 -0.6235 0.1250 0.8750
T
V 0.06098 -0.20000 -0.04863 0.7818 0.0000 -0.6235 0.1250 0.8750
V 0.06098 -0.29000 -0.04863 0.7818 0.0000 -0.6235 0.1250 0.8750
V 0.07604 -0.20000 0.01736 0.9749 0.0000 0.2225 0.1250 0.8750
T
V 0.07604 -0.20000 0.01736 0.9749 0.0000 0.2225 0.1250 0.8750
V 0.06098 -0.29000 -0.04863 0.7818 0.0000 -0.6235 0.1250 0.8750
V 0.07604 -0.29000 0.01736 0.9749 0.0000 0.2225 0.1250 0.8750
T
V 0.07604 -0.20000 0.01736 0.9749 0.0000 0.2225 0.1250 0.8750
V 0.07604 -0.29000 0.01736 0.9749 0.0000 0.2225 0.1250 0.8750
V 0.03384 -0.20000 0.07028 0.4339 0.0000 0.9010 0.1250 0.8750
T
V 0.03384 -0.20000 0.07028 0.4339 0.0000 0.9010 0.1250 0.8750
V 0.07604 -0.29000 0.01736 0.9749 0.0000 0.2225 0.1250 0.8750
V 0.03384 -0.29000 0.07028 0.4339 0.0000 0.9010 0.1250 0.8750
T
V 0.03384 -0.20000 0.07028 0.4339 0.0000 0.9010 0.1250 0.8750
V 0.03384 -0.29000 0.07028 0.4339 0.0000 0.9010 0.1250 0.8750
V -0.03384 -0.20000 0.07028 -0.4339 -0.0000 0.9010 0.1250 0.8750
T
V -0.03384 -0.20000 0.07028 -0.4339 -0.0000 0.9010 0.1250 0.8750
V 0.03384 -0.29000 0.07028 0.4339 0.0000 0.9010 0.1250 0.8750
V -0.03384 -0.29000 0.07028 -0.4339 -0.0000 0.9010 0.1250 0.8750
T
V -0.03384 -0.20000 0.07028 -0.4339 -0.0000 0.9010 0.1250 0.8750
V -0.03384 -0.29000 0.07028 -0.4339 -0.0000 0.9010 0.1250 0.8750
V -0.07604 -0.20000 0.01736 -0.9749 -0.0000 0.2225 0.1250 0.8750
T
V -0.07604 -0.20000 0.01736 -0.9749 -0.0000 0.2225 0.1250 0.8750
V -0.03384 -0.29000 0.07028 -0.4339 -0.0000 0.9010 0.1250 0.8750
V -0.07604 -0.29000 0.01736 -0.9749 -0.0000 0.2225 0.1250 0.8750
T
V -0.07604 -0.20000 0.01736 -0.9749 -0.0000 0.2225 0.1250 0.8750
V -0.07604 -0.29000 0.01736 -0.9749 -0.0000 0.2225 0.1250 0.8750
V -0.06098 -0.20000 -0.04863 -0.7818 0.0000 -0.6235 0.1250 0.8750
T
V -0.06098 -0.20000 -0.04863 -0.7818 0.0000 -0.6235 0.1250 0.8750
V -0.07604 -0.29000 0.01736 -0.9749 -0.0000 0.2225 0.1250 0.8750
V -0.06098 -0.29000 -0.04863 -0.7818 0.0000 -0.6235 0.1250 0.8750
T
V -0.06098 -0.20000 -0.04863 -0.7818 0.0000 -0.6235 0.1250 0.8750
V -0.06098 -0.29000 -0.04863 -0.7818 0.0000 -0.6235 0.1250 0.8750
V 0.00000 -0.20000 -0.07800 0.0000 0.0000 -1.0000 0.1250 0.8750
T
V 0.00000 -0.20000 -0.07800 0.0000 0.0000 -1.0000 0.1250 0.8750
V -0.06098 -0.29000 -0.04863 -0.7818 0.0000 -0.6235 0.1250 0.8750
V 0.00000 -0.29000 -0.07800 0.0000 0.0000 -1.0000 0.1250 0.8750
T
V 0.00000 -0.29000 -0.07800 0.0000 0.0000 -1.0000 0.1250 0.8750
V 0.00000 -0.38000 -0.07800 0.0000 0.0000 -1.0000 0.1250 0.8750
V 0.06098 -0.29000 -0.04863 0.7818 0.0000 -0.6235 0.1250 0.8750
T
V 0.06098 -0.29000 -0.04863 0.7818 0.0000 -0.6235 0.1250 0.8750
V 0.00000 -0.38000 -0.07800 0.0000 0.0000 -1.0000 0.1250 0.8750
V 0.06098 -0.38000 -0.04863 0.7818 0.0000 -0.6235 0.1250 0.8750
T
V 0.06098 -0.29000 -0.04863 0.7818 0.0000 -0.6235 0.1250 0.8750
V 0.06098 -0.38000 -0.04863 0.7818 0.0000 -0.6235 0.1250 0.8750
V 0.07604 -0.29000 0.01736 0.9749 0.0000 0.2225 0.1250 0.8750
T
V 0.07604 -0.29000 0.01736 0.9749 0.0000 0.2225 0.1250 0.8750
V 0.06098 -0.38000 -0.04863 0.7818 0.0000 -0.6235 0.1250 0.8750
V 0.07604 -0.38000 0.01736 0.9749 0.0000 0.2225 0.1250 0.8750
T
V 0.07604 -0.29000 0.01736 0.9749 0.0000 0.2225 0.1250 0.8750
V 0.07604 -0.38000 0.01736 0.9749 0.0000 0.2225 0.1250 0.8750
V 0.03384 -0.29000 0.07028 0.4339 0.0000 0.9010 0.1250 0.8750
T
V 0.03384 -0.29000 0.07028 0.4339 0.0000 0.9010 0.1250 0.8750
V 0.07604 -0.38000 0.01736 0.9749 0.0000 0.2225 0.1250 0.8750
V 0.03384 -0.38000 0.07028 0.4339 0.0000 0.9010 0.1250 0.8750
T
V 0.03384 -0.29000 0.07028 0.4339 0.0000 0.9010 0.1250 0.8750
V 0.03384 -0.38000 0.07028 0.4339 0.0000 0.9010 0.1250 0.8750
V -0.03384 -0.29000 0.07028 -0.4339 -0.0000 0.9010 0.1250 0.8750
T
V -0.03384 -0.29000 0.07028 -0.4339 -0.0000 0.9010 0.1250 0.8750
V 0.03384 -0.38000 0.07028 0.4339 0.0000 0.9010 0.1250 0.8750
V -0.03384 -0.38000 0.07028 -0.4339 -0.0000 0.9010 0.1250 0.8750
T
V -0.03384 -0.29000 0.07028 -0.4339 -0.0000 0.9010 0.1250 0.8750
V -0.03384 -0.38000 0.07028 -0.4339 -0.0000 0.9010 0.1250 0.8750
V -0.07604 -0.29000 0.01736 -0.9749 -0.0000 0.2225 0.1250 0.8750
T
V -0.07604 -0.29000 0.01736 -0.9749 -0.0000 0.2225 0.1250 0.8750
V -0.03384 -0.38000 0.07028 -0.4339 -0.0000 0.9010 0.1250 0.8750
V -0.07604 -0.38000 0.01736 -0.9749 -0.0000 0.2225 0.1250 0.8750
T
V -0.07604 -0.29000 0.01736 -0.9749 -0.0000 0.2225 0.1250 0.8750
V -0.07604 -0.38000 0.01736 -0.9749 -0.0000 0.2225 0.1250 0.8750
V -0.06098 -0.29000 -0.04863 -0.7818 0.0000 -0.6235 0.1250 0.8750
T
V -0.06098 -0.29000 -0.04863 -0.7818 0.0000 -0.6235 0.1250 0.8750
V -0.07604 -0.38000 0.01736 -0.9749 -0.0000 0.2225 0.1250 0.8750
V -0.06098 -0.38000 -0.04863 -0.7818 0.0000 -0.6235 0.1250 0.8750
T
V -0.06098 -0.29000 -0.04863 -0.7818 0.0000 -0.6235 0.1250 0.8750
V -0.06098 -0.38000 -0.04863 -0.7818 0.0000 -0.6235 0.1250 0.8750
V 0.00000 -0.29000 -0.07800 0.0000 0.0000 -1.0000 0.1250 0.8750
T
V 0.00000 -0.29000 -0.07800 0.0000 0.0000 -1.0000 0.1250 0.8750
V -0.06098 -0.38000 -0.04863 -0.7818 0.0000 -0.6235 0.1250 0.8750
V 0.00000 -0.38000 -0.07800 0.0000 0.0000 -1.0000 0.1250 0.8750
T
V 0.00000 0.05800 0.00000 0.0000 1.0000 0.0000 0.1250 0.8750
V 0.06755 0.01900 0.00000 0.8660 0.5000 0.0000 0.1250 0.8750
V 0.00000 0.05800 0.00000 0.0000 1.0000 0.0000 0.1250 0.8750
T
V 0.00000 0.05800 0.00000 0.0000 1.0000 0.0000 0.1250 0.8750
V 0.06755 0.01900 0.00000 0.8660 0.5000 0.0000 0.1250 0.8750
V 0.04212 0.01900 0.05281 0.5400 0.5000 0.6771 0.1250 0.8750
T
V 0.00000 0.05800 0.00000 0.0000 1.0000 0.0000 0.1250 0.8750
V 0.04212 0.01900 0.05281 0.5400 0.5000 0.6771 0.1250 0.8750
V 0.00000 0.05800 0.00000 -0.0000 1.0000 0.0000 0.1250 0.8750
T
V 0.00000 0.05800 0.00000 -0.0000 1.0000 0.0000 0.1250 0.8750
V 0.04212 0.01900 0.05281 0.5400 0.5000 0.6771 0.1250 0.8750
V -0.01503 0.01900 0.06586 -0.1927 0.5000 0.8443 0.1250 0.8750
T
V 0.00000 0.05800 0.00000 -0.0000 1.0000 0.0000 0.1250 0.8750
V -0.01503 0.01900 0.06586 -0.1927 0.5000 0.8443 0.1250 0.8750
V 0.00000 0.05800 0.00000 -0.0000 1.0000 0.0000 0.1250 0.8750
T
V 0.00000 0.05800 0.00000 -0.0000 1.0000 0.0000 0.1250 0.8750
V -0.01503 0.01900 0.06586 -0.1927 0.5000 0.8443 0.1250 0.8750
V -0.06086 0.01900 0.02931 -0.7803 0.5000 0.3758 0.1250 0.8750
T
V 0.00000 0.05800 0.00000 -0.0000 1.0000 0.0000 0.1250 0.8750
V -0.06086 0.01900 0.02931 -0.7803 0.5000 0.3758 0.1250 0.8750
V 0.00000 0.05800 0.00000 -0.0000 1.0000 -0.0000 0.1250 0.8750
T
V 0.00000 0.05800 0.00000 -0.0000 1.0000 -0.0000 0.1250 0.8750
V -0.06086 0.01900 0.02931 -0.7803 0.5000 0.3758 0.1250 0.8750
V -0.06086 0.01900 -0.02931 -0.7803 0.5000 -0.3758 0.1250 0.8750
T
V 0.00000 0.05800 0.00000 -0.0000 1.0000 -0.0000 0.1250 0.8750
V -0.06086 0.01900 -0.02931 -0.7803 0.5000 -0.3758 0.1250 0.8750
V 0.00000 0.05800 0.00000 -0.0000 1.0000 -0.0000 0.1250 0.8750
T
V 0.00000 0.05800 0.00000 -0.0000 1.0000 -0.0000 0.1250 0.8750
V -0.06086 0.01900 -0.02931 -0.7803 0.5000 -0.3758 0.1250 0.8750
V -0.01503 0.01900 -0.06586 -0.1927 0.5000 -0.8443 0.1250 0.8750
T
V 0.00000 0.05800 0.00000 -0.0000 1.0000 -0.0000 0.1250 0.8750
V -0.01503 0.01900 -0.06586 -0.1927 0.5000 -0.8443 0.1250 0.8750
V 0.00000 0.05800 0.00000 0.0000 1.0000 -0.0000 0.1250 0.8750
T
V 0.00000 0.05800 0.00000 0.0000 1.0000 -0.0000 0.1250 0.8750
V -0.01503 0.01900 -0.06586 -0.1927 0.5000 -0.8443 0.1250 0.8750
V 0.04212 0.01900 -0.05281 0.5400 0.5000 -0.6771 0.1250 0.8750
T
V 0.00000 0.05800 0.00000 0.0000 1.0000 -0.0000 0.1250 0.8750
V 0.04212 0.01900 -0.05281 0.5400 0.5000 -0.6771 0.1250 0.8750
V 0.00000 0.05800 0.00000 0.0000 1.0000 -0.0000 0.1250 0.8750
T
V 0.00000 0.05800 0.00000 0.0000 1.0000 -0.0000 0.1250 0.8750
V 0.04212 0.01900 -0.05281 0.5400 0.5000 -0.6771 0.1250 0.8750
V 0.06755 0.01900 -0.00000 0.8660 0.5000 -0.0000 0.1250 0.8750
T
V 0.06755 0.01900 0.00000 0.8660 0.5000 0.0000 0.1250 0.8750
V 0.06755 -0.05900 0.00000 0.8660 -0.5000 0.0000 0.1250 0.8750
V 0.04212 0.01900 0.05281 0.5400 0.5000 0.6771 0.1250 0.8750
T
V 0.04212 0.01900 0.05281 0.5400 0.5000 0.6771 0.1250 0.8750
V 0.06755 -0.05900 0.00000 0.8660 -0.5000 0.0000 0.1250 0.8750
V 0.04212 -0.05900 0.05281 0.5400 -0.5000 0.6771 0.1250 0.8750
T
V 0.04212 0.01900 0.05281 0.5400 0.5000 0.6771 0.1250 0.8750
V 0.04212 -0.05900 0.05281 0.5400 -0.5000 0.6771 0.1250 0.8750
V -0.01503 0.01900 0.06586 -0.1927 0.5000 0.8443 0.1250 0.8750
T
V -0.01503 0.01900 0.06586 -0.1927 0.5000 0.8443 0.1250 0.8750
V 0.04212 -0.05900 0.05281 0.5400 -0.5000 0.6771 0.1250 0.8750
V -0.01503 -0.05900 0.06586 -0.1927 -0.5000 0.8443 0.1250 0.8750
T
V -0.01503 0.01900 0.06586 -0.1927 0.5000 0.8443 0.1250 0.8750
V -0.01503 -0.05900 0.06586 -0.1927 -0.5000 0.8443 0.1250 0.8750
V -0.06086 0.01900 0.02931 -0.7803 0.5000 0.3758 0.1250 0.8750
T
V -0.06086 0.01900 0.02931 -0.7803 0.5000 0.3758 0.1250 0.8750
V -0.01503 -0.05900 0.06586 -0.1927 -0.5000 0.8443 0.1250 0.8750
V -0.06086 -0.05900 0.02931 -0.7803 -0.5000 0.3758 0.1250 0.8750
T
V -0.06086 0.01900 0.02931 -0.7803 0.5000 0.3758 0.1250 0.8750
V -0.06086 -0.05900 0.02931 -0.7803 -0.5000 0.3758 0.1250 0.8750
V -0.06086 0.01900 -0.02931 -0.7803 0.5000 -0.3758 0.1250 0.8750
T
V -0.06086 0.01900 -0.02931 -0.7803 0.5000 -0.3758 0.1250 0.8750
V -0.06086 -0.05900 0.02931 -0.7803 -0.5000 0.3758 0.1250 0.8750
V -0.06086 -0.05900 -0.02931 -0.7803 -0.5000 -0.3758 0.1250 0.8750
T
V -0.06086 0.01900 -0.02931 -0.7803 0.5000 -0.3758 0.1250 0.8750
V -0.06086 -0.05900 -0.02931 -0.7803 -0.5000 -0.3758 0.1250 0.8750
V -0.01503 0.01900 -0.06586 -0.1927 0.5000 -0.8443 0.1250 0.8750
T
V -0.01503 0.01900 -0.06586 -0.1927 0.5000 -0.8443 0.1250 0.8750
V -0.06086 -0.05900 -0.02931 -0.7803 -0.5000 -0.3758 0.1250 0.8750
V -0.01503 -0.05900 -0.06586 -0.1927 -0.5000 -0.8443 0.1250 0.8750
T
V -0.01503 0.01900 -0.06586 -0.1927 0.5000 -0.8443 0.1250 0.8750
V -0.01503 -0.05900 -0.06586 -0.1927 -0.5000 -0.8443 0.1250 0.8750
V 0.04212 0.01900 -0.05281 0.5400 0.5000 -0.6771 0.1250 0.8750
T
V 0.04212 0.01900 -0.05281 0.5400 0.5000 -0.6771 0.1250 0.8750
V -0.01503 -0.05900 -0.06586 -0.1927 -0.5000 -0.8443 0.1250 0.8750
V 0.04212 -0.05900 -0.05281 0.5400 -0.5000 -0.6771 0.1250 0.8750
T
V 0.04212 0.01900 -0.05281 0.5400 0.5000 -0.6771 0.1250 0.8750
V 0.04212 -0.05900 -0.05281 0.5400 -0.5000 -0.6771 0.1250 0.8750
V 0.06755 0.01900 -0.00000 0.8660 0.5000 -0.0000 0.1250 0.8750
T
V 0.06755 0.01900 -0.00000 0.8660 0.5000 -0.0000 0.1250 0.8750
V 0.04212 -0.05900 -0.05281 0.5400 -0.5000 -0.6771 0.1250 0.8750
V 0.06755 -0.05900 -0.00000 0.8660 -0.5000 -0.0000 0.1250 0.8750
T
V 0.06755 -0.05900 0.00000 0.8660 -0.5000 0.0000 0.1250 0.8750
V 0.00000 -0.09800 0.00000 0.0000 -1.0000 0.0000 0.1250 0.8750
V 0.04212 -0.05900 0.05281 0.5400 -0.5000 0.6771 0.1250 0.8750
T
V 0.04212 -0.05900 0.05281 0.5400 -0.5000 0.6771 0.1250 0.8750
V 0.00000 -0.09800 0.00000 0.0000 -1.0000 0.0000 0.1250 0.8750
V 0.00000 -0.09800 0.00000 0.0000 -1.0000 0.0000 0.1250 0.8750
T
V 0.04212 -0.05900 0.05281 0.5400 -0.5000 0.6771 0.1250 0.8750
V 0.00000 -0.09800 0.00000 0.0000 -1.0000 0.0000 0.1250 0.8750
V -0.01503 -0.05900 0.06586 -0.1927 -0.5000 0.8443 0.1250 0.8750
T
V -0.01503 -0.05900 0.06586 -0.1927 -0.5000 0.8443 0.1250 0.8750
V 0.00000 -0.09800 0.00000 0.0000 -1.0000 0.0000 0.1250 0.8750
V -0.00000 -0.09800 0.00000 -0.0000 -1.0000 0.0000 0.1250 0.8750
T
V -0.01503 -0.05900 0.06586 -0.1927 -0.5000 0.8443 0.1250 0.8750
V -0.00000 -0.09800 0.00000 -0.0000 -1.0000 0.0000 0.1250 0.8750
V -0.06086 -0.05900 0.02931 -0.7803 -0.5000 0.3758 0.1250 0.8750
T
V -0.06086 -0.05900 0.02931 -0.7803 -0.5000 0.3758 0.1250 0.8750
V -0.00000 -0.09800 0.00000 -0.0000 -1.0000 0.0000 0.1250 0.8750
V -0.00000 -0.09800 0.00000 -0.0000 -1.0000 0.0000 0.1250 0.8750
T
V -0.06086 -0.05900 0.02931 -0.7803 -0.5000 0.3758 0.1250 0.8750
V -0.00000 -0.09800 0.00000 -0.0000 -1.0000 0.0000 0.1250 0.8750
V -0.06086 -0.05900 -0.02931 -0.7803 -0.5000 -0.3758 0.1250 0.8750
T
V -0.06086 -0.05900 -0.02931 -0.7803 -0.5000 -0.3758 0.1250 0.8750
V -0.00000 -0.09800 0.00000 -0.0000 -1.0000 0.0000 0.1250 0.8750
V -0.00000 -0.09800 -0.00000 -0.0000 -1.0000 -0.0000 0.1250 0.8750
T
V -0.06086 -0.05900 -0.02931 -0.7803 -0.5000 -0.3758 0.1250 0.8750
V -0.00000 -0.09800 -0.00000 -0.0000 -1.0000 -0.0000 0.1250 0.8750
V -0.01503 -0.05900 -0.06586 -0.1927 -0.5000 -0.8443 0.1250 0.8750
T
V -0.01503 -0.05900 -0.06586 -0.1927 -0.5000 -0.8443 0.1250 0.8750
V -0.00000 -0.09800 -0.00000 -0.0000 -1.0000 -0.0000 0.1250 0.8750
V -0.00000 -0.09800 -0.00000 -0.0000 -1.0000 -0.0000 0.1250 0.8750
T
V -0.01503 -0.05900 -0.06586 -0.1927 -0.5000 -0.8443 0.1250 0.8750
V -0.00000 -0.09800 -0.00000 -0.0000 -1.0000 -0.0000 0.1250 0.8750
V 0.04212 -0.05900 -0.05281 0.5400 -0.5000 -0.6771 0.1250 0.8750
T
V 0.04212 -0.05900 -0.05281 0.5400 -0.5000 -0.6771 0.1250 0.8750
V -0.00000 -0.09800 -0.00000 -0.0000 -1.0000 -0.0000 0.1250 0.8750
V 0.00000 -0.09800 -0.00000 0.0000 -1.0000 -0.0000 0.1250 0.8750
T
V 0.04212 -0.05900 -0.05281 0.5400 -0.5000 -0.6771 0.1250 0.8750
V 0.00000 -0.09800 -0.00000 0.0000 -1.0000 -0.0000 0.1250 0.8750
V 0.06755 -0.05900 -0.00000 0.8660 -0.5000 -0.0000 0.1250 0.8750
T
V 0.06755 -0.05900 -0.00000 0.8660 -0.5000 -0.0000 0.1250 0.8750
V 0.00000 -0.09800 -0.00000 0.0000 -1.0000 -0.0000 0.1250 0.8750
V 0.00000 -0.09800 -0.00000 0.0000 -1.0000 -0.0000 0.1250 0.8750
T
V 0.00000 -0.30200 0.00000 0.0000 1.0000 0.0000 0.1250 0.8750
V 0.06755 -0.34100 0.00000 0.8660 0.5000 0.0000 0.1250 0.8750
V 0.00000 -0.30200 0.00000 0.0000 1.0000 0.0000 0.1250 0.8750
T
V 0.00000 -0.30200 0.00000 0.0000 1.0000 0.0000 0.1250 0.8750
V 0.06755 -0.34100 0.00000 0.8660 0.5000 0.0000 0.1250 0.8750
V 0.04212 -0.34100 0.05281 0.5400 0.5000 0.6771 0.1250 0.8750
T
V 0.00000 -0.30200 0.00000 0.0000 1.0000 0.0000 0.1250 0.8750
V 0.04212 -0.34100 0.05281 0.5400 0.5000 0.6771 0.1250 0.8750
V 0.00000 -0.30200 0.00000 -0.0000 1.0000 0.0000 0.1250 0.8750
T
V 0.00000 -0.30200 0.00000 -0.0000 1.0000 0.0000 0.1250 0.8750
V 0.04212 -0.34100 0.05281 0.5400 0.5000 0.6771 0.1250 0.8750
V -0.01503 -0.34100 0.06586 -0.1927 0.5000 0.8443 0.1250 0.8750
T
V 0.00000 -0.30200 0.00000 -0.0000 1.0000 0.0000 0.1250 0.8750
V -0.01503 -0.34100 0.06586 -0.1927 0.5000 0.8443 0.1250 0.8750
V 0.00000 -0.30200 0.00000 -0.0000 1.0000 0.0000 0.1250 0.8750
T
V 0.00000 -0.30200 0.00000 -0.0000 1.0000 0.0000 0.1250 0.8750
V -0.01503 -0.34100 0.06586 -0.1927 0.5000 0.8443 0.1250 0.8750
V -0.06086 -0.34100 0.02931 -0.7803 0.5000 0.3758 0.1250 0.8750
T
V 0.00000 -0.30200 0.00000 -0.0000 1.0000 0.0000 0.1250 0.8750
V -0.06086 -0.34100 0.02931 -0.7803 0.5000 0.3758 0.1250 0.8750
V 0.00000 -0.30200 0.00000 -0.0000 1.0000 -0.0000 0.1250 0.8750
T
V 0.00000 -0.30200 0.00000 -0.0000 1.0000 -0.0000 0.1250 0.8750
V -0.06086 -0.34100 0.02931 -0.7803 0.5000 0.3758 0.1250 0.8750
V -0.06086 -0.34100 -0.02931 -0.7803 0.5000 -0.3758 0.1250 0.8750
T
V 0.00000 -0.30200 0.00000 -0.0000 1.0000 -0.0000 0.1250 0.8750
V -0.06086 -0.34100 -0.02931 -0.7803 0.5000 -0.3758 0.1250 0.8750
V 0.00000 -0.30200 0.00000 -0.0000 1.0000 -0.0000 0.1250 0.8750
T
V 0.00000 -0.30200 0.00000 -0.0000 1.0000 -0.0000 0.1250 0.8750
V -0.06086 -0.34100 -0.02931 -0.7803 0.5000 -0.3758 0.1250 0.8750
V -0.01503 -0.34100 -0.06586 -0.1927 0.5000 -0.8443 0.1250 0.8750
T
V 0.00000 -0.30200 0.00000 -0.0000 1.0000 -0.0000 0.1250 0.8750
V -0.01503 -0.34100 -0.06586 -0.1927 0.5000 -0.8443 0.1250 0.8750
V 0.00000 -0.30200 0.00000 0.0000 1.0000 -0.0000 0.1250 0.8750
T
V 0.00000 -0.30200 0.00000 0.0000 1.0000 -0.0000 0.1250 0.8750
V -0.01503 -0.34100 -0.06586 -0.1927 0.5000 -0.8443 0.1250 0.8750
V 0.04212 -0.34100 -0.05281 0.5400 0.5000 -0.6771 0.1250 0.8750
T
V 0.00000 -0.30200 0.00000 0.0000 1.0000 -0.0000 0.1250 0.8750
V 0.04212 -0.34100 -0.05281 0.5400 0.5000 -0.6771 0.1250 0.8750
V 0.00000 -0.30200 0.00000 0.0000 1.0000 -0.0000 0.1250 0.8750
T
V 0.00000 -0.30200 0.00000 0.0000 1.0000 -0.0000 0.1250 0.8750
V 0.04212 -0.34100 -0.05281 0.5400 0.5000 -0.6771 0.1250 0.8750
V 0.06755 -0.34100 -0.00000 0.8660 0.5000 -0.0000 0.1250 0.8750
T
V 0.06755 -0.34100 0.00000 0.8660 0.5000 0.0000 0.1250 0.8750
V 0.06755 -0.41900 0.00000 0.8660 -0.5000 0.0000 0.1250 0.8750
V 0.04212 -0.34100 0.05281 0.5400 0.5000 0.6771 0.1250 0.8750
T
V 0.04212 -0.34100 0.05281 0.5400 0.5000 0.6771 0.1250 0.8750
V 0.06755 -0.41900 0.00000 0.8660 -0.5000 0.0000 0.1250 0.8750
V 0.04212 -0.41900 0.05281 0.5400 -0.5000 0.6771 0.1250 0.8750
T
V 0.04212 -0.34100 0.05281 0.5400 0.5000 0.6771 0.1250 0.8750
V 0.04212 -0.41900 0.05281 0.5400 -0.5000 0.6771 0.1250 0.8750
V -0.01503 -0.34100 0.06586 -0.1927 0.5000 0.8443 0.1250 0.8750
T
V -0.01503 -0.34100 0.06586 -0.1927 0.5000 0.8443 0.1250 0.8750
V 0.04212 -0.41900 0.05281 0.5400 -0.5000 0.6771 0.1250 0.8750
V -0.01503 -0.41900 0.06586 -0.1927 -0.5000 0.8443 0.1250 0.8750
T
V -0.01503 -0.34100 0.06586 -0.1927 0.5000 0.8443 0.1250 0.8750
V -0.01503 -0.41900 0.06586 -0.1927 -0.5000 0.8443 0.1250 0.8750
V -0.06086 -0.34100 0.02931 -0.7803 0.5000 0.3758 0.1250 0.8750
T
V -0.06086 -0.34100 0.02931 -0.7803 0.5000 0.3758 0.1250 0.8750
V -0.01503 -0.41900 0.06586 -0.1927 -0.5000 0.8443 0.1250 0.8750
V -0.06086 -0.41900 0.02931 -0.7803 -0.5000 0.3758 0.1250 0.8750
T
V -0.06086 -0.34100 0.02931 -0.7803 0.5000 0.3758 0.1250 0.8750
V -0.06086 -0.41900 0.02931 -0.7803 -0.5000 0.3758 0.1250 0.8750
V -0.06086 -0.34100 -0.02931 -0.7803 0.5000 -0.3758 0.1250 0.8750
T
V -0.06086 -0.34100 -0.02931 -0.7803 0.5000 -0.3758 0.1250 0.8750
V -0.06086 -0.41900 0.02931 -0.7803 -0.5000 0.3758 0.1250 0.8750
V -0.06086 -0.41900 -0.02931 -0.7803 -0.5000 -0.3758 0.1250 0.8750
T
V -0.06086 -0.34100 -0.02931 -0.7803 0.5000 -0.3758 0.1250 0.8750
V -0.06086 -0.41900 -0.02931 -0.7803 -0.5000 -0.3758 0.1250 0.8750
V -0.01503 -0.34100 -0.06586 -0.1927 0.5000 -0.8443 0.1250 0.8750
T
V -0.01503 -0.34100 -0.06586 -0.1927 0.5000 -0.8443 0.1250 0.8750
V -0.06086 -0.41900 -0.02931 -0.7803 -0.5000 -0.3758 0.1250 0.8750
V -0.01503 -0.41900 -0.06586 -0.1927 -0.5000 -0.8443 0.1250 0.8750
T
V -0.01503 -0.34100 -0.06586 -0.1927 0.5000 -0.8443 0.1250 0.8750
V -0.01503 -0.41900 -0.06586 -0.1927 -0.5000 -0.8443 0.1250 0.8750
V 0.04212 -0.34100 -0.05281 0.5400 0.5000 -0.6771 0.1250 0.8750
T
V 0.04212 -0.34100 -0.05281 0.5400 0.5000 -0.6771 0.1250 0.8750
V -0.01503 -0.41900 -0.06586 -0.1927 -0.5000 -0.8443 0.1250 0.8750
V 0.04212 -0.41900 -0.05281 0.5400 -0.5000 -0.6771 0.1250 0.8750
T
V 0.04212 -0.34100 -0.05281 0.5400 0.5000 -0.6771 0.1250 0.8750
V 0.04212 -0.41900 -0.05281 0.5400 -0.5000 -0.6771 0.1250 0.8750
V 0.06755 -0.34100 -0.00000 0.8660 0.5000 -0.0000 0.1250 0.8750
T
V 0.06755 -0.34100 -0.00000 0.8660 0.5000 -0.0000 0.1250 0.8750
V 0.04212 -0.41900 -0.05281 0.5400 -0.5000 -0.6771 0.1250 0.8750
V 0.06755 -0.41900 -0.00000 0.8660 -0.5000 -0.0000 0.1250 0.8750
T
V 0.06755 -0.41900 0.00000 0.8660 -0.5000 0.0000 0.1250 0.8750
V 0.00000 -0.45800 0.00000 0.0000 -1.0000 0.0000 0.1250 0.8750
V 0.04212 -0.41900 0.05281 0.5400 -0.5000 0.6771 0.1250 0.8750
T
V 0.04212 -0.41900 0.05281 0.5400 -0.5000 0.6771 0.1250 0.8750
V 0.00000 -0.45800 0.00000 0.0000 -1.0000 0.0000 0.1250 0.8750
V 0.00000 -0.45800 0.00000 0.0000 -1.0000 0.0000 0.1250 0.8750
T
V 0.04212 -0.41900 0.05281 0.5400 -0.5000 0.6771 0.1250 0.8750
V 0.00000 -0.45800 0.00000 0.0000 -1.0000 0.0000 0.1250 0.8750
V -0.01503 -0.41900 0.06586 -0.1927 -0.5000 0.8443 0.1250 0.8750
T
V -0.01503 -0.41900 0.06586 -0.1927 -0.5000 0.8443 0.1250 0.8750
V 0.00000 -0.45800 0.00000 0.0000 -1.0000 0.0000 0.1250 0.8750
V -0.00000 -0.45800 0.00000 -0.0000 -1.0000 0.0000 0.1250 0.8750
T
V -0.01503 -0.41900 0.06586 -0.1927 -0.5000 0.8443 0.1250 0.8750
V -0.00000 -0.45800 0.00000 -0.0000 -1.0000 0.0000 0.1250 0.8750
V -0.06086 -0.41900 0.02931 -0.7803 -0.5000 0.3758 0.1250 0.8750
T
V -0.06086 -0.41900 0.02931 -0.7803 -0.5000 0.3758 0.1250 0.8750
V -0.00000 -0.45800 0.00000 -0.0000 -1.0000 0.0000 0.1250 0.8750
V -0.00000 -0.45800 0.00000 -0.0000 -1.0000 0.0000 0.1250 0.8750
T
V -0.06086 -0.41900 0.02931 -0.7803 -0.5000 0.3758 0.1250 0.8750
V -0.00000 -0.45800 0.00000 -0.0000 -1.0000 0.0000 0.1250 0.8750
V -0.06086 -0.41900 -0.02931 -0.7803 -0.5000 -0.3758 0.1250 0.8750
T
V -0.06086 -0.41900 -0.02931 -0.7803 -0.5000 -0.3758 0.1250 0.8750
V -0.00000 -0.45800 0.00000 -0.0000 -1.0000 0.0000 0.1250 0.8750
V -0.00000 -0.45800 -0.00000 -0.0000 -1.0000 -0.0000 0.1250 0.8750
T
V -0.06086 -0.41900 -0.02931 -0.7803 -0.5000 -0.3758 0.1250 0.8750
V -0.00000 -0.45800 -0.00000 -0.0000 -1.0000 -0.0000 0.1250 0.8750
V -0.01503 -0.41900 -0.06586 -0.1927 -0.5000 -0.8443 0.1250 0.8750
T
V -0.01503 -0.41900 -0.06586 -0.1927 -0.5000 -0.8443 0.1250 0.8750
V -0.00000 -0.45800 -0.00000 -0.0000 -1.0000 -0.0000 0.1250 0.8750
V -0.00000 -0.45800 -0.00000 -0.0000 -1.0000 -0.0000 0.1250 0.8750
T
V -0.01503 -0.41900 -0.06586 -0.1927 -0.5000 -0.8443 0.1250 0.8750
V -0.00000 -0.45800 -0.00000 -0.0000 -1.0000 -0.0000 0.1250 0.8750
V 0.04212 -0.41900 -0.05281 0.5400 -0.5000 -0.6771 0.1250 0.8750
T
V 0.04212 -0.41900 -0.05281 0.5400 -0.5000 -0.6771 0.1250 0.8750
V -0.00000 -0.45800 -0.00000 -0.0000 -1.0000 -0.0000 0.1250 0.8750
V 0.00000 -0.45800 -0.00000 0.0000 -1.0000 -0.0000 0.1250 0.8750
T
V 0.04212 -0.41900 -0.05281 0.5400 -0.5000 -0.6771 0.1250 0.8750
V 0.00000 -0.45800 -0.00000 0.0000 -1.0000 -0.0000 0.1250 0.8750
V 0.06755 -0.41900 -0.00000 0.8660 -0.5000 -0.0000 0.1250 0.8750
T
V 0.06755 -0.41900 -0.00000 0.8660 -0.5000 -0.0000 0.1250 0.8750
V 0.00000 -0.45800 -0.00000 0.0000 -1.0000 -0.0000 0.1250 0.8750
V 0.00000 -0.45800 -0.00000 0.0000 -1.0000 -0.0000 0.1250 0.8750
T
BONE Leg_R
V 0.00000 -0.02000 -0.06200 0.0000 0.0000 -1.0000 0.1250 0.8750
V 0.00000 -0.10000 -0.06200 0.0000 0.0000 -1.0000 0.1250 0.8750
V 0.04847 -0.02000 -0.03866 0.7818 0.0000 -0.6235 0.1250 0.8750
T
V 0.04847 -0.02000 -0.03866 0.7818 0.0000 -0.6235 0.1250 0.8750
V 0.00000 -0.10000 -0.06200 0.0000 0.0000 -1.0000 0.1250 0.8750
V 0.04847 -0.10000 -0.03866 0.7818 0.0000 -0.6235 0.1250 0.8750
T
V 0.04847 -0.02000 -0.03866 0.7818 0.0000 -0.6235 0.1250 0.8750
V 0.04847 -0.10000 -0.03866 0.7818 0.0000 -0.6235 0.1250 0.8750
V 0.06045 -0.02000 0.01380 0.9749 0.0000 0.2225 0.1250 0.8750
T
V 0.06045 -0.02000 0.01380 0.9749 0.0000 0.2225 0.1250 0.8750
V 0.04847 -0.10000 -0.03866 0.7818 0.0000 -0.6235 0.1250 0.8750
V 0.06045 -0.10000 0.01380 0.9749 0.0000 0.2225 0.1250 0.8750
T
V 0.06045 -0.02000 0.01380 0.9749 0.0000 0.2225 0.1250 0.8750
V 0.06045 -0.10000 0.01380 0.9749 0.0000 0.2225 0.1250 0.8750
V 0.02690 -0.02000 0.05586 0.4339 0.0000 0.9010 0.1250 0.8750
T
V 0.02690 -0.02000 0.05586 0.4339 0.0000 0.9010 0.1250 0.8750
V 0.06045 -0.10000 0.01380 0.9749 0.0000 0.2225 0.1250 0.8750
V 0.02690 -0.10000 0.05586 0.4339 0.0000 0.9010 0.1250 0.8750
T
V 0.02690 -0.02000 0.05586 0.4339 0.0000 0.9010 0.1250 0.8750
V 0.02690 -0.10000 0.05586 0.4339 0.0000 0.9010 0.1250 0.8750
V -0.02690 -0.02000 0.05586 -0.4339 -0.0000 0.9010 0.1250 0.8750
T
V -0.02690 -0.02000 0.05586 -0.4339 -0.0000 0.9010 0.1250 0.8750
V 0.02690 -0.10000 0.05586 0.4339 0.0000 0.9010 0.1250 0.8750
V -0.02690 -0.10000 0.05586 -0.4339 -0.0000 0.9010 0.1250 0.8750
T
V -0.02690 -0.02000 0.05586 -0.4339 -0.0000 0.9010 0.1250 0.8750
V -0.02690 -0.10000 0.05586 -0.4339 -0.0000 0.9010 0.1250 0.8750
V -0.06045 -0.02000 0.01380 -0.9749 -0.0000 0.2225 0.1250 0.8750
T
V -0.06045 -0.02000 0.01380 -0.9749 -0.0000 0.2225 0.1250 0.8750
V -0.02690 -0.10000 0.05586 -0.4339 -0.0000 0.9010 0.1250 0.8750
V -0.06045 -0.10000 0.01380 -0.9749 -0.0000 0.2225 0.1250 0.8750
T
V -0.06045 -0.02000 0.01380 -0.9749 -0.0000 0.2225 0.1250 0.8750
V -0.06045 -0.10000 0.01380 -0.9749 -0.0000 0.2225 0.1250 0.8750
V -0.04847 -0.02000 -0.03866 -0.7818 0.0000 -0.6235 0.1250 0.8750
T
V -0.04847 -0.02000 -0.03866 -0.7818 0.0000 -0.6235 0.1250 0.8750
V -0.06045 -0.10000 0.01380 -0.9749 -0.0000 0.2225 0.1250 0.8750
V -0.04847 -0.10000 -0.03866 -0.7818 0.0000 -0.6235 0.1250 0.8750
T
V -0.04847 -0.02000 -0.03866 -0.7818 0.0000 -0.6235 0.1250 0.8750
V -0.04847 -0.10000 -0.03866 -0.7818 0.0000 -0.6235 0.1250 0.8750
V 0.00000 -0.02000 -0.06200 0.0000 0.0000 -1.0000 0.1250 0.8750
T
V 0.00000 -0.02000 -0.06200 0.0000 0.0000 -1.0000 0.1250 0.8750
V -0.04847 -0.10000 -0.03866 -0.7818 0.0000 -0.6235 0.1250 0.8750
V 0.00000 -0.10000 -0.06200 0.0000 0.0000 -1.0000 0.1250 0.8750
T
V 0.00000 -0.10000 -0.06200 0.0000 0.0000 -1.0000 0.1250 0.8750
V 0.00000 -0.18000 -0.06200 0.0000 0.0000 -1.0000 0.1250 0.8750
V 0.04847 -0.10000 -0.03866 0.7818 0.0000 -0.6235 0.1250 0.8750
T
V 0.04847 -0.10000 -0.03866 0.7818 0.0000 -0.6235 0.1250 0.8750
V 0.00000 -0.18000 -0.06200 0.0000 0.0000 -1.0000 0.1250 0.8750
V 0.04847 -0.18000 -0.03866 0.7818 0.0000 -0.6235 0.1250 0.8750
T
V 0.04847 -0.10000 -0.03866 0.7818 0.0000 -0.6235 0.1250 0.8750
V 0.04847 -0.18000 -0.03866 0.7818 0.0000 -0.6235 0.1250 0.8750
V 0.06045 -0.10000 0.01380 0.9749 0.0000 0.2225 0.1250 0.8750
T
V 0.06045 -0.10000 0.01380 0.9749 0.0000 0.2225 0.1250 0.8750
V 0.04847 -0.18000 -0.03866 0.7818 0.0000 -0.6235 0.1250 0.8750
V 0.06045 -0.18000 0.01380 0.9749 0.0000 0.2225 0.1250 0.8750
T
V 0.06045 -0.10000 0.01380 0.9749 0.0000 0.2225 0.1250 0.8750
V 0.06045 -0.18000 0.01380 0.9749 0.0000 0.2225 0.1250 0.8750
V 0.02690 -0.10000 0.05586 0.4339 0.0000 0.9010 0.1250 0.8750
T
V 0.02690 -0.10000 0.05586 0.4339 0.0000 0.9010 0.1250 0.8750
V 0.06045 -0.18000 0.01380 0.9749 0.0000 0.2225 0.1250 0.8750
V 0.02690 -0.18000 0.05586 0.4339 0.0000 0.9010 0.1250 0.8750
T
V 0.02690 -0.10000 0.05586 0.4339 0.0000 0.9010 0.1250 0.8750
V 0.02690 -0.18000 0.05586 0.4339 0.0000 0.9010 0.1250 0.8750
V -0.02690 -0.10000 0.05586 -0.4339 -0.0000 0.9010 0.1250 0.8750
T
V -0.02690 -0.10000 0.05586 -0.4339 -0.0000 0.9010 0.1250 0.8750
V 0.02690 -0.18000 0.05586 0.4339 0.0000 0.9010 0.1250 0.8750
V -0.02690 -0.18000 0.05586 -0.4339 -0.0000 0.9010 0.1250 0.8750
T
V -0.02690 -0.10000 0.05586 -0.4339 -0.0000 0.9010 0.1250 0.8750
V -0.02690 -0.18000 0.05586 -0.4339 -0.0000 0.9010 0.1250 0.8750
V -0.06045 -0.10000 0.01380 -0.9749 -0.0000 0.2225 0.1250 0.8750
T
V -0.06045 -0.10000 0.01380 -0.9749 -0.0000 0.2225 0.1250 0.8750
V -0.02690 -0.18000 0.05586 -0.4339 -0.0000 0.9010 0.1250 0.8750
V -0.06045 -0.18000 0.01380 -0.9749 -0.0000 0.2225 0.1250 0.8750
T
V -0.06045 -0.10000 0.01380 -0.9749 -0.0000 0.2225 0.1250 0.8750
V -0.06045 -0.18000 0.01380 -0.9749 -0.0000 0.2225 0.1250 0.8750
V -0.04847 -0.10000 -0.03866 -0.7818 0.0000 -0.6235 0.1250 0.8750
T
V -0.04847 -0.10000 -0.03866 -0.7818 0.0000 -0.6235 0.1250 0.8750
V -0.06045 -0.18000 0.01380 -0.9749 -0.0000 0.2225 0.1250 0.8750
V -0.04847 -0.18000 -0.03866 -0.7818 0.0000 -0.6235 0.1250 0.8750
T
V -0.04847 -0.10000 -0.03866 -0.7818 0.0000 -0.6235 0.1250 0.8750
V -0.04847 -0.18000 -0.03866 -0.7818 0.0000 -0.6235 0.1250 0.8750
V 0.00000 -0.10000 -0.06200 0.0000 0.0000 -1.0000 0.1250 0.8750
T
V 0.00000 -0.10000 -0.06200 0.0000 0.0000 -1.0000 0.1250 0.8750
V -0.04847 -0.18000 -0.03866 -0.7818 0.0000 -0.6235 0.1250 0.8750
V 0.00000 -0.18000 -0.06200 0.0000 0.0000 -1.0000 0.1250 0.8750
T
V 0.00000 -0.18000 -0.06200 0.0000 0.0000 -1.0000 0.1250 0.8750
V 0.00000 -0.26000 -0.06200 0.0000 0.0000 -1.0000 0.1250 0.8750
V 0.04847 -0.18000 -0.03866 0.7818 0.0000 -0.6235 0.1250 0.8750
T
V 0.04847 -0.18000 -0.03866 0.7818 0.0000 -0.6235 0.1250 0.8750
V 0.00000 -0.26000 -0.06200 0.0000 0.0000 -1.0000 0.1250 0.8750
V 0.04847 -0.26000 -0.03866 0.7818 0.0000 -0.6235 0.1250 0.8750
T
V 0.04847 -0.18000 -0.03866 0.7818 0.0000 -0.6235 0.1250 0.8750
V 0.04847 -0.26000 -0.03866 0.7818 0.0000 -0.6235 0.1250 0.8750
V 0.06045 -0.18000 0.01380 0.9749 0.0000 0.2225 0.1250 0.8750
T
V 0.06045 -0.18000 0.01380 0.9749 0.0000 0.2225 0.1250 0.8750
V 0.04847 -0.26000 -0.03866 0.7818 0.0000 -0.6235 0.1250 0.8750
V 0.06045 -0.26000 0.01380 0.9749 0.0000 0.2225 0.1250 0.8750
T
V 0.06045 -0.18000 0.01380 0.9749 0.0000 0.2225 0.1250 0.8750
V 0.06045 -0.26000 0.01380 0.9749 0.0000 0.2225 0.1250 0.8750
V 0.02690 -0.18000 0.05586 0.4339 0.0000 0.9010 0.1250 0.8750
T
V 0.02690 -0.18000 0.05586 0.4339 0.0000 0.9010 0.1250 0.8750
V 0.06045 -0.26000 0.01380 0.9749 0.0000 0.2225 0.1250 0.8750
V 0.02690 -0.26000 0.05586 0.4339 0.0000 0.9010 0.1250 0.8750
T
V 0.02690 -0.18000 0.05586 0.4339 0.0000 0.9010 0.1250 0.8750
V 0.02690 -0.26000 0.05586 0.4339 0.0000 0.9010 0.1250 0.8750
V -0.02690 -0.18000 0.05586 -0.4339 -0.0000 0.9010 0.1250 0.8750
T
V -0.02690 -0.18000 0.05586 -0.4339 -0.0000 0.9010 0.1250 0.8750
V 0.02690 -0.26000 0.05586 0.4339 0.0000 0.9010 0.1250 0.8750
V -0.02690 -0.26000 0.05586 -0.4339 -0.0000 0.9010 0.1250 0.8750
T
V -0.02690 -0.18000 0.05586 -0.4339 -0.0000 0.9010 0.1250 0.8750
V -0.02690 -0.26000 0.05586 -0.4339 -0.0000 0.9010 0.1250 0.8750
V -0.06045 -0.18000 0.01380 -0.9749 -0.0000 0.2225 0.1250 0.8750
T
V -0.06045 -0.18000 0.01380 -0.9749 -0.0000 0.2225 0.1250 0.8750
V -0.02690 -0.26000 0.05586 -0.4339 -0.0000 0.9010 0.1250 0.8750
V -0.06045 -0.26000 0.01380 -0.9749 -0.0000 0.2225 0.1250 0.8750
T
V -0.06045 -0.18000 0.01380 -0.9749 -0.0000 0.2225 0.1250 0.8750
V -0.06045 -0.26000 0.01380 -0.9749 -0.0000 0.2225 0.1250 0.8750
V -0.04847 -0.18000 -0.03866 -0.7818 0.0000 -0.6235 0.1250 0.8750
T
V -0.04847 -0.18000 -0.03866 -0.7818 0.0000 -0.6235 0.1250 0.8750
V -0.06045 -0.26000 0.01380 -0.9749 -0.0000 0.2225 0.1250 0.8750
V -0.04847 -0.26000 -0.03866 -0.7818 0.0000 -0.6235 0.1250 0.8750
T
V -0.04847 -0.18000 -0.03866 -0.7818 0.0000 -0.6235 0.1250 0.8750
V -0.04847 -0.26000 -0.03866 -0.7818 0.0000 -0.6235 0.1250 0.8750
V 0.00000 -0.18000 -0.06200 0.0000 0.0000 -1.0000 0.1250 0.8750
T
V 0.00000 -0.18000 -0.06200 0.0000 0.0000 -1.0000 0.1250 0.8750
V -0.04847 -0.26000 -0.03866 -0.7818 0.0000 -0.6235 0.1250 0.8750
V 0.00000 -0.26000 -0.06200 0.0000 0.0000 -1.0000 0.1250 0.8750
T
V 0.00000 -0.26000 -0.06200 0.0000 0.0000 -1.0000 0.1250 0.8750
V 0.00000 -0.34000 -0.06200 0.0000 0.0000 -1.0000 0.1250 0.8750
V 0.04847 -0.26000 -0.03866 0.7818 0.0000 -0.6235 0.1250 0.8750
T
V 0.04847 -0.26000 -0.03866 0.7818 0.0000 -0.6235 0.1250 0.8750
V 0.00000 -0.34000 -0.06200 0.0000 0.0000 -1.0000 0.1250 0.8750
V 0.04847 -0.34000 -0.03866 0.7818 0.0000 -0.6235 0.1250 0.8750
T
V 0.04847 -0.26000 -0.03866 0.7818 0.0000 -0.6235 0.1250 0.8750
V 0.04847 -0.34000 -0.03866 0.7818 0.0000 -0.6235 0.1250 0.8750
V 0.06045 -0.26000 0.01380 0.9749 0.0000 0.2225 0.1250 0.8750
T
V 0.06045 -0.26000 0.01380 0.9749 0.0000 0.2225 0.1250 0.8750
V 0.04847 -0.34000 -0.03866 0.7818 0.0000 -0.6235 0.1250 0.8750
V 0.06045 -0.34000 0.01380 0.9749 0.0000 0.2225 0.1250 0.8750
T
V 0.06045 -0.26000 0.01380 0.9749 0.0000 0.2225 0.1250 0.8750
V 0.06045 -0.34000 0.01380 0.9749 0.0000 0.2225 0.1250 0.8750
V 0.02690 -0.26000 0.05586 0.4339 0.0000 0.9010 0.1250 0.8750
T
V 0.02690 -0.26000 0.05586 0.4339 0.0000 0.9010 0.1250 0.8750
V 0.06045 -0.34000 0.01380 0.9749 0.0000 0.2225 0.1250 0.8750
V 0.02690 -0.34000 0.05586 0.4339 0.0000 0.9010 0.1250 0.8750
T
V 0.02690 -0.26000 0.05586 0.4339 0.0000 0.9010 0.1250 0.8750
V 0.02690 -0.34000 0.05586 0.4339 0.0000 0.9010 0.1250 0.8750
V -0.02690 -0.26000 0.05586 -0.4339 -0.0000 0.9010 0.1250 0.8750
T
V -0.02690 -0.26000 0.05586 -0.4339 -0.0000 0.9010 0.1250 0.8750
V 0.02690 -0.34000 0.05586 0.4339 0.0000 0.9010 0.1250 0.8750
V -0.02690 -0.34000 0.05586 -0.4339 -0.0000 0.9010 0.1250 0.8750
T
V -0.02690 -0.26000 0.05586 -0.4339 -0.0000 0.9010 0.1250 0.8750
V -0.02690 -0.34000 0.05586 -0.4339 -0.0000 0.9010 0.1250 0.8750
V -0.06045 -0.26000 0.01380 -0.9749 -0.0000 0.2225 0.1250 0.8750
T
V -0.06045 -0.26000 0.01380 -0.9749 -0.0000 0.2225 0.1250 0.8750
V -0.02690 -0.34000 0.05586 -0.4339 -0.0000 0.9010 0.1250 0.8750
V -0.06045 -0.34000 0.01380 -0.9749 -0.0000 0.2225 0.1250 0.8750
T
V -0.06045 -0.26000 0.01380 -0.9749 -0.0000 0.2225 0.1250 0.8750
V -0.06045 -0.34000 0.01380 -0.9749 -0.0000 0.2225 0.1250 0.8750
V -0.04847 -0.26000 -0.03866 -0.7818 0.0000 -0.6235 0.1250 0.8750
T
V -0.04847 -0.26000 -0.03866 -0.7818 0.0000 -0.6235 0.1250 0.8750
V -0.06045 -0.34000 0.01380 -0.9749 -0.0000 0.2225 0.1250 0.8750
V -0.04847 -0.34000 -0.03866 -0.7818 0.0000 -0.6235 0.1250 0.8750
T
V -0.04847 -0.26000 -0.03866 -0.7818 0.0000 -0.6235 0.1250 0.8750
V -0.04847 -0.34000 -0.03866 -0.7818 0.0000 -0.6235 0.1250 0.8750
V 0.00000 -0.26000 -0.06200 0.0000 0.0000 -1.0000 0.1250 0.8750
T
V 0.00000 -0.26000 -0.06200 0.0000 0.0000 -1.0000 0.1250 0.8750
V -0.04847 -0.34000 -0.03866 -0.7818 0.0000 -0.6235 0.1250 0.8750
V 0.00000 -0.34000 -0.06200 0.0000 0.0000 -1.0000 0.1250 0.8750
T
V 0.00000 0.04200 0.00000 0.0000 1.0000 0.0000 0.1250 0.8750
V 0.05369 0.01100 0.00000 0.8660 0.5000 0.0000 0.1250 0.8750
V 0.00000 0.04200 0.00000 0.0000 1.0000 0.0000 0.1250 0.8750
T
V 0.00000 0.04200 0.00000 0.0000 1.0000 0.0000 0.1250 0.8750
V 0.05369 0.01100 0.00000 0.8660 0.5000 0.0000 0.1250 0.8750
V 0.03348 0.01100 0.04198 0.5400 0.5000 0.6771 0.1250 0.8750
T
V 0.00000 0.04200 0.00000 0.0000 1.0000 0.0000 0.1250 0.8750
V 0.03348 0.01100 0.04198 0.5400 0.5000 0.6771 0.1250 0.8750
V 0.00000 0.04200 0.00000 -0.0000 1.0000 0.0000 0.1250 0.8750
T
V 0.00000 0.04200 0.00000 -0.0000 1.0000 0.0000 0.1250 0.8750
V 0.03348 0.01100 0.04198 0.5400 0.5000 0.6771 0.1250 0.8750
V -0.01195 0.01100 0.05235 -0.1927 0.5000 0.8443 0.1250 0.8750
T
V 0.00000 0.04200 0.00000 -0.0000 1.0000 0.0000 0.1250 0.8750
V -0.01195 0.01100 0.05235 -0.1927 0.5000 0.8443 0.1250 0.8750
V 0.00000 0.04200 0.00000 -0.0000 1.0000 0.0000 0.1250 0.8750
T
V 0.00000 0.04200 0.00000 -0.0000 1.0000 0.0000 0.1250 0.8750
V -0.01195 0.01100 0.05235 -0.1927 0.5000 0.8443 0.1250 0.8750
V -0.04838 0.01100 0.02330 -0.7803 0.5000 0.3758 0.1250 0.8750
T
V 0.00000 0.04200 0.00000 -0.0000 1.0000 0.0000 0.1250 0.8750
V -0.04838 0.01100 0.02330 -0.7803 0.5000 0.3758 0.1250 0.8750
V 0.00000 0.04200 0.00000 -0.0000 1.0000 -0.0000 0.1250 0.8750
T
V 0.00000 0.04200 0.00000 -0.0000 1.0000 -0.0000 0.1250 0.8750
V -0.04838 0.01100 0.02330 -0.7803 0.5000 0.3758 0.1250 0.8750
V -0.04838 0.01100 -0.02330 -0.7803 0.5000 -0.3758 0.1250 0.8750
T
V 0.00000 0.04200 0.00000 -0.0000 1.0000 -0.0000 0.1250 0.8750
V -0.04838 0.01100 -0.02330 -0.7803 0.5000 -0.3758 0.1250 0.8750
V 0.00000 0.04200 0.00000 -0.0000 1.0000 -0.0000 0.1250 0.8750
T
V 0.00000 0.04200 0.00000 -0.0000 1.0000 -0.0000 0.1250 0.8750
V -0.04838 0.01100 -0.02330 -0.7803 0.5000 -0.3758 0.1250 0.8750
V -0.01195 0.01100 -0.05235 -0.1927 0.5000 -0.8443 0.1250 0.8750
T
V 0.00000 0.04200 0.00000 -0.0000 1.0000 -0.0000 0.1250 0.8750
V -0.01195 0.01100 -0.05235 -0.1927 0.5000 -0.8443 0.1250 0.8750
V 0.00000 0.04200 0.00000 0.0000 1.0000 -0.0000 0.1250 0.8750
T
V 0.00000 0.04200 0.00000 0.0000 1.0000 -0.0000 0.1250 0.8750
V -0.01195 0.01100 -0.05235 -0.1927 0.5000 -0.8443 0.1250 0.8750
V 0.03348 0.01100 -0.04198 0.5400 0.5000 -0.6771 0.1250 0.8750
T
V 0.00000 0.04200 0.00000 0.0000 1.0000 -0.0000 0.1250 0.8750
V 0.03348 0.01100 -0.04198 0.5400 0.5000 -0.6771 0.1250 0.8750
V 0.00000 0.04200 0.00000 0.0000 1.0000 -0.0000 0.1250 0.8750
T
V 0.00000 0.04200 0.00000 0.0000 1.0000 -0.0000 0.1250 0.8750
V 0.03348 0.01100 -0.04198 0.5400 0.5000 -0.6771 0.1250 0.8750
V 0.05369 0.01100 -0.00000 0.8660 0.5000 -0.0000 0.1250 0.8750
T
V 0.05369 0.01100 0.00000 0.8660 0.5000 0.0000 0.1250 0.8750
V 0.05369 -0.05100 0.00000 0.8660 -0.5000 0.0000 0.1250 0.8750
V 0.03348 0.01100 0.04198 0.5400 0.5000 0.6771 0.1250 0.8750
T
V 0.03348 0.01100 0.04198 0.5400 0.5000 0.6771 0.1250 0.8750
V 0.05369 -0.05100 0.00000 0.8660 -0.5000 0.0000 0.1250 0.8750
V 0.03348 -0.05100 0.04198 0.5400 -0.5000 0.6771 0.1250 0.8750
T
V 0.03348 0.01100 0.04198 0.5400 0.5000 0.6771 0.1250 0.8750
V 0.03348 -0.05100 0.04198 0.5400 -0.5000 0.6771 0.1250 0.8750
V -0.01195 0.01100 0.05235 -0.1927 0.5000 0.8443 0.1250 0.8750
T
V -0.01195 0.01100 0.05235 -0.1927 0.5000 0.8443 0.1250 0.8750
V 0.03348 -0.05100 0.04198 0.5400 -0.5000 0.6771 0.1250 0.8750
V -0.01195 -0.05100 0.05235 -0.1927 -0.5000 0.8443 0.1250 0.8750
T
V -0.01195 0.01100 0.05235 -0.1927 0.5000 0.8443 0.1250 0.8750
V -0.01195 -0.05100 0.05235 -0.1927 -0.5000 0.8443 0.1250 0.8750
V -0.04838 0.01100 0.02330 -0.7803 0.5000 0.3758 0.1250 0.8750
T
V -0.04838 0.01100 0.02330 -0.7803 0.5000 0.3758 0.1250 0.8750
V -0.01195 -0.05100 0.05235 -0.1927 -0.5000 0.8443 0.1250 0.8750
V -0.04838 -0.05100 0.02330 -0.7803 -0.5000 0.3758 0.1250 0.8750
T
V -0.04838 0.01100 0.02330 -0.7803 0.5000 0.3758 0.1250 0.8750
V -0.04838 -0.05100 0.02330 -0.7803 -0.5000 0.3758 0.1250 0.8750
V -0.04838 0.01100 -0.02330 -0.7803 0.5000 -0.3758 0.1250 0.8750
T
V -0.04838 0.01100 -0.02330 -0.7803 0.5000 -0.3758 0.1250 0.8750
V -0.04838 -0.05100 0.02330 -0.7803 -0.5000 0.3758 0.1250 0.8750
V -0.04838 -0.05100 -0.02330 -0.7803 -0.5000 -0.3758 0.1250 0.8750
T
V -0.04838 0.01100 -0.02330 -0.7803 0.5000 -0.3758 0.1250 0.8750
V -0.04838 -0.05100 -0.02330 -0.7803 -0.5000 -0.3758 0.1250 0.8750
V -0.01195 0.01100 -0.05235 -0.1927 0.5000 -0.8443 0.1250 0.8750
T
V -0.01195 0.01100 -0.05235 -0.1927 0.5000 -0.8443 0.1250 0.8750
V -0.04838 -0.05100 -0.02330 -0.7803 -0.5000 -0.3758 0.1250 0.8750
V -0.01195 -0.05100 -0.05235 -0.1927 -0.5000 -0.8443 0.1250 0.8750
T
V -0.01195 0.01100 -0.05235 -0.1927 0.5000 -0.8443 0.1250 0.8750
V -0.01195 -0.05100 -0.05235 -0.1927 -0.5000 -0.8443 0.1250 0.8750
V 0.03348 0.01100 -0.04198 0.5400 0.5000 -0.6771 0.1250 0.8750
T
V 0.03348 0.01100 -0.04198 0.5400 0.5000 -0.6771 0.1250 0.8750
V -0.01195 -0.05100 -0.05235 -0.1927 -0.5000 -0.8443 0.1250 0.8750
V 0.03348 -0.05100 -0.04198 0.5400 -0.5000 -0.6771 0.1250 0.8750
T
V 0.03348 0.01100 -0.04198 0.5400 0.5000 -0.6771 0.1250 0.8750
V 0.03348 -0.05100 -0.04198 0.5400 -0.5000 -0.6771 0.1250 0.8750
V 0.05369 0.01100 -0.00000 0.8660 0.5000 -0.0000 0.1250 0.8750
T
V 0.05369 0.01100 -0.00000 0.8660 0.5000 -0.0000 0.1250 0.8750
V 0.03348 -0.05100 -0.04198 0.5400 -0.5000 -0.6771 0.1250 0.8750
V 0.05369 -0.05100 -0.00000 0.8660 -0.5000 -0.0000 0.1250 0.8750
T
V 0.05369 -0.05100 0.00000 0.8660 -0.5000 0.0000 0.1250 0.8750
V 0.00000 -0.08200 0.00000 0.0000 -1.0000 0.0000 0.1250 0.8750
V 0.03348 -0.05100 0.04198 0.5400 -0.5000 0.6771 0.1250 0.8750
T
V 0.03348 -0.05100 0.04198 0.5400 -0.5000 0.6771 0.1250 0.8750
V 0.00000 -0.08200 0.00000 0.0000 -1.0000 0.0000 0.1250 0.8750
V 0.00000 -0.08200 0.00000 0.0000 -1.0000 0.0000 0.1250 0.8750
T
V 0.03348 -0.05100 0.04198 0.5400 -0.5000 0.6771 0.1250 0.8750
V 0.00000 -0.08200 0.00000 0.0000 -1.0000 0.0000 0.1250 0.8750
V -0.01195 -0.05100 0.05235 -0.1927 -0.5000 0.8443 0.1250 0.8750
T
V -0.01195 -0.05100 0.05235 -0.1927 -0.5000 0.8443 0.1250 0.8750
V 0.00000 -0.08200 0.00000 0.0000 -1.0000 0.0000 0.1250 0.8750
V -0.00000 -0.08200 0.00000 -0.0000 -1.0000 0.0000 0.1250 0.8750
T
V -0.01195 -0.05100 0.05235 -0.1927 -0.5000 0.8443 0.1250 0.8750
V -0.00000 -0.08200 0.00000 -0.0000 -1.0000 0.0000 0.1250 0.8750
V -0.04838 -0.05100 0.02330 -0.7803 -0.5000 0.3758 0.1250 0.8750
T
V -0.04838 -0.05100 0.02330 -0.7803 -0.5000 0.3758 0.1250 0.8750
V -0.00000 -0.08200 0.00000 -0.0000 -1.0000 0.0000 0.1250 0.8750
V -0.00000 -0.08200 0.00000 -0.0000 -1.0000 0.0000 0.1250 0.8750
T
V -0.04838 -0.05100 0.02330 -0.7803 -0.5000 0.3758 0.1250 0.8750
V -0.00000 -0.08200 0.00000 -0.0000 -1.0000 0.0000 0.1250 0.8750
V -0.04838 -0.05100 -0.02330 -0.7803 -0.5000 -0.3758 0.1250 0.8750
T
V -0.04838 -0.05100 -0.02330 -0.7803 -0.5000 -0.3758 0.1250 0.8750
V -0.00000 -0.08200 0.00000 -0.0000 -1.0000 0.0000 0.1250 0.8750
V -0.00000 -0.08200 -0.00000 -0.0000 -1.0000 -0.0000 0.1250 0.8750
T
V -0.04838 -0.05100 -0.02330 -0.7803 -0.5000 -0.3758 0.1250 0.8750
V -0.00000 -0.08200 -0.00000 -0.0000 -1.0000 -0.0000 0.1250 0.8750
V -0.01195 -0.05100 -0.05235 -0.1927 -0.5000 -0.8443 0.1250 0.8750
T
V -0.01195 -0.05100 -0.05235 -0.1927 -0.5000 -0.8443 0.1250 0.8750
V -0.00000 -0.08200 -0.00000 -0.0000 -1.0000 -0.0000 0.1250 0.8750
V -0.00000 -0.08200 -0.00000 -0.0000 -1.0000 -0.0000 0.1250 0.8750
T
V -0.01195 -0.05100 -0.05235 -0.1927 -0.5000 -0.8443 0.1250 0.8750
V -0.00000 -0.08200 -0.00000 -0.0000 -1.0000 -0.0000 0.1250 0.8750
V 0.03348 -0.05100 -0.04198 0.5400 -0.5000 -0.6771 0.1250 0.8750
T
V 0.03348 -0.05100 -0.04198 0.5400 -0.5000 -0.6771 0.1250 0.8750
V -0.00000 -0.08200 -0.00000 -0.0000 -1.0000 -0.0000 0.1250 0.8750
V 0.00000 -0.08200 -0.00000 0.0000 -1.0000 -0.0000 0.1250 0.8750
T
V 0.03348 -0.05100 -0.04198 0.5400 -0.5000 -0.6771 0.1250 0.8750
V 0.00000 -0.08200 -0.00000 0.0000 -1.0000 -0.0000 0.1250 0.8750
V 0.05369 -0.05100 -0.00000 0.8660 -0.5000 -0.0000 0.1250 0.8750
T
V 0.05369 -0.05100 -0.00000 0.8660 -0.5000 -0.0000 0.1250 0.8750
V 0.00000 -0.08200 -0.00000 0.0000 -1.0000 -0.0000 0.1250 0.8750
V 0.00000 -0.08200 -0.00000 0.0000 -1.0000 -0.0000 0.1250 0.8750
T
V 0.00000 -0.27800 0.00000 0.0000 1.0000 0.0000 0.1250 0.8750
V 0.05369 -0.30900 0.00000 0.8660 0.5000 0.0000 0.1250 0.8750
V 0.00000 -0.27800 0.00000 0.0000 1.0000 0.0000 0.1250 0.8750
T
V 0.00000 -0.27800 0.00000 0.0000 1.0000 0.0000 0.1250 0.8750
V 0.05369 -0.30900 0.00000 0.8660 0.5000 0.0000 0.1250 0.8750
V 0.03348 -0.30900 0.04198 0.5400 0.5000 0.6771 0.1250 0.8750
T
V 0.00000 -0.27800 0.00000 0.0000 1.0000 0.0000 0.1250 0.8750
V 0.03348 -0.30900 0.04198 0.5400 0.5000 0.6771 0.1250 0.8750
V 0.00000 -0.27800 0.00000 -0.0000 1.0000 0.0000 0.1250 0.8750
T
V 0.00000 -0.27800 0.00000 -0.0000 1.0000 0.0000 0.1250 0.8750
V 0.03348 -0.30900 0.04198 0.5400 0.5000 0.6771 0.1250 0.8750
V -0.01195 -0.30900 0.05235 -0.1927 0.5000 0.8443 0.1250 0.8750
T
V 0.00000 -0.27800 0.00000 -0.0000 1.0000 0.0000 0.1250 0.8750
V -0.01195 -0.30900 0.05235 -0.1927 0.5000 0.8443 0.1250 0.8750
V 0.00000 -0.27800 0.00000 -0.0000 1.0000 0.0000 0.1250 0.8750
T
V 0.00000 -0.27800 0.00000 -0.0000 1.0000 0.0000 0.1250 0.8750
V -0.01195 -0.30900 0.05235 -0.1927 0.5000 0.8443 0.1250 0.8750
V -0.04838 -0.30900 0.02330 -0.7803 0.5000 0.3758 0.1250 0.8750
T
V 0.00000 -0.27800 0.00000 -0.0000 1.0000 0.0000 0.1250 0.8750
V -0.04838 -0.30900 0.02330 -0.7803 0.5000 0.3758 0.1250 0.8750
V 0.00000 -0.27800 0.00000 -0.0000 1.0000 -0.0000 0.1250 0.8750
T
V 0.00000 -0.27800 0.00000 -0.0000 1.0000 -0.0000 0.1250 0.8750
V -0.04838 -0.30900 0.02330 -0.7803 0.5000 0.3758 0.1250 0.8750
V -0.04838 -0.30900 -0.02330 -0.7803 0.5000 -0.3758 0.1250 0.8750
T
V 0.00000 -0.27800 0.00000 -0.0000 1.0000 -0.0000 0.1250 0.8750
V -0.04838 -0.30900 -0.02330 -0.7803 0.5000 -0.3758 0.1250 0.8750
V 0.00000 -0.27800 0.00000 -0.0000 1.0000 -0.0000 0.1250 0.8750
T
V 0.00000 -0.27800 0.00000 -0.0000 1.0000 -0.0000 0.1250 0.8750
V -0.04838 -0.30900 -0.02330 -0.7803 0.5000 -0.3758 0.1250 0.8750
V -0.01195 -0.30900 -0.05235 -0.1927 0.5000 -0.8443 0.1250 0.8750
T
V 0.00000 -0.27800 0.00000 -0.0000 1.0000 -0.0000 0.1250 0.8750
V -0.01195 -0.30900 -0.05235 -0.1927 0.5000 -0.8443 0.1250 0.8750
V 0.00000 -0.27800 0.00000 0.0000 1.0000 -0.0000 0.1250 0.8750
T
V 0.00000 -0.27800 0.00000 0.0000 1.0000 -0.0000 0.1250 0.8750
V -0.01195 -0.30900 -0.05235 -0.1927 0.5000 -0.8443 0.1250 0.8750
V 0.03348 -0.30900 -0.04198 0.5400 0.5000 -0.6771 0.1250 0.8750
T
V 0.00000 -0.27800 0.00000 0.0000 1.0000 -0.0000 0.1250 0.8750
V 0.03348 -0.30900 -0.04198 0.5400 0.5000 -0.6771 0.1250 0.8750
V 0.00000 -0.27800 0.00000 0.0000 1.0000 -0.0000 0.1250 0.8750
T
V 0.00000 -0.27800 0.00000 0.0000 1.0000 -0.0000 0.1250 0.8750
V 0.03348 -0.30900 -0.04198 0.5400 0.5000 -0.6771 0.1250 0.8750
V 0.05369 -0.30900 -0.00000 0.8660 0.5000 -0.0000 0.1250 0.8750
T
V 0.05369 -0.30900 0.00000 0.8660 0.5000 0.0000 0.1250 0.8750
V 0.05369 -0.37100 0.00000 0.8660 -0.5000 0.0000 0.1250 0.8750
V 0.03348 -0.30900 0.04198 0.5400 0.5000 0.6771 0.1250 0.8750
T
V 0.03348 -0.30900 0.04198 0.5400 0.5000 0.6771 0.1250 0.8750
V 0.05369 -0.37100 0.00000 0.8660 -0.5000 0.0000 0.1250 0.8750
V 0.03348 -0.37100 0.04198 0.5400 -0.5000 0.6771 0.1250 0.8750
T
V 0.03348 -0.30900 0.04198 0.5400 0.5000 0.6771 0.1250 0.8750
V 0.03348 -0.37100 0.04198 0.5400 -0.5000 0.6771 0.1250 0.8750
V -0.01195 -0.30900 0.05235 -0.1927 0.5000 0.8443 0.1250 0.8750
T
V -0.01195 -0.30900 0.05235 -0.1927 0.5000 0.8443 0.1250 0.8750
V 0.03348 -0.37100 0.04198 0.5400 -0.5000 0.6771 0.1250 0.8750
V -0.01195 -0.37100 0.05235 -0.1927 -0.5000 0.8443 0.1250 0.8750
T
V -0.01195 -0.30900 0.05235 -0.1927 0.5000 0.8443 0.1250 0.8750
V -0.01195 -0.37100 0.05235 -0.1927 -0.5000 0.8443 0.1250 0.8750
V -0.04838 -0.30900 0.02330 -0.7803 0.5000 0.3758 0.1250 0.8750
T
V -0.04838 -0.30900 0.02330 -0.7803 0.5000 0.3758 0.1250 0.8750
V -0.01195 -0.37100 0.05235 -0.1927 -0.5000 0.8443 0.1250 0.8750
V -0.04838 -0.37100 0.02330 -0.7803 -0.5000 0.3758 0.1250 0.8750
T
V -0.04838 -0.30900 0.02330 -0.7803 0.5000 0.3758 0.1250 0.8750
V -0.04838 -0.37100 0.02330 -0.7803 -0.5000 0.3758 0.1250 0.8750
V -0.04838 -0.30900 -0.02330 -0.7803 0.5000 -0.3758 0.1250 0.8750
T
V -0.04838 -0.30900 -0.02330 -0.7803 0.5000 -0.3758 0.1250 0.8750
V -0.04838 -0.37100 0.02330 -0.7803 -0.5000 0.3758 0.1250 0.8750
V -0.04838 -0.37100 -0.02330 -0.7803 -0.5000 -0.3758 0.1250 0.8750
T
V -0.04838 -0.30900 -0.02330 -0.7803 0.5000 -0.3758 0.1250 0.8750
V -0.04838 -0.37100 -0.02330 -0.7803 -0.5000 -0.3758 0.1250 0.8750
V -0.01195 -0.30900 -0.05235 -0.1927 0.5000 -0.8443 0.1250 0.8750
T
V -0.01195 -0.30900 -0.05235 -0.1927 0.5000 -0.8443 0.1250 0.8750
V -0.04838 -0.37100 -0.02330 -0.7803 -0.5000 -0.3758 0.1250 0.8750
V -0.01195 -0.37100 -0.05235 -0.1927 -0.5000 -0.8443 0.1250 0.8750
T
V -0.01195 -0.30900 -0.05235 -0.1927 0.5000 -0.8443 0.1250 0.8750
V -0.01195 -0.37100 -0.05235 -0.1927 -0.5000 -0.8443 0.1250 0.8750
V 0.03348 -0.30900 -0.04198 0.5400 0.5000 -0.6771 0.1250 0.8750
T
V 0.03348 -0.30900 -0.04198 0.5400 0.5000 -0.6771 0.1250 0.8750
V -0.01195 -0.37100 -0.05235 -0.1927 -0.5000 -0.8443 0.1250 0.8750
V 0.03348 -0.37100 -0.04198 0.5400 -0.5000 -0.6771 0.1250 0.8750
T
V 0.03348 -0.30900 -0.04198 0.5400 0.5000 -0.6771 0.1250 0.8750
V 0.03348 -0.37100 -0.04198 0.5400 -0.5000 -0.6771 0.1250 0.8750
V 0.05369 -0.30900 -0.00000 0.8660 0.5000 -0.0000 0.1250 0.8750
T
V 0.05369 -0.30900 -0.00000 0.8660 0.5000 -0.0000 0.1250 0.8750
V 0.03348 -0.37100 -0.04198 0.5400 -0.5000 -0.6771 0.1250 0.8750
V 0.05369 -0.37100 -0.00000 0.8660 -0.5000 -0.0000 0.1250 0.8750
T
V 0.05369 -0.37100 0.00000 0.8660 -0.5000 0.0000 0.1250 0.8750
V 0.00000 -0.40200 0.00000 0.0000 -1.0000 0.0000 0.1250 0.8750
V 0.03348 -0.37100 0.04198 0.5400 -0.5000 0.6771 0.1250 0.8750
T
V 0.03348 -0.37100 0.04198 0.5400 -0.5000 0.6771 0.1250 0.8750
V 0.00000 -0.40200 0.00000 0.0000 -1.0000 0.0000 0.1250 0.8750
V 0.00000 -0.40200 0.00000 0.0000 -1.0000 0.0000 0.1250 0.8750
T
V 0.03348 -0.37100 0.04198 0.5400 -0.5000 0.6771 0.1250 0.8750
V 0.00000 -0.40200 0.00000 0.0000 -1.0000 0.0000 0.1250 0.8750
V -0.01195 -0.37100 0.05235 -0.1927 -0.5000 0.8443 0.1250 0.8750
T
V -0.01195 -0.37100 0.05235 -0.1927 -0.5000 0.8443 0.1250 0.8750
V 0.00000 -0.40200 0.00000 0.0000 -1.0000 0.0000 0.1250 0.8750
V -0.00000 -0.40200 0.00000 -0.0000 -1.0000 0.0000 0.1250 0.8750
T
V -0.01195 -0.37100 0.05235 -0.1927 -0.5000 0.8443 0.1250 0.8750
V -0.00000 -0.40200 0.00000 -0.0000 -1.0000 0.0000 0.1250 0.8750
V -0.04838 -0.37100 0.02330 -0.7803 -0.5000 0.3758 0.1250 0.8750
T
V -0.04838 -0.37100 0.02330 -0.7803 -0.5000 0.3758 0.1250 0.8750
V -0.00000 -0.40200 0.00000 -0.0000 -1.0000 0.0000 0.1250 0.8750
V -0.00000 -0.40200 0.00000 -0.0000 -1.0000 0.0000 0.1250 0.8750
T
V -0.04838 -0.37100 0.02330 -0.7803 -0.5000 0.3758 0.1250 0.8750
V -0.00000 -0.40200 0.00000 -0.0000 -1.0000 0.0000 0.1250 0.8750
V -0.04838 -0.37100 -0.02330 -0.7803 -0.5000 -0.3758 0.1250 0.8750
T
V -0.04838 -0.37100 -0.02330 -0.7803 -0.5000 -0.3758 0.1250 0.8750
V -0.00000 -0.40200 0.00000 -0.0000 -1.0000 0.0000 0.1250 0.8750
V -0.00000 -0.40200 -0.00000 -0.0000 -1.0000 -0.0000 0.1250 0.8750
T
V -0.04838 -0.37100 -0.02330 -0.7803 -0.5000 -0.3758 0.1250 0.8750
V -0.00000 -0.40200 -0.00000 -0.0000 -1.0000 -0.0000 0.1250 0.8750
V -0.01195 -0.37100 -0.05235 -0.1927 -0.5000 -0.8443 0.1250 0.8750
T
V -0.01195 -0.37100 -0.05235 -0.1927 -0.5000 -0.8443 0.1250 0.8750
V -0.00000 -0.40200 -0.00000 -0.0000 -1.0000 -0.0000 0.1250 0.8750
V -0.00000 -0.40200 -0.00000 -0.0000 -1.0000 -0.0000 0.1250 0.8750
T
V -0.01195 -0.37100 -0.05235 -0.1927 -0.5000 -0.8443 0.1250 0.8750
V -0.00000 -0.40200 -0.00000 -0.0000 -1.0000 -0.0000 0.1250 0.8750
V 0.03348 -0.37100 -0.04198 0.5400 -0.5000 -0.6771 0.1250 0.8750
T
V 0.03348 -0.37100 -0.04198 0.5400 -0.5000 -0.6771 0.1250 0.8750
V -0.00000 -0.40200 -0.00000 -0.0000 -1.0000 -0.0000 0.1250 0.8750
V 0.00000 -0.40200 -0.00000 0.0000 -1.0000 -0.0000 0.1250 0.8750
T
V 0.03348 -0.37100 -0.04198 0.5400 -0.5000 -0.6771 0.1250 0.8750
V 0.00000 -0.40200 -0.00000 0.0000 -1.0000 -0.0000 0.1250 0.8750
V 0.05369 -0.37100 -0.00000 0.8660 -0.5000 -0.0000 0.1250 0.8750
T
V 0.05369 -0.37100 -0.00000 0.8660 -0.5000 -0.0000 0.1250 0.8750
V 0.00000 -0.40200 -0.00000 0.0000 -1.0000 -0.0000 0.1250 0.8750
V 0.00000 -0.40200 -0.00000 0.0000 -1.0000 -0.0000 0.1250 0.8750
T
BONE Leg_R
V -0.04500 -0.04000 -0.04500 0.0000 0.0000 -1.0000 0.3750 0.8750
V 0.04500 -0.04000 -0.04500 0.0000 0.0000 -1.0000 0.3750 0.8750
V 0.04500 0.00000 -0.04500 0.0000 0.0000 -1.0000 0.3750 0.8750
T
V -0.04500 -0.04000 -0.04500 0.0000 0.0000 -1.0000 0.3750 0.8750
V 0.04500 0.00000 -0.04500 0.0000 0.0000 -1.0000 0.3750 0.8750
V -0.04500 0.00000 -0.04500 0.0000 0.0000 -1.0000 0.3750 0.8750
T
V 0.04500 -0.04000 0.04500 0.0000 0.0000 1.0000 0.3750 0.8750
V -0.04500 -0.04000 0.04500 0.0000 0.0000 1.0000 0.3750 0.8750
V -0.04500 0.00000 0.04500 0.0000 0.0000 1.0000 0.3750 0.8750
T
V 0.04500 -0.04000 0.04500 0.0000 0.0000 1.0000 0.3750 0.8750
V -0.04500 0.00000 0.04500 0.0000 0.0000 1.0000 0.3750 0.8750
V 0.04500 0.00000 0.04500 0.0000 0.0000 1.0000 0.3750 0.8750
T
V -0.04500 -0.04000 0.04500 -1.0000 0.0000 0.0000 0.3750 0.8750
V -0.04500 -0.04000 -0.04500 -1.0000 0.0000 0.0000 0.3750 0.8750
V -0.04500 0.00000 -0.04500 -1.0000 0.0000 0.0000 0.3750 0.8750
T
V -0.04500 -0.04000 0.04500 -1.0000 0.0000 0.0000 0.3750 0.8750
V -0.04500 0.00000 -0.04500 -1.0000 0.0000 0.0000 0.3750 0.8750
V -0.04500 0.00000 0.04500 -1.0000 0.0000 0.0000 0.3750 0.8750
T
V 0.04500 -0.04000 -0.04500 1.0000 0.0000 0.0000 0.3750 0.8750
V 0.04500 -0.04000 0.04500 1.0000 0.0000 0.0000 0.3750 0.8750
V 0.04500 0.00000 0.04500 1.0000 0.0000 0.0000 0.3750 0.8750
T
V 0.04500 -0.04000 -0.04500 1.0000 0.0000 0.0000 0.3750 0.8750
V 0.04500 0.00000 0.04500 1.0000 0.0000 0.0000 0.3750 0.8750
V 0.04500 0.00000 -0.04500 1.0000 0.0000 0.0000 0.3750 0.8750
T
V -0.04500 0.00000 -0.04500 0.0000 1.0000 0.0000 0.3750 0.8750
V 0.04500 0.00000 -0.04500 0.0000 1.0000 0.0000 0.3750 0.8750
V 0.04500 0.00000 0.04500 0.0000 1.0000 0.0000 0.3750 0.8750
T
V -0.04500 0.00000 -0.04500 0.0000 1.0000 0.0000 0.3750 0.8750
V 0.04500 0.00000 0.04500 0.0000 1.0000 0.0000 0.3750 0.8750
V -0.04500 0.00000 0.04500 0.0000 1.0000 0.0000 0.3750 0.8750
T
V -0.04500 -0.04000 0.04500 0.0000 -1.0000 0.0000 0.3750 0.8750
V 0.04500 -0.04000 0.04500 0.0000 -1.0000 0.0000 0.3750 0.8750
V 0.04500 -0.04000 -0.04500 0.0000 -1.0000 0.0000 0.3750 0.8750
T
V -0.04500 -0.04000 0.04500 0.0000 -1.0000 0.0000 0.3750 0.8750
V 0.04500 -0.04000 -0.04500 0.0000 -1.0000 0.0000 0.3750 0.8750
V -0.04500 -0.04000 -0.04500 0.0000 -1.0000 0.0000 0.3750 0.8750
T
BONE Foot_R
V -0.04500 -0.04500 -0.03000 0.0000 0.0000 -1.0000 0.1250 0.8750
V 0.04500 -0.04500 -0.03000 0.0000 0.0000 -1.0000 0.1250 0.8750
V 0.04500 0.02500 -0.03000 0.0000 0.0000 -1.0000 0.1250 0.8750
T
V -0.04500 -0.04500 -0.03000 0.0000 0.0000 -1.0000 0.1250 0.8750
V 0.04500 0.02500 -0.03000 0.0000 0.0000 -1.0000 0.1250 0.8750
V -0.04500 0.02500 -0.03000 0.0000 0.0000 -1.0000 0.1250 0.8750
T
V 0.04500 -0.04500 0.15000 0.0000 0.0000 1.0000 0.1250 0.8750
V -0.04500 -0.04500 0.15000 0.0000 0.0000 1.0000 0.1250 0.8750
V -0.04500 0.02500 0.15000 0.0000 0.0000 1.0000 0.1250 0.8750
T
V 0.04500 -0.04500 0.15000 0.0000 0.0000 1.0000 0.1250 0.8750
V -0.04500 0.02500 0.15000 0.0000 0.0000 1.0000 0.1250 0.8750
V 0.04500 0.02500 0.15000 0.0000 0.0000 1.0000 0.1250 0.8750
T
V -0.04500 -0.04500 0.15000 -1.0000 0.0000 0.0000 0.1250 0.8750
V -0.04500 -0.04500 -0.03000 -1.0000 0.0000 0.0000 0.1250 0.8750
V -0.04500 0.02500 -0.03000 -1.0000 0.0000 0.0000 0.1250 0.8750
T
V -0.04500 -0.04500 0.15000 -1.0000 0.0000 0.0000 0.1250 0.8750
V -0.04500 0.02500 -0.03000 -1.0000 0.0000 0.0000 0.1250 0.8750
V -0.04500 0.02500 0.15000 -1.0000 0.0000 0.0000 0.1250 0.8750
T
V 0.04500 -0.04500 -0.03000 1.0000 0.0000 0.0000 0.1250 0.8750
V 0.04500 -0.04500 0.15000 1.0000 0.0000 0.0000 0.1250 0.8750
V 0.04500 0.02500 0.15000 1.0000 0.0000 0.0000 0.1250 0.8750
T
V 0.04500 -0.04500 -0.03000 1.0000 0.0000 0.0000 0.1250 0.8750
V 0.04500 0.02500 0.15000 1.0000 0.0000 0.0000 0.1250 0.8750
V 0.04500 0.02500 -0.03000 1.0000 0.0000 0.0000 0.1250 0.8750
T
V -0.04500 0.02500 -0.03000 0.0000 1.0000 0.0000 0.1250 0.8750
V 0.04500 0.02500 -0.03000 0.0000 1.0000 0.0000 0.1250 0.8750
V 0.04500 0.02500 0.15000 0.0000 1.0000 0.0000 0.1250 0.8750
T
V -0.04500 0.02500 -0.03000 0.0000 1.0000 0.0000 0.1250 0.8750
V 0.04500 0.02500 0.15000 0.0000 1.0000 0.0000 0.1250 0.8750
V -0.04500 0.02500 0.15000 0.0000 1.0000 0.0000 0.1250 0.8750
T
V -0.04500 -0.04500 0.15000 0.0000 -1.0000 0.0000 0.1250 0.8750
V 0.04500 -0.04500 0.15000 0.0000 -1.0000 0.0000 0.1250 0.8750
V 0.04500 -0.04500 -0.03000 0.0000 -1.0000 0.0000 0.1250 0.8750
T
V -0.04500 -0.04500 0.15000 0.0000 -1.0000 0.0000 0.1250 0.8750
V 0.04500 -0.04500 -0.03000 0.0000 -1.0000 0.0000 0.1250 0.8750
V -0.04500 -0.04500 -0.03000 0.0000 -1.0000 0.0000 0.1250 0.8750
T
BONE Foot_R
V -0.04000 0.00500 -0.02000 0.0000 0.0000 -1.0000 0.3750 0.8750
V 0.04000 0.00500 -0.02000 0.0000 0.0000 -1.0000 0.3750 0.8750
V 0.04000 0.03500 -0.02000 0.0000 0.0000 -1.0000 0.3750 0.8750
T
V -0.04000 0.00500 -0.02000 0.0000 0.0000 -1.0000 0.3750 0.8750
V 0.04000 0.03500 -0.02000 0.0000 0.0000 -1.0000 0.3750 0.8750
V -0.04000 0.03500 -0.02000 0.0000 0.0000 -1.0000 0.3750 0.8750
T
V 0.04000 0.00500 0.06000 0.0000 0.0000 1.0000 0.3750 0.8750
V -0.04000 0.00500 0.06000 0.0000 0.0000 1.0000 0.3750 0.8750
V -0.04000 0.03500 0.06000 0.0000 0.0000 1.0000 0.3750 0.8750
T
V 0.04000 0.00500 0.06000 0.0000 0.0000 1.0000 0.3750 0.8750
V -0.04000 0.03500 0.06000 0.0000 0.0000 1.0000 0.3750 0.8750
V 0.04000 0.03500 0.06000 0.0000 0.0000 1.0000 0.3750 0.8750
T
V -0.04000 0.00500 0.06000 -1.0000 0.0000 0.0000 0.3750 0.8750
V -0.04000 0.00500 -0.02000 -1.0000 0.0000 0.0000 0.3750 0.8750
V -0.04000 0.03500 -0.02000 -1.0000 0.0000 0.0000 0.3750 0.8750
T
V -0.04000 0.00500 0.06000 -1.0000 0.0000 0.0000 0.3750 0.8750
V -0.04000 0.03500 -0.02000 -1.0000 0.0000 0.0000 0.3750 0.8750
V -0.04000 0.03500 0.06000 -1.0000 0.0000 0.0000 0.3750 0.8750
T
V 0.04000 0.00500 -0.02000 1.0000 0.0000 0.0000 0.3750 0.8750
V 0.04000 0.00500 0.06000 1.0000 0.0000 0.0000 0.3750 0.8750
V 0.04000 0.03500 0.06000 1.0000 0.0000 0.0000 0.3750 0.8750
T
V 0.04000 0.00500 -0.02000 1.0000 0.0000 0.0000 0.3750 0.8750
V 0.04000 0.03500 0.06000 1.0000 0.0000 0.0000 0.3750 0.8750
V 0.04000 0.03500 -0.02000 1.0000 0.0000 0.0000 0.3750 0.8750
T
V -0.04000 0.03500 -0.02000 0.0000 1.0000 0.0000 0.3750 0.8750
V 0.04000 0.03500 -0.02000 0.0000 1.0000 0.0000 0.3750 0.8750
V 0.04000 0.03500 0.06000 0.0000 1.0000 0.0000 0.3750 0.8750
T
V -0.04000 0.03500 -0.02000 0.0000 1.0000 0.0000 0.3750 0.8750
V 0.04000 0.03500 0.06000 0.0000 1.0000 0.0000 0.3750 0.8750
V -0.04000 0.03500 0.06000 0.0000 1.0000 0.0000 0.3750 0.8750
T
V -0.04000 0.00500 0.06000 0.0000 -1.0000 0.0000 0.3750 0.8750
V 0.04000 0.00500 0.06000 0.0000 -1.0000 0.0000 0.3750 0.8750
V 0.04000 0.00500 -0.02000 0.0000 -1.0000 0.0000 0.3750 0.8750
T
V -0.04000 0.00500 0.06000 0.0000 -1.0000 0.0000 0.3750 0.8750
V 0.04000 0.00500 -0.02000 0.0000 -1.0000 0.0000 0.3750 0.8750
V -0.04000 0.00500 -0.02000 0.0000 -1.0000 0.0000 0.3750 0.8750
T
BONE Foot_R
V -0.04000 -0.04000 0.11500 0.0000 0.0000 -1.0000 0.3750 0.8750
V 0.04000 -0.04000 0.11500 0.0000 0.0000 -1.0000 0.3750 0.8750
V 0.04000 0.00000 0.11500 0.0000 0.0000 -1.0000 0.3750 0.8750
T
V -0.04000 -0.04000 0.11500 0.0000 0.0000 -1.0000 0.3750 0.8750
V 0.04000 0.00000 0.11500 0.0000 0.0000 -1.0000 0.3750 0.8750
V -0.04000 0.00000 0.11500 0.0000 0.0000 -1.0000 0.3750 0.8750
T
V 0.04000 -0.04000 0.16500 0.0000 0.0000 1.0000 0.3750 0.8750
V -0.04000 -0.04000 0.16500 0.0000 0.0000 1.0000 0.3750 0.8750
V -0.04000 0.00000 0.16500 0.0000 0.0000 1.0000 0.3750 0.8750
T
V 0.04000 -0.04000 0.16500 0.0000 0.0000 1.0000 0.3750 0.8750
V -0.04000 0.00000 0.16500 0.0000 0.0000 1.0000 0.3750 0.8750
V 0.04000 0.00000 0.16500 0.0000 0.0000 1.0000 0.3750 0.8750
T
V -0.04000 -0.04000 0.16500 -1.0000 0.0000 0.0000 0.3750 0.8750
V -0.04000 -0.04000 0.11500 -1.0000 0.0000 0.0000 0.3750 0.8750
V -0.04000 0.00000 0.11500 -1.0000 0.0000 0.0000 0.3750 0.8750
T
V -0.04000 -0.04000 0.16500 -1.0000 0.0000 0.0000 0.3750 0.8750
V -0.04000 0.00000 0.11500 -1.0000 0.0000 0.0000 0.3750 0.8750
V -0.04000 0.00000 0.16500 -1.0000 0.0000 0.0000 0.3750 0.8750
T
V 0.04000 -0.04000 0.11500 1.0000 0.0000 0.0000 0.3750 0.8750
V 0.04000 -0.04000 0.16500 1.0000 0.0000 0.0000 0.3750 0.8750
V 0.04000 0.00000 0.16500 1.0000 0.0000 0.0000 0.3750 0.8750
T
V 0.04000 -0.04000 0.11500 1.0000 0.0000 0.0000 0.3750 0.8750
V 0.04000 0.00000 0.16500 1.0000 0.0000 0.0000 0.3750 0.8750
V 0.04000 0.00000 0.11500 1.0000 0.0000 0.0000 0.3750 0.8750
T
V -0.04000 0.00000 0.11500 0.0000 1.0000 0.0000 0.3750 0.8750
V 0.04000 0.00000 0.11500 0.0000 1.0000 0.0000 0.3750 0.8750
V 0.04000 0.00000 0.16500 0.0000 1.0000 0.0000 0.3750 0.8750
T
V -0.04000 0.00000 0.11500 0.0000 1.0000 0.0000 0.3750 0.8750
V 0.04000 0.00000 0.16500 0.0000 1.0000 0.0000 0.3750 0.8750
V -0.04000 0.00000 0.16500 0.0000 1.0000 0.0000 0.3750 0.8750
T
V -0.04000 -0.04000 0.16500 0.0000 -1.0000 0.0000 0.3750 0.8750
V 0.04000 -0.04000 0.16500 0.0000 -1.0000 0.0000 0.3750 0.8750
V 0.04000 -0.04000 0.11500 0.0000 -1.0000 0.0000 0.3750 0.8750
T
V -0.04000 -0.04000 0.16500 0.0000 -1.0000 0.0000 0.3750 0.8750
V 0.04000 -0.04000 0.11500 0.0000 -1.0000 0.0000 0.3750 0.8750
V -0.04000 -0.04000 0.11500 0.0000 -1.0000 0.0000 0.3750 0.8750
T
BONE Scabbard
V -0.00250 -0.44000 -0.01400 0.0000 0.0000 -1.0000 0.8750 0.8750
V 0.04250 -0.44000 -0.01400 0.0000 0.0000 -1.0000 0.8750 0.8750
V 0.04250 0.08000 -0.01400 0.0000 0.0000 -1.0000 0.8750 0.8750
T
V -0.00250 -0.44000 -0.01400 0.0000 0.0000 -1.0000 0.8750 0.8750
V 0.04250 0.08000 -0.01400 0.0000 0.0000 -1.0000 0.8750 0.8750
V -0.00250 0.08000 -0.01400 0.0000 0.0000 -1.0000 0.8750 0.8750
T
V 0.04250 -0.44000 0.01400 0.0000 0.0000 1.0000 0.8750 0.8750
V -0.00250 -0.44000 0.01400 0.0000 0.0000 1.0000 0.8750 0.8750
V -0.00250 0.08000 0.01400 0.0000 0.0000 1.0000 0.8750 0.8750
T
V 0.04250 -0.44000 0.01400 0.0000 0.0000 1.0000 0.8750 0.8750
V -0.00250 0.08000 0.01400 0.0000 0.0000 1.0000 0.8750 0.8750
V 0.04250 0.08000 0.01400 0.0000 0.0000 1.0000 0.8750 0.8750
T
V -0.00250 -0.44000 0.01400 -1.0000 0.0000 0.0000 0.8750 0.8750
V -0.00250 -0.44000 -0.01400 -1.0000 0.0000 0.0000 0.8750 0.8750
V -0.00250 0.08000 -0.01400 -1.0000 0.0000 0.0000 0.8750 0.8750
T
V -0.00250 -0.44000 0.01400 -1.0000 0.0000 0.0000 0.8750 0.8750
V -0.00250 0.08000 -0.01400 -1.0000 0.0000 0.0000 0.8750 0.8750
V -0.00250 0.08000 0.01400 -1.0000 0.0000 0.0000 0.8750 0.8750
T
V 0.04250 -0.44000 -0.01400 1.0000 0.0000 0.0000 0.8750 0.8750
V 0.04250 -0.44000 0.01400 1.0000 0.0000 0.0000 0.8750 0.8750
V 0.04250 0.08000 0.01400 1.0000 0.0000 0.0000 0.8750 0.8750
T
V 0.04250 -0.44000 -0.01400 1.0000 0.0000 0.0000 0.8750 0.8750
V 0.04250 0.08000 0.01400 1.0000 0.0000 0.0000 0.8750 0.8750
V 0.04250 0.08000 -0.01400 1.0000 0.0000 0.0000 0.8750 0.8750
T
V -0.00250 0.08000 -0.01400 0.0000 1.0000 0.0000 0.8750 0.8750
V 0.04250 0.08000 -0.01400 0.0000 1.0000 0.0000 0.8750 0.8750
V 0.04250 0.08000 0.01400 0.0000 1.0000 0.0000 0.8750 0.8750
T
V -0.00250 0.08000 -0.01400 0.0000 1.0000 0.0000 0.8750 0.8750
V 0.04250 0.08000 0.01400 0.0000 1.0000 0.0000 0.8750 0.8750
V -0.00250 0.08000 0.01400 0.0000 1.0000 0.0000 0.8750 0.8750
T
V -0.00250 -0.44000 0.01400 0.0000 -1.0000 0.0000 0.8750 0.8750
V 0.04250 -0.44000 0.01400 0.0000 -1.0000 0.0000 0.8750 0.8750
V 0.04250 -0.44000 -0.01400 0.0000 -1.0000 0.0000 0.8750 0.8750
T
V -0.00250 -0.44000 0.01400 0.0000 -1.0000 0.0000 0.8750 0.8750
V 0.04250 -0.44000 -0.01400 0.0000 -1.0000 0.0000 0.8750 0.8750
V -0.00250 -0.44000 -0.01400 0.0000 -1.0000 0.0000 0.8750 0.8750
T
BONE Scabbard
V -0.00750 0.08000 -0.01800 0.0000 0.0000 -1.0000 0.3750 0.8750
V 0.04750 0.08000 -0.01800 0.0000 0.0000 -1.0000 0.3750 0.8750
V 0.04750 0.12000 -0.01800 0.0000 0.0000 -1.0000 0.3750 0.8750
T
V -0.00750 0.08000 -0.01800 0.0000 0.0000 -1.0000 0.3750 0.8750
V 0.04750 0.12000 -0.01800 0.0000 0.0000 -1.0000 0.3750 0.8750
V -0.00750 0.12000 -0.01800 0.0000 0.0000 -1.0000 0.3750 0.8750
T
V 0.04750 0.08000 0.01800 0.0000 0.0000 1.0000 0.3750 0.8750
V -0.00750 0.08000 0.01800 0.0000 0.0000 1.0000 0.3750 0.8750
V -0.00750 0.12000 0.01800 0.0000 0.0000 1.0000 0.3750 0.8750
T
V 0.04750 0.08000 0.01800 0.0000 0.0000 1.0000 0.3750 0.8750
V -0.00750 0.12000 0.01800 0.0000 0.0000 1.0000 0.3750 0.8750
V 0.04750 0.12000 0.01800 0.0000 0.0000 1.0000 0.3750 0.8750
T
V -0.00750 0.08000 0.01800 -1.0000 0.0000 0.0000 0.3750 0.8750
V -0.00750 0.08000 -0.01800 -1.0000 0.0000 0.0000 0.3750 0.8750
V -0.00750 0.12000 -0.01800 -1.0000 0.0000 0.0000 0.3750 0.8750
T
V -0.00750 0.08000 0.01800 -1.0000 0.0000 0.0000 0.3750 0.8750
V -0.00750 0.12000 -0.01800 -1.0000 0.0000 0.0000 0.3750 0.8750
V -0.00750 0.12000 0.01800 -1.0000 0.0000 0.0000 0.3750 0.8750
T
V 0.04750 0.08000 -0.01800 1.0000 0.0000 0.0000 0.3750 0.8750
V 0.04750 0.08000 0.01800 1.0000 0.0000 0.0000 0.3750 0.8750
V 0.04750 0.12000 0.01800 1.0000 0.0000 0.0000 0.3750 0.8750
T
V 0.04750 0.08000 -0.01800 1.0000 0.0000 0.0000 0.3750 0.8750
V 0.04750 0.12000 0.01800 1.0000 0.0000 0.0000 0.3750 0.8750
V 0.04750 0.12000 -0.01800 1.0000 0.0000 0.0000 0.3750 0.8750
T
V -0.00750 0.12000 -0.01800 0.0000 1.0000 0.0000 0.3750 0.8750
V 0.04750 0.12000 -0.01800 0.0000 1.0000 0.0000 0.3750 0.8750
V 0.04750 0.12000 0.01800 0.0000 1.0000 0.0000 0.3750 0.8750
T
V -0.00750 0.12000 -0.01800 0.0000 1.0000 0.0000 0.3750 0.8750
V 0.04750 0.12000 0.01800 0.0000 1.0000 0.0000 0.3750 0.8750
V -0.00750 0.12000 0.01800 0.0000 1.0000 0.0000 0.3750 0.8750
T
V -0.00750 0.08000 0.01800 0.0000 -1.0000 0.0000 0.3750 0.8750
V 0.04750 0.08000 0.01800 0.0000 -1.0000 0.0000 0.3750 0.8750
V 0.04750 0.08000 -0.01800 0.0000 -1.0000 0.0000 0.3750 0.8750
T
V -0.00750 0.08000 0.01800 0.0000 -1.0000 0.0000 0.3750 0.8750
V 0.04750 0.08000 -0.01800 0.0000 -1.0000 0.0000 0.3750 0.8750
V -0.00750 0.08000 -0.01800 0.0000 -1.0000 0.0000 0.3750 0.8750
T
BONE Scabbard
V -0.00500 -0.03000 -0.01600 0.0000 0.0000 -1.0000 0.3750 0.8750
V 0.04500 -0.03000 -0.01600 0.0000 0.0000 -1.0000 0.3750 0.8750
V 0.04500 -0.01000 -0.01600 0.0000 0.0000 -1.0000 0.3750 0.8750
T
V -0.00500 -0.03000 -0.01600 0.0000 0.0000 -1.0000 0.3750 0.8750
V 0.04500 -0.01000 -0.01600 0.0000 0.0000 -1.0000 0.3750 0.8750
V -0.00500 -0.01000 -0.01600 0.0000 0.0000 -1.0000 0.3750 0.8750
T
V 0.04500 -0.03000 0.01600 0.0000 0.0000 1.0000 0.3750 0.8750
V -0.00500 -0.03000 0.01600 0.0000 0.0000 1.0000 0.3750 0.8750
V -0.00500 -0.01000 0.01600 0.0000 0.0000 1.0000 0.3750 0.8750
T
V 0.04500 -0.03000 0.01600 0.0000 0.0000 1.0000 0.3750 0.8750
V -0.00500 -0.01000 0.01600 0.0000 0.0000 1.0000 0.3750 0.8750
V 0.04500 -0.01000 0.01600 0.0000 0.0000 1.0000 0.3750 0.8750
T
V -0.00500 -0.03000 0.01600 -1.0000 0.0000 0.0000 0.3750 0.8750
V -0.00500 -0.03000 -0.01600 -1.0000 0.0000 0.0000 0.3750 0.8750
V -0.00500 -0.01000 -0.01600 -1.0000 0.0000 0.0000 0.3750 0.8750
T
V -0.00500 -0.03000 0.01600 -1.0000 0.0000 0.0000 0.3750 0.8750
V -0.00500 -0.01000 -0.01600 -1.0000 0.0000 0.0000 0.3750 0.8750
V -0.00500 -0.01000 0.01600 -1.0000 0.0000 0.0000 0.3750 0.8750
T
V 0.04500 -0.03000 -0.01600 1.0000 0.0000 0.0000 0.3750 0.8750
V 0.04500 -0.03000 0.01600 1.0000 0.0000 0.0000 0.3750 0.8750
V 0.04500 -0.01000 0.01600 1.0000 0.0000 0.0000 0.3750 0.8750
T
V 0.04500 -0.03000 -0.01600 1.0000 0.0000 0.0000 0.3750 0.8750
V 0.04500 -0.01000 0.01600 1.0000 0.0000 0.0000 0.3750 0.8750
V 0.04500 -0.01000 -0.01600 1.0000 0.0000 0.0000 0.3750 0.8750
T
V -0.00500 -0.01000 -0.01600 0.0000 1.0000 0.0000 0.3750 0.8750
V 0.04500 -0.01000 -0.01600 0.0000 1.0000 0.0000 0.3750 0.8750
V 0.04500 -0.01000 0.01600 0.0000 1.0000 0.0000 0.3750 0.8750
T
V -0.00500 -0.01000 -0.01600 0.0000 1.0000 0.0000 0.3750 0.8750
V 0.04500 -0.01000 0.01600 0.0000 1.0000 0.0000 0.3750 0.8750
V -0.00500 -0.01000 0.01600 0.0000 1.0000 0.0000 0.3750 0.8750
T
V -0.00500 -0.03000 0.01600 0.0000 -1.0000 0.0000 0.3750 0.8750
V 0.04500 -0.03000 0.01600 0.0000 -1.0000 0.0000 0.3750 0.8750
V 0.04500 -0.03000 -0.01600 0.0000 -1.0000 0.0000 0.3750 0.8750
T
V -0.00500 -0.03000 0.01600 0.0000 -1.0000 0.0000 0.3750 0.8750
V 0.04500 -0.03000 -0.01600 0.0000 -1.0000 0.0000 0.3750 0.8750
V -0.00500 -0.03000 -0.01600 0.0000 -1.0000 0.0000 0.3750 0.8750
T
BONE Scabbard
V 0.00000 -0.44500 -0.01300 0.0000 0.0000 -1.0000 0.3750 0.8750
V 0.04000 -0.44500 -0.01300 0.0000 0.0000 -1.0000 0.3750 0.8750
V 0.04000 -0.39500 -0.01300 0.0000 0.0000 -1.0000 0.3750 0.8750
T
V 0.00000 -0.44500 -0.01300 0.0000 0.0000 -1.0000 0.3750 0.8750
V 0.04000 -0.39500 -0.01300 0.0000 0.0000 -1.0000 0.3750 0.8750
V 0.00000 -0.39500 -0.01300 0.0000 0.0000 -1.0000 0.3750 0.8750
T
V 0.04000 -0.44500 0.01300 0.0000 0.0000 1.0000 0.3750 0.8750
V 0.00000 -0.44500 0.01300 0.0000 0.0000 1.0000 0.3750 0.8750
V 0.00000 -0.39500 0.01300 0.0000 0.0000 1.0000 0.3750 0.8750
T
V 0.04000 -0.44500 0.01300 0.0000 0.0000 1.0000 0.3750 0.8750
V 0.00000 -0.39500 0.01300 0.0000 0.0000 1.0000 0.3750 0.8750
V 0.04000 -0.39500 0.01300 0.0000 0.0000 1.0000 0.3750 0.8750
T
V 0.00000 -0.44500 0.01300 -1.0000 0.0000 0.0000 0.3750 0.8750
V 0.00000 -0.44500 -0.01300 -1.0000 0.0000 0.0000 0.3750 0.8750
V 0.00000 -0.39500 -0.01300 -1.0000 0.0000 0.0000 0.3750 0.8750
T
V 0.00000 -0.44500 0.01300 -1.0000 0.0000 0.0000 0.3750 0.8750
V 0.00000 -0.39500 -0.01300 -1.0000 0.0000 0.0000 0.3750 0.8750
V 0.00000 -0.39500 0.01300 -1.0000 0.0000 0.0000 0.3750 0.8750
T
V 0.04000 -0.44500 -0.01300 1.0000 0.0000 0.0000 0.3750 0.8750
V 0.04000 -0.44500 0.01300 1.0000 0.0000 0.0000 0.3750 0.8750
V 0.04000 -0.39500 0.01300 1.0000 0.0000 0.0000 0.3750 0.8750
T
V 0.04000 -0.44500 -0.01300 1.0000 0.0000 0.0000 0.3750 0.8750
V 0.04000 -0.39500 0.01300 1.0000 0.0000 0.0000 0.3750 0.8750
V 0.04000 -0.39500 -0.01300 1.0000 0.0000 0.0000 0.3750 0.8750
T
V 0.00000 -0.39500 -0.01300 0.0000 1.0000 0.0000 0.3750 0.8750
V 0.04000 -0.39500 -0.01300 0.0000 1.0000 0.0000 0.3750 0.8750
V 0.04000 -0.39500 0.01300 0.0000 1.0000 0.0000 0.3750 0.8750
T
V 0.00000 -0.39500 -0.01300 0.0000 1.0000 0.0000 0.3750 0.8750
V 0.04000 -0.39500 0.01300 0.0000 1.0000 0.0000 0.3750 0.8750
V 0.00000 -0.39500 0.01300 0.0000 1.0000 0.0000 0.3750 0.8750
T
V 0.00000 -0.44500 0.01300 0.0000 -1.0000 0.0000 0.3750 0.8750
V 0.04000 -0.44500 0.01300 0.0000 -1.0000 0.0000 0.3750 0.8750
V 0.04000 -0.44500 -0.01300 0.0000 -1.0000 0.0000 0.3750 0.8750
T
V 0.00000 -0.44500 0.01300 0.0000 -1.0000 0.0000 0.3750 0.8750
V 0.04000 -0.44500 -0.01300 0.0000 -1.0000 0.0000 0.3750 0.8750
V 0.00000 -0.44500 -0.01300 0.0000 -1.0000 0.0000 0.3750 0.8750
T
BONE Scabbard
V 0.02000 0.15000 0.00000 0.0000 1.0000 0.0000 0.3750 0.8750
V 0.04598 0.13500 0.00000 0.8660 0.5000 0.0000 0.3750 0.8750
V 0.02000 0.15000 0.00000 0.0000 1.0000 0.0000 0.3750 0.8750
T
V 0.02000 0.15000 0.00000 0.0000 1.0000 0.0000 0.3750 0.8750
V 0.04598 0.13500 0.00000 0.8660 0.5000 0.0000 0.3750 0.8750
V 0.03299 0.13500 0.02250 0.4330 0.5000 0.7500 0.3750 0.8750
T
V 0.02000 0.15000 0.00000 0.0000 1.0000 0.0000 0.3750 0.8750
V 0.03299 0.13500 0.02250 0.4330 0.5000 0.7500 0.3750 0.8750
V 0.02000 0.15000 0.00000 -0.0000 1.0000 0.0000 0.3750 0.8750
T
V 0.02000 0.15000 0.00000 -0.0000 1.0000 0.0000 0.3750 0.8750
V 0.03299 0.13500 0.02250 0.4330 0.5000 0.7500 0.3750 0.8750
V 0.00701 0.13500 0.02250 -0.4330 0.5000 0.7500 0.3750 0.8750
T
V 0.02000 0.15000 0.00000 -0.0000 1.0000 0.0000 0.3750 0.8750
V 0.00701 0.13500 0.02250 -0.4330 0.5000 0.7500 0.3750 0.8750
V 0.02000 0.15000 0.00000 -0.0000 1.0000 0.0000 0.3750 0.8750
T
V 0.02000 0.15000 0.00000 -0.0000 1.0000 0.0000 0.3750 0.8750
V 0.00701 0.13500 0.02250 -0.4330 0.5000 0.7500 0.3750 0.8750
V -0.00598 0.13500 0.00000 -0.8660 0.5000 0.0000 0.3750 0.8750
T
V 0.02000 0.15000 0.00000 -0.0000 1.0000 0.0000 0.3750 0.8750
V -0.00598 0.13500 0.00000 -0.8660 0.5000 0.0000 0.3750 0.8750
V 0.02000 0.15000 0.00000 -0.0000 1.0000 -0.0000 0.3750 0.8750
T
V 0.02000 0.15000 0.00000 -0.0000 1.0000 -0.0000 0.3750 0.8750
V -0.00598 0.13500 0.00000 -0.8660 0.5000 0.0000 0.3750 0.8750
V 0.00701 0.13500 -0.02250 -0.4330 0.5000 -0.7500 0.3750 0.8750
T
V 0.02000 0.15000 0.00000 -0.0000 1.0000 -0.0000 0.3750 0.8750
V 0.00701 0.13500 -0.02250 -0.4330 0.5000 -0.7500 0.3750 0.8750
V 0.02000 0.15000 0.00000 0.0000 1.0000 -0.0000 0.3750 0.8750
T
V 0.02000 0.15000 0.00000 0.0000 1.0000 -0.0000 0.3750 0.8750
V 0.00701 0.13500 -0.02250 -0.4330 0.5000 -0.7500 0.3750 0.8750
V 0.03299 0.13500 -0.02250 0.4330 0.5000 -0.7500 0.3750 0.8750
T
V 0.02000 0.15000 0.00000 0.0000 1.0000 -0.0000 0.3750 0.8750
V 0.03299 0.13500 -0.02250 0.4330 0.5000 -0.7500 0.3750 0.8750
V 0.02000 0.15000 0.00000 0.0000 1.0000 -0.0000 0.3750 0.8750
T
V 0.02000 0.15000 0.00000 0.0000 1.0000 -0.0000 0.3750 0.8750
V 0.03299 0.13500 -0.02250 0.4330 0.5000 -0.7500 0.3750 0.8750
V 0.04598 0.13500 -0.00000 0.8660 0.5000 -0.0000 0.3750 0.8750
T
V 0.04598 0.13500 0.00000 0.8660 0.5000 0.0000 0.3750 0.8750
V 0.04598 0.10500 0.00000 0.8660 -0.5000 0.0000 0.3750 0.8750
V 0.03299 0.13500 0.02250 0.4330 0.5000 0.7500 0.3750 0.8750
T
V 0.03299 0.13500 0.02250 0.4330 0.5000 0.7500 0.3750 0.8750
V 0.04598 0.10500 0.00000 0.8660 -0.5000 0.0000 0.3750 0.8750
V 0.03299 0.10500 0.02250 0.4330 -0.5000 0.7500 0.3750 0.8750
T
V 0.03299 0.13500 0.02250 0.4330 0.5000 0.7500 0.3750 0.8750
V 0.03299 0.10500 0.02250 0.4330 -0.5000 0.7500 0.3750 0.8750
V 0.00701 0.13500 0.02250 -0.4330 0.5000 0.7500 0.3750 0.8750
T
V 0.00701 0.13500 0.02250 -0.4330 0.5000 0.7500 0.3750 0.8750
V 0.03299 0.10500 0.02250 0.4330 -0.5000 0.7500 0.3750 0.8750
V 0.00701 0.10500 0.02250 -0.4330 -0.5000 0.7500 0.3750 0.8750
T
V 0.00701 0.13500 0.02250 -0.4330 0.5000 0.7500 0.3750 0.8750
V 0.00701 0.10500 0.02250 -0.4330 -0.5000 0.7500 0.3750 0.8750
V -0.00598 0.13500 0.00000 -0.8660 0.5000 0.0000 0.3750 0.8750
T
V -0.00598 0.13500 0.00000 -0.8660 0.5000 0.0000 0.3750 0.8750
V 0.00701 0.10500 0.02250 -0.4330 -0.5000 0.7500 0.3750 0.8750
V -0.00598 0.10500 0.00000 -0.8660 -0.5000 0.0000 0.3750 0.8750
T
V -0.00598 0.13500 0.00000 -0.8660 0.5000 0.0000 0.3750 0.8750
V -0.00598 0.10500 0.00000 -0.8660 -0.5000 0.0000 0.3750 0.8750
V 0.00701 0.13500 -0.02250 -0.4330 0.5000 -0.7500 0.3750 0.8750
T
V 0.00701 0.13500 -0.02250 -0.4330 0.5000 -0.7500 0.3750 0.8750
V -0.00598 0.10500 0.00000 -0.8660 -0.5000 0.0000 0.3750 0.8750
V 0.00701 0.10500 -0.02250 -0.4330 -0.5000 -0.7500 0.3750 0.8750
T
V 0.00701 0.13500 -0.02250 -0.4330 0.5000 -0.7500 0.3750 0.8750
V 0.00701 0.10500 -0.02250 -0.4330 -0.5000 -0.7500 0.3750 0.8750
V 0.03299 0.13500 -0.02250 0.4330 0.5000 -0.7500 0.3750 0.8750
T
V 0.03299 0.13500 -0.02250 0.4330 0.5000 -0.7500 0.3750 0.8750
V 0.00701 0.10500 -0.02250 -0.4330 -0.5000 -0.7500 0.3750 0.8750
V 0.03299 0.10500 -0.02250 0.4330 -0.5000 -0.7500 0.3750 0.8750
T
V 0.03299 0.13500 -0.02250 0.4330 0.5000 -0.7500 0.3750 0.8750
V 0.03299 0.10500 -0.02250 0.4330 -0.5000 -0.7500 0.3750 0.8750
V 0.04598 0.13500 -0.00000 0.8660 0.5000 -0.0000 0.3750 0.8750
T
V 0.04598 0.13500 -0.00000 0.8660 0.5000 -0.0000 0.3750 0.8750
V 0.03299 0.10500 -0.02250 0.4330 -0.5000 -0.7500 0.3750 0.8750
V 0.04598 0.10500 -0.00000 0.8660 -0.5000 -0.0000 0.3750 0.8750
T
V 0.04598 0.10500 0.00000 0.8660 -0.5000 0.0000 0.3750 0.8750
V 0.02000 0.09000 0.00000 0.0000 -1.0000 0.0000 0.3750 0.8750
V 0.03299 0.10500 0.02250 0.4330 -0.5000 0.7500 0.3750 0.8750
T
V 0.03299 0.10500 0.02250 0.4330 -0.5000 0.7500 0.3750 0.8750
V 0.02000 0.09000 0.00000 0.0000 -1.0000 0.0000 0.3750 0.8750
V 0.02000 0.09000 0.00000 0.0000 -1.0000 0.0000 0.3750 0.8750
T
V 0.03299 0.10500 0.02250 0.4330 -0.5000 0.7500 0.3750 0.8750
V 0.02000 0.09000 0.00000 0.0000 -1.0000 0.0000 0.3750 0.8750
V 0.00701 0.10500 0.02250 -0.4330 -0.5000 0.7500 0.3750 0.8750
T
V 0.00701 0.10500 0.02250 -0.4330 -0.5000 0.7500 0.3750 0.8750
V 0.02000 0.09000 0.00000 0.0000 -1.0000 0.0000 0.3750 0.8750
V 0.02000 0.09000 0.00000 -0.0000 -1.0000 0.0000 0.3750 0.8750
T
V 0.00701 0.10500 0.02250 -0.4330 -0.5000 0.7500 0.3750 0.8750
V 0.02000 0.09000 0.00000 -0.0000 -1.0000 0.0000 0.3750 0.8750
V -0.00598 0.10500 0.00000 -0.8660 -0.5000 0.0000 0.3750 0.8750
T
V -0.00598 0.10500 0.00000 -0.8660 -0.5000 0.0000 0.3750 0.8750
V 0.02000 0.09000 0.00000 -0.0000 -1.0000 0.0000 0.3750 0.8750
V 0.02000 0.09000 0.00000 -0.0000 -1.0000 0.0000 0.3750 0.8750
T
V -0.00598 0.10500 0.00000 -0.8660 -0.5000 0.0000 0.3750 0.8750
V 0.02000 0.09000 0.00000 -0.0000 -1.0000 0.0000 0.3750 0.8750
V 0.00701 0.10500 -0.02250 -0.4330 -0.5000 -0.7500 0.3750 0.8750
T
V 0.00701 0.10500 -0.02250 -0.4330 -0.5000 -0.7500 0.3750 0.8750
V 0.02000 0.09000 0.00000 -0.0000 -1.0000 0.0000 0.3750 0.8750
V 0.02000 0.09000 -0.00000 -0.0000 -1.0000 -0.0000 0.3750 0.8750
T
V 0.00701 0.10500 -0.02250 -0.4330 -0.5000 -0.7500 0.3750 0.8750
V 0.02000 0.09000 -0.00000 -0.0000 -1.0000 -0.0000 0.3750 0.8750
V 0.03299 0.10500 -0.02250 0.4330 -0.5000 -0.7500 0.3750 0.8750
T
V 0.03299 0.10500 -0.02250 0.4330 -0.5000 -0.7500 0.3750 0.8750
V 0.02000 0.09000 -0.00000 -0.0000 -1.0000 -0.0000 0.3750 0.8750
V 0.02000 0.09000 -0.00000 0.0000 -1.0000 -0.0000 0.3750 0.8750
T
V 0.03299 0.10500 -0.02250 0.4330 -0.5000 -0.7500 0.3750 0.8750
V 0.02000 0.09000 -0.00000 0.0000 -1.0000 -0.0000 0.3750 0.8750
V 0.04598 0.10500 -0.00000 0.8660 -0.5000 -0.0000 0.3750 0.8750
T
V 0.04598 0.10500 -0.00000 0.8660 -0.5000 -0.0000 0.3750 0.8750
V 0.02000 0.09000 -0.00000 0.0000 -1.0000 -0.0000 0.3750 0.8750
V 0.02000 0.09000 -0.00000 0.0000 -1.0000 -0.0000 0.3750 0.8750
T
